-- ----------------------------
-- 用户权限管理数据执行脚本。
-- 数据库链接在橙单生成器中配置信息：
-- 应用名称：橙单微服务开源版 / OrangeMultiDemo
-- 链接名称：主数据源 / MAIN
-- 主机信息：localhost:3306
-- 数据库名：zzdemo-multi
-- 用户信息：root / 123456
-- ----------------------------

SET NAMES utf8mb4;
SET FOREIGN_KEY_CHECKS = 0;

-- ----------------------------
-- 系统用户表
-- ----------------------------
DROP TABLE IF EXISTS `zz_sys_user`;
CREATE TABLE `zz_sys_user` (
  `user_id` bigint(20) NOT NULL COMMENT '主键Id',
  `login_name` varchar(64) COLLATE utf8mb4_bin NOT NULL COMMENT '用户登录名称',
  `password` varchar(64) COLLATE utf8mb4_bin NOT NULL COMMENT '密码',
  `show_name` varchar(32) COLLATE utf8mb4_bin NOT NULL COMMENT '用户显示名称',
  `head_image_url` varchar(255) COLLATE utf8mb4_bin DEFAULT NULL COMMENT '用户头像的Url',
  `user_type` int(11) NOT NULL COMMENT '用户类型(0: 管理员 1: 系统管理用户 2: 系统业务用户)',
  `user_status` int(11) NOT NULL COMMENT '状态(0: 正常 1: 锁定)',
  `create_user_id` bigint(20) NOT NULL COMMENT '创建者Id',
  `create_time` datetime NOT NULL COMMENT '创建时间',
  `update_user_id` bigint(20) NOT NULL COMMENT '更新者Id',
  `update_time` datetime NOT NULL COMMENT '最后更新时间',
  `deleted_flag` int(11) NOT NULL COMMENT '删除标记(1: 正常 -1: 已删除)',
  PRIMARY KEY (`user_id`) USING BTREE,
  UNIQUE KEY `uk_login_name` (`login_name`) USING BTREE,
  KEY `idx_status` (`user_status`) USING BTREE
) ENGINE=InnoDB DEFAULT CHARSET=utf8mb4 COLLATE=utf8mb4_bin ROW_FORMAT=COMPACT COMMENT='系统用户表';

-- ----------------------------
-- 系统角色表
-- ----------------------------
DROP TABLE IF EXISTS `zz_sys_role`;
CREATE TABLE `zz_sys_role` (
  `role_id` bigint(20) NOT NULL COMMENT '主键Id',
  `role_name` varchar(64) COLLATE utf8mb4_bin NOT NULL COMMENT '角色名称',
  `create_user_id` bigint(20) NOT NULL COMMENT '创建者Id',
  `create_time` datetime NOT NULL COMMENT '创建时间',
  `update_user_id` bigint(20) NOT NULL COMMENT '更新者Id',
  `update_time` datetime NOT NULL COMMENT '最后更新时间',
  `deleted_flag` int(11) NOT NULL COMMENT '逻辑删除标记(1: 正常 -1: 已删除)',
  PRIMARY KEY (`role_id`) USING BTREE
) ENGINE=InnoDB DEFAULT CHARSET=utf8mb4 COLLATE=utf8mb4_bin ROW_FORMAT=COMPACT COMMENT='系统角色表';

-- ----------------------------
-- 用户与角色对应关系表
-- ----------------------------
DROP TABLE IF EXISTS `zz_sys_user_role`;
CREATE TABLE `zz_sys_user_role` (
  `user_id` bigint(20) NOT NULL COMMENT '用户Id',
  `role_id` bigint(20) NOT NULL COMMENT '角色Id',
  PRIMARY KEY (`user_id`,`role_id`) USING BTREE,
  KEY `idx_role_id` (`role_id`) USING BTREE
) ENGINE=InnoDB DEFAULT CHARSET=utf8mb4 COLLATE=utf8mb4_bin ROW_FORMAT=COMPACT COMMENT='用户与角色对应关系表';

-- ----------------------------
-- 菜单和操作权限管理表
-- ----------------------------
DROP TABLE IF EXISTS `zz_sys_menu`;
CREATE TABLE `zz_sys_menu` (
  `menu_id` bigint(20) NOT NULL COMMENT '主键Id',
  `parent_id` bigint(20) DEFAULT NULL COMMENT '父菜单Id，目录菜单的父菜单为null',
  `menu_name` varchar(50) COLLATE utf8mb4_bin NOT NULL COMMENT '菜单显示名称',
  `menu_type` int(11) NOT NULL COMMENT '(0: 目录 1: 菜单 2: 按钮 3: UI片段)',
  `form_router_name` varchar(64) COLLATE utf8mb4_bin DEFAULT NULL COMMENT '前端表单路由名称，仅用于menu_type为1的菜单类型',
  `online_form_id` bigint(20) DEFAULT NULL COMMENT '在线表单主键Id',
  `online_menu_perm_type` int(11) DEFAULT NULL COMMENT '在线表单菜单的权限控制类型',
  `show_order` int(11) NOT NULL COMMENT '菜单显示顺序 (值越小，排序越靠前)',
  `icon` varchar(50) COLLATE utf8mb4_bin DEFAULT NULL COMMENT '菜单图标',
  `create_user_id` bigint(20) NOT NULL COMMENT '创建者Id',
  `create_time` datetime NOT NULL COMMENT '创建时间',
  `update_user_id` bigint(20) NOT NULL COMMENT '更新者Id',
  `update_time` datetime NOT NULL COMMENT '最后更新时间',
  `deleted_flag` int(11) NOT NULL COMMENT '逻辑删除标记(1: 正常 -1: 已删除)',
  PRIMARY KEY (`menu_id`) USING BTREE,
  KEY `idx_show_order` (`show_order`) USING BTREE,
  KEY `idx_parent_id` (`parent_id`) USING BTREE
) ENGINE=InnoDB DEFAULT CHARSET=utf8mb4 COLLATE=utf8mb4_bin ROW_FORMAT=COMPACT COMMENT='菜单和操作权限管理表';

-- ----------------------------
-- 角色与菜单对应关系表
-- ----------------------------
DROP TABLE IF EXISTS `zz_sys_role_menu`;
CREATE TABLE `zz_sys_role_menu` (
  `role_id` bigint(20) NOT NULL COMMENT '角色Id',
  `menu_id` bigint(20) NOT NULL COMMENT '菜单Id',
  PRIMARY KEY (`role_id`,`menu_id`) USING BTREE,
  KEY `idx_menu_id` (`menu_id`) USING BTREE
) ENGINE=InnoDB DEFAULT CHARSET=utf8mb4 COLLATE=utf8mb4_bin ROW_FORMAT=COMPACT COMMENT='角色与菜单对应关系表';

-- ----------------------------
-- 系统权限资源表
-- ----------------------------
DROP TABLE IF EXISTS `zz_sys_perm_code`;
CREATE TABLE `zz_sys_perm_code` (
  `perm_code_id` bigint(20) NOT NULL COMMENT '主键Id',
  `parent_id` bigint(20) DEFAULT NULL COMMENT '上级权限字Id',
  `perm_code` varchar(128) COLLATE utf8_bin NOT NULL COMMENT '权限字标识(一般为有含义的英文字符串)',
  `perm_code_type` int(11) NOT NULL COMMENT '类型(0: 表单 1: UI片段 2: 操作)',
  `show_name` varchar(128) COLLATE utf8_bin NOT NULL COMMENT '显示名称',
  `show_order` int(11) NOT NULL COMMENT '显示顺序(数值越小，越靠前)',
  `create_user_id` bigint(20) NOT NULL COMMENT '创建者Id',
  `create_time` datetime NOT NULL COMMENT '创建时间',
  `update_user_id` bigint(20) NOT NULL COMMENT '更新者Id',
  `update_time` datetime NOT NULL COMMENT '最后更新时间',
  `deleted_flag` int(11) NOT NULL COMMENT '逻辑删除标记(1: 正常 -1: 已删除)',
  PRIMARY KEY (`perm_code_id`),
  UNIQUE KEY `idx_perm_code` (`perm_code`) USING BTREE,
  KEY `idx_parent_id` (`parent_id`) USING BTREE,
  KEY `idx_show_order` (`show_order`) USING BTREE
) ENGINE=InnoDB DEFAULT CHARSET=utf8mb4 COLLATE=utf8mb4_bin ROW_FORMAT=COMPACT COMMENT='系统权限资源表';

-- ----------------------------
-- 菜单和权限关系表
-- ----------------------------
DROP TABLE IF EXISTS `zz_sys_menu_perm_code`;
CREATE TABLE `zz_sys_menu_perm_code` (
  `menu_id` bigint(20) NOT NULL COMMENT '关联菜单Id',
  `perm_code_id` bigint(20) NOT NULL COMMENT '关联权限字Id',
  PRIMARY KEY (`menu_id`,`perm_code_id`) USING BTREE,
  KEY `idx_perm_code_id` (`perm_code_id`) USING BTREE
) ENGINE=InnoDB DEFAULT CHARSET=utf8mb4 COLLATE=utf8mb4_bin COMMENT='菜单和权限关系表';

-- ----------------------------
-- 系统权限模块表
-- ----------------------------
DROP TABLE IF EXISTS `zz_sys_perm_module`;
CREATE TABLE `zz_sys_perm_module` (
  `module_id` bigint(20) NOT NULL COMMENT '权限模块id',
  `parent_id` bigint(20) DEFAULT 0 COMMENT '上级权限模块id',
  `module_name` varchar(64) COLLATE utf8mb4_bin NOT NULL DEFAULT '' COMMENT '权限模块名称',
  `module_type` int(11) NOT NULL COMMENT '模块类型(0: 普通模块 1: Controller模块)',
  `show_order` int(11) NOT NULL DEFAULT '0' COMMENT '权限模块在当前层级下的顺序，由小到大',
  `create_user_id` bigint(20) NOT NULL COMMENT '创建者Id',
  `create_time` datetime NOT NULL COMMENT '创建时间',
  `update_user_id` bigint(20) NOT NULL COMMENT '更新者Id',
  `update_time` datetime NOT NULL COMMENT '最后更新时间',
  `deleted_flag` int(11) NOT NULL COMMENT '逻辑删除标记(1: 正常 -1: 已删除)',
  PRIMARY KEY (`module_id`) USING BTREE,
  KEY `idx_show_order` (`show_order`) USING BTREE,
  KEY `idx_parent_id` (`parent_id`) USING BTREE,
  KEY `idx_module_type` (`module_type`) USING BTREE
) ENGINE=InnoDB DEFAULT CHARSET=utf8mb4 COLLATE=utf8mb4_bin ROW_FORMAT=COMPACT COMMENT='系统权限模块表';

-- ----------------------------
-- 系统权限表
-- ----------------------------
DROP TABLE IF EXISTS `zz_sys_perm`;
CREATE TABLE `zz_sys_perm` (
  `perm_id` bigint(20) NOT NULL COMMENT '权限id',
  `module_id` bigint(20) NOT NULL DEFAULT 0 COMMENT '权限所在的权限模块id',
  `perm_name` varchar(64) COLLATE utf8mb4_bin NOT NULL DEFAULT '' COMMENT '权限名称',
  `url` varchar(128) COLLATE utf8mb4_bin NOT NULL DEFAULT '' COMMENT '关联的url',
  `show_order` int(11) NOT NULL DEFAULT '0' COMMENT '权限在当前模块下的顺序，由小到大',
  `create_user_id` bigint(20) NOT NULL COMMENT '创建者Id',
  `create_time` datetime NOT NULL COMMENT '创建时间',
  `update_user_id` bigint(20) NOT NULL COMMENT '更新者Id',
  `update_time` datetime NOT NULL COMMENT '最后更新时间',
  `deleted_flag` int(11) NOT NULL COMMENT '逻辑删除标记(1: 正常 -1: 已删除)',
  PRIMARY KEY (`perm_id`) USING BTREE,
  KEY `idx_show_order` (`show_order`) USING BTREE,
  KEY `idx_module_id` (`module_id`) USING BTREE
) ENGINE=InnoDB DEFAULT CHARSET=utf8mb4 COLLATE=utf8mb4_bin ROW_FORMAT=COMPACT COMMENT='系统权限表';

-- ----------------------------
-- 系统权限字和权限资源关联表
-- ----------------------------
DROP TABLE IF EXISTS `zz_sys_perm_code_perm`;
CREATE TABLE `zz_sys_perm_code_perm` (
  `perm_code_id` bigint(20) NOT NULL COMMENT '权限字Id',
  `perm_id` bigint(20) NOT NULL COMMENT '权限id',
  PRIMARY KEY (`perm_code_id`,`perm_id`),
  KEY `idx_perm_id` (`perm_id`) USING BTREE
) ENGINE=InnoDB DEFAULT CHARSET=utf8mb4 COLLATE=utf8mb4_bin ROW_FORMAT=COMPACT COMMENT='系统权限字和权限资源关联表';

-- ----------------------------
-- 权限资源白名单表
-- ----------------------------
DROP TABLE IF EXISTS `zz_sys_perm_whitelist`;
CREATE TABLE `zz_sys_perm_whitelist` (
  `perm_url` varchar(512) CHARACTER SET utf8 COLLATE utf8_bin NOT NULL COMMENT '权限资源的url',
  `module_name` varchar(64) CHARACTER SET utf8 COLLATE utf8_bin DEFAULT NULL COMMENT '权限资源所属模块名字(通常是Controller的名字)',
  `perm_name` varchar(64) CHARACTER SET utf8 COLLATE utf8_bin DEFAULT NULL COMMENT '权限的名称',
  PRIMARY KEY (`perm_url`)
) ENGINE=InnoDB DEFAULT CHARSET=utf8mb4 COLLATE=utf8mb4_bin COMMENT='权限资源白名单表(认证用户均可访问的url资源)';

-- ----------------------------
-- 数据同步消费者消息流水表
-- ----------------------------
DROP TABLE IF EXISTS `zz_data_sync_consumer_trans`;
CREATE TABLE `zz_data_sync_consumer_trans` (
  `trans_id` char(80) COLLATE utf8mb4_bin NOT NULL COMMENT '同步事务Id',
  `create_time` datetime NOT NULL COMMENT '创建时间',
  PRIMARY KEY (`trans_id`)
) ENGINE=InnoDB DEFAULT CHARSET=utf8mb4 COLLATE=utf8mb4_bin COMMENT='数据同步消费者消息流水表';

-- ----------------------------
-- 数据同步生产者消息流水表
-- ----------------------------
DROP TABLE IF EXISTS `zz_data_sync_producer_trans`;
CREATE TABLE `zz_data_sync_producer_trans` (
  `id` bigint(20) NOT NULL AUTO_INCREMENT COMMENT '主键',
  `trans_id` char(80) COLLATE utf8mb4_bin NOT NULL COMMENT '同步事务Id',
  `message_type` varchar(64) COLLATE utf8mb4_bin NOT NULL COMMENT '消息类型',
  `message_command` varchar(255) COLLATE utf8mb4_bin NOT NULL COMMENT '消息的命令类型',
  `message_data` mediumtext COLLATE utf8mb4_bin NOT NULL COMMENT '消息数据',
  `message_topic` varchar(64) COLLATE utf8mb4_bin NOT NULL COMMENT '消息主题',
  `message_queue_selector_key` varchar(64) COLLATE utf8mb4_bin NOT NULL COMMENT '计算消息队列选择器的Key值',
  `create_time` datetime NOT NULL COMMENT '创建时间',
  `update_time` datetime DEFAULT NULL COMMENT '更新时间',
  `sent_status` bit(1) NOT NULL DEFAULT b'0' COMMENT '发送状态',
  PRIMARY KEY (`id`) USING BTREE,
  KEY `idx_trans_id` (`trans_id`) USING BTREE
) ENGINE=InnoDB DEFAULT CHARSET=utf8mb4 COLLATE=utf8mb4_bin COMMENT='数据同步生产者消息流水表';

-- ----------------------------
-- 数据同步生产者消息流水表的高水标记表
-- ----------------------------
DROP TABLE IF EXISTS `zz_data_sync_producer_update_mark`;
CREATE TABLE `zz_data_sync_producer_update_mark` (
  `id` int(11) NOT NULL COMMENT '主键Id',
  `max_update_id` bigint(20) NOT NULL COMMENT '生产者读取的最大更新同步事务Id',
  `update_time` datetime NOT NULL COMMENT '更新时间',
  PRIMARY KEY (`id`)
) ENGINE=InnoDB DEFAULT CHARSET=utf8mb4 COLLATE=utf8mb4_bin COMMENT='数据同步生产者消息流水表的高水标记表';

BEGIN;
INSERT INTO `zz_data_sync_producer_update_mark` VALUES (1,0,CURDATE());
COMMIT;

-- ----------------------------
-- 管理员账号数据
-- ----------------------------
BEGIN;
INSERT INTO `zz_sys_user` VALUES(1401541740111859713,'admin','$2a$10$EgEUUU15Yb5.P6IbCTlZe.6EH4G8i9xVG1e9Vu0zDCuZitED6JURa','管理员','CHANGE TO YOUR HEAD IMAGE URL!!!',0,0,1401541740111859713,CURDATE(),1401541740111859713,CURDATE(),1);
COMMIT;

-- ----------------------------
-- 全部菜单数据
-- ----------------------------
BEGIN;
INSERT INTO `zz_sys_menu` VALUES(1293376634899927040,NULL,'系统管理',0,NULL,NULL,NULL,1,NULL,1401541740111859713,CURDATE(),1401541740111859713,CURDATE(),1);
INSERT INTO `zz_sys_menu` VALUES(1293376634916704256,1293376634899927040,'用户管理',1,'formSysUser',NULL,NULL,100,NULL,1401541740111859713,CURDATE(),1401541740111859713,CURDATE(),1);
INSERT INTO `zz_sys_menu` VALUES(1401541740107665445,1293376634916704256,'显示',3,NULL,NULL,NULL,1,NULL,1401541740111859713,CURDATE(),1401541740111859713,CURDATE(),1);
INSERT INTO `zz_sys_menu` VALUES(1401541740107665446,1293376634916704256,'新增',3,NULL,NULL,NULL,2,NULL,1401541740111859713,CURDATE(),1401541740111859713,CURDATE(),1);
INSERT INTO `zz_sys_menu` VALUES(1401541740107665447,1293376634916704256,'编辑',3,NULL,NULL,NULL,3,NULL,1401541740111859713,CURDATE(),1401541740111859713,CURDATE(),1);
INSERT INTO `zz_sys_menu` VALUES(1401541740107665448,1293376634916704256,'删除',3,NULL,NULL,NULL,4,NULL,1401541740111859713,CURDATE(),1401541740111859713,CURDATE(),1);
INSERT INTO `zz_sys_menu` VALUES(1401541740107665449,1293376634916704256,'重置密码',3,NULL,NULL,NULL,5,NULL,1401541740111859713,CURDATE(),1401541740111859713,CURDATE(),1);
INSERT INTO `zz_sys_menu` VALUES(1401541740107665450,1293376634916704256,'权限详情',3,NULL,NULL,NULL,6,NULL,1401541740111859713,CURDATE(),1401541740111859713,CURDATE(),1);
INSERT INTO `zz_sys_menu` VALUES(1293376634916704258,1293376634899927040,'角色管理',1,'formSysRole',NULL,NULL,110,NULL,1401541740111859713,CURDATE(),1401541740111859713,CURDATE(),1);
INSERT INTO `zz_sys_menu` VALUES(1401541740107665459,1293376634916704258,'角色管理',2,NULL,NULL,NULL,1,NULL,1401541740111859713,CURDATE(),1401541740111859713,CURDATE(),1);
INSERT INTO `zz_sys_menu` VALUES(1401541740107665460,1293376634916704258,'用户授权',2,NULL,NULL,NULL,2,NULL,1401541740111859713,CURDATE(),1401541740111859713,CURDATE(),1);
INSERT INTO `zz_sys_menu` VALUES(1401541740107665461,1401541740107665459,'显示',3,NULL,NULL,NULL,1,NULL,1401541740111859713,CURDATE(),1401541740111859713,CURDATE(),1);
INSERT INTO `zz_sys_menu` VALUES(1401541740107665462,1401541740107665459,'新增',3,NULL,NULL,NULL,2,NULL,1401541740111859713,CURDATE(),1401541740111859713,CURDATE(),1);
INSERT INTO `zz_sys_menu` VALUES(1401541740107665463,1401541740107665459,'编辑',3,NULL,NULL,NULL,3,NULL,1401541740111859713,CURDATE(),1401541740111859713,CURDATE(),1);
INSERT INTO `zz_sys_menu` VALUES(1401541740107665464,1401541740107665459,'删除',3,NULL,NULL,NULL,4,NULL,1401541740111859713,CURDATE(),1401541740111859713,CURDATE(),1);
INSERT INTO `zz_sys_menu` VALUES(1401541740107665465,1401541740107665459,'权限详情',3,NULL,NULL,NULL,5,NULL,1401541740111859713,CURDATE(),1401541740111859713,CURDATE(),1);
INSERT INTO `zz_sys_menu` VALUES(1401541740107665466,1401541740107665460,'显示',3,NULL,NULL,NULL,1,NULL,1401541740111859713,CURDATE(),1401541740111859713,CURDATE(),1);
INSERT INTO `zz_sys_menu` VALUES(1401541740107665467,1401541740107665460,'授权用户',3,NULL,NULL,NULL,2,NULL,1401541740111859713,CURDATE(),1401541740111859713,CURDATE(),1);
INSERT INTO `zz_sys_menu` VALUES(1401541740107665468,1401541740107665460,'移除用户',3,NULL,NULL,NULL,3,NULL,1401541740111859713,CURDATE(),1401541740111859713,CURDATE(),1);
INSERT INTO `zz_sys_menu` VALUES(1293376634916704259,1293376634899927040,'菜单管理',1,'formSysMenu',NULL,NULL,120,NULL,1401541740111859713,CURDATE(),1401541740111859713,CURDATE(),1);
INSERT INTO `zz_sys_menu` VALUES(1401541740107665479,1293376634916704259,'显示',3,NULL,NULL,NULL,1,NULL,1401541740111859713,CURDATE(),1401541740111859713,CURDATE(),1);
INSERT INTO `zz_sys_menu` VALUES(1401541740107665480,1293376634916704259,'新增',3,NULL,NULL,NULL,2,NULL,1401541740111859713,CURDATE(),1401541740111859713,CURDATE(),1);
INSERT INTO `zz_sys_menu` VALUES(1401541740107665481,1293376634916704259,'编辑',3,NULL,NULL,NULL,3,NULL,1401541740111859713,CURDATE(),1401541740111859713,CURDATE(),1);
INSERT INTO `zz_sys_menu` VALUES(1401541740107665482,1293376634916704259,'删除',3,NULL,NULL,NULL,4,NULL,1401541740111859713,CURDATE(),1401541740111859713,CURDATE(),1);
INSERT INTO `zz_sys_menu` VALUES(1401541740107665483,1293376634916704259,'权限详情',3,NULL,NULL,NULL,5,NULL,1401541740111859713,CURDATE(),1401541740111859713,CURDATE(),1);
INSERT INTO `zz_sys_menu` VALUES(1293376634916704260,1293376634899927040,'权限字管理',1,'formSysPermCode',NULL,NULL,125,NULL,1401541740111859713,CURDATE(),1401541740111859713,CURDATE(),1);
INSERT INTO `zz_sys_menu` VALUES(1401541740107665491,1293376634916704260,'显示',3,NULL,NULL,NULL,1,NULL,1401541740111859713,CURDATE(),1401541740111859713,CURDATE(),1);
INSERT INTO `zz_sys_menu` VALUES(1401541740107665492,1293376634916704260,'新增',3,NULL,NULL,NULL,2,NULL,1401541740111859713,CURDATE(),1401541740111859713,CURDATE(),1);
INSERT INTO `zz_sys_menu` VALUES(1401541740107665493,1293376634916704260,'编辑',3,NULL,NULL,NULL,3,NULL,1401541740111859713,CURDATE(),1401541740111859713,CURDATE(),1);
INSERT INTO `zz_sys_menu` VALUES(1401541740107665494,1293376634916704260,'删除',3,NULL,NULL,NULL,4,NULL,1401541740111859713,CURDATE(),1401541740111859713,CURDATE(),1);
INSERT INTO `zz_sys_menu` VALUES(1401541740107665495,1293376634916704260,'权限详情',3,NULL,NULL,NULL,5,NULL,1401541740111859713,CURDATE(),1401541740111859713,CURDATE(),1);
INSERT INTO `zz_sys_menu` VALUES(1293376634916704261,1293376634899927040,'权限管理',1,'formSysPerm',NULL,NULL,130,NULL,1401541740111859713,CURDATE(),1401541740111859713,CURDATE(),1);
INSERT INTO `zz_sys_menu` VALUES(1401541740107665503,1293376634916704261,'显示',3,NULL,NULL,NULL,1,NULL,1401541740111859713,CURDATE(),1401541740111859713,CURDATE(),1);
INSERT INTO `zz_sys_menu` VALUES(1401541740107665504,1293376634916704261,'新增模块',3,NULL,NULL,NULL,2,NULL,1401541740111859713,CURDATE(),1401541740111859713,CURDATE(),1);
INSERT INTO `zz_sys_menu` VALUES(1401541740107665505,1293376634916704261,'编辑模块',3,NULL,NULL,NULL,3,NULL,1401541740111859713,CURDATE(),1401541740111859713,CURDATE(),1);
INSERT INTO `zz_sys_menu` VALUES(1401541740107665506,1293376634916704261,'删除模块',3,NULL,NULL,NULL,4,NULL,1401541740111859713,CURDATE(),1401541740111859713,CURDATE(),1);
INSERT INTO `zz_sys_menu` VALUES(1401541740107665507,1293376634916704261,'新增权限',3,NULL,NULL,NULL,5,NULL,1401541740111859713,CURDATE(),1401541740111859713,CURDATE(),1);
INSERT INTO `zz_sys_menu` VALUES(1401541740107665508,1293376634916704261,'编辑权限',3,NULL,NULL,NULL,6,NULL,1401541740111859713,CURDATE(),1401541740111859713,CURDATE(),1);
INSERT INTO `zz_sys_menu` VALUES(1401541740107665509,1293376634916704261,'删除权限',3,NULL,NULL,NULL,7,NULL,1401541740111859713,CURDATE(),1401541740111859713,CURDATE(),1);
INSERT INTO `zz_sys_menu` VALUES(1401541740107665510,1293376634916704261,'权限详情',3,NULL,NULL,NULL,8,NULL,1401541740111859713,CURDATE(),1401541740111859713,CURDATE(),1);
INSERT INTO `zz_sys_menu` VALUES(1293376634916704262,1293376634899927040,'字典管理',1,'formSysDict',NULL,NULL,135,NULL,1401541740111859713,CURDATE(),1401541740111859713,CURDATE(),1);
INSERT INTO `zz_sys_menu` VALUES(1401541740107665521,1293376634916704262,'显示',3,NULL,NULL,NULL,1,NULL,1401541740111859713,CURDATE(),1401541740111859713,CURDATE(),1);
INSERT INTO `zz_sys_menu` VALUES(1401541740107665522,1293376634916704262,'新增',3,NULL,NULL,NULL,2,NULL,1401541740111859713,CURDATE(),1401541740111859713,CURDATE(),1);
INSERT INTO `zz_sys_menu` VALUES(1401541740107665523,1293376634916704262,'编辑',3,NULL,NULL,NULL,3,NULL,1401541740111859713,CURDATE(),1401541740111859713,CURDATE(),1);
INSERT INTO `zz_sys_menu` VALUES(1401541740107665524,1293376634916704262,'删除',3,NULL,NULL,NULL,4,NULL,1401541740111859713,CURDATE(),1401541740111859713,CURDATE(),1);
INSERT INTO `zz_sys_menu` VALUES(1401541740107665525,1293376634916704262,'同步缓存',3,NULL,NULL,NULL,5,NULL,1401541740111859713,CURDATE(),1401541740111859713,CURDATE(),1);
INSERT INTO `zz_sys_menu` VALUES(1293478813098840064,NULL,'业务管理',0,NULL,NULL,NULL,10,NULL,1401541740111859713,CURDATE(),1401541740111859713,CURDATE(),1);
INSERT INTO `zz_sys_menu` VALUES(1293478847987060736,NULL,'统计管理',0,NULL,NULL,NULL,20,NULL,1401541740111859713,CURDATE(),1401541740111859713,CURDATE(),1);
INSERT INTO `zz_sys_menu` VALUES(1293478946238631936,1293478813098840064,'校区管理',1,'formSchool',NULL,NULL,1,NULL,1401541740111859713,CURDATE(),1401541740111859713,CURDATE(),1);
INSERT INTO `zz_sys_menu` VALUES(1401541740107665535,1293478946238631936,'显示',3,NULL,NULL,NULL,1,NULL,1401541740111859713,CURDATE(),1401541740111859713,CURDATE(),1);
INSERT INTO `zz_sys_menu` VALUES(1401541740107665536,1293478946238631936,'新建',3,NULL,NULL,NULL,2,NULL,1401541740111859713,CURDATE(),1401541740111859713,CURDATE(),1);
INSERT INTO `zz_sys_menu` VALUES(1401541740107665537,1293478946238631936,'编辑',3,NULL,NULL,NULL,3,NULL,1401541740111859713,CURDATE(),1401541740111859713,CURDATE(),1);
INSERT INTO `zz_sys_menu` VALUES(1401541740107665538,1293478946238631936,'删除',3,NULL,NULL,NULL,4,NULL,1401541740111859713,CURDATE(),1401541740111859713,CURDATE(),1);
INSERT INTO `zz_sys_menu` VALUES(1293479020943380480,1293478813098840064,'学生管理',1,'formStudent',NULL,NULL,5,NULL,1401541740111859713,CURDATE(),1401541740111859713,CURDATE(),1);
INSERT INTO `zz_sys_menu` VALUES(1401541740107665540,1293479020943380480,'显示',3,NULL,NULL,NULL,1,NULL,1401541740111859713,CURDATE(),1401541740111859713,CURDATE(),1);
INSERT INTO `zz_sys_menu` VALUES(1401541740107665541,1293479020943380480,'新建',3,NULL,NULL,NULL,2,NULL,1401541740111859713,CURDATE(),1401541740111859713,CURDATE(),1);
INSERT INTO `zz_sys_menu` VALUES(1401541740107665542,1293479020943380480,'编辑',3,NULL,NULL,NULL,3,NULL,1401541740111859713,CURDATE(),1401541740111859713,CURDATE(),1);
INSERT INTO `zz_sys_menu` VALUES(1401541740107665543,1293479020943380480,'删除',3,NULL,NULL,NULL,4,NULL,1401541740111859713,CURDATE(),1401541740111859713,CURDATE(),1);
INSERT INTO `zz_sys_menu` VALUES(1293479114610577408,1293478813098840064,'课程管理',1,'formCourse',NULL,NULL,10,NULL,1401541740111859713,CURDATE(),1401541740111859713,CURDATE(),1);
INSERT INTO `zz_sys_menu` VALUES(1401541740107665545,1293479114610577408,'显示',3,NULL,NULL,NULL,1,NULL,1401541740111859713,CURDATE(),1401541740111859713,CURDATE(),1);
INSERT INTO `zz_sys_menu` VALUES(1401541740107665546,1293479114610577408,'新建',3,NULL,NULL,NULL,2,NULL,1401541740111859713,CURDATE(),1401541740111859713,CURDATE(),1);
INSERT INTO `zz_sys_menu` VALUES(1401541740107665547,1293479114610577408,'编辑',3,NULL,NULL,NULL,3,NULL,1401541740111859713,CURDATE(),1401541740111859713,CURDATE(),1);
INSERT INTO `zz_sys_menu` VALUES(1401541740107665548,1293479114610577408,'删除',3,NULL,NULL,NULL,4,NULL,1401541740111859713,CURDATE(),1401541740111859713,CURDATE(),1);
INSERT INTO `zz_sys_menu` VALUES(1293479177793572864,1293478813098840064,'班级管理',1,'formClass',NULL,NULL,15,NULL,1401541740111859713,CURDATE(),1401541740111859713,CURDATE(),1);
INSERT INTO `zz_sys_menu` VALUES(1401541740107665550,1293479177793572864,'显示',3,NULL,NULL,NULL,1,NULL,1401541740111859713,CURDATE(),1401541740111859713,CURDATE(),1);
INSERT INTO `zz_sys_menu` VALUES(1401541740107665551,1293479177793572864,'设置班级课程',3,NULL,NULL,NULL,2,NULL,1401541740111859713,CURDATE(),1401541740111859713,CURDATE(),1);
INSERT INTO `zz_sys_menu` VALUES(1401541740107665552,1293479177793572864,'编辑',3,NULL,NULL,NULL,3,NULL,1401541740111859713,CURDATE(),1401541740111859713,CURDATE(),1);
INSERT INTO `zz_sys_menu` VALUES(1401541740107665553,1293479177793572864,'删除',3,NULL,NULL,NULL,4,NULL,1401541740111859713,CURDATE(),1401541740111859713,CURDATE(),1);
INSERT INTO `zz_sys_menu` VALUES(1401541740107665554,1293479177793572864,'移除',3,NULL,NULL,NULL,5,NULL,1401541740111859713,CURDATE(),1401541740111859713,CURDATE(),1);
INSERT INTO `zz_sys_menu` VALUES(1401541740107665555,1293479177793572864,'课程顺序',3,NULL,NULL,NULL,6,NULL,1401541740111859713,CURDATE(),1401541740111859713,CURDATE(),1);
INSERT INTO `zz_sys_menu` VALUES(1401541740107665556,1293479177793572864,'移除',3,NULL,NULL,NULL,7,NULL,1401541740111859713,CURDATE(),1401541740111859713,CURDATE(),1);
INSERT INTO `zz_sys_menu` VALUES(1401541740107665557,1293479177793572864,'设置班级学生',3,NULL,NULL,NULL,8,NULL,1401541740111859713,CURDATE(),1401541740111859713,CURDATE(),1);
INSERT INTO `zz_sys_menu` VALUES(1401541740107665558,1293479177793572864,'新建',3,NULL,NULL,NULL,9,NULL,1401541740111859713,CURDATE(),1401541740111859713,CURDATE(),1);
INSERT INTO `zz_sys_menu` VALUES(1293479249499394048,1293478847987060736,'课程统计',1,'formCourseStats',NULL,NULL,1,NULL,1401541740111859713,CURDATE(),1401541740111859713,CURDATE(),1);
INSERT INTO `zz_sys_menu` VALUES(1401541740107665560,1293479249499394048,'显示',3,NULL,NULL,NULL,1,NULL,1401541740111859713,CURDATE(),1401541740111859713,CURDATE(),1);
INSERT INTO `zz_sys_menu` VALUES(1293479313416392704,1293478847987060736,'学生行为统计',1,'formStudentActionStats',NULL,NULL,5,NULL,1401541740111859713,CURDATE(),1401541740111859713,CURDATE(),1);
INSERT INTO `zz_sys_menu` VALUES(1401541740107665562,1293479313416392704,'显示',3,NULL,NULL,NULL,1,NULL,1401541740111859713,CURDATE(),1401541740111859713,CURDATE(),1);
INSERT INTO `zz_sys_menu` VALUES(1401541740107665563,1293479313416392704,'学生行为详情',3,NULL,NULL,NULL,2,NULL,1401541740111859713,CURDATE(),1401541740111859713,CURDATE(),1);
INSERT INTO `zz_sys_menu` VALUES(1401541740107665564,1293479313416392704,'学生行为详情',3,NULL,NULL,NULL,3,NULL,1401541740111859713,CURDATE(),1401541740111859713,CURDATE(),1);
INSERT INTO `zz_sys_menu` VALUES(1401541740107665565,1293479313416392704,'学生行为详情',3,NULL,NULL,NULL,4,NULL,1401541740111859713,CURDATE(),1401541740111859713,CURDATE(),1);
INSERT INTO `zz_sys_menu` VALUES(1401541740107665566,1293479313416392704,'学生行为详情',3,NULL,NULL,NULL,5,NULL,1401541740111859713,CURDATE(),1401541740111859713,CURDATE(),1);
INSERT INTO `zz_sys_menu` VALUES(1401541740107665567,1293479313416392704,'学生行为详情',3,NULL,NULL,NULL,6,NULL,1401541740111859713,CURDATE(),1401541740111859713,CURDATE(),1);
INSERT INTO `zz_sys_menu` VALUES(1401541740107665568,1293479313416392704,'学生行为详情',3,NULL,NULL,NULL,7,NULL,1401541740111859713,CURDATE(),1401541740111859713,CURDATE(),1);
INSERT INTO `zz_sys_menu` VALUES(1401541740107665569,1293479313416392704,'学生行为详情',3,NULL,NULL,NULL,8,NULL,1401541740111859713,CURDATE(),1401541740111859713,CURDATE(),1);
INSERT INTO `zz_sys_menu` VALUES(1401541740107665570,1293479313416392704,'学生行为详情',3,NULL,NULL,NULL,9,NULL,1401541740111859713,CURDATE(),1401541740111859713,CURDATE(),1);
INSERT INTO `zz_sys_menu` VALUES(1381236988534853632,1293376634899927040,'在线用户',1,'formSysLoginUser',NULL,NULL,145,NULL,1401541740111859713,CURDATE(),1401541740111859713,CURDATE(),1);
INSERT INTO `zz_sys_menu` VALUES(1401541740107665572,1381236988534853632,'显示',3,NULL,NULL,NULL,1,NULL,1401541740111859713,CURDATE(),1401541740111859713,CURDATE(),1);
INSERT INTO `zz_sys_menu` VALUES(1401541740107665573,1381236988534853632,'强制下线',3,NULL,NULL,NULL,2,NULL,1401541740111859713,CURDATE(),1401541740111859713,CURDATE(),1);
COMMIT;

-- ----------------------------
-- 全部菜单和权限字关系数据
-- ----------------------------
BEGIN;
INSERT INTO `zz_sys_menu_perm_code` VALUES(1401541740107665445,1401541740107665452);
INSERT INTO `zz_sys_menu_perm_code` VALUES(1401541740107665446,1401541740107665453);
INSERT INTO `zz_sys_menu_perm_code` VALUES(1401541740107665447,1401541740107665454);
INSERT INTO `zz_sys_menu_perm_code` VALUES(1401541740107665448,1401541740107665455);
INSERT INTO `zz_sys_menu_perm_code` VALUES(1401541740107665449,1401541740107665456);
INSERT INTO `zz_sys_menu_perm_code` VALUES(1401541740107665450,1401541740107665457);
INSERT INTO `zz_sys_menu_perm_code` VALUES(1401541740107665461,1401541740107665470);
INSERT INTO `zz_sys_menu_perm_code` VALUES(1401541740107665466,1401541740107665471);
INSERT INTO `zz_sys_menu_perm_code` VALUES(1401541740107665462,1401541740107665472);
INSERT INTO `zz_sys_menu_perm_code` VALUES(1401541740107665463,1401541740107665473);
INSERT INTO `zz_sys_menu_perm_code` VALUES(1401541740107665464,1401541740107665474);
INSERT INTO `zz_sys_menu_perm_code` VALUES(1401541740107665467,1401541740107665476);
INSERT INTO `zz_sys_menu_perm_code` VALUES(1401541740107665468,1401541740107665477);
INSERT INTO `zz_sys_menu_perm_code` VALUES(1401541740107665465,1401541740107665475);
INSERT INTO `zz_sys_menu_perm_code` VALUES(1401541740107665479,1401541740107665485);
INSERT INTO `zz_sys_menu_perm_code` VALUES(1401541740107665481,1401541740107665487);
INSERT INTO `zz_sys_menu_perm_code` VALUES(1401541740107665480,1401541740107665486);
INSERT INTO `zz_sys_menu_perm_code` VALUES(1401541740107665482,1401541740107665488);
INSERT INTO `zz_sys_menu_perm_code` VALUES(1401541740107665483,1401541740107665489);
INSERT INTO `zz_sys_menu_perm_code` VALUES(1401541740107665491,1401541740107665497);
INSERT INTO `zz_sys_menu_perm_code` VALUES(1401541740107665492,1401541740107665498);
INSERT INTO `zz_sys_menu_perm_code` VALUES(1401541740107665493,1401541740107665499);
INSERT INTO `zz_sys_menu_perm_code` VALUES(1401541740107665494,1401541740107665500);
INSERT INTO `zz_sys_menu_perm_code` VALUES(1401541740107665495,1401541740107665501);
INSERT INTO `zz_sys_menu_perm_code` VALUES(1401541740107665503,1401541740107665512);
INSERT INTO `zz_sys_menu_perm_code` VALUES(1401541740107665504,1401541740107665513);
INSERT INTO `zz_sys_menu_perm_code` VALUES(1401541740107665505,1401541740107665514);
INSERT INTO `zz_sys_menu_perm_code` VALUES(1401541740107665506,1401541740107665515);
INSERT INTO `zz_sys_menu_perm_code` VALUES(1401541740107665507,1401541740107665516);
INSERT INTO `zz_sys_menu_perm_code` VALUES(1401541740107665508,1401541740107665517);
INSERT INTO `zz_sys_menu_perm_code` VALUES(1401541740107665509,1401541740107665518);
INSERT INTO `zz_sys_menu_perm_code` VALUES(1401541740107665510,1401541740107665519);
INSERT INTO `zz_sys_menu_perm_code` VALUES(1293376634916704262,1401541740107665527);
INSERT INTO `zz_sys_menu_perm_code` VALUES(1293376634916704262,1401541740107665528);
INSERT INTO `zz_sys_menu_perm_code` VALUES(1293376634916704262,1401541740107665529);
INSERT INTO `zz_sys_menu_perm_code` VALUES(1293376634916704262,1401541740107665530);
INSERT INTO `zz_sys_menu_perm_code` VALUES(1293376634916704262,1401541740107665531);
INSERT INTO `zz_sys_menu_perm_code` VALUES(1401541740107665521,1401541740107665527);
INSERT INTO `zz_sys_menu_perm_code` VALUES(1401541740107665522,1401541740107665528);
INSERT INTO `zz_sys_menu_perm_code` VALUES(1401541740107665523,1401541740107665529);
INSERT INTO `zz_sys_menu_perm_code` VALUES(1401541740107665524,1401541740107665530);
INSERT INTO `zz_sys_menu_perm_code` VALUES(1401541740107665525,1401541740107665531);
INSERT INTO `zz_sys_menu_perm_code` VALUES(1401541740107665535,1401541740103471105);
INSERT INTO `zz_sys_menu_perm_code` VALUES(1401541740107665536,1401541740103471106);
INSERT INTO `zz_sys_menu_perm_code` VALUES(1401541740107665536,1401541740103471109);
INSERT INTO `zz_sys_menu_perm_code` VALUES(1401541740107665536,1401541740103471110);
INSERT INTO `zz_sys_menu_perm_code` VALUES(1401541740107665536,1401541740103471111);
INSERT INTO `zz_sys_menu_perm_code` VALUES(1401541740107665536,1401541740103471112);
INSERT INTO `zz_sys_menu_perm_code` VALUES(1401541740107665537,1401541740103471107);
INSERT INTO `zz_sys_menu_perm_code` VALUES(1401541740107665537,1401541740103471113);
INSERT INTO `zz_sys_menu_perm_code` VALUES(1401541740107665537,1401541740103471114);
INSERT INTO `zz_sys_menu_perm_code` VALUES(1401541740107665537,1401541740103471115);
INSERT INTO `zz_sys_menu_perm_code` VALUES(1401541740107665537,1401541740103471116);
INSERT INTO `zz_sys_menu_perm_code` VALUES(1401541740107665538,1401541740103471108);
INSERT INTO `zz_sys_menu_perm_code` VALUES(1401541740107665540,1401541740103471118);
INSERT INTO `zz_sys_menu_perm_code` VALUES(1401541740107665541,1401541740103471119);
INSERT INTO `zz_sys_menu_perm_code` VALUES(1401541740107665541,1401541740103471122);
INSERT INTO `zz_sys_menu_perm_code` VALUES(1401541740107665541,1401541740103471123);
INSERT INTO `zz_sys_menu_perm_code` VALUES(1401541740107665541,1401541740103471124);
INSERT INTO `zz_sys_menu_perm_code` VALUES(1401541740107665541,1401541740103471125);
INSERT INTO `zz_sys_menu_perm_code` VALUES(1401541740107665542,1401541740103471120);
INSERT INTO `zz_sys_menu_perm_code` VALUES(1401541740107665542,1401541740103471126);
INSERT INTO `zz_sys_menu_perm_code` VALUES(1401541740107665542,1401541740103471127);
INSERT INTO `zz_sys_menu_perm_code` VALUES(1401541740107665542,1401541740103471128);
INSERT INTO `zz_sys_menu_perm_code` VALUES(1401541740107665542,1401541740103471129);
INSERT INTO `zz_sys_menu_perm_code` VALUES(1401541740107665543,1401541740103471121);
INSERT INTO `zz_sys_menu_perm_code` VALUES(1401541740107665545,1401541740103471131);
INSERT INTO `zz_sys_menu_perm_code` VALUES(1401541740107665546,1401541740103471132);
INSERT INTO `zz_sys_menu_perm_code` VALUES(1401541740107665546,1401541740103471135);
INSERT INTO `zz_sys_menu_perm_code` VALUES(1401541740107665546,1401541740103471136);
INSERT INTO `zz_sys_menu_perm_code` VALUES(1401541740107665546,1401541740103471137);
INSERT INTO `zz_sys_menu_perm_code` VALUES(1401541740107665546,1401541740103471138);
INSERT INTO `zz_sys_menu_perm_code` VALUES(1401541740107665547,1401541740103471133);
INSERT INTO `zz_sys_menu_perm_code` VALUES(1401541740107665547,1401541740103471139);
INSERT INTO `zz_sys_menu_perm_code` VALUES(1401541740107665547,1401541740103471140);
INSERT INTO `zz_sys_menu_perm_code` VALUES(1401541740107665547,1401541740103471141);
INSERT INTO `zz_sys_menu_perm_code` VALUES(1401541740107665547,1401541740103471142);
INSERT INTO `zz_sys_menu_perm_code` VALUES(1401541740107665548,1401541740103471134);
INSERT INTO `zz_sys_menu_perm_code` VALUES(1401541740107665550,1401541740107665434);
INSERT INTO `zz_sys_menu_perm_code` VALUES(1401541740107665551,1401541740107665435);
INSERT INTO `zz_sys_menu_perm_code` VALUES(1401541740107665551,1401541740107665430);
INSERT INTO `zz_sys_menu_perm_code` VALUES(1401541740107665551,1401541740107665431);
INSERT INTO `zz_sys_menu_perm_code` VALUES(1401541740107665551,1401541740107665432);
INSERT INTO `zz_sys_menu_perm_code` VALUES(1401541740107665552,1401541740107665436);
INSERT INTO `zz_sys_menu_perm_code` VALUES(1401541740107665552,1401541740107665419);
INSERT INTO `zz_sys_menu_perm_code` VALUES(1401541740107665552,1401541740107665420);
INSERT INTO `zz_sys_menu_perm_code` VALUES(1401541740107665552,1401541740107665421);
INSERT INTO `zz_sys_menu_perm_code` VALUES(1401541740107665552,1401541740107665422);
INSERT INTO `zz_sys_menu_perm_code` VALUES(1401541740107665553,1401541740107665437);
INSERT INTO `zz_sys_menu_perm_code` VALUES(1401541740107665554,1401541740107665438);
INSERT INTO `zz_sys_menu_perm_code` VALUES(1401541740107665555,1401541740107665439);
INSERT INTO `zz_sys_menu_perm_code` VALUES(1401541740107665555,1401541740107665423);
INSERT INTO `zz_sys_menu_perm_code` VALUES(1401541740107665555,1401541740107665424);
INSERT INTO `zz_sys_menu_perm_code` VALUES(1401541740107665555,1401541740107665425);
INSERT INTO `zz_sys_menu_perm_code` VALUES(1401541740107665555,1401541740107665426);
INSERT INTO `zz_sys_menu_perm_code` VALUES(1401541740107665556,1401541740107665440);
INSERT INTO `zz_sys_menu_perm_code` VALUES(1401541740107665557,1401541740107665441);
INSERT INTO `zz_sys_menu_perm_code` VALUES(1401541740107665557,1401541740107665427);
INSERT INTO `zz_sys_menu_perm_code` VALUES(1401541740107665557,1401541740107665428);
INSERT INTO `zz_sys_menu_perm_code` VALUES(1401541740107665557,1401541740107665429);
INSERT INTO `zz_sys_menu_perm_code` VALUES(1401541740107665558,1401541740107665442);
INSERT INTO `zz_sys_menu_perm_code` VALUES(1401541740107665558,1401541740107665415);
INSERT INTO `zz_sys_menu_perm_code` VALUES(1401541740107665558,1401541740107665416);
INSERT INTO `zz_sys_menu_perm_code` VALUES(1401541740107665558,1401541740107665417);
INSERT INTO `zz_sys_menu_perm_code` VALUES(1401541740107665558,1401541740107665418);
INSERT INTO `zz_sys_menu_perm_code` VALUES(1401541740107665560,1401541740103471144);
INSERT INTO `zz_sys_menu_perm_code` VALUES(1401541740107665562,1401541740103471146);
INSERT INTO `zz_sys_menu_perm_code` VALUES(1401541740107665563,1401541740103471147);
INSERT INTO `zz_sys_menu_perm_code` VALUES(1401541740107665563,1401541740107665413);
INSERT INTO `zz_sys_menu_perm_code` VALUES(1401541740107665563,1401541740107665414);
INSERT INTO `zz_sys_menu_perm_code` VALUES(1401541740107665564,1401541740103471148);
INSERT INTO `zz_sys_menu_perm_code` VALUES(1401541740107665564,1401541740107665413);
INSERT INTO `zz_sys_menu_perm_code` VALUES(1401541740107665564,1401541740107665414);
INSERT INTO `zz_sys_menu_perm_code` VALUES(1401541740107665565,1401541740103471149);
INSERT INTO `zz_sys_menu_perm_code` VALUES(1401541740107665565,1401541740107665413);
INSERT INTO `zz_sys_menu_perm_code` VALUES(1401541740107665565,1401541740107665414);
INSERT INTO `zz_sys_menu_perm_code` VALUES(1401541740107665566,1401541740107665408);
INSERT INTO `zz_sys_menu_perm_code` VALUES(1401541740107665566,1401541740107665413);
INSERT INTO `zz_sys_menu_perm_code` VALUES(1401541740107665566,1401541740107665414);
INSERT INTO `zz_sys_menu_perm_code` VALUES(1401541740107665567,1401541740107665409);
INSERT INTO `zz_sys_menu_perm_code` VALUES(1401541740107665567,1401541740107665413);
INSERT INTO `zz_sys_menu_perm_code` VALUES(1401541740107665567,1401541740107665414);
INSERT INTO `zz_sys_menu_perm_code` VALUES(1401541740107665568,1401541740107665410);
INSERT INTO `zz_sys_menu_perm_code` VALUES(1401541740107665568,1401541740107665413);
INSERT INTO `zz_sys_menu_perm_code` VALUES(1401541740107665568,1401541740107665414);
INSERT INTO `zz_sys_menu_perm_code` VALUES(1401541740107665569,1401541740107665411);
INSERT INTO `zz_sys_menu_perm_code` VALUES(1401541740107665569,1401541740107665413);
INSERT INTO `zz_sys_menu_perm_code` VALUES(1401541740107665569,1401541740107665414);
INSERT INTO `zz_sys_menu_perm_code` VALUES(1401541740107665570,1401541740107665412);
INSERT INTO `zz_sys_menu_perm_code` VALUES(1401541740107665570,1401541740107665413);
INSERT INTO `zz_sys_menu_perm_code` VALUES(1401541740107665570,1401541740107665414);
INSERT INTO `zz_sys_menu_perm_code` VALUES(1401541740107665572,1401541740107665575);
INSERT INTO `zz_sys_menu_perm_code` VALUES(1401541740107665573,1401541740107665576);
COMMIT;

-- ----------------------------
-- 全部权限字数据
-- ----------------------------
BEGIN;
INSERT INTO `zz_sys_perm_code` VALUES(1401541740103471138,1401541740103471136,'formCreateCourse:formCreateCourse:add',2,'保存',10,1401541740111859713,CURDATE(),1401541740111859713,CURDATE(),1);
INSERT INTO `zz_sys_perm_code` VALUES(1401541740103471127,1401541740103471126,'formEditStudent:formEditStudent',1,'编辑学生',0,1401541740111859713,CURDATE(),1401541740111859713,CURDATE(),1);
INSERT INTO `zz_sys_perm_code` VALUES(1401541740103471118,1401541740103471117,'formStudent:formStudent',1,'学生管理',0,1401541740111859713,CURDATE(),1401541740111859713,CURDATE(),1);
INSERT INTO `zz_sys_perm_code` VALUES(1401541740107665457,1401541740107665452,'formSysUser:fragmentSysUser:listSysUserPermDetail',2,'权限详情',5,1401541740111859713,CURDATE(),1401541740111859713,CURDATE(),1);
INSERT INTO `zz_sys_perm_code` VALUES(1401541740107665427,NULL,'formSetClassStudent',0,'设置班级学生',150,1401541740111859713,CURDATE(),1401541740111859713,CURDATE(),1);
INSERT INTO `zz_sys_perm_code` VALUES(1401541740107665511,NULL,'formSysPerm',0,'权限管理',10800,1401541740111859713,CURDATE(),1401541740111859713,CURDATE(),1);
INSERT INTO `zz_sys_perm_code` VALUES(1401541740107665497,1401541740107665496,'formSysPermCode:fragmentSysPermCode',1,'权限字管理',1,1401541740111859713,CURDATE(),1401541740111859713,CURDATE(),1);
INSERT INTO `zz_sys_perm_code` VALUES(1401541740103471108,1401541740103471105,'formSchool:formSchool:delete',2,'删除',20,1401541740111859713,CURDATE(),1401541740111859713,CURDATE(),1);
INSERT INTO `zz_sys_perm_code` VALUES(1401541740103471124,1401541740103471123,'formCreateStudent:formCreateStudent:cancel',2,'取消',0,1401541740111859713,CURDATE(),1401541740111859713,CURDATE(),1);
INSERT INTO `zz_sys_perm_code` VALUES(1401541740103471130,NULL,'formCourse',0,'课程管理',60,1401541740111859713,CURDATE(),1401541740111859713,CURDATE(),1);
INSERT INTO `zz_sys_perm_code` VALUES(1401541740107665574,NULL,'formSysLoginUser',0,'在线用户',11200,1401541740111859713,CURDATE(),1401541740111859713,CURDATE(),1);
INSERT INTO `zz_sys_perm_code` VALUES(1401541740107665528,1401541740107665527,'formSysDict:fragmentSysDict:add',2,'新增',1,1401541740111859713,CURDATE(),1401541740111859713,CURDATE(),1);
INSERT INTO `zz_sys_perm_code` VALUES(1401541740107665442,1401541740107665434,'formClass:formClass:formCreateClass',2,'新建',70,1401541740111859713,CURDATE(),1401541740111859713,CURDATE(),1);
INSERT INTO `zz_sys_perm_code` VALUES(1401541740103471114,1401541740103471113,'formEditSchool:formEditSchool',1,'编辑校区',0,1401541740111859713,CURDATE(),1401541740111859713,CURDATE(),1);
INSERT INTO `zz_sys_perm_code` VALUES(1401541740103471113,NULL,'formEditSchool',0,'编辑校区',20,1401541740111859713,CURDATE(),1401541740111859713,CURDATE(),1);
INSERT INTO `zz_sys_perm_code` VALUES(1401541740107665419,NULL,'formEditClass',0,'编辑班级',130,1401541740111859713,CURDATE(),1401541740111859713,CURDATE(),1);
INSERT INTO `zz_sys_perm_code` VALUES(1401541740103471137,1401541740103471136,'formCreateCourse:formCreateCourse:cancel',2,'取消',0,1401541740111859713,CURDATE(),1401541740111859713,CURDATE(),1);
INSERT INTO `zz_sys_perm_code` VALUES(1401541740107665434,1401541740107665433,'formClass:formClass',1,'班级管理',0,1401541740111859713,CURDATE(),1401541740111859713,CURDATE(),1);
INSERT INTO `zz_sys_perm_code` VALUES(1401541740107665453,1401541740107665452,'formSysUser:fragmentSysUser:add',2,'新增',1,1401541740111859713,CURDATE(),1401541740111859713,CURDATE(),1);
INSERT INTO `zz_sys_perm_code` VALUES(1401541740107665421,1401541740107665420,'formEditClass:formEditClass:cancel',2,'取消',0,1401541740111859713,CURDATE(),1401541740111859713,CURDATE(),1);
INSERT INTO `zz_sys_perm_code` VALUES(1401541740103471139,NULL,'formEditCourse',0,'编辑课程',80,1401541740111859713,CURDATE(),1401541740111859713,CURDATE(),1);
INSERT INTO `zz_sys_perm_code` VALUES(1401541740107665428,1401541740107665427,'formSetClassStudent:formSetClassStudent',1,'设置班级学生',0,1401541740111859713,CURDATE(),1401541740111859713,CURDATE(),1);
INSERT INTO `zz_sys_perm_code` VALUES(1401541740107665410,1401541740103471146,'formStudentActionStats:formStudentActionStats:formDoCourseDetail',2,'学生行为详情',50,1401541740111859713,CURDATE(),1401541740111859713,CURDATE(),1);
INSERT INTO `zz_sys_perm_code` VALUES(1401541740107665424,1401541740107665423,'formEditClassCourseOrder:formEditClassCourseOrder',1,'编辑课程顺序',0,1401541740111859713,CURDATE(),1401541740111859713,CURDATE(),1);
INSERT INTO `zz_sys_perm_code` VALUES(1401541740107665412,1401541740103471146,'formStudentActionStats:formStudentActionStats:formRfreshDetail',2,'学生行为详情',70,1401541740111859713,CURDATE(),1401541740111859713,CURDATE(),1);
INSERT INTO `zz_sys_perm_code` VALUES(1401541740107665451,NULL,'formSysUser',0,'用户管理',10000,1401541740111859713,CURDATE(),1401541740111859713,CURDATE(),1);
INSERT INTO `zz_sys_perm_code` VALUES(1401541740103471112,1401541740103471110,'formCreateSchool:formCreateSchool:add',2,'保存',10,1401541740111859713,CURDATE(),1401541740111859713,CURDATE(),1);
INSERT INTO `zz_sys_perm_code` VALUES(1401541740107665499,1401541740107665497,'formSysPermCode:fragmentSysPermCode:update',2,'编辑',2,1401541740111859713,CURDATE(),1401541740111859713,CURDATE(),1);
INSERT INTO `zz_sys_perm_code` VALUES(1401541740107665440,1401541740107665434,'formClass:formClass:deleteClassStudent',2,'移除',50,1401541740111859713,CURDATE(),1401541740111859713,CURDATE(),1);
INSERT INTO `zz_sys_perm_code` VALUES(1401541740103471105,1401541740103471104,'formSchool:formSchool',1,'校区管理',0,1401541740111859713,CURDATE(),1401541740111859713,CURDATE(),1);
INSERT INTO `zz_sys_perm_code` VALUES(1401541740103471109,NULL,'formCreateSchool',0,'新建校区',10,1401541740111859713,CURDATE(),1401541740111859713,CURDATE(),1);
INSERT INTO `zz_sys_perm_code` VALUES(1401541740107665433,NULL,'formClass',0,'班级管理',170,1401541740111859713,CURDATE(),1401541740111859713,CURDATE(),1);
INSERT INTO `zz_sys_perm_code` VALUES(1401541740107665513,1401541740107665512,'formSysPerm:fragmentSysPerm:addPermModule',2,'新增模块',1,1401541740111859713,CURDATE(),1401541740111859713,CURDATE(),1);
INSERT INTO `zz_sys_perm_code` VALUES(1401541740103471116,1401541740103471114,'formEditSchool:formEditSchool:update',2,'保存',10,1401541740111859713,CURDATE(),1401541740111859713,CURDATE(),1);
INSERT INTO `zz_sys_perm_code` VALUES(1401541740107665438,1401541740107665434,'formClass:formClass:deleteClassCourse',2,'移除',30,1401541740111859713,CURDATE(),1401541740111859713,CURDATE(),1);
INSERT INTO `zz_sys_perm_code` VALUES(1401541740107665418,1401541740107665416,'formCreateClass:formCreateClass:add',2,'保存',10,1401541740111859713,CURDATE(),1401541740111859713,CURDATE(),1);
INSERT INTO `zz_sys_perm_code` VALUES(1401541740103471148,1401541740103471146,'formStudentActionStats:formStudentActionStats:formBuyVideoDetail',2,'学生行为详情',10,1401541740111859713,CURDATE(),1401541740111859713,CURDATE(),1);
INSERT INTO `zz_sys_perm_code` VALUES(1401541740103471117,NULL,'formStudent',0,'学生管理',30,1401541740111859713,CURDATE(),1401541740111859713,CURDATE(),1);
INSERT INTO `zz_sys_perm_code` VALUES(1401541740103471140,1401541740103471139,'formEditCourse:formEditCourse',1,'编辑课程',0,1401541740111859713,CURDATE(),1401541740111859713,CURDATE(),1);
INSERT INTO `zz_sys_perm_code` VALUES(1401541740107665501,1401541740107665497,'formSysPermCode:fragmentSysPermCode:listSysPermCodePermDetail',2,'权限详情',4,1401541740111859713,CURDATE(),1401541740111859713,CURDATE(),1);
INSERT INTO `zz_sys_perm_code` VALUES(1401541740103471126,NULL,'formEditStudent',0,'编辑学生',50,1401541740111859713,CURDATE(),1401541740111859713,CURDATE(),1);
INSERT INTO `zz_sys_perm_code` VALUES(1401541740107665527,1401541740107665526,'formSysDict:fragmentSysDict',1,'字典管理',1,1401541740111859713,CURDATE(),1401541740111859713,CURDATE(),1);
INSERT INTO `zz_sys_perm_code` VALUES(1401541740107665417,1401541740107665416,'formCreateClass:formCreateClass:cancel',2,'取消',0,1401541740111859713,CURDATE(),1401541740111859713,CURDATE(),1);
INSERT INTO `zz_sys_perm_code` VALUES(1401541740107665454,1401541740107665452,'formSysUser:fragmentSysUser:update',2,'编辑',2,1401541740111859713,CURDATE(),1401541740111859713,CURDATE(),1);
INSERT INTO `zz_sys_perm_code` VALUES(1401541740107665456,1401541740107665452,'formSysUser:fragmentSysUser:resetPassword',2,'重置密码',4,1401541740111859713,CURDATE(),1401541740111859713,CURDATE(),1);
INSERT INTO `zz_sys_perm_code` VALUES(1401541740107665526,NULL,'formSysDict',0,'字典管理',10900,1401541740111859713,CURDATE(),1401541740111859713,CURDATE(),1);
INSERT INTO `zz_sys_perm_code` VALUES(1401541740107665487,1401541740107665485,'formSysMenu:fragmentSysMenu:update',2,'编辑',2,1401541740111859713,CURDATE(),1401541740111859713,CURDATE(),1);
INSERT INTO `zz_sys_perm_code` VALUES(1401541740103471136,1401541740103471135,'formCreateCourse:formCreateCourse',1,'新建课程',0,1401541740111859713,CURDATE(),1401541740111859713,CURDATE(),1);
INSERT INTO `zz_sys_perm_code` VALUES(1401541740107665516,1401541740107665512,'formSysPerm:fragmentSysPerm:addPerm',2,'新增权限',4,1401541740111859713,CURDATE(),1401541740111859713,CURDATE(),1);
INSERT INTO `zz_sys_perm_code` VALUES(1401541740103471111,1401541740103471110,'formCreateSchool:formCreateSchool:cancel',2,'取消',0,1401541740111859713,CURDATE(),1401541740111859713,CURDATE(),1);
INSERT INTO `zz_sys_perm_code` VALUES(1401541740107665515,1401541740107665512,'formSysPerm:fragmentSysPerm:deletePermModule',2,'删除模块',3,1401541740111859713,CURDATE(),1401541740111859713,CURDATE(),1);
INSERT INTO `zz_sys_perm_code` VALUES(1401541740107665519,1401541740107665512,'formSysPerm:fragmentSysPerm:listSysPermPermDetail',2,'权限详情',7,1401541740111859713,CURDATE(),1401541740111859713,CURDATE(),1);
INSERT INTO `zz_sys_perm_code` VALUES(1401541740107665425,1401541740107665424,'formEditClassCourseOrder:formEditClassCourseOrder:cancel',2,'取消',0,1401541740111859713,CURDATE(),1401541740111859713,CURDATE(),1);
INSERT INTO `zz_sys_perm_code` VALUES(1401541740103471134,1401541740103471131,'formCourse:formCourse:delete',2,'删除',20,1401541740111859713,CURDATE(),1401541740111859713,CURDATE(),1);
INSERT INTO `zz_sys_perm_code` VALUES(1401541740103471147,1401541740103471146,'formStudentActionStats:formStudentActionStats:formBuyCourseDetail',2,'学生行为详情',0,1401541740111859713,CURDATE(),1401541740111859713,CURDATE(),1);
INSERT INTO `zz_sys_perm_code` VALUES(1401541740107665426,1401541740107665424,'formEditClassCourseOrder:formEditClassCourseOrder:updateClassCourse',2,'保存',10,1401541740111859713,CURDATE(),1401541740111859713,CURDATE(),1);
INSERT INTO `zz_sys_perm_code` VALUES(1401541740107665475,1401541740107665470,'formSysRole:fragmentSysRole:listSysRolePermDetail',2,'权限详情',4,1401541740111859713,CURDATE(),1401541740111859713,CURDATE(),1);
INSERT INTO `zz_sys_perm_code` VALUES(1401541740107665486,1401541740107665485,'formSysMenu:fragmentSysMenu:add',2,'新增',1,1401541740111859713,CURDATE(),1401541740111859713,CURDATE(),1);
INSERT INTO `zz_sys_perm_code` VALUES(1401541740107665500,1401541740107665497,'formSysPermCode:fragmentSysPermCode:delete',2,'删除',3,1401541740111859713,CURDATE(),1401541740111859713,CURDATE(),1);
INSERT INTO `zz_sys_perm_code` VALUES(1401541740107665432,1401541740107665431,'formSetClassCourse:formSetClassCourse:addClassCourse',2,'添加',0,1401541740111859713,CURDATE(),1401541740111859713,CURDATE(),1);
INSERT INTO `zz_sys_perm_code` VALUES(1401541740107665431,1401541740107665430,'formSetClassCourse:formSetClassCourse',1,'设置班级课程',0,1401541740111859713,CURDATE(),1401541740111859713,CURDATE(),1);
INSERT INTO `zz_sys_perm_code` VALUES(1401541740107665415,NULL,'formCreateClass',0,'新建班级',120,1401541740111859713,CURDATE(),1401541740111859713,CURDATE(),1);
INSERT INTO `zz_sys_perm_code` VALUES(1401541740107665429,1401541740107665428,'formSetClassStudent:formSetClassStudent:addClassStudent',2,'添加',0,1401541740111859713,CURDATE(),1401541740111859713,CURDATE(),1);
INSERT INTO `zz_sys_perm_code` VALUES(1401541740103471123,1401541740103471122,'formCreateStudent:formCreateStudent',1,'新建学生',0,1401541740111859713,CURDATE(),1401541740111859713,CURDATE(),1);
INSERT INTO `zz_sys_perm_code` VALUES(1401541740107665575,1401541740107665574,'formSysLoginUser:fragmentLoginUser',1,'在线用户',1,1401541740111859713,CURDATE(),1401541740111859713,CURDATE(),1);
INSERT INTO `zz_sys_perm_code` VALUES(1401541740103471115,1401541740103471114,'formEditSchool:formEditSchool:cancel',2,'取消',0,1401541740111859713,CURDATE(),1401541740111859713,CURDATE(),1);
INSERT INTO `zz_sys_perm_code` VALUES(1401541740103471143,NULL,'formCourseStats',0,'课程统计',90,1401541740111859713,CURDATE(),1401541740111859713,CURDATE(),1);
INSERT INTO `zz_sys_perm_code` VALUES(1401541740107665414,1401541740107665413,'formStudentActionDetail:formStudentActionDetail',1,'学生行为详情',0,1401541740111859713,CURDATE(),1401541740111859713,CURDATE(),1);
INSERT INTO `zz_sys_perm_code` VALUES(1401541740107665484,NULL,'formSysMenu',0,'菜单管理',10600,1401541740111859713,CURDATE(),1401541740111859713,CURDATE(),1);
INSERT INTO `zz_sys_perm_code` VALUES(1401541740103471144,1401541740103471143,'formCourseStats:formCourseStats',1,'课程统计',0,1401541740111859713,CURDATE(),1401541740111859713,CURDATE(),1);
INSERT INTO `zz_sys_perm_code` VALUES(1401541740107665489,1401541740107665485,'formSysMenu:fragmentSysMenu:listSysMenuPermDetail',2,'权限详情',4,1401541740111859713,CURDATE(),1401541740111859713,CURDATE(),1);
INSERT INTO `zz_sys_perm_code` VALUES(1401541740103471135,NULL,'formCreateCourse',0,'新建课程',70,1401541740111859713,CURDATE(),1401541740111859713,CURDATE(),1);
INSERT INTO `zz_sys_perm_code` VALUES(1401541740103471149,1401541740103471146,'formStudentActionStats:formStudentActionStats:formBuyFlowerDetail',2,'学生行为详情',20,1401541740111859713,CURDATE(),1401541740111859713,CURDATE(),1);
INSERT INTO `zz_sys_perm_code` VALUES(1401541740107665474,1401541740107665470,'formSysRole:fragmentSysRole:delete',2,'删除',3,1401541740111859713,CURDATE(),1401541740111859713,CURDATE(),1);
INSERT INTO `zz_sys_perm_code` VALUES(1401541740103471119,1401541740103471118,'formStudent:formStudent:formCreateStudent',2,'新建',0,1401541740111859713,CURDATE(),1401541740111859713,CURDATE(),1);
INSERT INTO `zz_sys_perm_code` VALUES(1401541740107665496,NULL,'formSysPermCode',0,'权限字管理',10700,1401541740111859713,CURDATE(),1401541740111859713,CURDATE(),1);
INSERT INTO `zz_sys_perm_code` VALUES(1401541740103471120,1401541740103471118,'formStudent:formStudent:formEditStudent',2,'编辑',10,1401541740111859713,CURDATE(),1401541740111859713,CURDATE(),1);
INSERT INTO `zz_sys_perm_code` VALUES(1401541740107665476,1401541740107665471,'formSysRole:fragmentSysRoleUser:addUserRole',2,'授权用户',1,1401541740111859713,CURDATE(),1401541740111859713,CURDATE(),1);
INSERT INTO `zz_sys_perm_code` VALUES(1401541740107665514,1401541740107665512,'formSysPerm:fragmentSysPerm:updatePermModule',2,'编辑模块',2,1401541740111859713,CURDATE(),1401541740111859713,CURDATE(),1);
INSERT INTO `zz_sys_perm_code` VALUES(1401541740103471107,1401541740103471105,'formSchool:formSchool:formEditSchool',2,'编辑',10,1401541740111859713,CURDATE(),1401541740111859713,CURDATE(),1);
INSERT INTO `zz_sys_perm_code` VALUES(1401541740107665430,NULL,'formSetClassCourse',0,'设置班级课程',160,1401541740111859713,CURDATE(),1401541740111859713,CURDATE(),1);
INSERT INTO `zz_sys_perm_code` VALUES(1401541740107665469,NULL,'formSysRole',0,'角色管理',10200,1401541740111859713,CURDATE(),1401541740111859713,CURDATE(),1);
INSERT INTO `zz_sys_perm_code` VALUES(1401541740107665416,1401541740107665415,'formCreateClass:formCreateClass',1,'新建班级',0,1401541740111859713,CURDATE(),1401541740111859713,CURDATE(),1);
INSERT INTO `zz_sys_perm_code` VALUES(1401541740103471142,1401541740103471140,'formEditCourse:formEditCourse:update',2,'保存',10,1401541740111859713,CURDATE(),1401541740111859713,CURDATE(),1);
INSERT INTO `zz_sys_perm_code` VALUES(1401541740107665530,1401541740107665527,'formSysDict:fragmentSysDict:delete',2,'删除',3,1401541740111859713,CURDATE(),1401541740111859713,CURDATE(),1);
INSERT INTO `zz_sys_perm_code` VALUES(1401541740107665413,NULL,'formStudentActionDetail',0,'学生行为详情',110,1401541740111859713,CURDATE(),1401541740111859713,CURDATE(),1);
INSERT INTO `zz_sys_perm_code` VALUES(1401541740107665435,1401541740107665434,'formClass:formClass:formSetClassCourse',2,'设置班级课程',0,1401541740111859713,CURDATE(),1401541740111859713,CURDATE(),1);
INSERT INTO `zz_sys_perm_code` VALUES(1401541740103471133,1401541740103471131,'formCourse:formCourse:formEditCourse',2,'编辑',10,1401541740111859713,CURDATE(),1401541740111859713,CURDATE(),1);
INSERT INTO `zz_sys_perm_code` VALUES(1401541740107665437,1401541740107665434,'formClass:formClass:delete',2,'删除',20,1401541740111859713,CURDATE(),1401541740111859713,CURDATE(),1);
INSERT INTO `zz_sys_perm_code` VALUES(1401541740107665423,NULL,'formEditClassCourseOrder',0,'编辑课程顺序',140,1401541740111859713,CURDATE(),1401541740111859713,CURDATE(),1);
INSERT INTO `zz_sys_perm_code` VALUES(1401541740103471122,NULL,'formCreateStudent',0,'新建学生',40,1401541740111859713,CURDATE(),1401541740111859713,CURDATE(),1);
INSERT INTO `zz_sys_perm_code` VALUES(1401541740103471110,1401541740103471109,'formCreateSchool:formCreateSchool',1,'新建校区',0,1401541740111859713,CURDATE(),1401541740111859713,CURDATE(),1);
INSERT INTO `zz_sys_perm_code` VALUES(1401541740103471129,1401541740103471127,'formEditStudent:formEditStudent:update',2,'保存',10,1401541740111859713,CURDATE(),1401541740111859713,CURDATE(),1);
INSERT INTO `zz_sys_perm_code` VALUES(1401541740107665531,1401541740107665527,'formSysDict:fragmentSysDict:reloadCache',2,'同步缓存',4,1401541740111859713,CURDATE(),1401541740111859713,CURDATE(),1);
INSERT INTO `zz_sys_perm_code` VALUES(1401541740107665498,1401541740107665497,'formSysPermCode:fragmentSysPermCode:add',2,'新增',1,1401541740111859713,CURDATE(),1401541740111859713,CURDATE(),1);
INSERT INTO `zz_sys_perm_code` VALUES(1401541740103471106,1401541740103471105,'formSchool:formSchool:formCreateClass',2,'新建',0,1401541740111859713,CURDATE(),1401541740111859713,CURDATE(),1);
INSERT INTO `zz_sys_perm_code` VALUES(1401541740107665518,1401541740107665512,'formSysPerm:fragmentSysPerm:deletePerm',2,'删除权限',6,1401541740111859713,CURDATE(),1401541740111859713,CURDATE(),1);
INSERT INTO `zz_sys_perm_code` VALUES(1401541740107665411,1401541740103471146,'formStudentActionStats:formStudentActionStats:formWatchVideoDetail',2,'学生行为详情',60,1401541740111859713,CURDATE(),1401541740111859713,CURDATE(),1);
INSERT INTO `zz_sys_perm_code` VALUES(1401541740107665439,1401541740107665434,'formClass:formClass:formEditClassCourseOrder',2,'课程顺序',40,1401541740111859713,CURDATE(),1401541740111859713,CURDATE(),1);
INSERT INTO `zz_sys_perm_code` VALUES(1401541740107665470,1401541740107665469,'formSysRole:fragmentSysRole',1,'角色管理',1,1401541740111859713,CURDATE(),1401541740111859713,CURDATE(),1);
INSERT INTO `zz_sys_perm_code` VALUES(1401541740107665517,1401541740107665512,'formSysPerm:fragmentSysPerm:updatePerm',2,'编辑权限',5,1401541740111859713,CURDATE(),1401541740111859713,CURDATE(),1);
INSERT INTO `zz_sys_perm_code` VALUES(1401541740107665576,1401541740107665575,'formSysLoginUser:fragmentLoginUser:delete',2,'强制下线',1,1401541740111859713,CURDATE(),1401541740111859713,CURDATE(),1);
INSERT INTO `zz_sys_perm_code` VALUES(1401541740107665452,1401541740107665451,'formSysUser:fragmentSysUser',1,'用户管理',1,1401541740111859713,CURDATE(),1401541740111859713,CURDATE(),1);
INSERT INTO `zz_sys_perm_code` VALUES(1401541740107665422,1401541740107665420,'formEditClass:formEditClass:update',2,'保存',10,1401541740111859713,CURDATE(),1401541740111859713,CURDATE(),1);
INSERT INTO `zz_sys_perm_code` VALUES(1401541740103471132,1401541740103471131,'formCourse:formCourse:formCreateCourse',2,'新建',0,1401541740111859713,CURDATE(),1401541740111859713,CURDATE(),1);
INSERT INTO `zz_sys_perm_code` VALUES(1401541740107665488,1401541740107665485,'formSysMenu:fragmentSysMenu:delete',2,'删除',3,1401541740111859713,CURDATE(),1401541740111859713,CURDATE(),1);
INSERT INTO `zz_sys_perm_code` VALUES(1401541740107665477,1401541740107665471,'formSysRole:fragmentSysRoleUser:deleteUserRole',2,'移除用户',2,1401541740111859713,CURDATE(),1401541740111859713,CURDATE(),1);
INSERT INTO `zz_sys_perm_code` VALUES(1401541740103471128,1401541740103471127,'formEditStudent:formEditStudent:cancel',2,'取消',0,1401541740111859713,CURDATE(),1401541740111859713,CURDATE(),1);
INSERT INTO `zz_sys_perm_code` VALUES(1401541740103471141,1401541740103471140,'formEditCourse:formEditCourse:cancel',2,'取消',0,1401541740111859713,CURDATE(),1401541740111859713,CURDATE(),1);
INSERT INTO `zz_sys_perm_code` VALUES(1401541740103471104,NULL,'formSchool',0,'校区管理',0,1401541740111859713,CURDATE(),1401541740111859713,CURDATE(),1);
INSERT INTO `zz_sys_perm_code` VALUES(1401541740103471131,1401541740103471130,'formCourse:formCourse',1,'课程管理',0,1401541740111859713,CURDATE(),1401541740111859713,CURDATE(),1);
INSERT INTO `zz_sys_perm_code` VALUES(1401541740107665408,1401541740103471146,'formStudentActionStats:formStudentActionStats:formBuyPaperDetail',2,'学生行为详情',30,1401541740111859713,CURDATE(),1401541740111859713,CURDATE(),1);
INSERT INTO `zz_sys_perm_code` VALUES(1401541740103471146,1401541740103471145,'formStudentActionStats:formStudentActionStats',1,'学生行为统计',0,1401541740111859713,CURDATE(),1401541740111859713,CURDATE(),1);
INSERT INTO `zz_sys_perm_code` VALUES(1401541740107665420,1401541740107665419,'formEditClass:formEditClass',1,'编辑班级',0,1401541740111859713,CURDATE(),1401541740111859713,CURDATE(),1);
INSERT INTO `zz_sys_perm_code` VALUES(1401541740107665409,1401541740103471146,'formStudentActionStats:formStudentActionStats:formBuyCoinDetail',2,'学生行为详情',40,1401541740111859713,CURDATE(),1401541740111859713,CURDATE(),1);
INSERT INTO `zz_sys_perm_code` VALUES(1401541740107665455,1401541740107665452,'formSysUser:fragmentSysUser:delete',2,'删除',3,1401541740111859713,CURDATE(),1401541740111859713,CURDATE(),1);
INSERT INTO `zz_sys_perm_code` VALUES(1401541740107665485,1401541740107665484,'formSysMenu:fragmentSysMenu',1,'菜单管理',1,1401541740111859713,CURDATE(),1401541740111859713,CURDATE(),1);
INSERT INTO `zz_sys_perm_code` VALUES(1401541740107665529,1401541740107665527,'formSysDict:fragmentSysDict:update',2,'编辑',2,1401541740111859713,CURDATE(),1401541740111859713,CURDATE(),1);
INSERT INTO `zz_sys_perm_code` VALUES(1401541740103471121,1401541740103471118,'formStudent:formStudent:delete',2,'删除',20,1401541740111859713,CURDATE(),1401541740111859713,CURDATE(),1);
INSERT INTO `zz_sys_perm_code` VALUES(1401541740107665512,1401541740107665511,'formSysPerm:fragmentSysPerm',1,'权限管理',1,1401541740111859713,CURDATE(),1401541740111859713,CURDATE(),1);
INSERT INTO `zz_sys_perm_code` VALUES(1401541740107665471,1401541740107665469,'formSysRole:fragmentSysRoleUser',1,'用户授权',2,1401541740111859713,CURDATE(),1401541740111859713,CURDATE(),1);
INSERT INTO `zz_sys_perm_code` VALUES(1401541740107665472,1401541740107665470,'formSysRole:fragmentSysRole:add',2,'新增',1,1401541740111859713,CURDATE(),1401541740111859713,CURDATE(),1);
INSERT INTO `zz_sys_perm_code` VALUES(1401541740107665473,1401541740107665470,'formSysRole:fragmentSysRole:update',2,'编辑',2,1401541740111859713,CURDATE(),1401541740111859713,CURDATE(),1);
INSERT INTO `zz_sys_perm_code` VALUES(1401541740103471125,1401541740103471123,'formCreateStudent:formCreateStudent:add',2,'新增',10,1401541740111859713,CURDATE(),1401541740111859713,CURDATE(),1);
INSERT INTO `zz_sys_perm_code` VALUES(1401541740107665436,1401541740107665434,'formClass:formClass:formEditClass',2,'编辑',10,1401541740111859713,CURDATE(),1401541740111859713,CURDATE(),1);
INSERT INTO `zz_sys_perm_code` VALUES(1401541740107665441,1401541740107665434,'formClass:formClass:formSetClassStudent',2,'设置班级学生',60,1401541740111859713,CURDATE(),1401541740111859713,CURDATE(),1);
INSERT INTO `zz_sys_perm_code` VALUES(1401541740103471145,NULL,'formStudentActionStats',0,'学生行为统计',100,1401541740111859713,CURDATE(),1401541740111859713,CURDATE(),1);
COMMIT;

-- ----------------------------
-- 全部权限资源模块数据
-- ----------------------------
BEGIN;
INSERT INTO `zz_sys_perm_module` VALUES(1293376634933481473,NULL,'缺省分组',0,3,1401541740111859713,CURDATE(),1401541740111859713,CURDATE(),1);
INSERT INTO `zz_sys_perm_module` VALUES(1293376634933481472,NULL,'系统配置',0,2,1401541740111859713,CURDATE(),1401541740111859713,CURDATE(),1);
INSERT INTO `zz_sys_perm_module` VALUES(1293376634891538435,NULL,'用户权限',0,1,1401541740111859713,CURDATE(),1401541740111859713,CURDATE(),1);
INSERT INTO `zz_sys_perm_module` VALUES(1401541740078305280,1293376634933481473,'课程数据',1,0,1401541740111859713,CURDATE(),1401541740111859713,CURDATE(),1);
INSERT INTO `zz_sys_perm_module` VALUES(1401541740078305290,1293376634933481473,'校区数据',1,5,1401541740111859713,CURDATE(),1401541740111859713,CURDATE(),1);
INSERT INTO `zz_sys_perm_module` VALUES(1401541740078305298,1293376634933481473,'学生数据',1,10,1401541740111859713,CURDATE(),1401541740111859713,CURDATE(),1);
INSERT INTO `zz_sys_perm_module` VALUES(1401541740078305306,1293376634891538435,'用户管理',1,0,1401541740111859713,CURDATE(),1401541740111859713,CURDATE(),1);
INSERT INTO `zz_sys_perm_module` VALUES(1401541740078305318,1293376634933481473,'班级数据',1,15,1401541740111859713,CURDATE(),1401541740111859713,CURDATE(),1);
INSERT INTO `zz_sys_perm_module` VALUES(1401541740078305336,1293376634933481473,'课程统计',1,20,1401541740111859713,CURDATE(),1401541740111859713,CURDATE(),1);
INSERT INTO `zz_sys_perm_module` VALUES(1401541740078305342,1293376634933481473,'学生行为统计',1,25,1401541740111859713,CURDATE(),1401541740111859713,CURDATE(),1);
INSERT INTO `zz_sys_perm_module` VALUES(1401541740078305348,1293376634933481473,'学生行为流水',1,30,1401541740111859713,CURDATE(),1401541740111859713,CURDATE(),1);
INSERT INTO `zz_sys_perm_module` VALUES(1401541740082499584,1293376634891538435,'角色管理',1,10,1401541740111859713,CURDATE(),1401541740111859713,CURDATE(),1);
INSERT INTO `zz_sys_perm_module` VALUES(1401541740082499596,1293376634891538435,'菜单管理',1,15,1401541740111859713,CURDATE(),1401541740111859713,CURDATE(),1);
INSERT INTO `zz_sys_perm_module` VALUES(1401541740082499604,1293376634891538435,'权限字管理',1,20,1401541740111859713,CURDATE(),1401541740111859713,CURDATE(),1);
INSERT INTO `zz_sys_perm_module` VALUES(1401541740082499612,1293376634891538435,'权限模块管理',1,25,1401541740111859713,CURDATE(),1401541740111859713,CURDATE(),1);
INSERT INTO `zz_sys_perm_module` VALUES(1401541740082499618,1293376634891538435,'权限资源管理',1,30,1401541740111859713,CURDATE(),1401541740111859713,CURDATE(),1);
INSERT INTO `zz_sys_perm_module` VALUES(1401541740082499627,1293376634933481472,'字典管理',0,0,1401541740111859713,CURDATE(),1401541740111859713,CURDATE(),1);
INSERT INTO `zz_sys_perm_module` VALUES(1401541740082499628,1401541740082499627,'行政区划',1,1,1401541740111859713,CURDATE(),1401541740111859713,CURDATE(),1);
INSERT INTO `zz_sys_perm_module` VALUES(1401541740082499633,1401541740082499627,'年级',1,2,1401541740111859713,CURDATE(),1401541740111859713,CURDATE(),1);
INSERT INTO `zz_sys_perm_module` VALUES(1401541740082499638,1293376634933481472,'在线用户',1,5,1401541740111859713,CURDATE(),1401541740111859713,CURDATE(),1);
COMMIT;

-- ----------------------------
-- 全部权限资源数据
-- ----------------------------
BEGIN;
INSERT INTO `zz_sys_perm` VALUES(1401541740078305281,1401541740078305280,'新增','/admin/CourseClass/course/add',1,1401541740111859713,CURDATE(),1401541740111859713,CURDATE(),1);
INSERT INTO `zz_sys_perm` VALUES(1401541740078305282,1401541740078305280,'编辑','/admin/CourseClass/course/update',2,1401541740111859713,CURDATE(),1401541740111859713,CURDATE(),1);
INSERT INTO `zz_sys_perm` VALUES(1401541740078305283,1401541740078305280,'删除','/admin/CourseClass/course/delete',3,1401541740111859713,CURDATE(),1401541740111859713,CURDATE(),1);
INSERT INTO `zz_sys_perm` VALUES(1401541740078305284,1401541740078305280,'显示列表','/admin/CourseClass/course/list',4,1401541740111859713,CURDATE(),1401541740111859713,CURDATE(),1);
INSERT INTO `zz_sys_perm` VALUES(1401541740078305285,1401541740078305280,'导出','/admin/CourseClass/course/export',5,1401541740111859713,CURDATE(),1401541740111859713,CURDATE(),1);
INSERT INTO `zz_sys_perm` VALUES(1401541740078305286,1401541740078305280,'详情','/admin/CourseClass/course/view',6,1401541740111859713,CURDATE(),1401541740111859713,CURDATE(),1);
INSERT INTO `zz_sys_perm` VALUES(1401541740078305287,1401541740078305280,'打印','/admin/CourseClass/course/print',7,1401541740111859713,CURDATE(),1401541740111859713,CURDATE(),1);
INSERT INTO `zz_sys_perm` VALUES(1401541740078305288,1401541740078305280,'课程数据文件上传','/admin/CourseClass/course/upload',8,1401541740111859713,CURDATE(),1401541740111859713,CURDATE(),1);
INSERT INTO `zz_sys_perm` VALUES(1401541740078305289,1401541740078305280,'课程数据文件下载','/admin/CourseClass/course/download',9,1401541740111859713,CURDATE(),1401541740111859713,CURDATE(),1);
INSERT INTO `zz_sys_perm` VALUES(1401541740078305291,1401541740078305290,'新增','/admin/CourseClass/schoolInfo/add',1,1401541740111859713,CURDATE(),1401541740111859713,CURDATE(),1);
INSERT INTO `zz_sys_perm` VALUES(1401541740078305292,1401541740078305290,'编辑','/admin/CourseClass/schoolInfo/update',2,1401541740111859713,CURDATE(),1401541740111859713,CURDATE(),1);
INSERT INTO `zz_sys_perm` VALUES(1401541740078305293,1401541740078305290,'删除','/admin/CourseClass/schoolInfo/delete',3,1401541740111859713,CURDATE(),1401541740111859713,CURDATE(),1);
INSERT INTO `zz_sys_perm` VALUES(1401541740078305294,1401541740078305290,'显示列表','/admin/CourseClass/schoolInfo/list',4,1401541740111859713,CURDATE(),1401541740111859713,CURDATE(),1);
INSERT INTO `zz_sys_perm` VALUES(1401541740078305295,1401541740078305290,'导出','/admin/CourseClass/schoolInfo/export',5,1401541740111859713,CURDATE(),1401541740111859713,CURDATE(),1);
INSERT INTO `zz_sys_perm` VALUES(1401541740078305296,1401541740078305290,'详情','/admin/CourseClass/schoolInfo/view',6,1401541740111859713,CURDATE(),1401541740111859713,CURDATE(),1);
INSERT INTO `zz_sys_perm` VALUES(1401541740078305297,1401541740078305290,'打印','/admin/CourseClass/schoolInfo/print',7,1401541740111859713,CURDATE(),1401541740111859713,CURDATE(),1);
INSERT INTO `zz_sys_perm` VALUES(1401541740078305299,1401541740078305298,'新增','/admin/CourseClass/student/add',1,1401541740111859713,CURDATE(),1401541740111859713,CURDATE(),1);
INSERT INTO `zz_sys_perm` VALUES(1401541740078305300,1401541740078305298,'编辑','/admin/CourseClass/student/update',2,1401541740111859713,CURDATE(),1401541740111859713,CURDATE(),1);
INSERT INTO `zz_sys_perm` VALUES(1401541740078305301,1401541740078305298,'删除','/admin/CourseClass/student/delete',3,1401541740111859713,CURDATE(),1401541740111859713,CURDATE(),1);
INSERT INTO `zz_sys_perm` VALUES(1401541740078305302,1401541740078305298,'显示列表','/admin/CourseClass/student/list',4,1401541740111859713,CURDATE(),1401541740111859713,CURDATE(),1);
INSERT INTO `zz_sys_perm` VALUES(1401541740078305303,1401541740078305298,'导出','/admin/CourseClass/student/export',5,1401541740111859713,CURDATE(),1401541740111859713,CURDATE(),1);
INSERT INTO `zz_sys_perm` VALUES(1401541740078305304,1401541740078305298,'详情','/admin/CourseClass/student/view',6,1401541740111859713,CURDATE(),1401541740111859713,CURDATE(),1);
INSERT INTO `zz_sys_perm` VALUES(1401541740078305305,1401541740078305298,'打印','/admin/CourseClass/student/print',7,1401541740111859713,CURDATE(),1401541740111859713,CURDATE(),1);
INSERT INTO `zz_sys_perm` VALUES(1401541740078305307,1401541740078305306,'新增','/admin/upms/sysUser/add',1,1401541740111859713,CURDATE(),1401541740111859713,CURDATE(),1);
INSERT INTO `zz_sys_perm` VALUES(1401541740078305308,1401541740078305306,'编辑','/admin/upms/sysUser/update',2,1401541740111859713,CURDATE(),1401541740111859713,CURDATE(),1);
INSERT INTO `zz_sys_perm` VALUES(1401541740078305309,1401541740078305306,'删除','/admin/upms/sysUser/delete',3,1401541740111859713,CURDATE(),1401541740111859713,CURDATE(),1);
INSERT INTO `zz_sys_perm` VALUES(1401541740078305310,1401541740078305306,'显示列表','/admin/upms/sysUser/list',4,1401541740111859713,CURDATE(),1401541740111859713,CURDATE(),1);
INSERT INTO `zz_sys_perm` VALUES(1401541740078305311,1401541740078305306,'导出','/admin/upms/sysUser/export',5,1401541740111859713,CURDATE(),1401541740111859713,CURDATE(),1);
INSERT INTO `zz_sys_perm` VALUES(1401541740078305312,1401541740078305306,'详情','/admin/upms/sysUser/view',6,1401541740111859713,CURDATE(),1401541740111859713,CURDATE(),1);
INSERT INTO `zz_sys_perm` VALUES(1401541740078305313,1401541740078305306,'打印','/admin/upms/sysUser/print',7,1401541740111859713,CURDATE(),1401541740111859713,CURDATE(),1);
INSERT INTO `zz_sys_perm` VALUES(1401541740078305314,1401541740078305306,'重置密码','/admin/upms/sysUser/resetPassword',8,1401541740111859713,CURDATE(),1401541740111859713,CURDATE(),1);
INSERT INTO `zz_sys_perm` VALUES(1401541740078305315,1401541740078305306,'用户权限资源分配详情','/admin/upms/sysUser/listSysPermWithDetail',9,1401541740111859713,CURDATE(),1401541740111859713,CURDATE(),1);
INSERT INTO `zz_sys_perm` VALUES(1401541740078305316,1401541740078305306,'用户权限字分配详情','/admin/upms/sysUser/listSysPermCodeWithDetail',10,1401541740111859713,CURDATE(),1401541740111859713,CURDATE(),1);
INSERT INTO `zz_sys_perm` VALUES(1401541740078305317,1401541740078305306,'用户菜单分配详情','/admin/upms/sysUser/listSysMenuWithDetail',11,1401541740111859713,CURDATE(),1401541740111859713,CURDATE(),1);
INSERT INTO `zz_sys_perm` VALUES(1401541740078305319,1401541740078305318,'新增','/admin/CourseClass/studentClass/add',1,1401541740111859713,CURDATE(),1401541740111859713,CURDATE(),1);
INSERT INTO `zz_sys_perm` VALUES(1401541740078305320,1401541740078305318,'编辑','/admin/CourseClass/studentClass/update',2,1401541740111859713,CURDATE(),1401541740111859713,CURDATE(),1);
INSERT INTO `zz_sys_perm` VALUES(1401541740078305321,1401541740078305318,'删除','/admin/CourseClass/studentClass/delete',3,1401541740111859713,CURDATE(),1401541740111859713,CURDATE(),1);
INSERT INTO `zz_sys_perm` VALUES(1401541740078305322,1401541740078305318,'显示列表','/admin/CourseClass/studentClass/list',4,1401541740111859713,CURDATE(),1401541740111859713,CURDATE(),1);
INSERT INTO `zz_sys_perm` VALUES(1401541740078305323,1401541740078305318,'导出','/admin/CourseClass/studentClass/export',5,1401541740111859713,CURDATE(),1401541740111859713,CURDATE(),1);
INSERT INTO `zz_sys_perm` VALUES(1401541740078305324,1401541740078305318,'详情','/admin/CourseClass/studentClass/view',6,1401541740111859713,CURDATE(),1401541740111859713,CURDATE(),1);
INSERT INTO `zz_sys_perm` VALUES(1401541740078305325,1401541740078305318,'打印','/admin/CourseClass/studentClass/print',7,1401541740111859713,CURDATE(),1401541740111859713,CURDATE(),1);
INSERT INTO `zz_sys_perm` VALUES(1401541740078305326,1401541740078305318,'新增班级课程','/admin/CourseClass/studentClass/addClassCourse',8,1401541740111859713,CURDATE(),1401541740111859713,CURDATE(),1);
INSERT INTO `zz_sys_perm` VALUES(1401541740078305327,1401541740078305318,'详情班级课程','/admin/CourseClass/studentClass/viewClassCourse',9,1401541740111859713,CURDATE(),1401541740111859713,CURDATE(),1);
INSERT INTO `zz_sys_perm` VALUES(1401541740078305328,1401541740078305318,'编辑班级课程','/admin/CourseClass/studentClass/updateClassCourse',10,1401541740111859713,CURDATE(),1401541740111859713,CURDATE(),1);
INSERT INTO `zz_sys_perm` VALUES(1401541740078305329,1401541740078305318,'移除班级课程','/admin/CourseClass/studentClass/deleteClassCourse',11,1401541740111859713,CURDATE(),1401541740111859713,CURDATE(),1);
INSERT INTO `zz_sys_perm` VALUES(1401541740078305330,1401541740078305318,'班级课程列表','/admin/CourseClass/studentClass/listClassCourse',12,1401541740111859713,CURDATE(),1401541740111859713,CURDATE(),1);
INSERT INTO `zz_sys_perm` VALUES(1401541740078305331,1401541740078305318,'班级课程未关联列表','/admin/CourseClass/studentClass/listNotInClassCourse',13,1401541740111859713,CURDATE(),1401541740111859713,CURDATE(),1);
INSERT INTO `zz_sys_perm` VALUES(1401541740078305332,1401541740078305318,'新增班级学生','/admin/CourseClass/studentClass/addClassStudent',14,1401541740111859713,CURDATE(),1401541740111859713,CURDATE(),1);
INSERT INTO `zz_sys_perm` VALUES(1401541740078305333,1401541740078305318,'移除班级学生','/admin/CourseClass/studentClass/deleteClassStudent',15,1401541740111859713,CURDATE(),1401541740111859713,CURDATE(),1);
INSERT INTO `zz_sys_perm` VALUES(1401541740078305334,1401541740078305318,'班级学生列表','/admin/CourseClass/studentClass/listClassStudent',16,1401541740111859713,CURDATE(),1401541740111859713,CURDATE(),1);
INSERT INTO `zz_sys_perm` VALUES(1401541740078305335,1401541740078305318,'班级学生未关联列表','/admin/CourseClass/studentClass/listNotInClassStudent',17,1401541740111859713,CURDATE(),1401541740111859713,CURDATE(),1);
INSERT INTO `zz_sys_perm` VALUES(1401541740078305337,1401541740078305336,'分组列表','/admin/stats/courseTransStats/listWithGroup',1,1401541740111859713,CURDATE(),1401541740111859713,CURDATE(),1);
INSERT INTO `zz_sys_perm` VALUES(1401541740078305338,1401541740078305336,'显示列表','/admin/stats/courseTransStats/list',2,1401541740111859713,CURDATE(),1401541740111859713,CURDATE(),1);
INSERT INTO `zz_sys_perm` VALUES(1401541740078305339,1401541740078305336,'导出','/admin/stats/courseTransStats/export',3,1401541740111859713,CURDATE(),1401541740111859713,CURDATE(),1);
INSERT INTO `zz_sys_perm` VALUES(1401541740078305340,1401541740078305336,'详情','/admin/stats/courseTransStats/view',4,1401541740111859713,CURDATE(),1401541740111859713,CURDATE(),1);
INSERT INTO `zz_sys_perm` VALUES(1401541740078305341,1401541740078305336,'打印','/admin/stats/courseTransStats/print',5,1401541740111859713,CURDATE(),1401541740111859713,CURDATE(),1);
INSERT INTO `zz_sys_perm` VALUES(1401541740078305343,1401541740078305342,'分组列表','/admin/stats/studentActionStats/listWithGroup',1,1401541740111859713,CURDATE(),1401541740111859713,CURDATE(),1);
INSERT INTO `zz_sys_perm` VALUES(1401541740078305344,1401541740078305342,'显示列表','/admin/stats/studentActionStats/list',2,1401541740111859713,CURDATE(),1401541740111859713,CURDATE(),1);
INSERT INTO `zz_sys_perm` VALUES(1401541740078305345,1401541740078305342,'导出','/admin/stats/studentActionStats/export',3,1401541740111859713,CURDATE(),1401541740111859713,CURDATE(),1);
INSERT INTO `zz_sys_perm` VALUES(1401541740078305346,1401541740078305342,'详情','/admin/stats/studentActionStats/view',4,1401541740111859713,CURDATE(),1401541740111859713,CURDATE(),1);
INSERT INTO `zz_sys_perm` VALUES(1401541740078305347,1401541740078305342,'打印','/admin/stats/studentActionStats/print',5,1401541740111859713,CURDATE(),1401541740111859713,CURDATE(),1);
INSERT INTO `zz_sys_perm` VALUES(1401541740078305349,1401541740078305348,'新增','/admin/stats/studentActionTrans/add',1,1401541740111859713,CURDATE(),1401541740111859713,CURDATE(),1);
INSERT INTO `zz_sys_perm` VALUES(1401541740078305350,1401541740078305348,'编辑','/admin/stats/studentActionTrans/update',2,1401541740111859713,CURDATE(),1401541740111859713,CURDATE(),1);
INSERT INTO `zz_sys_perm` VALUES(1401541740078305351,1401541740078305348,'删除','/admin/stats/studentActionTrans/delete',3,1401541740111859713,CURDATE(),1401541740111859713,CURDATE(),1);
INSERT INTO `zz_sys_perm` VALUES(1401541740078305352,1401541740078305348,'显示列表','/admin/stats/studentActionTrans/list',4,1401541740111859713,CURDATE(),1401541740111859713,CURDATE(),1);
INSERT INTO `zz_sys_perm` VALUES(1401541740078305353,1401541740078305348,'导出','/admin/stats/studentActionTrans/export',5,1401541740111859713,CURDATE(),1401541740111859713,CURDATE(),1);
INSERT INTO `zz_sys_perm` VALUES(1401541740078305354,1401541740078305348,'详情','/admin/stats/studentActionTrans/view',6,1401541740111859713,CURDATE(),1401541740111859713,CURDATE(),1);
INSERT INTO `zz_sys_perm` VALUES(1401541740078305355,1401541740078305348,'打印','/admin/stats/studentActionTrans/print',7,1401541740111859713,CURDATE(),1401541740111859713,CURDATE(),1);
INSERT INTO `zz_sys_perm` VALUES(1401541740082499585,1401541740082499584,'新增','/admin/upms/sysRole/add',1,1401541740111859713,CURDATE(),1401541740111859713,CURDATE(),1);
INSERT INTO `zz_sys_perm` VALUES(1401541740082499586,1401541740082499584,'编辑','/admin/upms/sysRole/update',2,1401541740111859713,CURDATE(),1401541740111859713,CURDATE(),1);
INSERT INTO `zz_sys_perm` VALUES(1401541740082499587,1401541740082499584,'删除','/admin/upms/sysRole/delete',3,1401541740111859713,CURDATE(),1401541740111859713,CURDATE(),1);
INSERT INTO `zz_sys_perm` VALUES(1401541740082499588,1401541740082499584,'显示列表','/admin/upms/sysRole/list',4,1401541740111859713,CURDATE(),1401541740111859713,CURDATE(),1);
INSERT INTO `zz_sys_perm` VALUES(1401541740082499589,1401541740082499584,'详情','/admin/upms/sysRole/view',5,1401541740111859713,CURDATE(),1401541740111859713,CURDATE(),1);
INSERT INTO `zz_sys_perm` VALUES(1401541740082499590,1401541740082499584,'授权用户','/admin/upms/sysRole/addUserRole',6,1401541740111859713,CURDATE(),1401541740111859713,CURDATE(),1);
INSERT INTO `zz_sys_perm` VALUES(1401541740082499591,1401541740082499584,'移除用户','/admin/upms/sysRole/deleteUserRole',7,1401541740111859713,CURDATE(),1401541740111859713,CURDATE(),1);
INSERT INTO `zz_sys_perm` VALUES(1401541740082499592,1401541740082499584,'角色用户列表','/admin/upms/sysRole/listUserRole',8,1401541740111859713,CURDATE(),1401541740111859713,CURDATE(),1);
INSERT INTO `zz_sys_perm` VALUES(1401541740082499593,1401541740082499584,'角色未添加用户列表','/admin/upms/sysRole/listNotInUserRole',9,1401541740111859713,CURDATE(),1401541740111859713,CURDATE(),1);
INSERT INTO `zz_sys_perm` VALUES(1401541740082499594,1401541740082499584,'角色权限资源分配详情','/admin/upms/sysRole/listSysPermWithDetail',10,1401541740111859713,CURDATE(),1401541740111859713,CURDATE(),1);
INSERT INTO `zz_sys_perm` VALUES(1401541740082499595,1401541740082499584,'角色权限字分配详情','/admin/upms/sysRole/listSysPermCodeWithDetail',11,1401541740111859713,CURDATE(),1401541740111859713,CURDATE(),1);
INSERT INTO `zz_sys_perm` VALUES(1401541740082499597,1401541740082499596,'新增','/admin/upms/sysMenu/add',1,1401541740111859713,CURDATE(),1401541740111859713,CURDATE(),1);
INSERT INTO `zz_sys_perm` VALUES(1401541740082499598,1401541740082499596,'删除','/admin/upms/sysMenu/delete',2,1401541740111859713,CURDATE(),1401541740111859713,CURDATE(),1);
INSERT INTO `zz_sys_perm` VALUES(1401541740082499599,1401541740082499596,'编辑','/admin/upms/sysMenu/update',3,1401541740111859713,CURDATE(),1401541740111859713,CURDATE(),1);
INSERT INTO `zz_sys_perm` VALUES(1401541740082499600,1401541740082499596,'显示列表','/admin/upms/sysMenu/list',4,1401541740111859713,CURDATE(),1401541740111859713,CURDATE(),1);
INSERT INTO `zz_sys_perm` VALUES(1401541740082499601,1401541740082499596,'详情','/admin/upms/sysMenu/view',5,1401541740111859713,CURDATE(),1401541740111859713,CURDATE(),1);
INSERT INTO `zz_sys_perm` VALUES(1401541740082499602,1401541740082499596,'菜单权限资源分配详情','/admin/upms/sysMenu/listSysPermWithDetail',6,1401541740111859713,CURDATE(),1401541740111859713,CURDATE(),1);
INSERT INTO `zz_sys_perm` VALUES(1401541740082499603,1401541740082499596,'菜单用户分配详情','/admin/upms/sysMenu/listSysUserWithDetail',7,1401541740111859713,CURDATE(),1401541740111859713,CURDATE(),1);
INSERT INTO `zz_sys_perm` VALUES(1401541740082499605,1401541740082499604,'新增','/admin/upms/sysPermCode/add',1,1401541740111859713,CURDATE(),1401541740111859713,CURDATE(),1);
INSERT INTO `zz_sys_perm` VALUES(1401541740082499606,1401541740082499604,'编辑','/admin/upms/sysPermCode/update',2,1401541740111859713,CURDATE(),1401541740111859713,CURDATE(),1);
INSERT INTO `zz_sys_perm` VALUES(1401541740082499607,1401541740082499604,'删除','/admin/upms/sysPermCode/delete',3,1401541740111859713,CURDATE(),1401541740111859713,CURDATE(),1);
INSERT INTO `zz_sys_perm` VALUES(1401541740082499608,1401541740082499604,'显示列表','/admin/upms/sysPermCode/list',4,1401541740111859713,CURDATE(),1401541740111859713,CURDATE(),1);
INSERT INTO `zz_sys_perm` VALUES(1401541740082499609,1401541740082499604,'详情','/admin/upms/sysPermCode/view',5,1401541740111859713,CURDATE(),1401541740111859713,CURDATE(),1);
INSERT INTO `zz_sys_perm` VALUES(1401541740082499610,1401541740082499604,'权限字用户分配详情','/admin/upms/sysPermCode/listSysUserWithDetail',6,1401541740111859713,CURDATE(),1401541740111859713,CURDATE(),1);
INSERT INTO `zz_sys_perm` VALUES(1401541740082499611,1401541740082499604,'权限字角色分配详情','/admin/upms/sysPermCode/listSysRoleWithDetail',7,1401541740111859713,CURDATE(),1401541740111859713,CURDATE(),1);
INSERT INTO `zz_sys_perm` VALUES(1401541740082499613,1401541740082499612,'新增','/admin/upms/sysPermModule/add',1,1401541740111859713,CURDATE(),1401541740111859713,CURDATE(),1);
INSERT INTO `zz_sys_perm` VALUES(1401541740082499614,1401541740082499612,'编辑','/admin/upms/sysPermModule/update',2,1401541740111859713,CURDATE(),1401541740111859713,CURDATE(),1);
INSERT INTO `zz_sys_perm` VALUES(1401541740082499615,1401541740082499612,'删除','/admin/upms/sysPermModule/delete',3,1401541740111859713,CURDATE(),1401541740111859713,CURDATE(),1);
INSERT INTO `zz_sys_perm` VALUES(1401541740082499616,1401541740082499612,'显示列表','/admin/upms/sysPermModule/list',4,1401541740111859713,CURDATE(),1401541740111859713,CURDATE(),1);
INSERT INTO `zz_sys_perm` VALUES(1401541740082499617,1401541740082499612,'显示全部','/admin/upms/sysPermModule/listAll',5,1401541740111859713,CURDATE(),1401541740111859713,CURDATE(),1);
INSERT INTO `zz_sys_perm` VALUES(1401541740082499619,1401541740082499618,'新增','/admin/upms/sysPerm/add',1,1401541740111859713,CURDATE(),1401541740111859713,CURDATE(),1);
INSERT INTO `zz_sys_perm` VALUES(1401541740082499620,1401541740082499618,'编辑','/admin/upms/sysPerm/update',2,1401541740111859713,CURDATE(),1401541740111859713,CURDATE(),1);
INSERT INTO `zz_sys_perm` VALUES(1401541740082499621,1401541740082499618,'删除','/admin/upms/sysPerm/delete',3,1401541740111859713,CURDATE(),1401541740111859713,CURDATE(),1);
INSERT INTO `zz_sys_perm` VALUES(1401541740082499622,1401541740082499618,'显示列表','/admin/upms/sysPerm/list',4,1401541740111859713,CURDATE(),1401541740111859713,CURDATE(),1);
INSERT INTO `zz_sys_perm` VALUES(1401541740082499623,1401541740082499618,'详情','/admin/upms/sysPerm/view',5,1401541740111859713,CURDATE(),1401541740111859713,CURDATE(),1);
INSERT INTO `zz_sys_perm` VALUES(1401541740082499624,1401541740082499618,'权限资源用户分配详情','/admin/upms/sysPerm/listSysUserWithDetail',6,1401541740111859713,CURDATE(),1401541740111859713,CURDATE(),1);
INSERT INTO `zz_sys_perm` VALUES(1401541740082499625,1401541740082499618,'权限资源角色分配详情','/admin/upms/sysPerm/listSysRoleWithDetail',7,1401541740111859713,CURDATE(),1401541740111859713,CURDATE(),1);
INSERT INTO `zz_sys_perm` VALUES(1401541740082499626,1401541740082499618,'权限资源菜单分配详情','/admin/upms/sysPerm/listSysMenuWithDetail',8,1401541740111859713,CURDATE(),1401541740111859713,CURDATE(),1);
INSERT INTO `zz_sys_perm` VALUES(1401541740082499629,1401541740082499628,'新增','/admin/CourseClass/areaCode/add',1,1401541740111859713,CURDATE(),1401541740111859713,CURDATE(),1);
INSERT INTO `zz_sys_perm` VALUES(1401541740082499630,1401541740082499628,'编辑','/admin/CourseClass/areaCode/update',2,1401541740111859713,CURDATE(),1401541740111859713,CURDATE(),1);
INSERT INTO `zz_sys_perm` VALUES(1401541740082499631,1401541740082499628,'删除','/admin/CourseClass/areaCode/delete',3,1401541740111859713,CURDATE(),1401541740111859713,CURDATE(),1);
INSERT INTO `zz_sys_perm` VALUES(1401541740082499632,1401541740082499628,'同步缓存','/admin/CourseClass/areaCode/reloadCachedData',4,1401541740111859713,CURDATE(),1401541740111859713,CURDATE(),1);
INSERT INTO `zz_sys_perm` VALUES(1401541740082499634,1401541740082499633,'新增','/admin/CourseClass/grade/add',1,1401541740111859713,CURDATE(),1401541740111859713,CURDATE(),1);
INSERT INTO `zz_sys_perm` VALUES(1401541740082499635,1401541740082499633,'编辑','/admin/CourseClass/grade/update',2,1401541740111859713,CURDATE(),1401541740111859713,CURDATE(),1);
INSERT INTO `zz_sys_perm` VALUES(1401541740082499636,1401541740082499633,'删除','/admin/CourseClass/grade/delete',3,1401541740111859713,CURDATE(),1401541740111859713,CURDATE(),1);
INSERT INTO `zz_sys_perm` VALUES(1401541740082499637,1401541740082499633,'同步缓存','/admin/CourseClass/grade/reloadCachedData',4,1401541740111859713,CURDATE(),1401541740111859713,CURDATE(),1);
INSERT INTO `zz_sys_perm` VALUES(1401541740082499639,1401541740082499638,'显示列表','/admin/upms/loginUser/list',1,1401541740111859713,CURDATE(),1401541740111859713,CURDATE(),1);
INSERT INTO `zz_sys_perm` VALUES(1401541740082499640,1401541740082499638,'删除','/admin/upms/loginUser/delete',1,1401541740111859713,CURDATE(),1401541740111859713,CURDATE(),1);
COMMIT;

-- ----------------------------
-- 全部权限字和权限资源关系数据
-- ----------------------------
BEGIN;
INSERT INTO `zz_sys_perm_code_perm` VALUES(1401541740103471105,1401541740078305294);
INSERT INTO `zz_sys_perm_code_perm` VALUES(1401541740103471108,1401541740078305293);
INSERT INTO `zz_sys_perm_code_perm` VALUES(1401541740103471112,1401541740078305291);
INSERT INTO `zz_sys_perm_code_perm` VALUES(1401541740103471114,1401541740078305296);
INSERT INTO `zz_sys_perm_code_perm` VALUES(1401541740103471116,1401541740078305292);
INSERT INTO `zz_sys_perm_code_perm` VALUES(1401541740103471118,1401541740078305302);
INSERT INTO `zz_sys_perm_code_perm` VALUES(1401541740103471121,1401541740078305301);
INSERT INTO `zz_sys_perm_code_perm` VALUES(1401541740103471125,1401541740078305299);
INSERT INTO `zz_sys_perm_code_perm` VALUES(1401541740103471127,1401541740078305304);
INSERT INTO `zz_sys_perm_code_perm` VALUES(1401541740103471129,1401541740078305300);
INSERT INTO `zz_sys_perm_code_perm` VALUES(1401541740103471131,1401541740078305289);
INSERT INTO `zz_sys_perm_code_perm` VALUES(1401541740103471131,1401541740078305284);
INSERT INTO `zz_sys_perm_code_perm` VALUES(1401541740103471134,1401541740078305283);
INSERT INTO `zz_sys_perm_code_perm` VALUES(1401541740103471138,1401541740078305288);
INSERT INTO `zz_sys_perm_code_perm` VALUES(1401541740103471138,1401541740078305281);
INSERT INTO `zz_sys_perm_code_perm` VALUES(1401541740103471140,1401541740078305289);
INSERT INTO `zz_sys_perm_code_perm` VALUES(1401541740103471140,1401541740078305286);
INSERT INTO `zz_sys_perm_code_perm` VALUES(1401541740103471142,1401541740078305288);
INSERT INTO `zz_sys_perm_code_perm` VALUES(1401541740103471142,1401541740078305282);
INSERT INTO `zz_sys_perm_code_perm` VALUES(1401541740103471144,1401541740078305337);
INSERT INTO `zz_sys_perm_code_perm` VALUES(1401541740103471144,1401541740078305338);
INSERT INTO `zz_sys_perm_code_perm` VALUES(1401541740103471146,1401541740078305343);
INSERT INTO `zz_sys_perm_code_perm` VALUES(1401541740103471146,1401541740078305344);
INSERT INTO `zz_sys_perm_code_perm` VALUES(1401541740107665414,1401541740078305352);
INSERT INTO `zz_sys_perm_code_perm` VALUES(1401541740107665418,1401541740078305319);
INSERT INTO `zz_sys_perm_code_perm` VALUES(1401541740107665420,1401541740078305324);
INSERT INTO `zz_sys_perm_code_perm` VALUES(1401541740107665422,1401541740078305320);
INSERT INTO `zz_sys_perm_code_perm` VALUES(1401541740107665424,1401541740078305327);
INSERT INTO `zz_sys_perm_code_perm` VALUES(1401541740107665426,1401541740078305328);
INSERT INTO `zz_sys_perm_code_perm` VALUES(1401541740107665428,1401541740078305335);
INSERT INTO `zz_sys_perm_code_perm` VALUES(1401541740107665429,1401541740078305332);
INSERT INTO `zz_sys_perm_code_perm` VALUES(1401541740107665431,1401541740078305331);
INSERT INTO `zz_sys_perm_code_perm` VALUES(1401541740107665432,1401541740078305326);
INSERT INTO `zz_sys_perm_code_perm` VALUES(1401541740107665434,1401541740078305322);
INSERT INTO `zz_sys_perm_code_perm` VALUES(1401541740107665434,1401541740078305330);
INSERT INTO `zz_sys_perm_code_perm` VALUES(1401541740107665434,1401541740078305334);
INSERT INTO `zz_sys_perm_code_perm` VALUES(1401541740107665437,1401541740078305321);
INSERT INTO `zz_sys_perm_code_perm` VALUES(1401541740107665438,1401541740078305329);
INSERT INTO `zz_sys_perm_code_perm` VALUES(1401541740107665440,1401541740078305333);
INSERT INTO `zz_sys_perm_code_perm` VALUES(1401541740107665452,1401541740078305310);
INSERT INTO `zz_sys_perm_code_perm` VALUES(1401541740107665452,1401541740078305311);
INSERT INTO `zz_sys_perm_code_perm` VALUES(1401541740107665453,1401541740078305307);
INSERT INTO `zz_sys_perm_code_perm` VALUES(1401541740107665453,1401541740082499588);
INSERT INTO `zz_sys_perm_code_perm` VALUES(1401541740107665454,1401541740078305312);
INSERT INTO `zz_sys_perm_code_perm` VALUES(1401541740107665454,1401541740078305308);
INSERT INTO `zz_sys_perm_code_perm` VALUES(1401541740107665454,1401541740078305313);
INSERT INTO `zz_sys_perm_code_perm` VALUES(1401541740107665454,1401541740082499588);
INSERT INTO `zz_sys_perm_code_perm` VALUES(1401541740107665455,1401541740078305309);
INSERT INTO `zz_sys_perm_code_perm` VALUES(1401541740107665456,1401541740078305314);
INSERT INTO `zz_sys_perm_code_perm` VALUES(1401541740107665457,1401541740078305317);
INSERT INTO `zz_sys_perm_code_perm` VALUES(1401541740107665457,1401541740078305316);
INSERT INTO `zz_sys_perm_code_perm` VALUES(1401541740107665457,1401541740078305315);
INSERT INTO `zz_sys_perm_code_perm` VALUES(1401541740107665470,1401541740082499588);
INSERT INTO `zz_sys_perm_code_perm` VALUES(1401541740107665472,1401541740082499585);
INSERT INTO `zz_sys_perm_code_perm` VALUES(1401541740107665472,1401541740082499600);
INSERT INTO `zz_sys_perm_code_perm` VALUES(1401541740107665473,1401541740082499589);
INSERT INTO `zz_sys_perm_code_perm` VALUES(1401541740107665473,1401541740082499586);
INSERT INTO `zz_sys_perm_code_perm` VALUES(1401541740107665473,1401541740082499600);
INSERT INTO `zz_sys_perm_code_perm` VALUES(1401541740107665475,1401541740082499595);
INSERT INTO `zz_sys_perm_code_perm` VALUES(1401541740107665475,1401541740082499594);
INSERT INTO `zz_sys_perm_code_perm` VALUES(1401541740107665474,1401541740082499587);
INSERT INTO `zz_sys_perm_code_perm` VALUES(1401541740107665471,1401541740082499592);
INSERT INTO `zz_sys_perm_code_perm` VALUES(1401541740107665476,1401541740082499590);
INSERT INTO `zz_sys_perm_code_perm` VALUES(1401541740107665476,1401541740082499593);
INSERT INTO `zz_sys_perm_code_perm` VALUES(1401541740107665477,1401541740082499591);
INSERT INTO `zz_sys_perm_code_perm` VALUES(1401541740107665485,1401541740082499600);
INSERT INTO `zz_sys_perm_code_perm` VALUES(1401541740107665486,1401541740082499597);
INSERT INTO `zz_sys_perm_code_perm` VALUES(1401541740107665486,1401541740082499608);
INSERT INTO `zz_sys_perm_code_perm` VALUES(1401541740107665487,1401541740082499601);
INSERT INTO `zz_sys_perm_code_perm` VALUES(1401541740107665487,1401541740082499599);
INSERT INTO `zz_sys_perm_code_perm` VALUES(1401541740107665487,1401541740082499608);
INSERT INTO `zz_sys_perm_code_perm` VALUES(1401541740107665488,1401541740082499598);
INSERT INTO `zz_sys_perm_code_perm` VALUES(1401541740107665489,1401541740082499602);
INSERT INTO `zz_sys_perm_code_perm` VALUES(1401541740107665489,1401541740082499603);
INSERT INTO `zz_sys_perm_code_perm` VALUES(1401541740107665497,1401541740082499608);
INSERT INTO `zz_sys_perm_code_perm` VALUES(1401541740107665498,1401541740082499605);
INSERT INTO `zz_sys_perm_code_perm` VALUES(1401541740107665498,1401541740082499617);
INSERT INTO `zz_sys_perm_code_perm` VALUES(1401541740107665499,1401541740082499609);
INSERT INTO `zz_sys_perm_code_perm` VALUES(1401541740107665499,1401541740082499606);
INSERT INTO `zz_sys_perm_code_perm` VALUES(1401541740107665499,1401541740082499617);
INSERT INTO `zz_sys_perm_code_perm` VALUES(1401541740107665500,1401541740082499607);
INSERT INTO `zz_sys_perm_code_perm` VALUES(1401541740107665501,1401541740082499610);
INSERT INTO `zz_sys_perm_code_perm` VALUES(1401541740107665501,1401541740082499611);
INSERT INTO `zz_sys_perm_code_perm` VALUES(1401541740107665512,1401541740082499616);
INSERT INTO `zz_sys_perm_code_perm` VALUES(1401541740107665512,1401541740082499617);
INSERT INTO `zz_sys_perm_code_perm` VALUES(1401541740107665512,1401541740082499622);
INSERT INTO `zz_sys_perm_code_perm` VALUES(1401541740107665513,1401541740082499613);
INSERT INTO `zz_sys_perm_code_perm` VALUES(1401541740107665514,1401541740082499614);
INSERT INTO `zz_sys_perm_code_perm` VALUES(1401541740107665515,1401541740082499615);
INSERT INTO `zz_sys_perm_code_perm` VALUES(1401541740107665516,1401541740082499619);
INSERT INTO `zz_sys_perm_code_perm` VALUES(1401541740107665517,1401541740082499623);
INSERT INTO `zz_sys_perm_code_perm` VALUES(1401541740107665517,1401541740082499620);
INSERT INTO `zz_sys_perm_code_perm` VALUES(1401541740107665518,1401541740082499621);
INSERT INTO `zz_sys_perm_code_perm` VALUES(1401541740107665519,1401541740082499624);
INSERT INTO `zz_sys_perm_code_perm` VALUES(1401541740107665519,1401541740082499625);
INSERT INTO `zz_sys_perm_code_perm` VALUES(1401541740107665519,1401541740082499626);
INSERT INTO `zz_sys_perm_code_perm` VALUES(1401541740107665527,1401541740082499629);
INSERT INTO `zz_sys_perm_code_perm` VALUES(1401541740107665527,1401541740082499630);
INSERT INTO `zz_sys_perm_code_perm` VALUES(1401541740107665527,1401541740082499631);
INSERT INTO `zz_sys_perm_code_perm` VALUES(1401541740107665527,1401541740082499632);
INSERT INTO `zz_sys_perm_code_perm` VALUES(1401541740107665527,1401541740082499634);
INSERT INTO `zz_sys_perm_code_perm` VALUES(1401541740107665527,1401541740082499635);
INSERT INTO `zz_sys_perm_code_perm` VALUES(1401541740107665527,1401541740082499636);
INSERT INTO `zz_sys_perm_code_perm` VALUES(1401541740107665527,1401541740082499637);
INSERT INTO `zz_sys_perm_code_perm` VALUES(1401541740107665575,1401541740082499639);
INSERT INTO `zz_sys_perm_code_perm` VALUES(1401541740107665576,1401541740082499640);
COMMIT;

-- ----------------------------
-- 全部白名单权限资源数据
-- ----------------------------
BEGIN;
INSERT INTO `zz_sys_perm_whitelist` VALUES ('/admin/upms/login/getLoginInfo','登录模块','获取登录信息');
INSERT INTO `zz_sys_perm_whitelist` VALUES ('/admin/CourseClass/areaCode/listDict','行政区划','行政区划列表');
INSERT INTO `zz_sys_perm_whitelist` VALUES ('/admin/CourseClass/areaCode/listAll','行政区划','字典全部列表');
INSERT INTO `zz_sys_perm_whitelist` VALUES ('/admin/CourseClass/areaCode/listDictByIds','行政区划','行政区划批量Id列表');
INSERT INTO `zz_sys_perm_whitelist` VALUES ('/admin/CourseClass/areaCode/listDictByParentId','行政区划','行政区划过滤列表');
INSERT INTO `zz_sys_perm_whitelist` VALUES ('/admin/CourseClass/course/listDict','课程数据','课程字典列表');
INSERT INTO `zz_sys_perm_whitelist` VALUES ('/admin/CourseClass/course/listDictByIds','课程数据','课程字典批量Id列表');
INSERT INTO `zz_sys_perm_whitelist` VALUES ('/admin/CourseClass/grade/listDict','年级','字典列表');
INSERT INTO `zz_sys_perm_whitelist` VALUES ('/admin/CourseClass/grade/listAll','年级','字典全部列表');
INSERT INTO `zz_sys_perm_whitelist` VALUES ('/admin/CourseClass/grade/listDictByIds','年级','字典批量Id列表');
INSERT INTO `zz_sys_perm_whitelist` VALUES ('/admin/CourseClass/schoolInfo/listDict','校区数据','校区字典列表');
INSERT INTO `zz_sys_perm_whitelist` VALUES ('/admin/CourseClass/schoolInfo/listDictByIds','校区数据','校区字典批量Id列表');
INSERT INTO `zz_sys_perm_whitelist` VALUES ('/admin/CourseClass/student/listDict','学生数据','学生字典列表');
INSERT INTO `zz_sys_perm_whitelist` VALUES ('/admin/CourseClass/student/listDictByIds','学生数据','学生字典批量Id列表');
INSERT INTO `zz_sys_perm_whitelist` VALUES ('/admin/upms/login/doLogout','登录模块','退出登陆');
COMMIT;

SET FOREIGN_KEY_CHECKS = 1;
