/*
 Navicat Premium Data Transfer

 Source Server         : localhost
 Source Server Type    : MySQL
 Source Server Version : 80027
 Source Host           : localhost:3306
 Source Schema         : zzdemo-online

 Target Server Type    : MySQL
 Target Server Version : 80027
 File Encoding         : 65001

 Date: 16/12/2021 15:03:16
*/

SET NAMES utf8mb4;
SET FOREIGN_KEY_CHECKS = 0;

-- ----------------------------
-- Table structure for ACT_EVT_LOG
-- ----------------------------
DROP TABLE IF EXISTS `ACT_EVT_LOG`;
CREATE TABLE `ACT_EVT_LOG` (
  `LOG_NR_` bigint NOT NULL AUTO_INCREMENT,
  `TYPE_` varchar(64) CHARACTER SET utf8 COLLATE utf8_bin DEFAULT NULL,
  `PROC_DEF_ID_` varchar(64) CHARACTER SET utf8 COLLATE utf8_bin DEFAULT NULL,
  `PROC_INST_ID_` varchar(64) CHARACTER SET utf8 COLLATE utf8_bin DEFAULT NULL,
  `EXECUTION_ID_` varchar(64) CHARACTER SET utf8 COLLATE utf8_bin DEFAULT NULL,
  `TASK_ID_` varchar(64) CHARACTER SET utf8 COLLATE utf8_bin DEFAULT NULL,
  `TIME_STAMP_` timestamp(3) NOT NULL DEFAULT CURRENT_TIMESTAMP(3) ON UPDATE CURRENT_TIMESTAMP(3),
  `USER_ID_` varchar(255) CHARACTER SET utf8 COLLATE utf8_bin DEFAULT NULL,
  `DATA_` longblob,
  `LOCK_OWNER_` varchar(255) CHARACTER SET utf8 COLLATE utf8_bin DEFAULT NULL,
  `LOCK_TIME_` timestamp(3) NULL DEFAULT NULL,
  `IS_PROCESSED_` tinyint DEFAULT '0',
  PRIMARY KEY (`LOG_NR_`)
) ENGINE=InnoDB DEFAULT CHARSET=utf8mb3 COLLATE=utf8_bin;

-- ----------------------------
-- Table structure for ACT_GE_BYTEARRAY
-- ----------------------------
DROP TABLE IF EXISTS `ACT_GE_BYTEARRAY`;
CREATE TABLE `ACT_GE_BYTEARRAY` (
  `ID_` varchar(64) CHARACTER SET utf8 COLLATE utf8_bin NOT NULL,
  `REV_` int DEFAULT NULL,
  `NAME_` varchar(255) CHARACTER SET utf8 COLLATE utf8_bin DEFAULT NULL,
  `DEPLOYMENT_ID_` varchar(64) CHARACTER SET utf8 COLLATE utf8_bin DEFAULT NULL,
  `BYTES_` longblob,
  `GENERATED_` tinyint DEFAULT NULL,
  PRIMARY KEY (`ID_`),
  KEY `ACT_FK_BYTEARR_DEPL` (`DEPLOYMENT_ID_`),
  CONSTRAINT `ACT_FK_BYTEARR_DEPL` FOREIGN KEY (`DEPLOYMENT_ID_`) REFERENCES `ACT_RE_DEPLOYMENT` (`ID_`)
) ENGINE=InnoDB DEFAULT CHARSET=utf8mb3 COLLATE=utf8_bin;

-- ----------------------------
-- Records of ACT_GE_BYTEARRAY
-- ----------------------------
BEGIN;
INSERT INTO `ACT_GE_BYTEARRAY` VALUES ('025c4475-5e3d-11ec-8bee-f20bcee4e113', 1, 'var-assigneeList', NULL, 0xACED00057372001E636F6D2E616C69626162612E666173746A736F6E2E4A534F4E417272617900000000000000010200014C00046C6973747400104C6A6176612F7574696C2F4C6973743B7870737200136A6176612E7574696C2E41727261794C6973747881D21D99C7619D03000149000473697A657870000000027704000000027400057573657241740005757365724278, NULL);
INSERT INTO `ACT_GE_BYTEARRAY` VALUES ('025c4477-5e3d-11ec-8bee-f20bcee4e113', 1, 'hist.var-assigneeList', NULL, 0xACED00057372001E636F6D2E616C69626162612E666173746A736F6E2E4A534F4E417272617900000000000000010200014C00046C6973747400104C6A6176612F7574696C2F4C6973743B7870737200136A6176612E7574696C2E41727261794C6973747881D21D99C7619D03000149000473697A657870000000027704000000027400057573657241740005757365724278, NULL);
INSERT INTO `ACT_GE_BYTEARRAY` VALUES ('1a075ec9-1c4e-11ec-94ee-5ef70686b817', 1, 'flowLeave.bpmn', '1a075ec8-1c4e-11ec-94ee-5ef70686b817', 0x3C3F786D6C2076657273696F6E3D22312E302220656E636F64696E673D225554462D38223F3E0A3C646566696E6974696F6E7320786D6C6E733D22687474703A2F2F7777772E6F6D672E6F72672F737065632F42504D4E2F32303130303532342F4D4F44454C2220786D6C6E733A7873693D22687474703A2F2F7777772E77332E6F72672F323030312F584D4C536368656D612D696E7374616E63652220786D6C6E733A7873643D22687474703A2F2F7777772E77332E6F72672F323030312F584D4C536368656D612220786D6C6E733A666C6F7761626C653D22687474703A2F2F666C6F7761626C652E6F72672F62706D6E2220786D6C6E733A62706D6E64693D22687474703A2F2F7777772E6F6D672E6F72672F737065632F42504D4E2F32303130303532342F44492220786D6C6E733A6F6D6764633D22687474703A2F2F7777772E6F6D672E6F72672F737065632F44442F32303130303532342F44432220786D6C6E733A6F6D6764693D22687474703A2F2F7777772E6F6D672E6F72672F737065632F44442F32303130303532342F44492220786D6C6E733A62706D6E323D22687474703A2F2F7777772E6F6D672E6F72672F737065632F42504D4E2F32303130303532342F4D4F44454C2220786D6C6E733A64633D22687474703A2F2F7777772E6F6D672E6F72672F737065632F44442F32303130303532342F44432220786D6C6E733A64693D22687474703A2F2F7777772E6F6D672E6F72672F737065632F44442F32303130303532342F44492220747970654C616E67756167653D22687474703A2F2F7777772E77332E6F72672F323030312F584D4C536368656D61222065787072657373696F6E4C616E67756167653D22687474703A2F2F7777772E77332E6F72672F313939392F585061746822207461726765744E616D6573706163653D22687474703A2F2F666C6F7761626C652E6F72672F62706D6E222069643D226469616772616D5F666C6F774C6561766522207873693A736368656D614C6F636174696F6E3D22687474703A2F2F7777772E6F6D672E6F72672F737065632F42504D4E2F32303130303532342F4D4F44454C2042504D4E32302E787364223E0A20203C70726F636573732069643D22666C6F774C6561766522206E616D653D22E8AFB7E58187E794B3E8AFB72220697345786563757461626C653D2274727565223E0A202020203C657874656E73696F6E456C656D656E74733E0A2020202020203C666C6F7761626C653A657865637574696F6E4C697374656E6572206576656E743D22656E642220636C6173733D22636F6D2E666C6F772E64656D6F2E636F6D6D6F6E2E666C6F772E6C697374656E65722E557064617465466C6F775374617475734C697374656E6572223E3C2F666C6F7761626C653A657865637574696F6E4C697374656E65723E0A202020203C2F657874656E73696F6E456C656D656E74733E0A202020203C73746172744576656E742069643D224576656E745F316339756B6B71223E3C2F73746172744576656E743E0A202020203C757365725461736B2069643D2241637469766974795F3073633279756622206E616D653D22E8AFB7E58187E5BD95E585A52220666C6F7761626C653A61737369676E65653D22247B7374617274557365724E616D657D2220666C6F7761626C653A666F726D4B65793D227B2671756F743B666F726D49642671756F743B3A2671756F743B313434303934353431313335343236373634382671756F743B2C2671756F743B726561644F6E6C792671756F743B3A66616C73652C2671756F743B67726F7570547970652671756F743B3A2671756F743B444550542671756F743B7D223E0A2020202020203C657874656E73696F6E456C656D656E74733E0A20202020202020203C666C6F7761626C653A6F7065726174696F6E4C6973743E0A202020202020202020203C666C6F7761626C653A666F726D4F7065726174696F6E2069643D223136333233383733363935353822206C6162656C3D22E68F90E4BAA42220747970653D226167726565222073686F774F726465723D2230223E3C2F666C6F7761626C653A666F726D4F7065726174696F6E3E0A20202020202020203C2F666C6F7761626C653A6F7065726174696F6E4C6973743E0A20202020202020203C666C6F7761626C653A7661726961626C654C6973743E3C2F666C6F7761626C653A7661726961626C654C6973743E0A2020202020203C2F657874656E73696F6E456C656D656E74733E0A202020203C2F757365725461736B3E0A202020203C73657175656E6365466C6F772069643D22466C6F775F303566793977682220736F757263655265663D224576656E745F316339756B6B7122207461726765745265663D2241637469766974795F30736332797566223E3C2F73657175656E6365466C6F773E0A202020203C757365725461736B2069643D2241637469766974795F316A773575323022206E616D653D22E983A8E997A8E9A286E5AFBCE5AEA1E689B92220666C6F7761626C653A63616E64696461746547726F7570733D22247B64657074506F73744C65616465727D2220666C6F7761626C653A666F726D4B65793D227B2671756F743B666F726D49642671756F743B3A2671756F743B313434303934353431313335343236373634382671756F743B2C2671756F743B726561644F6E6C792671756F743B3A747275652C2671756F743B67726F7570547970652671756F743B3A2671756F743B444550545F504F53545F4C45414445522671756F743B7D223E0A2020202020203C657874656E73696F6E456C656D656E74733E0A20202020202020203C666C6F7761626C653A7461736B4C697374656E6572206576656E743D226372656174652220636C6173733D22636F6D2E666C6F772E64656D6F2E636F6D6D6F6E2E666C6F772E6C697374656E65722E44657074506F73744C65616465724C697374656E6572223E3C2F666C6F7761626C653A7461736B4C697374656E65723E0A20202020202020203C666C6F7761626C653A6F7065726174696F6E4C6973743E0A202020202020202020203C666C6F7761626C653A666F726D4F7065726174696F6E2069643D223136333233383733383937333422206C6162656C3D22E5908CE6848F2220747970653D226167726565222073686F774F726465723D2230223E3C2F666C6F7761626C653A666F726D4F7065726174696F6E3E0A202020202020202020203C666C6F7761626C653A666F726D4F7065726174696F6E2069643D223136333233383733393331313622206C6162656C3D22E68B92E7BB9D2220747970653D22726566757365222073686F774F726465723D2231223E3C2F666C6F7761626C653A666F726D4F7065726174696F6E3E0A20202020202020203C2F666C6F7761626C653A6F7065726174696F6E4C6973743E0A20202020202020203C666C6F7761626C653A7661726961626C654C6973743E3C2F666C6F7761626C653A7661726961626C654C6973743E0A2020202020203C2F657874656E73696F6E456C656D656E74733E0A202020203C2F757365725461736B3E0A202020203C73657175656E6365466C6F772069643D22466C6F775F30706D653076722220736F757263655265663D2241637469766974795F3073633279756622207461726765745265663D2241637469766974795F316A7735753230223E3C2F73657175656E6365466C6F773E0A202020203C757365725461736B2069643D2241637469766974795F306F6C7861747622206E616D653D224852E5AEA1E689B92220666C6F7761626C653A63616E64696461746547726F7570733D22313434303936343232313835353630303634302220666C6F7761626C653A666F726D4B65793D227B2671756F743B666F726D49642671756F743B3A2671756F743B313434303934353431313335343236373634382671756F743B2C2671756F743B726561644F6E6C792671756F743B3A747275652C2671756F743B67726F7570547970652671756F743B3A2671756F743B504F53542671756F743B7D223E0A2020202020203C657874656E73696F6E456C656D656E74733E0A20202020202020203C666C6F7761626C653A6F7065726174696F6E4C6973743E0A202020202020202020203C666C6F7761626C653A666F726D4F7065726174696F6E2069643D223136333233383831343737323722206C6162656C3D22E5908CE6848F2220747970653D226167726565222073686F774F726465723D2230223E3C2F666C6F7761626C653A666F726D4F7065726174696F6E3E0A202020202020202020203C666C6F7761626C653A666F726D4F7065726174696F6E2069643D223136333233383831353130363922206C6162656C3D22E68B92E7BB9D2220747970653D22726566757365222073686F774F726465723D2231223E3C2F666C6F7761626C653A666F726D4F7065726174696F6E3E0A20202020202020203C2F666C6F7761626C653A6F7065726174696F6E4C6973743E0A20202020202020203C666C6F7761626C653A7661726961626C654C6973743E3C2F666C6F7761626C653A7661726961626C654C6973743E0A2020202020203C2F657874656E73696F6E456C656D656E74733E0A202020203C2F757365725461736B3E0A202020203C73657175656E6365466C6F772069643D22466C6F775F3168626F62333722206E616D653D22E5908CE6848F2220736F757263655265663D2241637469766974795F316A773575323022207461726765745265663D2241637469766974795F306F6C78617476223E0A2020202020203C657874656E73696F6E456C656D656E74733E0A20202020202020203C666C6F7761626C653A637573746F6D436F6E646974696F6E20747970653D226F7065726174696F6E22206F7065726174696F6E547970653D226167726565223E3C2F666C6F7761626C653A637573746F6D436F6E646974696F6E3E0A2020202020203C2F657874656E73696F6E456C656D656E74733E0A2020202020203C636F6E646974696F6E45787072657373696F6E207873693A747970653D2274466F726D616C45787072657373696F6E223E3C215B43444154415B247B6F7065726174696F6E54797065203D3D20276167726565277D5D5D3E3C2F636F6E646974696F6E45787072657373696F6E3E0A202020203C2F73657175656E6365466C6F773E0A202020203C656E644576656E742069643D224576656E745F30346279787237223E3C2F656E644576656E743E0A202020203C73657175656E6365466C6F772069643D22466C6F775F30736F3831306122206E616D653D22E5908CE6848F2220736F757263655265663D2241637469766974795F306F6C7861747622207461726765745265663D224576656E745F30346279787237223E0A2020202020203C657874656E73696F6E456C656D656E74733E0A20202020202020203C666C6F7761626C653A637573746F6D436F6E646974696F6E20747970653D226F7065726174696F6E22206F7065726174696F6E547970653D226167726565223E3C2F666C6F7761626C653A637573746F6D436F6E646974696F6E3E0A2020202020203C2F657874656E73696F6E456C656D656E74733E0A2020202020203C636F6E646974696F6E45787072657373696F6E207873693A747970653D2274466F726D616C45787072657373696F6E223E3C215B43444154415B247B6F7065726174696F6E54797065203D3D20276167726565277D5D5D3E3C2F636F6E646974696F6E45787072657373696F6E3E0A202020203C2F73657175656E6365466C6F773E0A202020203C73657175656E6365466C6F772069643D22466C6F775F3031326864347622206E616D653D22E68B92E7BB9D2220736F757263655265663D2241637469766974795F316A773575323022207461726765745265663D2241637469766974795F30736332797566223E0A2020202020203C657874656E73696F6E456C656D656E74733E0A20202020202020203C666C6F7761626C653A637573746F6D436F6E646974696F6E20747970653D226F7065726174696F6E22206F7065726174696F6E547970653D22726566757365223E3C2F666C6F7761626C653A637573746F6D436F6E646974696F6E3E0A2020202020203C2F657874656E73696F6E456C656D656E74733E0A2020202020203C636F6E646974696F6E45787072657373696F6E207873693A747970653D2274466F726D616C45787072657373696F6E223E3C215B43444154415B247B6F7065726174696F6E54797065203D3D2027726566757365277D5D5D3E3C2F636F6E646974696F6E45787072657373696F6E3E0A202020203C2F73657175656E6365466C6F773E0A202020203C73657175656E6365466C6F772069643D22466C6F775F3164706E797A3622206E616D653D22E68B92E7BB9D2220736F757263655265663D2241637469766974795F306F6C7861747622207461726765745265663D2241637469766974795F30736332797566223E0A2020202020203C657874656E73696F6E456C656D656E74733E0A20202020202020203C666C6F7761626C653A637573746F6D436F6E646974696F6E20747970653D226F7065726174696F6E22206F7065726174696F6E547970653D22726566757365223E3C2F666C6F7761626C653A637573746F6D436F6E646974696F6E3E0A2020202020203C2F657874656E73696F6E456C656D656E74733E0A2020202020203C636F6E646974696F6E45787072657373696F6E207873693A747970653D2274466F726D616C45787072657373696F6E223E3C215B43444154415B247B6F7065726174696F6E54797065203D3D2027726566757365277D5D5D3E3C2F636F6E646974696F6E45787072657373696F6E3E0A202020203C2F73657175656E6365466C6F773E0A20203C2F70726F636573733E0A20203C62706D6E64693A42504D4E4469616772616D2069643D2242504D4E4469616772616D5F666C6F774C65617665223E0A202020203C62706D6E64693A42504D4E506C616E652062706D6E456C656D656E743D22666C6F774C65617665222069643D2242504D4E506C616E655F666C6F774C65617665223E0A2020202020203C62706D6E64693A42504D4E53686170652062706D6E456C656D656E743D224576656E745F316339756B6B71222069643D2242504D4E53686170655F4576656E745F316339756B6B71223E0A20202020202020203C6F6D6764633A426F756E6473206865696768743D2233362E30222077696474683D2233362E302220783D223133322E302220793D223332322E30223E3C2F6F6D6764633A426F756E64733E0A2020202020203C2F62706D6E64693A42504D4E53686170653E0A2020202020203C62706D6E64693A42504D4E53686170652062706D6E456C656D656E743D2241637469766974795F30736332797566222069643D2242504D4E53686170655F41637469766974795F30736332797566223E0A20202020202020203C6F6D6764633A426F756E6473206865696768743D2238302E30222077696474683D223130302E302220783D223232302E302220793D223330302E30223E3C2F6F6D6764633A426F756E64733E0A2020202020203C2F62706D6E64693A42504D4E53686170653E0A2020202020203C62706D6E64693A42504D4E53686170652062706D6E456C656D656E743D2241637469766974795F316A7735753230222069643D2242504D4E53686170655F41637469766974795F316A7735753230223E0A20202020202020203C6F6D6764633A426F756E6473206865696768743D2238302E30222077696474683D223130302E302220783D223338302E302220793D223330302E30223E3C2F6F6D6764633A426F756E64733E0A2020202020203C2F62706D6E64693A42504D4E53686170653E0A2020202020203C62706D6E64693A42504D4E53686170652062706D6E456C656D656E743D2241637469766974795F306F6C78617476222069643D2242504D4E53686170655F41637469766974795F306F6C78617476223E0A20202020202020203C6F6D6764633A426F756E6473206865696768743D2238302E30222077696474683D223130302E302220783D223534302E302220793D223330302E30223E3C2F6F6D6764633A426F756E64733E0A2020202020203C2F62706D6E64693A42504D4E53686170653E0A2020202020203C62706D6E64693A42504D4E53686170652062706D6E456C656D656E743D224576656E745F30346279787237222069643D2242504D4E53686170655F4576656E745F30346279787237223E0A20202020202020203C6F6D6764633A426F756E6473206865696768743D2233362E30222077696474683D2233362E302220783D223730322E302220793D223332322E30223E3C2F6F6D6764633A426F756E64733E0A2020202020203C2F62706D6E64693A42504D4E53686170653E0A2020202020203C62706D6E64693A42504D4E456467652062706D6E456C656D656E743D22466C6F775F30313268643476222069643D2242504D4E456467655F466C6F775F30313268643476223E0A20202020202020203C6F6D6764693A776179706F696E7420783D223433302E302220793D223330302E30223E3C2F6F6D6764693A776179706F696E743E0A20202020202020203C6F6D6764693A776179706F696E7420783D223433302E302220793D223237302E30223E3C2F6F6D6764693A776179706F696E743E0A20202020202020203C6F6D6764693A776179706F696E7420783D223237302E302220793D223237302E30223E3C2F6F6D6764693A776179706F696E743E0A20202020202020203C6F6D6764693A776179706F696E7420783D223237302E302220793D223330302E30223E3C2F6F6D6764693A776179706F696E743E0A20202020202020203C62706D6E64693A42504D4E4C6162656C3E0A202020202020202020203C6F6D6764633A426F756E6473206865696768743D2231342E30222077696474683D2232322E302220783D223333392E302220793D223235322E30223E3C2F6F6D6764633A426F756E64733E0A20202020202020203C2F62706D6E64693A42504D4E4C6162656C3E0A2020202020203C2F62706D6E64693A42504D4E456467653E0A2020202020203C62706D6E64693A42504D4E456467652062706D6E456C656D656E743D22466C6F775F30736F38313061222069643D2242504D4E456467655F466C6F775F30736F38313061223E0A20202020202020203C6F6D6764693A776179706F696E7420783D223634302E302220793D223334302E30223E3C2F6F6D6764693A776179706F696E743E0A20202020202020203C6F6D6764693A776179706F696E7420783D223730322E302220793D223334302E30223E3C2F6F6D6764693A776179706F696E743E0A20202020202020203C62706D6E64693A42504D4E4C6162656C3E0A202020202020202020203C6F6D6764633A426F756E6473206865696768743D2231342E30222077696474683D2232332E302220783D223636302E302220793D223332322E30223E3C2F6F6D6764633A426F756E64733E0A20202020202020203C2F62706D6E64693A42504D4E4C6162656C3E0A2020202020203C2F62706D6E64693A42504D4E456467653E0A2020202020203C62706D6E64693A42504D4E456467652062706D6E456C656D656E743D22466C6F775F3168626F623337222069643D2242504D4E456467655F466C6F775F3168626F623337223E0A20202020202020203C6F6D6764693A776179706F696E7420783D223438302E302220793D223334302E30223E3C2F6F6D6764693A776179706F696E743E0A20202020202020203C6F6D6764693A776179706F696E7420783D223534302E302220793D223334302E30223E3C2F6F6D6764693A776179706F696E743E0A20202020202020203C62706D6E64693A42504D4E4C6162656C3E0A202020202020202020203C6F6D6764633A426F756E6473206865696768743D2231342E30222077696474683D2232332E302220783D223439392E302220793D223332322E30223E3C2F6F6D6764633A426F756E64733E0A20202020202020203C2F62706D6E64693A42504D4E4C6162656C3E0A2020202020203C2F62706D6E64693A42504D4E456467653E0A2020202020203C62706D6E64693A42504D4E456467652062706D6E456C656D656E743D22466C6F775F30706D65307672222069643D2242504D4E456467655F466C6F775F30706D65307672223E0A20202020202020203C6F6D6764693A776179706F696E7420783D223332302E302220793D223334302E30223E3C2F6F6D6764693A776179706F696E743E0A20202020202020203C6F6D6764693A776179706F696E7420783D223338302E302220793D223334302E30223E3C2F6F6D6764693A776179706F696E743E0A2020202020203C2F62706D6E64693A42504D4E456467653E0A2020202020203C62706D6E64693A42504D4E456467652062706D6E456C656D656E743D22466C6F775F30356679397768222069643D2242504D4E456467655F466C6F775F30356679397768223E0A20202020202020203C6F6D6764693A776179706F696E7420783D223136382E302220793D223334302E30223E3C2F6F6D6764693A776179706F696E743E0A20202020202020203C6F6D6764693A776179706F696E7420783D223232302E302220793D223334302E30223E3C2F6F6D6764693A776179706F696E743E0A2020202020203C2F62706D6E64693A42504D4E456467653E0A2020202020203C62706D6E64693A42504D4E456467652062706D6E456C656D656E743D22466C6F775F3164706E797A36222069643D2242504D4E456467655F466C6F775F3164706E797A36223E0A20202020202020203C6F6D6764693A776179706F696E7420783D223539302E302220793D223338302E30223E3C2F6F6D6764693A776179706F696E743E0A20202020202020203C6F6D6764693A776179706F696E7420783D223539302E302220793D223432302E30223E3C2F6F6D6764693A776179706F696E743E0A20202020202020203C6F6D6764693A776179706F696E7420783D223237302E302220793D223432302E30223E3C2F6F6D6764693A776179706F696E743E0A20202020202020203C6F6D6764693A776179706F696E7420783D223237302E302220793D223338302E30223E3C2F6F6D6764693A776179706F696E743E0A20202020202020203C62706D6E64693A42504D4E4C6162656C3E0A202020202020202020203C6F6D6764633A426F756E6473206865696768743D2231342E30222077696474683D2232322E302220783D223431392E302220793D223430322E30223E3C2F6F6D6764633A426F756E64733E0A20202020202020203C2F62706D6E64693A42504D4E4C6162656C3E0A2020202020203C2F62706D6E64693A42504D4E456467653E0A202020203C2F62706D6E64693A42504D4E506C616E653E0A20203C2F62706D6E64693A42504D4E4469616772616D3E0A3C2F646566696E6974696F6E733E, 0);
INSERT INTO `ACT_GE_BYTEARRAY` VALUES ('1ba32d21-1c51-11ec-94ee-5ef70686b817', 1, 'flowContract.bpmn', '1ba32d20-1c51-11ec-94ee-5ef70686b817', 0x3C3F786D6C2076657273696F6E3D22312E302220656E636F64696E673D225554462D38223F3E0A3C646566696E6974696F6E7320786D6C6E733D22687474703A2F2F7777772E6F6D672E6F72672F737065632F42504D4E2F32303130303532342F4D4F44454C2220786D6C6E733A7873693D22687474703A2F2F7777772E77332E6F72672F323030312F584D4C536368656D612D696E7374616E63652220786D6C6E733A7873643D22687474703A2F2F7777772E77332E6F72672F323030312F584D4C536368656D612220786D6C6E733A666C6F7761626C653D22687474703A2F2F666C6F7761626C652E6F72672F62706D6E2220786D6C6E733A62706D6E64693D22687474703A2F2F7777772E6F6D672E6F72672F737065632F42504D4E2F32303130303532342F44492220786D6C6E733A6F6D6764633D22687474703A2F2F7777772E6F6D672E6F72672F737065632F44442F32303130303532342F44432220786D6C6E733A6F6D6764693D22687474703A2F2F7777772E6F6D672E6F72672F737065632F44442F32303130303532342F44492220786D6C6E733A62706D6E323D22687474703A2F2F7777772E6F6D672E6F72672F737065632F42504D4E2F32303130303532342F4D4F44454C2220786D6C6E733A64693D22687474703A2F2F7777772E6F6D672E6F72672F737065632F44442F32303130303532342F44492220786D6C6E733A64633D22687474703A2F2F7777772E6F6D672E6F72672F737065632F44442F32303130303532342F44432220747970654C616E67756167653D22687474703A2F2F7777772E77332E6F72672F323030312F584D4C536368656D61222065787072657373696F6E4C616E67756167653D22687474703A2F2F7777772E77332E6F72672F313939392F585061746822207461726765744E616D6573706163653D22687474703A2F2F666C6F7761626C652E6F72672F62706D6E222069643D226469616772616D5F666C6F77436F6E747261637422207873693A736368656D614C6F636174696F6E3D22687474703A2F2F7777772E6F6D672E6F72672F737065632F42504D4E2F32303130303532342F4D4F44454C2042504D4E32302E787364223E0A20203C70726F636573732069643D22666C6F77436F6E747261637422206E616D653D22E59088E5908CE5AEA1E689B92220697345786563757461626C653D2274727565223E0A202020203C657874656E73696F6E456C656D656E74733E0A2020202020203C666C6F7761626C653A657865637574696F6E4C697374656E6572206576656E743D22656E642220636C6173733D22636F6D2E666C6F772E64656D6F2E636F6D6D6F6E2E666C6F772E6C697374656E65722E557064617465466C6F775374617475734C697374656E6572223E3C2F666C6F7761626C653A657865637574696F6E4C697374656E65723E0A202020203C2F657874656E73696F6E456C656D656E74733E0A202020203C73746172744576656E742069643D224576656E745F3170736D697364223E3C2F73746172744576656E743E0A202020203C757365725461736B2069643D2241637469766974795F306E796C61317222206E616D653D22E59088E5908CE5BD95E585A52220666C6F7761626C653A666F726D4B65793D227B2671756F743B666F726D49642671756F743B3A2671756F743B313434303935343932303334383934363433322671756F743B2C2671756F743B726561644F6E6C792671756F743B3A66616C73652C2671756F743B67726F7570547970652671756F743B3A2671756F743B444550542671756F743B7D223E0A2020202020203C657874656E73696F6E456C656D656E74733E0A20202020202020203C666C6F7761626C653A6F7065726174696F6E4C6973743E0A202020202020202020203C666C6F7761626C653A666F726D4F7065726174696F6E2069643D223136333233383839363537313222206C6162656C3D22E68F90E4BAA42220747970653D226167726565222073686F774F726465723D2230223E3C2F666C6F7761626C653A666F726D4F7065726174696F6E3E0A20202020202020203C2F666C6F7761626C653A6F7065726174696F6E4C6973743E0A20202020202020203C666C6F7761626C653A7661726961626C654C6973743E3C2F666C6F7761626C653A7661726961626C654C6973743E0A2020202020203C2F657874656E73696F6E456C656D656E74733E0A202020203C2F757365725461736B3E0A202020203C73657175656E6365466C6F772069643D22466C6F775F303063657865612220736F757263655265663D224576656E745F3170736D69736422207461726765745265663D2241637469766974795F306E796C613172223E3C2F73657175656E6365466C6F773E0A202020203C757365725461736B2069643D2241637469766974795F3175637268353222206E616D653D22E4B89AE58AA1E983A8E9A286E5AFBCE5AEA1E689B92220666C6F7761626C653A63616E64696461746547726F7570733D22247B64657074506F73744C65616465727D2220666C6F7761626C653A666F726D4B65793D227B2671756F743B666F726D49642671756F743B3A2671756F743B313434303935343932303334383934363433322671756F743B2C2671756F743B726561644F6E6C792671756F743B3A747275652C2671756F743B67726F7570547970652671756F743B3A2671756F743B444550545F504F53545F4C45414445522671756F743B7D223E0A2020202020203C657874656E73696F6E456C656D656E74733E0A20202020202020203C666C6F7761626C653A7461736B4C697374656E6572206576656E743D226372656174652220636C6173733D22636F6D2E666C6F772E64656D6F2E636F6D6D6F6E2E666C6F772E6C697374656E65722E44657074506F73744C65616465724C697374656E6572223E3C2F666C6F7761626C653A7461736B4C697374656E65723E0A20202020202020203C666C6F7761626C653A6F7065726174696F6E4C6973743E0A202020202020202020203C666C6F7761626C653A666F726D4F7065726174696F6E2069643D223136333233383839373234353522206C6162656C3D22E5908CE6848F2220747970653D226167726565222073686F774F726465723D2230223E3C2F666C6F7761626C653A666F726D4F7065726174696F6E3E0A20202020202020203C2F666C6F7761626C653A6F7065726174696F6E4C6973743E0A20202020202020203C666C6F7761626C653A7661726961626C654C6973743E3C2F666C6F7761626C653A7661726961626C654C6973743E0A2020202020203C2F657874656E73696F6E456C656D656E74733E0A202020203C2F757365725461736B3E0A202020203C73657175656E6365466C6F772069643D22466C6F775F30346B63616A632220736F757263655265663D2241637469766974795F306E796C61317222207461726765745265663D2241637469766974795F31756372683532223E3C2F73657175656E6365466C6F773E0A202020203C73657175656E6365466C6F772069643D22466C6F775F30323666766E712220736F757263655265663D2241637469766974795F3175637268353222207461726765745265663D22476174657761795F30396364787466223E3C2F73657175656E6365466C6F773E0A202020203C706172616C6C656C476174657761792069643D22476174657761795F30396364787466223E3C2F706172616C6C656C476174657761793E0A202020203C757365725461736B2069643D2241637469766974795F3133386D346E6E22206E616D653D22E5B7A5E7A88BE983A8E5AEA1E689B92220666C6F7761626C653A63616E64696461746555736572733D2261646D696E2220666C6F7761626C653A666F726D4B65793D227B2671756F743B666F726D49642671756F743B3A2671756F743B313434303935353139343939313937323335322671756F743B2C2671756F743B726561644F6E6C792671756F743B3A747275652C2671756F743B67726F7570547970652671756F743B3A2671756F743B444550542671756F743B7D223E0A2020202020203C657874656E73696F6E456C656D656E74733E0A20202020202020203C666C6F7761626C653A6F7065726174696F6E4C6973743E0A202020202020202020203C666C6F7761626C653A666F726D4F7065726174696F6E2069643D223136333233383839373831303122206C6162656C3D22E5908CE6848F2220747970653D226167726565222073686F774F726465723D2230223E3C2F666C6F7761626C653A666F726D4F7065726174696F6E3E0A20202020202020203C2F666C6F7761626C653A6F7065726174696F6E4C6973743E0A20202020202020203C666C6F7761626C653A7661726961626C654C6973743E3C2F666C6F7761626C653A7661726961626C654C6973743E0A2020202020203C2F657874656E73696F6E456C656D656E74733E0A202020203C2F757365725461736B3E0A202020203C73657175656E6365466C6F772069643D22466C6F775F307A7A307539672220736F757263655265663D22476174657761795F3039636478746622207461726765745265663D2241637469766974795F3133386D346E6E223E3C2F73657175656E6365466C6F773E0A202020203C757365725461736B2069643D2241637469766974795F30746D336D706822206E616D653D22E980A0E4BBB7E983A8E5AEA1E689B92220666C6F7761626C653A61737369676E65653D2261646D696E2220666C6F7761626C653A666F726D4B65793D227B2671756F743B666F726D49642671756F743B3A2671756F743B313434303935353139343939313937323335322671756F743B2C2671756F743B726561644F6E6C792671756F743B3A747275652C2671756F743B67726F7570547970652671756F743B3A2671756F743B444550542671756F743B7D223E0A2020202020203C657874656E73696F6E456C656D656E74733E0A20202020202020203C666C6F7761626C653A6F7065726174696F6E4C6973743E0A202020202020202020203C666C6F7761626C653A666F726D4F7065726174696F6E2069643D223136333233383839383233373722206C6162656C3D22E5908CE6848F2220747970653D226167726565222073686F774F726465723D2230223E3C2F666C6F7761626C653A666F726D4F7065726174696F6E3E0A20202020202020203C2F666C6F7761626C653A6F7065726174696F6E4C6973743E0A20202020202020203C666C6F7761626C653A7661726961626C654C6973743E3C2F666C6F7761626C653A7661726961626C654C6973743E0A2020202020203C2F657874656E73696F6E456C656D656E74733E0A202020203C2F757365725461736B3E0A202020203C73657175656E6365466C6F772069643D22466C6F775F317978716265302220736F757263655265663D22476174657761795F3039636478746622207461726765745265663D2241637469766974795F30746D336D7068223E3C2F73657175656E6365466C6F773E0A202020203C73657175656E6365466C6F772069643D22466C6F775F31323465387A332220736F757263655265663D2241637469766974795F3133386D346E6E22207461726765745265663D22476174657761795F306F79366F666C223E3C2F73657175656E6365466C6F773E0A202020203C706172616C6C656C476174657761792069643D22476174657761795F306F79366F666C223E3C2F706172616C6C656C476174657761793E0A202020203C73657175656E6365466C6F772069643D22466C6F775F3175766A3364732220736F757263655265663D2241637469766974795F30746D336D706822207461726765745265663D22476174657761795F306F79366F666C223E3C2F73657175656E6365466C6F773E0A202020203C757365725461736B2069643D2241637469766974795F3179757579696522206E616D653D22E8B4A2E58AA1E983A8E5AEA1E689B92220666C6F7761626C653A63616E64696461746547726F7570733D22313434303936343531393339353333323039362C313434303936343531393339313133373739322220666C6F7761626C653A666F726D4B65793D227B2671756F743B666F726D49642671756F743B3A2671756F743B313434303935353132373739303833333636342671756F743B2C2671756F743B726561644F6E6C792671756F743B3A747275652C2671756F743B67726F7570547970652671756F743B3A2671756F743B504F53542671756F743B7D223E0A2020202020203C657874656E73696F6E456C656D656E74733E0A20202020202020203C666C6F7761626C653A6F7065726174696F6E4C6973743E0A202020202020202020203C666C6F7761626C653A666F726D4F7065726174696F6E2069643D223136333233383930333738313422206C6162656C3D22E5908CE6848F2220747970653D226167726565222073686F774F726465723D2230223E3C2F666C6F7761626C653A666F726D4F7065726174696F6E3E0A202020202020202020203C666C6F7761626C653A666F726D4F7065726174696F6E2069643D223136333233383930343234383922206C6162656C3D22E68B92E7BB9D2220747970653D22726566757365222073686F774F726465723D2231223E3C2F666C6F7761626C653A666F726D4F7065726174696F6E3E0A20202020202020203C2F666C6F7761626C653A6F7065726174696F6E4C6973743E0A20202020202020203C666C6F7761626C653A7661726961626C654C6973743E3C2F666C6F7761626C653A7661726961626C654C6973743E0A2020202020203C2F657874656E73696F6E456C656D656E74733E0A202020203C2F757365725461736B3E0A202020203C73657175656E6365466C6F772069643D22466C6F775F316B79686E6C7A2220736F757263655265663D22476174657761795F306F79366F666C22207461726765745265663D2241637469766974795F31797575796965223E3C2F73657175656E6365466C6F773E0A202020203C757365725461736B2069643D2241637469766974795F3039386E63767722206E616D653D22E6B395E58AA1E983A8E4BC9AE7ADBE2220666C6F7761626C653A61737369676E65653D22247B61737369676E65657D2220666C6F7761626C653A666F726D4B65793D227B2671756F743B666F726D49642671756F743B3A2671756F743B313434303935353030313039333439323733362671756F743B2C2671756F743B726561644F6E6C792671756F743B3A747275652C2671756F743B67726F7570547970652671756F743B3A2671756F743B444550542671756F743B7D223E0A2020202020203C657874656E73696F6E456C656D656E74733E0A20202020202020203C666C6F7761626C653A6F7065726174696F6E4C6973743E0A202020202020202020203C666C6F7761626C653A666F726D4F7065726174696F6E2069643D223136333233383931393036363222206C6162656C3D22E5908CE6848F2220747970653D226D756C74695F6167726565222073686F774F726465723D2230223E3C2F666C6F7761626C653A666F726D4F7065726174696F6E3E0A202020202020202020203C666C6F7761626C653A666F726D4F7065726174696F6E2069643D223136333233383931393734303622206C6162656C3D22E68B92E7BB9D2220747970653D226D756C74695F726566757365222073686F774F726465723D2231223E3C2F666C6F7761626C653A666F726D4F7065726174696F6E3E0A20202020202020203C2F666C6F7761626C653A6F7065726174696F6E4C6973743E0A20202020202020203C666C6F7761626C653A7661726961626C654C6973743E3C2F666C6F7761626C653A7661726961626C654C6973743E0A2020202020203C2F657874656E73696F6E456C656D656E74733E0A2020202020203C6D756C7469496E7374616E63654C6F6F7043686172616374657269737469637320697353657175656E7469616C3D2266616C73652220666C6F7761626C653A636F6C6C656374696F6E3D2261737369676E65654C6973742220666C6F7761626C653A656C656D656E745661726961626C653D2261737369676E6565223E0A20202020202020203C636F6D706C6574696F6E436F6E646974696F6E3E247B6E724F66496E7374616E636573203D3D206E724F66436F6D706C65746564496E7374616E6365737D3C2F636F6D706C6574696F6E436F6E646974696F6E3E0A2020202020203C2F6D756C7469496E7374616E63654C6F6F704368617261637465726973746963733E0A202020203C2F757365725461736B3E0A202020203C73657175656E6365466C6F772069643D22466C6F775F3064693671613622206E616D653D22E5908CE6848F2220736F757263655265663D2241637469766974795F3179757579696522207461726765745265663D2241637469766974795F31656577743031223E0A2020202020203C657874656E73696F6E456C656D656E74733E0A20202020202020203C666C6F7761626C653A637573746F6D436F6E646974696F6E20747970653D226F7065726174696F6E22206F7065726174696F6E547970653D226167726565223E3C2F666C6F7761626C653A637573746F6D436F6E646974696F6E3E0A2020202020203C2F657874656E73696F6E456C656D656E74733E0A2020202020203C636F6E646974696F6E45787072657373696F6E207873693A747970653D2274466F726D616C45787072657373696F6E223E3C215B43444154415B247B6F7065726174696F6E54797065203D3D20276167726565277D5D5D3E3C2F636F6E646974696F6E45787072657373696F6E3E0A202020203C2F73657175656E6365466C6F773E0A202020203C6578636C7573697665476174657761792069643D22476174657761795F316D356672757A223E3C2F6578636C7573697665476174657761793E0A202020203C73657175656E6365466C6F772069643D22466C6F775F306A7976317A622220736F757263655265663D2241637469766974795F3039386E63767722207461726765745265663D22476174657761795F316D356672757A223E3C2F73657175656E6365466C6F773E0A202020203C757365725461736B2069643D2241637469766974795F316833706E787922206E616D653D22E680BBE7BB8FE79086E5AEA1E689B92220666C6F7761626C653A63616E64696461746547726F7570733D22313434303931313431303538313231333431362220666C6F7761626C653A666F726D4B65793D227B2671756F743B666F726D49642671756F743B3A2671756F743B313434303935343932303334383934363433322671756F743B2C2671756F743B726561644F6E6C792671756F743B3A747275652C2671756F743B67726F7570547970652671756F743B3A2671756F743B444550542671756F743B7D223E0A2020202020203C657874656E73696F6E456C656D656E74733E0A20202020202020203C666C6F7761626C653A6F7065726174696F6E4C6973743E0A202020202020202020203C666C6F7761626C653A666F726D4F7065726174696F6E2069643D223136333233383934343935303822206C6162656C3D22E5908CE6848F2220747970653D226167726565222073686F774F726465723D2230223E3C2F666C6F7761626C653A666F726D4F7065726174696F6E3E0A202020202020202020203C666C6F7761626C653A666F726D4F7065726174696F6E2069643D223136333233383934353238353022206C6162656C3D22E68B92E7BB9D2220747970653D22726566757365222073686F774F726465723D2231223E3C2F666C6F7761626C653A666F726D4F7065726174696F6E3E0A20202020202020203C2F666C6F7761626C653A6F7065726174696F6E4C6973743E0A20202020202020203C666C6F7761626C653A7661726961626C654C6973743E3C2F666C6F7761626C653A7661726961626C654C6973743E0A2020202020203C2F657874656E73696F6E456C656D656E74733E0A202020203C2F757365725461736B3E0A202020203C73657175656E6365466C6F772069643D22466C6F775F31663879786F7622206E616D653D22E5908CE6848FE4BABAE695B0E5A4A7E4BA8E3430252220736F757263655265663D22476174657761795F316D356672757A22207461726765745265663D2241637469766974795F316833706E7879223E0A2020202020203C636F6E646974696F6E45787072657373696F6E207873693A747970653D2274466F726D616C45787072657373696F6E223E3C215B43444154415B247B6D756C74694167726565436F756E74202F206E724F66496E7374616E636573203E20302E347D5D5D3E3C2F636F6E646974696F6E45787072657373696F6E3E0A202020203C2F73657175656E6365466C6F773E0A202020203C656E644576656E742069643D224576656E745F3132616A6F3364223E3C2F656E644576656E743E0A202020203C73657175656E6365466C6F772069643D22466C6F775F31613371636C6D22206E616D653D22E5908CE6848F2220736F757263655265663D2241637469766974795F316833706E787922207461726765745265663D224576656E745F3132616A6F3364223E0A2020202020203C657874656E73696F6E456C656D656E74733E0A20202020202020203C666C6F7761626C653A637573746F6D436F6E646974696F6E20747970653D226F7065726174696F6E22206F7065726174696F6E547970653D226167726565223E3C2F666C6F7761626C653A637573746F6D436F6E646974696F6E3E0A2020202020203C2F657874656E73696F6E456C656D656E74733E0A2020202020203C636F6E646974696F6E45787072657373696F6E207873693A747970653D2274466F726D616C45787072657373696F6E223E3C215B43444154415B247B6F7065726174696F6E54797065203D3D20276167726565277D5D5D3E3C2F636F6E646974696F6E45787072657373696F6E3E0A202020203C2F73657175656E6365466C6F773E0A202020203C73657175656E6365466C6F772069643D22466C6F775F306C6C6F79353622206E616D653D22E68B92E7BB9D2220736F757263655265663D2241637469766974795F3179757579696522207461726765745265663D2241637469766974795F306E796C613172223E0A2020202020203C657874656E73696F6E456C656D656E74733E0A20202020202020203C666C6F7761626C653A637573746F6D436F6E646974696F6E20747970653D226F7065726174696F6E22206F7065726174696F6E547970653D22726566757365223E3C2F666C6F7761626C653A637573746F6D436F6E646974696F6E3E0A2020202020203C2F657874656E73696F6E456C656D656E74733E0A2020202020203C636F6E646974696F6E45787072657373696F6E207873693A747970653D2274466F726D616C45787072657373696F6E223E3C215B43444154415B247B6F7065726174696F6E54797065203D3D2027726566757365277D5D5D3E3C2F636F6E646974696F6E45787072657373696F6E3E0A202020203C2F73657175656E6365466C6F773E0A202020203C757365725461736B2069643D2241637469766974795F3165657774303122206E616D653D22E6B395E58AA1E983A8E5AEA1E689B92220666C6F7761626C653A63616E64696461746547726F7570733D22313434303936343338373937393339393136382220666C6F7761626C653A666F726D4B65793D227B2671756F743B666F726D49642671756F743B3A2671756F743B313434303935353030313039333439323733362671756F743B2C2671756F743B726561644F6E6C792671756F743B3A747275652C2671756F743B67726F7570547970652671756F743B3A2671756F743B504F53542671756F743B7D223E0A2020202020203C657874656E73696F6E456C656D656E74733E0A20202020202020203C666C6F7761626C653A6F7065726174696F6E4C6973743E0A202020202020202020203C666C6F7761626C653A666F726D4F7065726174696F6E2069643D223136333233383933333730323422206C6162656C3D22E4BC9AE7ADBE2220747970653D226D756C74695F7369676E222073686F774F726465723D2230223E3C2F666C6F7761626C653A666F726D4F7065726174696F6E3E0A202020202020202020203C666C6F7761626C653A666F726D4F7065726174696F6E2069643D223136333233383933343139303122206C6162656C3D22E58AA0E7ADBE2220747970653D226D756C74695F636F6E7369676E222073686F774F726465723D2231223E3C2F666C6F7761626C653A666F726D4F7065726174696F6E3E0A20202020202020203C2F666C6F7761626C653A6F7065726174696F6E4C6973743E0A20202020202020203C666C6F7761626C653A7661726961626C654C6973743E3C2F666C6F7761626C653A7661726961626C654C6973743E0A2020202020203C2F657874656E73696F6E456C656D656E74733E0A202020203C2F757365725461736B3E0A202020203C73657175656E6365466C6F772069643D22466C6F775F307A6D736E33782220736F757263655265663D2241637469766974795F3165657774303122207461726765745265663D2241637469766974795F3039386E637677223E3C2F73657175656E6365466C6F773E0A202020203C73657175656E6365466C6F772069643D22466C6F775F3176737269766222206E616D653D22E5908CE6848FE4BABAE695B0E5B08FE4BA8E3430252220736F757263655265663D22476174657761795F316D356672757A22207461726765745265663D2241637469766974795F306E796C613172223E0A2020202020203C636F6E646974696F6E45787072657373696F6E207873693A747970653D2274466F726D616C45787072657373696F6E223E3C215B43444154415B247B6D756C74694167726565436F756E74202F206E724F66496E7374616E636573203C3D20302E347D5D5D3E3C2F636F6E646974696F6E45787072657373696F6E3E0A202020203C2F73657175656E6365466C6F773E0A202020203C73657175656E6365466C6F772069643D22466C6F775F316D323430366622206E616D653D22E68B92E7BB9D2220736F757263655265663D2241637469766974795F316833706E787922207461726765745265663D2241637469766974795F306E796C613172223E0A2020202020203C657874656E73696F6E456C656D656E74733E0A20202020202020203C666C6F7761626C653A637573746F6D436F6E646974696F6E20747970653D226F7065726174696F6E22206F7065726174696F6E547970653D22726566757365223E3C2F666C6F7761626C653A637573746F6D436F6E646974696F6E3E0A2020202020203C2F657874656E73696F6E456C656D656E74733E0A2020202020203C636F6E646974696F6E45787072657373696F6E207873693A747970653D2274466F726D616C45787072657373696F6E223E3C215B43444154415B247B6F7065726174696F6E54797065203D3D2027726566757365277D5D5D3E3C2F636F6E646974696F6E45787072657373696F6E3E0A202020203C2F73657175656E6365466C6F773E0A20203C2F70726F636573733E0A20203C62706D6E64693A42504D4E4469616772616D2069643D2242504D4E4469616772616D5F666C6F77436F6E7472616374223E0A202020203C62706D6E64693A42504D4E506C616E652062706D6E456C656D656E743D22666C6F77436F6E7472616374222069643D2242504D4E506C616E655F666C6F77436F6E7472616374223E0A2020202020203C62706D6E64693A42504D4E53686170652062706D6E456C656D656E743D224576656E745F3170736D697364222069643D2242504D4E53686170655F4576656E745F3170736D697364223E0A20202020202020203C6F6D6764633A426F756E6473206865696768743D2233362E30222077696474683D2233362E302220783D2239322E302220793D223331322E30223E3C2F6F6D6764633A426F756E64733E0A2020202020203C2F62706D6E64693A42504D4E53686170653E0A2020202020203C62706D6E64693A42504D4E53686170652062706D6E456C656D656E743D2241637469766974795F306E796C613172222069643D2242504D4E53686170655F41637469766974795F306E796C613172223E0A20202020202020203C6F6D6764633A426F756E6473206865696768743D2238302E30222077696474683D223130302E302220783D223138302E302220793D223239302E30223E3C2F6F6D6764633A426F756E64733E0A2020202020203C2F62706D6E64693A42504D4E53686170653E0A2020202020203C62706D6E64693A42504D4E53686170652062706D6E456C656D656E743D2241637469766974795F31756372683532222069643D2242504D4E53686170655F41637469766974795F31756372683532223E0A20202020202020203C6F6D6764633A426F756E6473206865696768743D2238302E30222077696474683D223130302E302220783D223334302E302220793D223239302E30223E3C2F6F6D6764633A426F756E64733E0A2020202020203C2F62706D6E64693A42504D4E53686170653E0A2020202020203C62706D6E64693A42504D4E53686170652062706D6E456C656D656E743D22476174657761795F30396364787466222069643D2242504D4E53686170655F476174657761795F30396364787466223E0A20202020202020203C6F6D6764633A426F756E6473206865696768743D2235302E30222077696474683D2235302E302220783D223530352E302220793D223330352E30223E3C2F6F6D6764633A426F756E64733E0A2020202020203C2F62706D6E64693A42504D4E53686170653E0A2020202020203C62706D6E64693A42504D4E53686170652062706D6E456C656D656E743D2241637469766974795F3133386D346E6E222069643D2242504D4E53686170655F41637469766974795F3133386D346E6E223E0A20202020202020203C6F6D6764633A426F756E6473206865696768743D2238302E30222077696474683D223130302E302220783D223636302E302220793D223136302E30223E3C2F6F6D6764633A426F756E64733E0A2020202020203C2F62706D6E64693A42504D4E53686170653E0A2020202020203C62706D6E64693A42504D4E53686170652062706D6E456C656D656E743D2241637469766974795F30746D336D7068222069643D2242504D4E53686170655F41637469766974795F30746D336D7068223E0A20202020202020203C6F6D6764633A426F756E6473206865696768743D2238302E30222077696474683D223130302E302220783D223636302E302220793D223339302E30223E3C2F6F6D6764633A426F756E64733E0A2020202020203C2F62706D6E64693A42504D4E53686170653E0A2020202020203C62706D6E64693A42504D4E53686170652062706D6E456C656D656E743D22476174657761795F306F79366F666C222069643D2242504D4E53686170655F476174657761795F306F79366F666C223E0A20202020202020203C6F6D6764633A426F756E6473206865696768743D2235302E30222077696474683D2235302E302220783D223835352E302220793D223330352E30223E3C2F6F6D6764633A426F756E64733E0A2020202020203C2F62706D6E64693A42504D4E53686170653E0A2020202020203C62706D6E64693A42504D4E53686170652062706D6E456C656D656E743D2241637469766974795F31797575796965222069643D2242504D4E53686170655F41637469766974795F31797575796965223E0A20202020202020203C6F6D6764633A426F756E6473206865696768743D2238302E30222077696474683D223130302E302220783D22313030302E302220793D223239302E30223E3C2F6F6D6764633A426F756E64733E0A2020202020203C2F62706D6E64693A42504D4E53686170653E0A2020202020203C62706D6E64693A42504D4E53686170652062706D6E456C656D656E743D2241637469766974795F3039386E637677222069643D2242504D4E53686170655F41637469766974795F3039386E637677223E0A20202020202020203C6F6D6764633A426F756E6473206865696768743D2238302E30222077696474683D223130302E302220783D22313336302E302220793D223239302E30223E3C2F6F6D6764633A426F756E64733E0A2020202020203C2F62706D6E64693A42504D4E53686170653E0A2020202020203C62706D6E64693A42504D4E53686170652062706D6E456C656D656E743D22476174657761795F316D356672757A222069643D2242504D4E53686170655F476174657761795F316D356672757A223E0A20202020202020203C6F6D6764633A426F756E6473206865696768743D2235302E30222077696474683D2235302E302220783D22313531352E302220793D223330352E30223E3C2F6F6D6764633A426F756E64733E0A2020202020203C2F62706D6E64693A42504D4E53686170653E0A2020202020203C62706D6E64693A42504D4E53686170652062706D6E456C656D656E743D2241637469766974795F316833706E7879222069643D2242504D4E53686170655F41637469766974795F316833706E7879223E0A20202020202020203C6F6D6764633A426F756E6473206865696768743D2238302E30222077696474683D223130302E302220783D22313637302E302220793D223239302E30223E3C2F6F6D6764633A426F756E64733E0A2020202020203C2F62706D6E64693A42504D4E53686170653E0A2020202020203C62706D6E64693A42504D4E53686170652062706D6E456C656D656E743D224576656E745F3132616A6F3364222069643D2242504D4E53686170655F4576656E745F3132616A6F3364223E0A20202020202020203C6F6D6764633A426F756E6473206865696768743D2233362E30222077696474683D2233362E302220783D22313836322E302220793D223331322E30223E3C2F6F6D6764633A426F756E64733E0A2020202020203C2F62706D6E64693A42504D4E53686170653E0A2020202020203C62706D6E64693A42504D4E53686170652062706D6E456C656D656E743D2241637469766974795F31656577743031222069643D2242504D4E53686170655F41637469766974795F31656577743031223E0A20202020202020203C6F6D6764633A426F756E6473206865696768743D2238302E30222077696474683D223130302E302220783D22313139302E302220793D223239302E30223E3C2F6F6D6764633A426F756E64733E0A2020202020203C2F62706D6E64693A42504D4E53686170653E0A2020202020203C62706D6E64693A42504D4E456467652062706D6E456C656D656E743D22466C6F775F316D3234303666222069643D2242504D4E456467655F466C6F775F316D3234303666223E0A20202020202020203C6F6D6764693A776179706F696E7420783D22313732302E302220793D223337302E30223E3C2F6F6D6764693A776179706F696E743E0A20202020202020203C6F6D6764693A776179706F696E7420783D22313732302E302220793D223534302E30223E3C2F6F6D6764693A776179706F696E743E0A20202020202020203C6F6D6764693A776179706F696E7420783D223231302E302220793D223534302E30223E3C2F6F6D6764693A776179706F696E743E0A20202020202020203C6F6D6764693A776179706F696E7420783D223231302E302220793D223337302E30223E3C2F6F6D6764693A776179706F696E743E0A20202020202020203C62706D6E64693A42504D4E4C6162656C3E0A202020202020202020203C6F6D6764633A426F756E6473206865696768743D2231342E30222077696474683D2232322E302220783D223935342E302220793D223532322E30223E3C2F6F6D6764633A426F756E64733E0A20202020202020203C2F62706D6E64693A42504D4E4C6162656C3E0A2020202020203C2F62706D6E64693A42504D4E456467653E0A2020202020203C62706D6E64693A42504D4E456467652062706D6E456C656D656E743D22466C6F775F31767372697662222069643D2242504D4E456467655F466C6F775F31767372697662223E0A20202020202020203C6F6D6764693A776179706F696E7420783D22313534302E302220793D223330352E30223E3C2F6F6D6764693A776179706F696E743E0A20202020202020203C6F6D6764693A776179706F696E7420783D22313534302E302220793D223133302E30223E3C2F6F6D6764693A776179706F696E743E0A20202020202020203C6F6D6764693A776179706F696E7420783D223233302E302220793D223133302E30223E3C2F6F6D6764693A776179706F696E743E0A20202020202020203C6F6D6764693A776179706F696E7420783D223233302E302220793D223239302E30223E3C2F6F6D6764693A776179706F696E743E0A20202020202020203C62706D6E64693A42504D4E4C6162656C3E0A202020202020202020203C6F6D6764633A426F756E6473206865696768743D2231342E30222077696474683D2238392E302220783D223834312E302220793D223131322E30223E3C2F6F6D6764633A426F756E64733E0A20202020202020203C2F62706D6E64693A42504D4E4C6162656C3E0A2020202020203C2F62706D6E64693A42504D4E456467653E0A2020202020203C62706D6E64693A42504D4E456467652062706D6E456C656D656E743D22466C6F775F307A6D736E3378222069643D2242504D4E456467655F466C6F775F307A6D736E3378223E0A20202020202020203C6F6D6764693A776179706F696E7420783D22313239302E302220793D223333302E30223E3C2F6F6D6764693A776179706F696E743E0A20202020202020203C6F6D6764693A776179706F696E7420783D22313336302E302220793D223333302E30223E3C2F6F6D6764693A776179706F696E743E0A2020202020203C2F62706D6E64693A42504D4E456467653E0A2020202020203C62706D6E64693A42504D4E456467652062706D6E456C656D656E743D22466C6F775F306C6C6F793536222069643D2242504D4E456467655F466C6F775F306C6C6F793536223E0A20202020202020203C6F6D6764693A776179706F696E7420783D22313035302E302220793D223337302E30223E3C2F6F6D6764693A776179706F696E743E0A20202020202020203C6F6D6764693A776179706F696E7420783D22313035302E302220793D223530302E30223E3C2F6F6D6764693A776179706F696E743E0A20202020202020203C6F6D6764693A776179706F696E7420783D223233302E302220793D223530302E30223E3C2F6F6D6764693A776179706F696E743E0A20202020202020203C6F6D6764693A776179706F696E7420783D223233302E302220793D223337302E30223E3C2F6F6D6764693A776179706F696E743E0A20202020202020203C62706D6E64693A42504D4E4C6162656C3E0A202020202020202020203C6F6D6764633A426F756E6473206865696768743D2231342E30222077696474683D2232322E302220783D223632392E302220793D223438322E30223E3C2F6F6D6764633A426F756E64733E0A20202020202020203C2F62706D6E64693A42504D4E4C6162656C3E0A2020202020203C2F62706D6E64693A42504D4E456467653E0A2020202020203C62706D6E64693A42504D4E456467652062706D6E456C656D656E743D22466C6F775F31613371636C6D222069643D2242504D4E456467655F466C6F775F31613371636C6D223E0A20202020202020203C6F6D6764693A776179706F696E7420783D22313737302E302220793D223333302E30223E3C2F6F6D6764693A776179706F696E743E0A20202020202020203C6F6D6764693A776179706F696E7420783D22313836322E302220793D223333302E30223E3C2F6F6D6764693A776179706F696E743E0A20202020202020203C62706D6E64693A42504D4E4C6162656C3E0A202020202020202020203C6F6D6764633A426F756E6473206865696768743D2231342E30222077696474683D2232332E302220783D22313830352E302220793D223331322E30223E3C2F6F6D6764633A426F756E64733E0A20202020202020203C2F62706D6E64693A42504D4E4C6162656C3E0A2020202020203C2F62706D6E64693A42504D4E456467653E0A2020202020203C62706D6E64693A42504D4E456467652062706D6E456C656D656E743D22466C6F775F31663879786F76222069643D2242504D4E456467655F466C6F775F31663879786F76223E0A20202020202020203C6F6D6764693A776179706F696E7420783D22313536352E302220793D223333302E30223E3C2F6F6D6764693A776179706F696E743E0A20202020202020203C6F6D6764693A776179706F696E7420783D22313637302E302220793D223333302E30223E3C2F6F6D6764693A776179706F696E743E0A20202020202020203C62706D6E64693A42504D4E4C6162656C3E0A202020202020202020203C6F6D6764633A426F756E6473206865696768743D2231342E30222077696474683D2238392E302220783D22313537332E302220793D223331322E30223E3C2F6F6D6764633A426F756E64733E0A20202020202020203C2F62706D6E64693A42504D4E4C6162656C3E0A2020202020203C2F62706D6E64693A42504D4E456467653E0A2020202020203C62706D6E64693A42504D4E456467652062706D6E456C656D656E743D22466C6F775F306A7976317A62222069643D2242504D4E456467655F466C6F775F306A7976317A62223E0A20202020202020203C6F6D6764693A776179706F696E7420783D22313436302E302220793D223333302E30223E3C2F6F6D6764693A776179706F696E743E0A20202020202020203C6F6D6764693A776179706F696E7420783D22313531352E302220793D223333302E30223E3C2F6F6D6764693A776179706F696E743E0A2020202020203C2F62706D6E64693A42504D4E456467653E0A2020202020203C62706D6E64693A42504D4E456467652062706D6E456C656D656E743D22466C6F775F30646936716136222069643D2242504D4E456467655F466C6F775F30646936716136223E0A20202020202020203C6F6D6764693A776179706F696E7420783D22313130302E302220793D223333302E30223E3C2F6F6D6764693A776179706F696E743E0A20202020202020203C6F6D6764693A776179706F696E7420783D22313139302E302220793D223333302E30223E3C2F6F6D6764693A776179706F696E743E0A20202020202020203C62706D6E64693A42504D4E4C6162656C3E0A202020202020202020203C6F6D6764633A426F756E6473206865696768743D2231342E30222077696474683D2232332E302220783D22313133342E302220793D223331322E30223E3C2F6F6D6764633A426F756E64733E0A20202020202020203C2F62706D6E64693A42504D4E4C6162656C3E0A2020202020203C2F62706D6E64693A42504D4E456467653E0A2020202020203C62706D6E64693A42504D4E456467652062706D6E456C656D656E743D22466C6F775F316B79686E6C7A222069643D2242504D4E456467655F466C6F775F316B79686E6C7A223E0A20202020202020203C6F6D6764693A776179706F696E7420783D223930352E302220793D223333302E30223E3C2F6F6D6764693A776179706F696E743E0A20202020202020203C6F6D6764693A776179706F696E7420783D22313030302E302220793D223333302E30223E3C2F6F6D6764693A776179706F696E743E0A2020202020203C2F62706D6E64693A42504D4E456467653E0A2020202020203C62706D6E64693A42504D4E456467652062706D6E456C656D656E743D22466C6F775F3175766A336473222069643D2242504D4E456467655F466C6F775F3175766A336473223E0A20202020202020203C6F6D6764693A776179706F696E7420783D223736302E302220793D223433302E30223E3C2F6F6D6764693A776179706F696E743E0A20202020202020203C6F6D6764693A776179706F696E7420783D223838302E302220793D223433302E30223E3C2F6F6D6764693A776179706F696E743E0A20202020202020203C6F6D6764693A776179706F696E7420783D223838302E302220793D223335352E30223E3C2F6F6D6764693A776179706F696E743E0A2020202020203C2F62706D6E64693A42504D4E456467653E0A2020202020203C62706D6E64693A42504D4E456467652062706D6E456C656D656E743D22466C6F775F31323465387A33222069643D2242504D4E456467655F466C6F775F31323465387A33223E0A20202020202020203C6F6D6764693A776179706F696E7420783D223736302E302220793D223230302E30223E3C2F6F6D6764693A776179706F696E743E0A20202020202020203C6F6D6764693A776179706F696E7420783D223838302E302220793D223230302E30223E3C2F6F6D6764693A776179706F696E743E0A20202020202020203C6F6D6764693A776179706F696E7420783D223838302E302220793D223330352E30223E3C2F6F6D6764693A776179706F696E743E0A2020202020203C2F62706D6E64693A42504D4E456467653E0A2020202020203C62706D6E64693A42504D4E456467652062706D6E456C656D656E743D22466C6F775F31797871626530222069643D2242504D4E456467655F466C6F775F31797871626530223E0A20202020202020203C6F6D6764693A776179706F696E7420783D223533302E302220793D223335352E30223E3C2F6F6D6764693A776179706F696E743E0A20202020202020203C6F6D6764693A776179706F696E7420783D223533302E302220793D223433302E30223E3C2F6F6D6764693A776179706F696E743E0A20202020202020203C6F6D6764693A776179706F696E7420783D223636302E302220793D223433302E30223E3C2F6F6D6764693A776179706F696E743E0A2020202020203C2F62706D6E64693A42504D4E456467653E0A2020202020203C62706D6E64693A42504D4E456467652062706D6E456C656D656E743D22466C6F775F307A7A30753967222069643D2242504D4E456467655F466C6F775F307A7A30753967223E0A20202020202020203C6F6D6764693A776179706F696E7420783D223533302E302220793D223330352E30223E3C2F6F6D6764693A776179706F696E743E0A20202020202020203C6F6D6764693A776179706F696E7420783D223533302E302220793D223230302E30223E3C2F6F6D6764693A776179706F696E743E0A20202020202020203C6F6D6764693A776179706F696E7420783D223636302E302220793D223230302E30223E3C2F6F6D6764693A776179706F696E743E0A2020202020203C2F62706D6E64693A42504D4E456467653E0A2020202020203C62706D6E64693A42504D4E456467652062706D6E456C656D656E743D22466C6F775F30323666766E71222069643D2242504D4E456467655F466C6F775F30323666766E71223E0A20202020202020203C6F6D6764693A776179706F696E7420783D223434302E302220793D223333302E30223E3C2F6F6D6764693A776179706F696E743E0A20202020202020203C6F6D6764693A776179706F696E7420783D223530352E302220793D223333302E30223E3C2F6F6D6764693A776179706F696E743E0A2020202020203C2F62706D6E64693A42504D4E456467653E0A2020202020203C62706D6E64693A42504D4E456467652062706D6E456C656D656E743D22466C6F775F30346B63616A63222069643D2242504D4E456467655F466C6F775F30346B63616A63223E0A20202020202020203C6F6D6764693A776179706F696E7420783D223238302E302220793D223333302E30223E3C2F6F6D6764693A776179706F696E743E0A20202020202020203C6F6D6764693A776179706F696E7420783D223334302E302220793D223333302E30223E3C2F6F6D6764693A776179706F696E743E0A2020202020203C2F62706D6E64693A42504D4E456467653E0A2020202020203C62706D6E64693A42504D4E456467652062706D6E456C656D656E743D22466C6F775F30306365786561222069643D2242504D4E456467655F466C6F775F30306365786561223E0A20202020202020203C6F6D6764693A776179706F696E7420783D223132382E302220793D223333302E30223E3C2F6F6D6764693A776179706F696E743E0A20202020202020203C6F6D6764693A776179706F696E7420783D223138302E302220793D223333302E30223E3C2F6F6D6764693A776179706F696E743E0A2020202020203C2F62706D6E64693A42504D4E456467653E0A202020203C2F62706D6E64693A42504D4E506C616E653E0A20203C2F62706D6E64693A42504D4E4469616772616D3E0A3C2F646566696E6974696F6E733E, 0);
INSERT INTO `ACT_GE_BYTEARRAY` VALUES ('1bbbe542-1c51-11ec-94ee-5ef70686b817', 1, 'flowContract.flowContract.png', '1ba32d20-1c51-11ec-94ee-5ef70686b817', 0x89504E470D0A1A0A0000000D4948445200000774000002260806000000AB78BB71000069854944415478DAECDD07981D55D938F05014AC34FB5F6CE0A7D83F15151B114114145009D98426862F8496DD0D298A88A11B5BB27743899F48533F0145098A81ECBD1702482F22016921B484D02142820AF39F77D859EE6E76934DB26576F7F77B9EF3E496B96577DF9C79CF79E7CC0C1B06000000000000000000000000000000000000000000000000000000000000000000000000000000000000000000000000000000000000000000000000000000000000000000000000000000000000000000000000000000000000000000000000000000000000000000000000000000000000000000000000000000000000000000000000000000000000000000000000000000000000000000000000000000000000000000000000000000000000000000000000000000000000000000000000000000000000000000000000000000000000000000000000000000000000000000000000000000000000000000000000000000000000000000000000000000000000000000000000000000000000000000000000000000000000000000000000000000000000000000000000000000000000000000000000000000000000000000000000000000000000000000000000000000000000000000000000000000000000000000000000000000000000000000000000000000000000000000000000000000000000000000000000000000000000000000000000000000000000000000000000000000000000000000000000000000000000000000000000000000000000000000000000000000000000000000000000000000000000000000000000000000000000000000000000000000000000000000000000000000000000000000000000000000000000000000000000000000000000000000000000000000000000000000000000000000000000000000000000000000000000000000000000000000000000000000000000000000000000000000000000000000000000000000000000000000000000000000000000000000000000000000000000000000000000000000000000000000000000000000000000000000000000000000000000000000000000000000000000000000000000000000000000000000000000000000000000000000000000000000000000000000000000000000000000000000000000000000000000000000000000000000000000000000000000000000000000000000000000000000000000000000000000000000000000000000000000000000000000000000000000000000000000000000000000000000000000000000834CE389D52D1B7FF6D757AC6ABBC9D32E7FCD4127565FDDDDE7279D587D93DF2E000000000000402A8AA9F5A5CA5F56D6F2826B7A7B7C6373F93BD11A9ACBB736942A67B4DD2F951B3A7BFFC6E66A7D7DA97A40C7C70F3CE9B24D1A9A2BA7C7EBEA9BAB7BA5EFF5C7A953A7AE9B3E76F7CABE6FFD8CF2E7D36D4FE9ECB9F4BDFEB7CB9FA3A9F2B3EEFE4EE27B747CECD0D2851BACF858F5AD63675DF7325104000000000000F48AD6C2EA8D8DCD977EB0B316CFC536B16D43A9B2736373A5B1A154BEB9A1B9BA5BD64A953BD3FB07C6739DBD7F7DA932A9B1A9BA6FC7C763756F1466EB9BAA273496AACDF5A5F2110DD3E7BD397DEC9186A6F2D4688DA5F22756785DA9B26D146E3BFBAC6CD570FEBD9BCA13E3FDF3FB8796CA5B74DC7ECAACB91BA5DBDC54DF5C1D993D9024EBA4F74F4ADBC28652F5C2F83EAD3FC3F8F899D3CFBE62C439E7AC973DD65CD9B1A1A97A717E1F000000000000A0C76505DD52E5F286A6CA842850B66F5951F4F2D8A6B1A9B247AC9E6D2C5516A48FDD17B75BDB03F9EDC6A66A5DC7F7AF6FAA9E5C5FAA4EE9F8F884A6CA4EE9FBDC92B6246D8BE273D2CF189BFE5B6E2D10DF7E68A9E57DB16DAC988DEDE3766D4137FD8EDF1B3BEB825776F67365DFB7A97274573FF7D4D3AA1B3694AAF3E2F30F69BEF49DADEF77707A7F4EB652B8A9F2DD585D9C1579D39FB1F16773364D9F9B3BBEA9FA81F14D97BE3BBD7DFDC1335B36134100000000000040AFC90BBA71EDDAFA1995F7B46F2D6FCC0BBAB16DC3F44BB74AEFFFAAA1543EADB6353695CFCA8BAF1DC5AAD6F435F7765CC97A48F3C56FA92F956F489F3B3BDDE6BAACF0DB54F9657ABBE5B099E5B7C7E7BCF41E2D9F8BC75BDFEFA5826E9CF2B9A932F6C5EF56DD380AB3794BDFFB90F4F999B58FC536B1EDD4A9D5F51B4AD5D9E9F3A7A6EDE1EC435E2CDCDE1D9F1577EB9B2BBB3496AAE7642B899BCBB7B6AEE65D38F1E48BDE90BEF69AF477F321D103000000000000F4AABCA03B79DAE5AF7971A56C143AB362E7A22880B62BE83697B78B226CDA7E52DB62B56A3CD7F1BDA3E819AB70EB9BABE7D53757BE59FB5CEB299B87D7972AC74D28553F35E1C44B374FB7AD66AB669BAAFB37962A47E5DBA6B79BD2F718D37ABBADA09BBEFFD6F1FED9ED99D5AF66D7E47DA95D9A3EF7B7768FC569A15F2CDCA6B7ABD3E33B3436952F88D71FD65C7D6F149EDBBE5F536542FA593FCA3EB3B9FC9DF8191A4BE5AFC5B57ED3D7EE9EBEC767C63755BEE81ABA00000000000040AFC90BBA87962E7C6D1453F3C7A3B89A3F575BD06D68AE5C15C5D6DA966E7375C7826E9CB6B8BEB9F2E76C75ED89D52DA3C01A2B63F3E71B4BE52FA5AFBB287DFDE3E9BFBF8FCF8EE26876AAE452E5A986E9D58FC476F54D73DF969DD6B975756DC76BE8C6678F6F2A7FBAE3CFD5D529971B9BCBE3D2D73C9D1574E354D3A5CAF5F533CA9F6F2DD6FEA9F6E78FF768F7DA52F598F4E73C36AEB91B2B86E37B64A76506000000000000E80DED0BBA95875E3A9572E5A18E05DDFA52657CACAACD56ACA6B763E56C763DD9E6F257EA9BAB7BD5BE6F3CD758AA36E7F71B9A2BC7A7AFF9CB4127565FFDD236D5735EBC5E6EB9A1A1A93CB575BBCFA49FF9EFC6E92DEFCAEE972A3F6D6CAE1C54F3BEED0BBA4DE5BDD336A3E3CFD5554137BEEF84A6962F448BEBF4A6AF3D344EA3DC5A38BE2ABB7E6EFAF3E4B7DB3E2756E596AAB363856FFADEBF8B4275FAF34C8ADF8528020000000000007A455EB48DDBD929966B5A142FE314CBD93633CB1F4DB7BBECD052798B28764EFCF145AFCAAE7B3BB3658728A8C6E98DE314C88D3F9BB36943A9FC87B87E6DED8ADCECFD63756B5C3777FABC3767F7A3185BAA2C4FDB7FEA4BD50362556E5CAF367DFDA8EC74C9E97687962EDCA0B6B01A85E3C652E5E7F9FD58D53B76D605AFECF8734511B8F6B4CD1DBD781DDDCAD238D574DB6B4AD5E6F4B3EF8855BBB5D7046E3D75F4B551F4CEEE972A47A6F77F9BFE7B5B5C0B581401000000000000BD62CAACB91BD59E6A3917D79BCDAE7F5B2ADF90AD4A2D55B78FD5B1AD85D039F5A5CA9551088E7F273455769A50AA7CB86166CB3651EC8CE26C579FD7D854199B3E3F2556C6C6F568E3D4CB07CF6CD92C5E97ADD8CD4FB53CB36587FAA6EA096DAF9BDEF2AE28A0468BD32377F9FECDD58F67A7802E55FE1EA7525EDDDF47ED0AE2B6DFC5F44BB7EA58B88D9FB7B6180C00000000000000000000000000000000000000000000000000000000000000000000000000000000000000000000000000000000000000000000000000000014445D5D5DA2699AA6699AA6699AA6699AA6699AD6D3CDEC2B00400F1574FD1600000000809E64DE1100406205000000001494794700008915000000005050E61D0100245600000000404199770400905801000000000565DE1100406205000000001494794700008915000000005050E61D0100245600000000404199770400905801000000000565DE1100406205000000001494794700008915000000005050E61D0100245600000000404199770400905801000000000565DE1100406205000000001494794700008915000000005050E61D0100245600000000404199770400905801000000000565DE1100406205000000001494794700008915000000005050E61D0100245600000000404199770400905801000000000565DE1100406205000000001494794700008915000000005050E61D0100245600000000404199770400905801000000000565DE1100406205000000001494794700008915000000005050E61D0100245600000000404199770400905801000000000565DE1100406205C0109424C9CB172C5870CE95575EF9AF72B99CCC9D3B57EBE396FEDE5F98376FDEA24AA5B2AB88040000BA62DE1100406205C010B460C18273E7CD9B972C59B22459B66C59F2DC73CF697DDCE2F71EBFFF4B2EB9E4A9B973E7EE2C2A010080CE987704009058013004C5CADC28262AACF67F5BBC78F1A373E7CEBD46540200009D31EF080020B10260088AD32C5B995B9C95BA73E7CE5D2E2A010080CE987704009058013004C5355C15538BD3E2EF212A010080CE98770400905801300475B7A0FBCF2717270BAE3D2D99DF7274D6E2763CA608ABA00B0000F40DF38E0000122B0086A0EE1474973EF16072CB45DF4FFEF6E749ED5A3C16CF29C42AE8020000BDCFBC230080C40A8021A83B05DDFBE7CF5EA1989BB707E65FA010ABA00B0000F401F38E0000122B0086A0EE14746FAB4EEBB2A01BCF29C42AE8020000BDCFBC230080C40A8021A83B05DD5BE64EEDB2A01BCF29C42AE8020000BDCFBC230080C40A8021484157411700001818CC3B020048AC001882BA53D09DDF72749705DD784E215641170000E87DE61D01002456000C41DD29E8DE79C5CC2E0BBAF19C42AC822E0000D0FBCC3B020048AC001882BA53D07DECC19B935B2EFEC18AA75B4E1F8BE714621574010080DE67DE1100406205C010D49D826EB47BAE3B7385826E3CA608ABA00B0000F40DF38E0000122B0086A06E1574972F4FEEFCEBC92B9E6E397D2C9E538855D00500007A9F7947000089150043D0AA0ABA4B9F7830B9E38AE62EAFA11BCFC5368AB10ABA000040EF32EF080020B1026008EAB2A0BB7C79B2F8CE4AF2F739877759CCCD5B6C13DB5AADABA00B0000F41EF38E0000122B0086A0CE0ABAAB5A956BB5AE822E0000D0F7CC3B020048AC0018823A2BE8766755EECA56EB2ACC2AE80200003DCFBC230080C40A8021A8B382EE9A1673F3A630ABA00B0000F43CF38E0000122B0086A02EAFA1AB29E80200008562DE1100406205C010A4A0ABA00B00000C0CE61D01002456000C410ABA0ABA0000C0C060DE1100406205C010A4A0ABA00B00000C0CE61D01002456000C410ABA0ABA0000C0C060DE1100406205C010A4A0ABA00B00000C0CE61D01002456000C410ABA0ABA0000C0C060DE1100406205C010A4A0ABA00B00000C0CE61D01002456000C410ABA0ABA0000C0C060DE1100406205C010A4A0ABA00B00000C0CE61D01002456000C410ABA0ABA0000C0C060DE1100406205C010A4A0ABA00B00000C0CE61D01002456000C410ABA0ABA0000C0C060DE1100406205C010A4A0ABA00B00000C0CE61D01002456000CAEFD51356DC357B59D82AE822E00003060C679C60B0000122B0006D3FEA8B5ADB4B0ABA0ABA00B00000C9C719EDF020080C40A8041B43FEAD03A2DEC2AE82AE802000003679CE7B7000020B1026010ED8FBA68ED0ABB0ABA0ABA0000C0C019E7F92D000048AC001844FBA355B4ACB0ABA0ABA00B00000C9C719EDF020080C40A1862FD95A615B1A0BB6CD9B264E9D2A5ABDC6ED1A245C96DB7DDB65AEFBD64C992E4CA2BAFECF2F9471E7924993F7F7E767BE1C285C9934F3E997D9F7FFCE31FDDFA4E6BDBC4E4E06FF63E000098770400905801E8AF28CC2997CF3AEBACE4A73FFD6997EDF4D34FCFB6BBFCF2CB937DF7DD37F9D8C73E96BCE215AF480E3AE8A0E4FDEF7F7FF2BEF7BDAF5D5BBE7C79B278F1E2E4B2CB2E4B76DB6DB7E4831FFC60763BDAF7BFFFFD76DBC6674771F684134E686B3BEFBC73B2EEBAEB26C71E7B6CBBC7EFBCF3CEEC7BFCFAD7BF4E5EFFFAD767B737DA68A3E4ECB3CF4E1E7CF0C1F8BF925C77DD7556E8A2DF0500403E090020B102D05FD1337FDF95157273BD5DD0DD6FBFFD92ADB7DE3A6B1FF8C007B2C268FC9B3F16DF2DB6AB56ABC92EBBEC92ACB3CE3AC911471C915C73CD35D9B651F43DEFBCF392638E3926BB1FAB65CF3CF3CCEC76C7B6CF3EFB249FFDEC67931FFFF8C7D9FDD9B36727E79E7B6EB2FEFAEB275FFEF297BB6CB1ED85175E98DC7DF7DDC9E4C993938D37DE382997CB0ABAE8770100904F020048AC00F457F4DEDF776585DC5C5F9E72394E5B9C7E6472F3CD3777FADCF9E79F9FAD9E3DFEF8E3936BAFBD36DBF6C0030F4C8E3BEEB8E480030E682BE8C6F651783DFAE8A3B315BBDB6DB75D72EAA9A726DFFEF6B793BDF6DA2BF9D18F7E94ADB27DE69967928B2EBA285BE97BCF3DF7642D4EB71CEF138FE78F7DF8C31F4EAEB8E28A64FAF4E9C9061B6C901595DFFBDEF76605DD33CE3823DB265E3375EAD4649B6DB6E9F4FB2BE8A2DF0500403E090020B102D05FB13A7FDF951672734529E8C64ADC57BDEA55D9F3AF7DED6B939FFCE427C937BEF18D766DF7DD77CF0AB877DC714756E07DC73BDE91ADC08DD79C72CA29593137DA873EF4A1AC109CBF779C467958272B7AF3169F5DBB6DED2997E3F9CF7DEE73D9BFF1FDC68D1B977DBE822EFA5D0000E4930000122B00FD15BDAE2805DD6853A64CC99E9F38716252A954B2026EC7162B69C78F1FDF696176871D7648468D1A956CB5D55659C1B7B648BBE9A69B26D75F7F7D766AE5D8360AC1717F8B2DB658A1A01B05E538CD731474E35ABB717DDF784D7CB6532EA3DF0500403E090020B102D05FD1678A52D08D55AF1B6EB861F6FCCB5EF6B2AC307BF8E18767D7C58DC71A1B1BB3FB37DD7453B64A77D6AC59C949279DD4D62EB8E082B6532E5F7DF5D5C9CB5FFEF2E4BEFBEE5BAD15BA71BDDC38FD723CF695AF7CC53574D1EF0200209F0400905801E8AFE85F4529E846E176E79D774ED65B6FBDE4A8A38ECA56C8C6E98D77D96597EC3563C68C490E3AE8A0B6ED63BBCD37DF3CBBD6EDC61B6F9C1560F3826E3C1FD7CD9D366D5A5B4177934D3649AEBAEAAA64F6ECD9D9FBFDE637BFC9EED7AED08D6BF86EBFFDF6C9EB5EF7BAB6532E772CE8FEF39FFF54D045BF0B00807C1200406205A0BFA26F14A5A07BDC71C76505D328D456ABD5E4E1871FCE0ABABBEDB65BF69AFDF6DB6F8582EE9C3973B2DB871C72485B4177DB6DB74D264F9E9C6CB6D9665931766DAFA1DBB1A0BBC71E7BB4DB5E4117FD2E0000F2490000891580FE8A5ED39B05DDD34F3F3D2BB0E66DEBADB7CE0AA39FF8C427DA3DFECB5FFE3279F6D967DB0AB551D08D42EA8C193392830F3E387BCD09279C90DDCFBF6F6CB7DD76DB257BEEB967F29EF7BCA7ADA01BD7D9FDC217BE9015831F7BECB16CDB2BAFBC323B6573ACAEBDF3CE3BB3F7BBF6DA6BB3FBF1BE2D2D2DD9760F3DF450B63A380ABAF17C7CC6473EF29164D75D77CD5E3373E6CCE4DDEF7E77D2D4D4A4A08B7E170000F9240080C40A407F45EFEBCD82EE25975C921C79E491AB6C7941B5B6A01BA758FEE4273FB9423BFEF8E3DBB6FBEA57BF9A156EE3F4CA1D4FB9DC555BB87061569CBDF1C61B5778EE17BFF845F6DCD7BFFEF5EC9ABC6F7DEB5BB3F72F97CB59113A9E7BCB5BDE92CC9F3F5F4117FD2E0000F2490000891580FE8ADED797A75CEE4EBBF7DE7BBB759DDABBEEBA2B59BA7469DBCADA458B16258B172FCEFE5DD9EB9E79E699E49A6BAE697B6D6D8BCF8DF788DBCB972F5FE1F9A79E7AAAD3C71574D1EF0200209F0400905801E8AFE815452BE80EF5A6A0ABDF050000F9240080C40A407F451B055D055DF4BB0000C8270100245600FA2B0A4A41574117FD2E0000F2490000891580FE8A8252D055D045BF0B00807C1200406205A0BFA2A014741574D1EF0200209F0400905801E8AF2828055D055DF4BB0000C8270100245600FA2B0A4A41574117FD2E0000F2490000891580FE8A8252D055D045BF0B00807C1200406205A0BFA2A014741574D1EF0200209F0400905801E8AF2828055D055DF4BB0000C8270100245600FA2B0A4A41574117FD2E0000F2490000891580FE8A8252D055D045BF0B00807C1200406205A0BFA2A014741574D1EF0200209F0400905801E8AF2828055D055DF4BB0000C8270100245600FA2B0A4A41574117FD2E0000F2490000891580FE8A8252D055D045BF0B00807C1200406205A0BFA2A014741574D1EF0200209F0400905801E8AF2828055D055DF4BB0000C8270100245600FA2B0A4A41574117FD2E0000F2490000891580FE8A8252D055D045BF0B00807C1200406205A0BFA2A014741574D1EF0200209F0400905801E8AF2828055D055DF4BB0000C8270100245600FA2B0A4A41574117FD2E0000F2490000891580FE8A8252D055D045BF0B00807C1200406205A0BFA2A014741574D1EF0200209F0400905801E8AF28A872B9FCC2B265CB14530BD0D2BFC3A2B973E72E1795FA5D0000904F020048AC00F45764E6CD9BB768C992250AAA0568F7DE7BEF6FE7CE9D7B8DA8D4EF0200807C1200406205A0BF2253A95476BDE4924B9E5ABC78F1A356EAF6DBCADCC50B172EFCCDDCB973EF4BDBCEA252BF0B0000F2490000891580FE8A3651448C95A1697B2EAEE1AAF5797BAEF5F7AF98ABDF050000F9240080C40A407F05A0DF0500403E090020B102D05F01A0DF0500403E090020B102D05F01E8770100904F020020B102F45700E8770100904F020048AC00F45700FA5D0000904F020048AC00FD1500FA5D0000E4930000122B00FD15807E170000E4930000122B00FD15807E170000F9240000122B407F05807E170000F9240080C40A407F05A0DF0500403E090080C40AD05F01A0DF0500403E090020B102D05F01E8770100403E090020B102D05F01E8770100904F020048AC00F45700E8770100904F020048AC00F45700FA5D0000E493000048AC00FD1500FA5D0000E4930000122B00FD15807E170000E4930000122B407F05807E170000F9240080C40A407F05A0DFF55B0000403E090020B102D05F01E8770100904F020020B102F45700E8770100904F020048AC00F45700FA5D0000E493000048AC00FD1500FA5D0000E4930000122B00FD15807E170000E4930000122B00FD15807E170000F9240000122B407F05807E170000F9240080C40A407F05A0DF0500403E090080C40AD05F01A0DF0500403E090020B102D05F01E8770100403E090020B102F457FA2B00FD2E0000F2490000891580FE0A00FD2E0000F2490000891580FE0A40BF0B00807C1200008915A0BF0240BF0B00807C1200406205A0BF02D0EF0200209F944F020048AC00FD1500FA5D0000E4930000122B00FD15807E170000E4930000122B00FD15807E170000F9240000122B407F05807E170000F9240080C40A407F05A0DF0500403E0900C0AA93A86A2452AB6855BF29C0401000FD2E0000F2490080BE4FA28677A3A03BDC6F0A30100440BF0B00807C1200A07F12A9AAD5B980812000FA5D0000E4930000C54CA4865B9D0B180802A0DF0500403E090050DC64AA6A752E602008807E170000F92400403193A9E156E702068200E8770100904F02001437A1AA5A9D0B180802A0DF0500403E090050CC846AB8D5B980812000FA5D0000E4930000C54DAAAA122BC0401000FD2E0000F2490080622655C3255680812000FA5D0000E49300C0A09324C9CB172C5870CE95575EF9AF72B99CCC9D3B7740B648AC06EA774F7FEF2FCC9B376F51A552D955FCCDD5C49F812000FA5DE493F249C4BDB817A79A38954FA25FD3F46B00B97427746EDA09264B962C49962D5B963CF7DC735A1FB7F8BDC7EFFF924B2E792ADD31ED2CFE34F1672008807E17F9A47C12712FEEC5A9264EE593E8D734FD1A40268E288A4ED00EA1FFDBE2C58B1F4D7744D7883F4DFC190802A0DF453E299F44DC8B7B71AA8953F924FA354DBF069089D34338A2A8384718A53BA2E5E24F137F068200E877914FCA2711F7E25E9C6AE2543E897E4DD3AF0164E2DCF37602C569F1F7107F9AF833100440BF8B7C523E89B817F7E25413A7F249F46B9A7E0D60B57644FF7C7271B2E0DAD392F92D47672D6EC763761E7644E24FFC61200850A03EB61AFDEC2A5AD56F4A3E299F944F8A7B4DDC8B53718A713CFA35FD1AC0A0DA112D7DE2C1E4968BBE9FFCEDCF93DAB5782C9EB303B123127FE20F03418082F4B1C3BB51D01DEE37259F944FCA27C5BD7815F7E2549C621C8F7E4DBF0630A87644F7CF9FBDC24E286F0FCCBFC00EC48E48FC893F0C04018AD4CF56ADCE954FCA27E593E25EDC8B7B71AA8953E378F46BFA358021B523BAAD3AADCB1D513C6707624724FEC41F06820005EA67875B9D2B9F944FCA27C5BDB817F7E25413A7C6F1E8D7F46B00436A4774CBDCA95DEE88E2393B103B22F127FE30100428585F5BB53A573E299F944F8A7B712FEEC5A9264E8DE3D1AFE9D700EC88EC88EC88C49FF8C34010A0987DED70AB73E593F249F9A4B817F7E25E9C6AE2D4381EFD9A7E0D60C8EC88E6B71CDDE58E289EB303B123127FE20F03418002F6B755AB73E593F249F9A4B817F7E25E9C6AE2D4381EFD9A7E0D6048EC88EEBC6266973BA278CE0EC48E48FC893F0C04010AD8DF0EB73A573E299F944F8A7B712FEEC5A9264E8DE3D1AFE9D70086C48EE8B1076F4E6EB9F8072B9E26227D2C9EB303B123127FE20F03418082F6B955FDAE7C523E299F14F7E25EDC8B53712A4E8DE3D1AFE9D70006FD8E28DA3DD79DB9C28E281EB3F3B023127FE20F03418002F7B9C3478C18A1DF954FCA27E593E25EDC8B7B712A4E318E47BFA65F0318E43BA2E5CB933BFF7AF28AA789481F8BE7EC40EC88C49FF8A3DBB66D1D086EEB5701D037FDEE861B6EA8DF954FCA27E593E25EDC8B7B712A4E318E47BFA65F0318BC3BA2A54F3C98DC71457397E7FE8FE7621B3B113B22F127FE58F520306D4BD236B1F55F834100FD2EF249F924E25EDC8B53712A4EE593E8D734FD1AC01AEE88962F4F16DF5949FE3EE7F02E7742798B6D625B4719D911893FF1C72A0781DB76711F00FD2EF249F924E25EDC8B53712A4EE593E8D734FD1A40F77644AB3A9AC851467644E24FFCB15683C0553D0E807E17F9A47C12712FEEC5A93815A7F249F46B9A7E0DA0EB1D51778E265AD9514676287644E24FFCD1EDC19EC120807E17F9A47C12712FEEC5A93815A7F249F46B9A7E0D60F576446BBA13CA9B1D8A1D91F8137FACD620CF601040BF8B7C523E89B817F7E2549C8A53F924FA354DBF06D0FD1D91664724FEC41F7D3608341804D0EF229F944F22EEC5BD38D5C4A97C12FD9AA65F1B34BEF5AD6F6D5C5757B7FBC891234BE9BFE5B4DD93B667D396B4FE1BF7CBADCFEF1EDBFBAD0D414F3DF5D4A6B367CF3E7AE6CC997F3BEAA8A31E9D3265CAB2030F3CF085089471E3C6FD7BE2C4894F7FEF7BDFBBEFE8A38FBE60D2A4495F4E5FB28E1D911D801D91F8D32442FD3808341804D0EF229F944F1640E389D52D1B7FF6D757887BCD384A9C8A53F9E460C927BBBB6F9B3CEDF2D71C7462F5D5DD7D7ED289D537ADECFD0E2D5DF8DA29B3E66EA45FD3F46B033FF75C1DA3468DDAA1AEAEEEBCB43DD75ABCED6E8BEDCF8BD7DB250D01575F7DF5B81933663C78C001072453A64C49CE3DF7DCE4FAEBAF4FEEBEFBEEE4B1C71E4B42FC1BF7E3F1787EF2E4C92F8C1933E6B94993265D347AF4E87749B0353B22F127FEE8A741A0E202807E17F9A47CB287C484737DA9F29795B57C523ABD3DBEB1B9FC9D680DCDE55B1B4A9533DAEE97CA0DE25E338E12A7E2543E59847CB2B7F76D8DCDD5FAFA52F5808E8F1F78D2659B3434574E8FD7D53757F74ADFEB8F53A74E5D377DECEE957DDFF80EF5A5F2219D3D97BED7FF76F97334557ED6DDDF497C8F8E8F1D5ABA7083151FABBE75ECACEB5EA65FD3AFC93D7BCFA851A3B6A9ABABBB6A358BB85DB5ABE2FDEC9E06A19B6FBE79A7934E3A69D1D8B16393DFFFFEF7C9238F3C92AC8ED83E5E3766CC987F3536369E9306CAEB24D89A1D91F8137FF4D2202EA9698A0B00FA5DE493F2C95ED03AF97C6363F3A51FECACC573B1CD8B93CA959D1B9B2B8D0DA5F2CD0DCDD5DDB256AADC99DE3F309E13F79A71943815A7433E9FECCBF7E9B77D5B7DA932A9B1A9BA6FC7C763F560FA9A53EA9BAA273496AACDF5A5F2110DD3E7BD397DEC9186A6F2D4688DA5F22756785DA97278637379BFCE3E2B5B95987FEFA6F2C478FFFCFEA1A5F2161DB78F95BEE93637D5375747BE98E127EBA4F74F4ADBC28652F5C2F83EAD3FC3F8F899D3CFBE62C439E7AC973DD65CD9B1A1A97A717E5FBFA65F937BF6AC6F7DEB5B1B8E1C39F2C4BABABA173A16661B1A1A925FFFFAD72B5D7819CFC7769D14755F88F78DF7B7AB1A04D2BFFB7A175E78E1EC28E49E71C619C9D2A54B93B511AF8FF74903E4D9BDF6DA6B3709B626C1167FE28F5E18BC75A7B0A0B800A0DF453E299F5CDB49B552E5F286A6CA8498C46DDFB289E3CB639BC6A6CA1EB1C2A8B15459903E765FDC6E6D0FE4B71B9BAA75E25E338E12A7E27448E793FDF57E7DBA6FAB6FAA9E5C5FAA4EE9F8F884A6CA4EE9FBDC92B6246D8BE273D2CF189BFE5B6E2D40DD7E68A9E57DF54D73DFD6582A7F296FE9E3673796AAC7D43E76D8CCF2DB3BBE7FF67D9B2A4777F5734F3DADBA6143A93A2F3EFF90E64BDF198FA53FF3C1E9FD39D94AE1A6CA7763757156E44D7FC6C69FCDD9347D6EEEF8A6EA07C6375DFAEEF4F6F507CF6CD94CBFA65F937BF6BCBABABACD478D1AF5B7DA42ECE8D1A39359B366250F3CF0C06AD5E762FB785DBCBE4361F7A6F81CBBAC012CFDFB6E7CD65967DD71F0C107270B162C487A52BCDFD8B163978D1933E62809B626C1167FE28F1E1EB475B7B0A0B800A0DF453E299F5CCB49B5B8BE5FFD8CCA7BDAB79637E6936AD9A4F0F44BB74AEFFFAAA1543EADB6353695CF8A096A71AF19478953713AE4F3C922BC6FAFEFDB62556BFA9A7B3BAE643DA4F9E2B7D497CA37BC58A0AD5C97157E9B2ABF4C6FB74481363EE7C5D7B77CAEA1A932ADAD952A8F6545AB9AC7D2D77EB6617A75E328CCE62D4ECB9C6E3BB3F6B1D826DE73EAD4EAFA0DA5EAECF4F953D3F6706B61609D170B622D9F8BBBF5CD955D1A4BD573B295C4CDE55B5B57F32E9C78F2456F485F7B4DFABBF9907E4DBF26F7EC79A3468D7A6FDA1EAC2DBE4E9B362DB9FFFEFBD7AA3E17AF8FF7E950D4BD3F3ECFAE6B008A626EA9547AE288238E489E78E289A437C4FB4E9932E5D97DF6D9E74C09B626C1167FE28F1E1CACAD4E6141710140BF8B7C523EB916936A93A75DFE9A175713C564703621BC282689DB4DAA3597B78B89EAB4FDA4B6C58A9E784EDC6BC651E2549C0EF97CB210EFDF9BFBB6287AC62ADCFAE6EA79F5CD956FD63ED77A4AD8E1F5A5CA71134AD54F4D38F1D2CDD36DABD9AAD9A6EAFE8DA5CA0A8BA226942EFDEF749BBBD26DFE1AA7576EF75933AB5FCDAEC9FB52BB34DDF66FED1E8BD3CEBE58B84D6F57A7C777686C2A5F10AF3FACB9FADE283CB77DBFA6CA84F43BFC286EC73548E367682C95BF16D7FA4D5FBB7BFA1E9F19DF54F9A26BE8EAD7E49E3DA77565EE83B5AB7267CF9EDDA335BA78BF0EAB75EFB752778089D32C9F75D65977463137FED3F6A678FF8913273EB9E79E7B7E4F82AD49B0C59FF8A3870669AB5B58505C00D0EF229F944FAEE1A4DAA1A50B5F1B13CE6D93BEA54A357FAE7652ADA1B972554C48D7B6749BAB157435E328712A4E07753EB94EDAF66DFD776D74F63E3D9E4FF6D6BE2D4E5B5CDF5CF973AC788DE26B145863656CFE7CEBE9932F4A5FFF78FAEFEFE3B3A3389A9D3AB65479AA617AF5231DBF6BAC98CD4E3DDB5CF94C145857F6737575CAE5C6E6F2B8F4FD9FCE0ABA712ADB52E5FAFA19E5CFB7166BFF54FBF3C77B74F8FC63D29FF3D8B8E66EAC246E2895FF373B2DB37E4DBF26F75C6B714DDBDAD32CEFB7DF7EC98D37DED82B35BA78DF78FFDAD32FBBA6EE0012D7CC3DE490437A6D656E672B75F7DF7FFFA7D340D94582AD49B0C59FF8A30706676B5258505C00D0EF229F944FAEF1A45AE5A1974E675779A8E3A45A7DA9323E561E65AB7AD2DB8DA54A5376CDBDE6F257EA9BAB7B897BCD384A9C8AD341994F46F1F5D4D61CF1D4616B5ED45DD9FBF4683ED95BFBB678AEB1546DCEEF3734578E4F5FF397834EACBEFAA56DAAE7BC78BDDC72434353796AEB769F493FF3DF8DD35BDED5EEFD9AAA7551C4CA4FDD1CA7914D3FE3F0AE7EAEAE0ABAF17D2734B57C215A5CA737FDDC43E334CA71ADDE288665D7CF4D7F9EFC76DBF78F55B9A5EAEC58E19BBEF7EFA2509DFE3C93E277A15FD3AFC93DD7DEC891234FAC5D99DB5BC5DCDAA26EED4ADDF87CBBB30120FDC3ED3C76ECD81EBF666E77AEA9BBD75E7B3D3162C488D74BB03509B6F8137FACE5A06C4D0B0B8A0B807E57BF8B7C523EB99A936AD9C46E9CE6AEA6C5046F9CE62EDB6666F9A3E976971D5A2A6F1113C2137F7CD1ABB26B03CE6CD9A1A1A93C234E01593FA3656B71AF19478953713AE8F2C97D3BE4896B52D4AD2DE6E66D9FDECA277B7ADFD6F8B3399B3694CA7F88EBD7D6AEC8CDDE3F56B7C67573A7CF7B7376BFA9BC77BADDF2B4FDA7BE543D2056E5C6F56AD3D78FCA4E979C6E17AB76D3CF2BA58FDD91BF2E4C9D7ACECB5B4FA3FCDBB1B32E7865C79FABB1B9725067A76D7EE9F5711DDDCAD238956DDB6B4AD5E6EC734A95EB6BAF39DA7AEAE86BA3A896DD2F558E8CCF4DFFBD2DAE05AC5FD3AFC93DD7CEA851A3B6A9ABAB7B3E2FAE5E70C1057D52A38BCFA959A5FB7C7C0F9956C19D74D2498BCE38E38CA43F9C7CF2C98BD2406992606B126CF127FE1415D67230B6368505C50540BFABDF453E299FEC8629B3E66E547BBABBB609EA5265E7EC1A81A5F20DD9CA9D5275FBC65265DBD6C9E239F5A5CA95311917FF4E68AAEC34A154F970C3CC966DC4BD661C254EC5E9A0CB273B2BC6AE4E51B7B3D7FFA28BD7F7483ED9D3FBB628764671B6ABCF6B6CAA8C4D9F9F122B63E37AB471EAE58367B66C16AFCB56ECB69E6A390A51F54DD5131A9A2B93D3ED4E8D025567EFD7D054F96EED698FD3DB1FCF4E315BAAFC3D4EA5BCBABF8FDA15C46D9F31FDD2AD3A166EE3E7AD2D06EBD7F46B72CF3557575777555E589D366D5A9FD6E8E2F36A8ABA57C9B40AECEAABAF1E17AB739F7EFAE97E29E8C6E7EEBDF7DE4F8D1E3DFA5D126C4D822DFEC49F41E05ABCC7DA1616141700FDAE7E17F9A47C52DC8B37712F4E3571BAF679DC9A167557A7983B74F2C9245947BFA6E9D706AF3DF6D863FBDA532DDF7FFFFD7D5AA38BCFAB3DF5727C1F7F95829A3163C683E79D775ED29FCE3CF3CCBBD340996547A4D911893FF16710D8CF8505C50540BFABDF453E299F14F79AB817A79A385DFBFC6D758BBA6B52CC954FEAD734FDDA80575757775E5E4C9D356B56BFD4E8E2736B56E99EE7AF52404F3FFDF466E3C68D4B1E7EF8E17E2DE8A69FFF9FD1A3472FA9BDC8BA1D91664724FEC49F41603F15160C0601FDAE7E17F9E480CB2707DB785ADC6BC651E2549C0E8A7CB2BB45DDB529E6CA27F56B9ABC73C01A3D7AF426757575CFE5C5D4BE5E9D5BBB4AB7A6A0FB5C7C2F7F9D82F9D39FFE74D49429539222D87FFFFD17A681F2E981F07B4BBF67356DC3ED8824D8E24F33C0EB7E4CF6C160AB270B0B0683C0509F7CD3EF0E62F2C9C1954F3EF4D043EFBCEFBEFB6EB9E1861B9E3BF2C8238F1F3E7CF8FAA25CDC1B4789534D9C16681CBFAAA26E4F1473E593FA354DDE3920E33F7D7EF7BC90DAD0D0D0AF35BAF8FC9AA2EEEEFE8205D3DCDCFCF773CF3DB71005DD534E39E5A634487E3840FE23E641BDD2FF907644126CF1A70D91826EB762B20F06593D5D583018040613FD2EF2C941964FA6C3E8F5EEB8E38EE9CB972F7F3E1F57A7DBFDFBECB3CF7E70BFFDF6FBB44817F7C651E25413A7051AC77755D45D7758CF1573E593FA354DDE39E0E23F7DBC39DFEE57BFFA55BFD6E8E2F36BBE73B3BF60C11C75D4518F5E7FFDF58528E8CE9B37EFE6912347CE1E60FF1157FA1FD28E48822DFEB42156D0EDEE80B0B70657BD51583018040603FD2EF2C941964FDE73CF3DDB2E59B2A4CB6B272D5CB8F05FD3A64D3B77C488111B8978716F1C254E35715A90717C6745DDDB87F56C31573EA95FD3E49D032AFE478D1A55C99FBFEEBAEBFAB546179F9F7F97F85EFE82053379F2E4650B162C284441F7F6DB6F8F532E5F3B40FF2376FA1FD28E48822DFEB4215AD05D5992DE9B83AADE2A2C180C0203997E17F9E420CA2753AFB9EBAEBBFEFCFCF3CFAF728CFD422A7DCDD2C6C6C67D45BDB8378E12A79A382DC838BEB3A26E4F1773E593FA354DDE3960E23FFDF7BEFCF1FEAED5C5E7D77CC7FBFC050B66DCB8712F3CFEF8E38528E83EF6D8634BD320797080FF476CF71FD28E48822DFEB4215ED0ED98A47467309514A0190C0283857E17F9E4206A575E7965F2D4534F2D5BDDB1F6134F3CF1AF534E39E5FA112346BC53DC8B7BE32871AA89D35E18C7AFAE38CD72C795B9B7B73EDE1FF930FA354DDED99FF1FF4C7EBFBF6B75F1F9352B749FF6172C98BDF7DE3BF9F7BFFF5D88826EFA3D9EEE46800FA8D6DF3BA2679E7926EB7CE3DFFEF8FCA79F7E3A3AFEC2EC88065B7CF566FCC5DFEDFEFBEFCF6EDF7BEFBD2BFD3BC6913B0F3CF0C02ADF73D1A245C96DB7DDD6ADCF8FF77BF8E1877B2D16962C5992FDDFE8EAF9471E7924993F7F7E767BE1C285C9934F3E992C5BB62CF9C73FFE912C5DBA54FCAD414B13B964C30D378C41DAC455EC9A8A5C5818D6FAFD6330F84A59045070AF6CEDAF067CBF3BD4F7A143753C1379D7E2C58BFB24F7ECCF1CB1BB2D7E9E9FFCE427C9A38F3EBADA63ED784DBC564C1723EE9F7DF6D9151EBBFBEEBB93871E7AA84FC75C0321EE8DA356DE86529CAE6A7EEB89279E58E1B3632E23E6A5CC37F5C9387E75AC6C85EEA9C37A7685AE7CD2FE7785D6B1FFB9E69A6B92E5CB97AFB0DD3DF7DCD3ABDF43DEA975D6FABB56179F5FF37DFE635AA5600E38E0807F1765856EDA49DD350856E816E65411D1C97FE52B5FC912A29D76DA29BBDF31B17DCF7BDEB3CA9617F5E2FCE95B6EB965A7EDC4134FECF43B6CBBEDB6C997BEF4A5E49FFFFCA723260758FCFDE637BF495EF39AD764B737D86083E4DC73CFED74BB18CCBDF9CD6F4E3EFAD18F26BFFEF5AFDBB5D881C736311177D9659725BBEDB65BF2C10F7E30BB1DEDFBDFFF7EF2BEF7BDAFAD9D75D6596D83C04D36D924F9AFFFFAAFEC3DB6D9669B76DB456B6E6ECEB6FDF18F7FBCC273B52D4F7022013AE18413DADACE3BEF9CACBBEEBAC9B1C71EDBEEF13BEFBC33DB3EBEFFEB5FFFFAECF6461B6D949C7DF6D9C9830F3E98FD7F8AFF0B8E2C5FB3981C66A518405FD3EF52D8F14C4C9ED5E66DEF7FFFFBB349AAFCF9FFFEEFFF4E66CC98D1ABB9671172C4D569E79D775EB2FFFEFB5F5CA9541E79E185179EEFC630FB3FE9EFE3B7DFFEF6B7FF9EFE5D2FB442B7FFE33E62EEAD6F7D6B72FEF9E7B77BFCBDEF7D6FF2C31FFEB04FC65C032DEEADD01D9A71DAB158BBE38E3B663117FFC63C66C7CF9F3C7972B2CE3AEB24A79D765AF6995124D9628B2D92CF7FFEF36DDFE3861B6E10A7BD378E5F9B62EEEDBD5CD4954FEAD7DADA05175C90BCEC652F6B2BA4461F147177D14517B5DBEEEF7FFF7BD6A7C4F3D1AF44DF56DBA64D9BD6969B8D1F3FBEAD1D70C0019DCE4FC60131F24EF1DF55FCC74A582B74E996C30E3BECE9A25C43F7D65B6FBD6E005F43B75017738F24F9B39FFD6CF28E77BC239933674EF2F6B7BF3DBB1F47FEE4DBDC75D75DD90EE088238E4866CE9CB9423BFCF0C3B3E763BBFCA8A05FFDEA57C9E9A79FDEAEBDE52D6F498E3BEEB84EBFC75FFFFAD7E495AF7C653269D22405DD01127FF951B8DD29E8C6D1AF51B48F3879E73BDF99B588B9B8BFFEFAEB67C94A6C77E69967763A79BBCF3EFB64711945D9B83F7BF6EC6C122FDEF3939FFC64F2C52F7E31D975D75DB3D79F7AEAA9592C8D1D3B36BB9D272E13274ECC0ABF31E0AB6DDFFDEE77B3F7CC8FC68DEF1FDFE9CB5FFE72972DB6BFF0C20BB3EF1D83C18D37DE382997CB0ABA3D18937D3098722D4700FD2E03643C73C9259724AF7AD5AB92E9D3A76793F91147318E89D510D1B6DA6AAB64EAD4A96D676DE98DDCB30839E29AE493A3468DDA23FD9DA5C3BB250F7735BE7EFEF9E76F9C366DDAB9E9DFF581D85ED41723EE63BCF5ED6F7F3B8BBB18D7444C45DB6CB3CDB2F8CEEFC7CA1871AFA03B94E334FF2EF7DD775FF2894F7C225B4C103F731469E37EED6ADC58B010F3059B6FBE79561C897FE3A0A078AF982F887F63C142A95412A7FD3B8EEFAC981BD7CC5DB793C77BAAA82B9FD4AFB53BF0248AB3EF7EF7BBB3A26CDCDE7AEBAD93B7BDED6DD9EDDA33101C7AE8A1C9C73FFEF1ECF6D5575F9D1D64182DCE761A31FAF39FFF3C7BEE97BFFC65F2A94F7D2AEBEBF6D8638F6C6153CC67467137F69DF17C6C1FAB82E59DE2BFABF8770D5DBAED88238EB8FFFAEBAF2F4441B7A5A5A53C72E4C8D903EC3FE2CA929D7E29E8C60E288EDE89A4353F3544FC478C9DD51BDFF8C6B6231DF3826E9C02218A671D5B9E48E705DDFC68CCCE92EFAE0ABAD17EFAD39F661335DD39ED8E8160FFC6DF8D37DE98C54E14413B2BE8C6113AF1FC2DB7DC92155E6340F4A637BD2979C52B5E916CB7DD7659C2317CF8F064D34D375DE1C8B648428E3EFAE8EC1426B16D0C0A6380B8D75E7B253FFAD18FB2F78D53271D7FFCF1D9E7C6F67FF8C31FB2F78ACF89E42A622DB68BDBF9CF1605DD612B59F1931774E3FBC4AA8F7C82308EC41BD67A045EFED8873FFCE1E48A2BAEC82615E3678E23F122E623693AE38C33B26DE23531B118AB866FBEF9661311AB19937D30A8EAADC282412030D0E97729DC78260ABA3149B5E79E7BC6D1FF6D93FA1DF3B9830F3EB8D772CF22E4886B9A4F8E183162A3F47777729AB73FF99FFFFCE7D99AA1F5D3D75D77DDE9E9730FA47FDB93623B115F9CB88F03A5A358F5FBDFFF3E99376F5E7656AD68AF7EF5ABB3B8CAEFC744AEB81FF205DD211DA751548EF88B988BD5BCF9D9E3A2C0FB810F7C203BAB57535353F6F9279D7452566C8E79A71D76D8215B2117FFC6FBC79C40ED5C9838EDB7717C57C5DC7556F2FCDA1675E593FAB5762D8AA0115B7160481C3898B798331F5653248DB35C461FF3BBDFFD2E3B80E4B7BFFD6DF6F8B5D75E9BF56B71C048ED299AE360957C0E75DF7DF7CD0E6889D7BDFCE52F4FBEF6B5AFB51574E59DE2BFABF81F356A5425DF2EE2B03FC5E7D7ACD0ADF80B164CFA9FFF8228D414C1B1C71E7B5E1A283F1C20FF11BB95ECF47541F7C0030FCC3AF548B2DFF08637B4DB3945721D3B9778BEB1B1B1ADA01BA74FE86C856EECB486B51674E368C7889358911B4716D5B638A54E4CC2C4F3713EFF8EDF294EA513EFD3D0D0A0A05BF0F88B5363478CFCE94F7FEAB4A0FBC73FFE311B08E5A7C28B23C462703761C28476936EDFFBDEF7B25393E4C9CD1D77DC910DA822A189F7896D4E39E5946CC016ED431FFA5016BBF9299423AEA64C99920DDAE2678855B971C45C0CFCE200814888E2142979413756895F7AE9A5C955575DD5AEC50AF1389AEEFFFEEFFFDA4E55326C25C5DF78EFFC77D1F1B426F1FCE73EF7B9ECDF384061DCB871D9CF652262F562B20F0657BD5158300804060BFD2E851ACF7456D08D2242ACD2CDCF1614078EC6A9367B2BF72C428EB8B6F9E4C891233F555F5F7F6BEAA1C71F7FFCB2F4F71313427F8BC7457AF1E23E0A4FB18230C63CDD3995ADB81F92055D719A6E3B66CC98ECF9287EC41C40EC2FF216D774CD0B30071D7450DB2AE158CCF03FFFF33FD9F651CC8D9F21560EC7FC96F9A67E1DC7AFAA98BBB2EDD6B4A82B9FD4AF7559D08D79EE8E97251C5653D0FDCE77BE93DDFFC8473E92EDF7E23221B1AF8BF9D1E807D75B6FBD6CDE320E3E89BE27F2D6384B40A552C90E4E8C8552A3468DCAE655A3F03AACB5A02BEF14FF2BD9A6392FA2C61952FB537C7E4D11BAD95FB060D2CE67C7C99327BF50807AEEBF478F1E7D731A249F1E4CBFDFBE2EE846121D45D738C2274E25D3B1C5E3B182370A5D7941F7A69B6ECAFE83C64E2A6F23468CC81E1FD65AD0FDCB5FFE929D3227AEA112FF46012D9E8B9592713F7668F16F5E64ABBDC87C24D0F94EAF76B5AF826E31E36F975D76C906449D157463601583A3782C8E847DDDEB5E97C5416C174785C5EA8938A5485C1B221E8FA3D96205783CD659921247CC468213071CC4A02E3F0A2E068F91C0449214D7CA8D09BEF85E710AA6386237066F79AC453CC7D16A5D254291F044BCE789501C49176725882386E3F9F8B9E27E1C9DD731697AED6B5F9B1DF010EF11D7B3B8FCF2CBB3D7C49172E2AFB093F63D5D58300804F4BBFADD21ADAF0BBAB1222B5653C541A3717DB3FC1ABABD957B162147EC897C72F8F0E1EBA73FDBE4745CF748FC1BF7456F71C7F17149A258DDB8DF7EFB65A7668C1613B37196ADFC7EC4A0B8378E1ACA711A0769476CC6E945E3A0F38E2D56ECC62AE298BB8A224A7CD728B2C425C7E260F458C91B67FDFA7FFFEFFF659F110596983313A77D9EAF75B798BBB2ED57B7A82B9FD4AFADB4A01BF39BD1C7E52DE6AD87D51474E37BE407A8C4B572E394CA71204ABE6024E64CA3801BFBCA934F3EB95D7F1607A7C42ADBB83E6E9CB5E090430E59A1A02BEFA4A3F477B97B5E448D4571FDA9BEBEFE859A82EEEEFE3A053375EAD475D3C1F373715DA2FEF4C0030F5C9106C8E2F83E76446BD7E2C2E9F9D18D9DB5FCC2EAB505DD28E28E1E3D3A3B75431C49142B236B0BBAB17D5C943D4E2911473C46812C9E8BA390E2A88D986C89A26FC7EF123BC4D8E9C5ED8F7DEC63D9648D826EB1E32F56674771BE634137928818A4FDF9CF7FCE1E9B3F7F7E56F88D98895335C7B525E2344B71F46DB4385D48C44C9C9E398EC69D356B5656A8CD5B1464F3D32AC5B528E208DA187045CB0F2C8855E551AC8DB889826E0CC06210981774E328B4486062B0164955DE2226E3144C91E8445CE631DCDDA3E0E29A14917CC5633128740DDD01555CE8C9C2824120A0DFD5EF9A58EB8382EEEEBBEFDE36911605DDB804473C16638FBCA0DB5BB9671172C49ECC2707DB787A308FE36312374E3B1B13C6F9E96AE376DE5A5A5AC4BD71D4908ED3D81F44D1388ABD2B6B7110508CFB77DA69A764D75D77ED349EBFFAD5AF263BEEB863DB7C8638EDB37C72758BB92B7B5D778BBAF249FD5A972DE607637E316F7156BFE83BF2FBB5AB5D639E3C169AC4429238702572D5FAFAFAB616B96A7EF681DA532E478137FAB3CF7CE633D9FC653E1F1FFB4D79275D49E36D93BABABAE7F2426A1CB4D41FE2736B8AB9CFC5F7F2D729A04993265D14477AF4A7638E39E6376990CCB2235AFB16097074EC71947BEC6CF21609723C1ECF7756D08D899328EC47A2DD5941374E7D16D740896DE3A8C9782EB68B626EEDD143B5897FECB8A2D816F723C18ED5BA7194A5826E71E32F0AFEF1B7FDC10F7ED0AEA01B1D794CB8C56999F36DF3235DBB6A471C7144DBB671A4ECE69B6F9E2543F13E918CE483B6783E4EA31447BDC5ED5B6FBD358BC558911BDBC4D16C9160C5D1C0175F7C715B41B7B36BAC75D6E288E23C698A23832306E348DE782E0AD771BFF628B8F3CF3F3FD97EFBEDB302767E5A938E4953EDEF41FC15AAB8D0538505834040BFABDF6558DF147463E23F0E2A1CD6BA42214E2D17078ED616747B33F7ECEF1C513E39F4C6F1F901D2718ADA38CD78C4685C7A262E611463ECDA31B3B817F743354EE3524F871D7658D6E2D24FF119713BE6B7629570DC8E4B30C5294FF3B37DEDBDF7DED92AB7D8774401378ABD71EDCB28D4E4DB89D33ECB27D7B498BBB2D7AFAAA82B9FD4AFADB4C5A5DC629F17FD4DB55ACD56BFFEFCE73FCF9E8B53287FEB5BDFCA6EFFE217BF688BBB583012796A1C1812B9692C3C89DBDFF8C637DA5D433756ECC6D903E27ADD71204C5C82302E8918B7A3DD7EFBEDF6BFAC545D5DDD797931350E7EEA0FF1B93505DDF3FC550A6AF4E8D1EF1A3366CCBF22D1E90F4F3CF1C43569803C1CDFC38EA8E70ABA8F3FFE78BBC7E3FEB09514746B93A4CE0ABA0F3DF4505B012D12EE61ADE7EDDF6CB3CDB29D51EDC5E0E300812802C6D194B5DF217644714467BCB7826E71E32F8E5A8D84A6B6A01BAB5EF3D8C95B1C311B2D56CD464213AFCB1F8B6BDEC660AF76D03667CE9CEC761468F3415B5CCF2612AA88A3484CE2F94F7FFAD3D9445E9C82241295E9D3A7275FFCE217B3EF112B70E328DC485CA2CF7AECB1C7B2442B2602E3F425713F6235E2330E2688FBB1DDDA5EA7A263D2B4C71E7B747A2083F8EBF7C9FC9E282C180402FA5DFD2E7D309E89DC2A563C449E181359C71C734C7600DFA9A79E9A3DDFB1A0DB5BB9677FE788F2C9A1378E8F49B298208EDB471E796416538F3EFA68763FC6D85FFFFAD7C5BDB817A7ADDB4781245E93FFBCB12A381616445C76FCCEF159B14238B65D7FFDF5B3B981B8966E9CFAD47C539FE793FB0E5BF3626EAEB3A2EE3EF249FDDA9AB4587D1BFD532C14897FE394ECD10745DF13972F8CDBD16FDC73CF3DD94293782CE64163FF16672288F788B9D128D2D6BE6F1C8C985FD736FAAF38D824E6BFA3FF8C330EC4ED68711D5EFB5F5626FD7B6E9F17536385785FAFD28DCF1B356A54DBE996E3FBF8AB14586363E339717A94FE907EF6D9699034D911F56C41F79BDFFC66ED1115D9A920867551D08D9D415C003E6F7124661C5D14CFC72996E37A24B103D972CB2DB3CE3C767EC35A4FB91CA7998895B7FFBFBD7B01B2ABAE0F072E8F2AA01544B04E112B288DC58A967690581DA3680B858A74389C3D09221A0151C8EE461E02A504860E0F11D8DD84470B96E2C08838541019FC6FF65E12B1415E02F29077082621101E2148122A9CFFF91E73334BD8BC36DCDD7BEE7E3E33DFD9DD7BEF3E38F9F2FB7E7FF77BCFB97139DC287031708BE63A5E01D918A435225ED519979C885717350A99816EEBE45FBC3AADF1CAB1680AA2F188CFA3D189F7B369DC178F8B8D59BC5A2C365FD1F0C4136F313C7DF4D147CBF7A58957B935DE5BA2B1698B8D545C3E3986AF8D4D5BE4E5673FFBD9F255B6F1FDF1D878C56FBCE236DEAB397E5EBCF7F32EBBEC5236409167F1FD8D4B8545C4ABDCE27D72E2318B162D2ABF3FF2332EED34F8BF2F7E4EB1DE94AF606B9C897CDB6DB7955FC799E9B1316CBC78E1D4534F2D733EEE8FBF3D5EF4D0B87C53BC322F7E573C0129FF5A6EB8B0B183059B40C0BA6BDD6584F6337169CE9D77DE39DF7DF7DDCB27D3E22D5AA2BF8A5E2C2ED319BD60A3DF6A66EF39DA3DA27E726CE57D3C511CFBE5C89338F331F65CF1E285344DCB4B2BC68B58637F7DCF3DF7C87B793FE6F3349EBF8AF7548FDF1DC3E218F8C615B8DEF39EF794EF4DD9384B78C18205E573585FF9CA57CA2B7DC5202686BBF1364CF17C46FCCCB83F9EAC96A723D64F0E1EC60E6798BB213F473F695D5B679C78E289E5D501E284A45887E28CDCF87D71C598B81265D4C4380969DAB469E55501A3378D752EAE1A106B4FD4C6786E34D6C3F83C22DE06EEA28B2E2AD798B85265AC4571824C449CEDDB380338A25157D55FD6A6A3A3E396C62C27AE563192E2F70D9A25DDE25FA3C52549B27DB1D0BC1CC3BB9174FBEDB7C7A5969F8EDFAF10BDB903DDC30F3FBC7C1F93461C76D8616B1CE8AEFE33A2B98EFBE2520F51E8EEBEFBEEF2558E71099B934E3AA9BC2F9E60699C951B85250A4A5C96394ECD8FC63C9AFAA1FEBEE79F7FBE1CCC35F3BD4B14A2E1E55F6CBCC68F1FBFCE88C7C5ABC2A29988C17D343F8D57CA466EC4C6EF9FFFF99FCB01FEE04D5B5C92249A9C688656BFACD2EA1103DBB80453BCA74EE461FC9EB82D9AA368B462B0BCFAFB60C4654D8E38E288557F436C20D7F4DFDA18FAC61389ABDFD7B8B44ABCE2389AB8F7BDEF7DE5DF1D9BD13DF6D86355FE375EA127FF5A6AB8B03183059B40C0BA6BDD6504F733F1FE8B7BEEB967D9B3C50B45A3CF8C3322E26A3F9153F12458E3C9FA66F79EA3D923EA27C756DE47EE449E44BEC6BE2AAE8E153975ECB1C7967BE9C8A75D77DDB53C2352DECBFBB19EA771E65B9C58102FEC8EEF993C7972F93BBFFFFDEF976FCB14CF7B350624F1A2F075450CA7E5E988F693317C3DE42DC31FE6AECFCFD14F5AD7D62BE28CD6783FDCF83C5E9C122FF668EC6362681A2733C573E431588DB35EE3B9F4461F9A2449F97EBBAB479C1C37F877FCF6B7BF2D9FC31C2AE28428F59775C9B26C7C4747C7AB8DC16AFCDB8F84F83D8386B9AFC6DFE15FA3028AE6E94B471C71C4B218B88D84A79F7E7A5691204F14F14585E8CD8B785F90386371F02590079FC9B874E9D2558F8B274C1A5F0F8E38CB3186FB430D65A3118F57CC479E8CD67BE12A44AD917F7166F75003FBA1722306AE8D5C8B5799C560365E00101FD7F4F31B6778473EAE9E9F6BFB9BE23D73D6F69846FEC759E243E57F346FF1B7C5E743FD7FB464C992216F977F2D315C18EE60C12610B0EE5A7719E17E327AAAA1DEFB2BFAACB86FF5BD48B37BCFD1EA11F593636F1F15EF0DBAB6FB07E7A9BC97F7F274CD35C4F34D6DD34F56E5F7D146CFA3C71AD7B834FC68AD1BEA2F4349D374C6E04B2FC7C0BF99E2E70FBED472FC7EFF0A153279F2E4538F3FFEF897E37FDA662A169CFB8B84BCAD4896131422A1C1967FF28F376973369CC1824D20807517FDA47E12792FEFE5A990A7A3D34FB6F2EFC1BA665D63441D7AE8A15B747474DCD518B0C65B0D346BA81B3FB7F87DAF0E3A3BF7AEF8FDFE152AE690430EB9FC98638E79A15967EA3EFDF4D337C530B748904B1422A110C93FF9C79BB849DBD0C1824D20807517FDA47E12792FEFE5A990A7A3D74FB6DACFC7BA26AC6BA3AAA3A363C7229E1C7CA6EE75D75DF7A6CEE8E2E70D3E3377E5EFDBD1D1AFA84993269D3479F2E417DFECF7D45DF99EB9F3DAFDCC5C854821927F4223342A9BB50D192CD804025877D14FEA2791F7F25E9E0A793ABAFD642BFC5CAC6BC2BAD652B22CFBF0E0A16EC459679D953FF9E4931B359F8BEF8F9F33F8E7C6EF89DFE7A8575CBCB7EDC1071FFCFC85175EB820AEE5BE315E78E1855F7577775F55FCCCA7DBF93D7315228548FE09F937AA9BC1F51D2CD804025877D14FEA2791F7F25E9E0A793AFAFDE468FD3CAC6BC2BAD6D2569EA97BD7E0E16B9CAD7BF1C517E7BFFBDDEF36683E178F8FEF5BEDACDC7CE5CF77666EBB28FE81B72BFE417BBEFCE52F2FB9ECB2CB1E7DE69967FE6F03F2E4FFE6CF9FFFCB534F3DF5CA9583DC9EF8790A915088E49FFCA3499BB7F5192CD804025877D14FEA2791F7F25E9E0A79DA1AFDE448FE1CAC6BC2BA5629F19EB6699ACEE8E8E8587D109B777575E5575C71457EC71D77E48F3EFA68FEECB3CF9643B9F8185FC7ED717F6767E71BBE377E5EFC5CEF99DBA6264E9CB873F18F7C7196654F1F76D8614F5C74D145BF9E3D7BF63D0F3EF8E0BCC58B17BF54E4C9D2A79F7EFAB1FBEEBBEFF6E27FF6FED34F3FFD9AE27BEE29BEE7A9F8BEF87E85482844F24FFE31CA9B389B4000EB2EFA49FD24F25EDECB53214FF59358D78475AD32B22C1BDFD1D171CB1083D9E1C42DF1F31CD5B16193830E3AE8EF8B7FF033D234BDAEF8C7BF75D0B5BCE3E3AD717BDC1F8F8BC72B440A804224FF8446A8053683368100D65DF493FA49E4BDBC97A7429EEA27B1AE09EB5A256559F6858E8E8E6B8A58B18143DC78FC35F1FD8E2228440A91FC13F2AF953783368100D65DF493FA49E4BDBC97A7429EEA27B1AE09EB5AE51D7AE8A1DB7474741C98A6696FF171A088C78B7879E5F0F6E5955F0FACBCFFC078BCA3060A914224FF84FC6BF5CDA04D20807517FDA47E12792FEFE5A990A7FA49AC6BC2BA06A0102944F24FC8BF16DC0CDA04025877D14FEA2791F7F25E9E0A79AA9FC4BA26AC6B000A914224FF84FC6BC1CDA04D20807517FDA47E12792FEFE5A990A7FA49AC6BC2BA06A0102944F24FC8BF16DC0CDA04025877D14FEA2791F7F25E9E0A79AA9FC4BA26AC6B000A914224FF84FC6BC1CDE031368100D65DF493FA49E4BDBC97A7AD112FBDF4527EEFBDF7961F37E67679AA9FC4BA26AC6B000A914224FF84FC6B93CD604747476E13083032C68D1BD7B9C5165B5877F593423F29EF85BC97A76B8C18CE167F72F971636E97A7EDBB8F7F8B612EEAAF750D40211206BAFEDDE5DFD8B272A00BC0C8ACB9F52449ACBBFA49A19F94F742DECB53035D36C6560E01EAAF750D40211206BA42FE8DADE182E30C3032EBED84587357C60447443F29F493F25EC87B796AA00BA8BFEA2F8042241422F927FF589F0183E30C3032EB6D7DD040B7EE88E827857E52DE0B792F4F0D7401F557FD055088844224FFE41FEB3360709C019ABFD60E3E3BD759BAFA49A19F94F742DECB53035D40FD557F011422A110C93FF9C77A0F191C6780E6AFB5F52106BACED2D54F0AFDA4BC17F25E9E1AE802EAAFFA0BA010098548FEC93FD63964709C019ABBCE0E7576AEB374F593423F29EF85BC97A706BA80FAABFE0228444221927FF28FF51A3438CE00CD5D67EB6B19E83A4B573F29F493F25EC87B796AA00BA8BFEA2F8042241422F927FF58EBA0C1710668DE1ABBB6B3739DA5AB9F14FA49792FE4BD3C35D005D45FF5174021120A91FC937FAC73D8E03803346F8DADAFC740D759BAFA49A19F94F742DECB53035D40FD557F011422A110C93FF9C71A870D8E33807517FDA47E12792FEFE5A981AE3C05EB9AB0AE0128440A91FC13F2CF600100EBAE7E52E827E5BD90F7F2D440579E82FAABFE0254DAC0C0C06BCB962D53045A208A7F870545215A2EFF84FC335800C0BA8B7E523F89BC97F7F2D440579E82754D58D7004AB367CF5EB068D12285A005E289279EF86151886E957F42FE192C0060DD453FA99F44DECB7B793A32F1D24B2F95C3D9F8B831B7CB53B0AE09EB1A40D3D46AB5FD6FBAE9A6250B172E5C5CA557182D5FBEBC9D5E51B470EEDCB9571645685E11FBCA3F21FF0C1600B0EE32B6FAC9050B16E827B18F92F7F254C853B0AEE93BAD6B006B168B5FBCA2A5881571EDF9568FFFFCCFFFCC274D9AB4EAEBCB2FBF3C8F27EAAAF0B7AF2156AC3CFEFBCABFFE5CC83F830500ACBB8CA57E72CE9C39F939E79C935F73CD35FA49ECA3E4BD3C15F214AC6BFA4EEB1A40F52549F28E8E8E8EF9699AFE7ED09374754FD4015561BD02B0EE42439EE7EF58B264C9B2C58B17E793274FFEB923020080BE1380CAEBE8E838379E942BE20F871E7AE816C5C7092BBF8E98E008011558C70C1600ACBB507AE491477E96AF54ABD59EC9B2EC20470500007D27009595A6E9EE31C86D0C708BAF2735CECE5D197547096875060B00D65D088F3FFEF8675E7DF5D5C6F36AF96BAFBDF6EAC9279FBC284992AD1D1D0000F49D0054CEB469D336EDE8E8B875D0F036CFB2ECCEC15F3B4B17A802830500EB2EE479BED9A2458B9ECE5713B74D9A34E942470800007D2700959365D9D1430C6F870A67E9022DCD6001C0BA0B0F3DF4D079F91A5C79E5952FA469BAA7A3040080BE1380CA489264878E8E8E25EB39D075962ED0D20C1600ACBB8C6D0B172EFCC0F2E5CB5F5DD3136B7FF8C31F5E9E3265CAFD13264CD8DCD1020040DF094025A469FAE30D18E63A4B176869060B00D65DC6B679F3E6DD9BAFC3FDF7DFFF549665C7395A0000E83B016879699AEEB781C35C67E9022DCD6001C0BACBD89524C96677DE79E78A753DB1F6DC73CFFDA2C8DD67E2F18E1A0000FA4E005A5A514C0E2BE2BFD234BDB1F87867114F3A4B17A8F8BA66B00060DD650C3BF9E493FF7DC58A15FFB796E7D55EECEEEEAE39530200007D27009515EFA77BF0C1078F4BD3F463071D74D0E78B8F933C510754680DB35E01587719C3E23DCAAEBAEAAAF96B7A56EDF6DB6FBFACC8DBBBBD97190000FA4E002A2949922D8B22F3F2EAB77BA20EA80AEB15807517BEFAD5AF7E72EEDCB9AFACFEA4DAABAFBEFAEB499326FD2E4DD33D1D250000F49D00545292243B7574743CBEFAED9EA803AAC27A0560DD8570D659675DFD5A61D0F36A7F88DB8A9CBDC0D1010040DF0940651545E69345CC19E2764FD4015559C7AC5700D65D8817AB6EDDDFDFBFB4F1ACDAC2850B7F58E4EBEFE276470700007D27009595A6E9BF14C5E69AD56FF7441D5015D62B00EB2E347476761EF2FCF3CFBFB278F1E2FC6B5FFBDA6FB22C3BC851010040DF0940A51585E69B435D0AC21375405558AF00ACBB30D845175D74C739E79C9317B97A83A3010080BE1380CA2B8ACD69699AFEDB10B77BA20EA8CA3A66BD02B0EEC22A4992EC14791A1F1D0D0000F49D00545E5170FEA388C387B8DD13754055D631EB15807517E4290000FA4E00DA539AA6D71545E78B0A11A07106C0BA8B3C0500007D2700AD57706E9D3871E21E0A11A07106C0BA8B3C0500007D2700AD5770E62549F27E8508D0385365799EBFF5B1C71EFBD19C39735E191818C8FBFBFBC5084771DC5F9B3D7BF6825AADB6BF8CB4EE823C050040DF09006F5EC1599124C95B152240E34C953DF6D86357CF9E3D3B5FB46851BE6CD9B27CC58A156284238E7B1CFF9B6EBA69497F7FFFBEB2D2BA0BF21400007D27006CA42449B62D0ACE730A11A071A6EAE2CCDC18261AAC8E7E2C5CB870717F7FFFADB2D2BA0BF21400007D27006CA42CCB3E52149CFB152240E34CD5C565969D99DB3A67EAF6F7F72F9795D65D90A70000E83B0160E38BCD5E5996D5142240E34CD5C57BB81AA6B64EC4BF87ACB4EE823C050040DF09001B294DD34945C1B942210234CE54DDFA0E745F7A6161FED86DFF95DF37F3B432E2F3B8CD10D64017EB2EF2140000F49D00B49C2CCBBE5DC4F7142240E34CD5ADCF4077E9F3F3F37B7F7E727EF7CF8E7D5DC46D719F41AC812ED65DE4290000E83B0168B562F3DD344D8F5588008D3355B73E03DD27EFBBEE0DC3DC46FCEEBE9F1AC41AE862DD459E020080BE1380962B363F28E2CB0A11A071A6EAD667A0FB40FDAC350E74E33E8358035DACBBC8530000D07702D052B22CEB2FE20B0A11A071A6EAD667A07B6FFFB4350E74E33E8358035DACBBC8530000D07702D06AC5E63793264DFAA84204689CA93A035D035DACBB204F0100D07702D08EC5E6992449B65788008D3355B73E03DDFB669EB6C6816EDC67106BA08B7517790A0000FA4E005AC6E1871FFE2745B179A5F874138508D0385375EB33D07DF897D3D738D08DFB0C620D74B1EE224F010040DF0940CB48926487A2D8CC5788008D33ED607D06BACFCEBF27BFF7FF9DF2C6CB2D17B7C57D06B106BA587791A70000A0EF04A0950ACDDF1571874204689C6907EB33D08D78FCF6CBDF30D08DDB0C610D74B1EE224F010040DF09404B49D374BFA2D85CAF10011A67DAC17A0D74972FCF1FFEDF0BDF78B9E5E2B6B8CF20D64017EB2EF2140000F49D00B48C2CCBBE5E149B4B142240E34C3B58D74077E9F3F3F3877ED9B7C6F7D08DFBE23186B106BA587791A70000A0EF04A0550ACDBF665976BA4204689C69076B1CE82E5F9E2F7CB896FFE6C613D738CC6D443C261EEB6C5D035DACBBC8530000D07702D00A85667A9AA647294480C6997630D440775D67E53A5BD74017EB2EF2140000F49D00B4AC344D7F5C149B03152240E34C3B186AA0BB3E67E5AEED6C5D8359035DACBBC8530000D07702309A85E6E62CCB3EA510011A67DAC15003DDE10E731B61306BA08B7517790A0000FA4E0046B3D03C9224C987142240E34C3B58E37BE80A035DACBBC8530000D0770250D142F3529224EF5088008D33EDC040D74017EB2EC8530000F49D00B48D18E4C64057210234CEB40B035D035DACBB204F0100D07702D036E252CB71C9658508D038D32E0C740D74B1EE823C050040DF09403B15994F1771B34204689C691706BA06BA5877419E0200A0EF04A06DA4699A1485E66A8508D038D32E0C740D74B1EE823C050040DF0940DBC8B2ECE8A2D0F4294480C6997661A06BA08B7517E4290000FA4E00DAA9C8FC7B9AA627294480C6997661A06BA08B7517E4290000FA4E00DAA9C85C5AC4648508D038D32E0C740D74B1EE823C050040DF0940DB48D3F46745A1D957210234CEB40B035D035DACBB204F0100D07702D04E45E68E891327FEAD4204689C691706BA06BA5877419E0200A0EF04A09D8ACCFC2449765088008D33EDC240D74017EB2EC8530000F49D00B48569D3A66D5A149957264C98B0B94204689C691706BA06BA5877419E0200A0EF04A02D2449B27D51649E5188008D33EDC440D74017EB2EC8530000F49D00B4852CCB762B8ACC6F142240E34C45FE7DEB454C58D7E30C740D74B1EE823C050040DF09405B48D3F41FB22CEB5788008D3355F9F75D196B1DEC1AE81AE862DD05790A0080BE1380B690A6E9214591B95C210234CE54E5DF77B51872B06BA06BA08B7517E4290000FA4E00DA429665C71571B64204689CA9CABFEF1AE275835D035D035DACBB204F0100D07702D02E05E6DC344DA72A4480C699AAFCFBAE23CAC1AE81AE812ED65D90A70000E83B01689702736511131522A09D1A67219A3DD05DB264C91B6E5BB46851FEC8238F0CF9F8279F7CF2755F3FF1C413F90B2FBC30E463172C58903FF0C0031BF4F7C4EF9E3367CE1AEF7FE69967F2FBEEBBAFFC7CEEDCB9E5EF5EB66C59FEDBDFFE365FBA7469D307BA72B2FD43F5C1136B0000A0EF04A049B22CAB15F139850880AA6C8C46FB92CB3104DD6EBBEDF2EBAEBBAEFC7AC68C19F917BFF8C5BCA7A727DF7DF7DDDFF0F8DFFFFEF7F94E3BED944F9D3AB5FCFAFAEBAF8F9A9A7FE10B5F78DDE3162E5C98FFE217BFC8BFF4A52FE51FFDE847CBCF234E3EF9E47CD75D775D153FF8C10FCAE1EC19679CB12AF6DD77DF7CD34D37CD4F3FFDF4D7DDFEF0C30F973FFB8A2BAEC8B7DF7EFBF2F3ADB7DE3ABFEAAAABF2F9F3E7977FC7EDB7DFEE0C5D604CD40F470100007D2700552D30F72749B2AB4204405536466B1BE43634FB0CDD18CEBEF5AD6FCD67CE9C590E6B8B5F996FBEF9E6E5C72DB6D822FFF33FFFF3558FBDF0C20BCBDB7FFEF39FE78B172FCE77DC71C7FC2B5FF94AFEA77FFAA7E510B8F1B8CB2FBFBC7CDCEA71C82187E49FFAD4A7F2EF7EF7BBE5D73148BEFAEAABCBDFB7F7DE7BAF31E2B137DC7043FEE8A38FE6C71D775CBECD36DBE403030306BAC098AD1F8E020000FA4E00AA5A609E4B92645B850880AA6C8CD636C86D1889F7D0FDFEF7BF9FDF7CF3CDF9565B6D95FFE4273FC93B3B3BF371E3C69567D5362E7F1C97338E01EEBBDFFDEEFCA9A79E2A07B371F66DDC7EC925979467D59E75D659AB7E660C5E4F3BEDB47CF9F2E5F9E73EF7B9FCD24B2FCDBFF6B5AFE5071F7C707EF6D9679767D9C619BF311CFEC8473E923FFEF8E365C4EF7BCBCAA171E3B68F7DEC63F92F7FF9CBFCBCF3CECBDFF6B6B7E59B6CB249FEE10F7FB81CE8FEF77FFF77F998F89E69D3A6E5E3C78FCFEFB9E71E035DA0ADEB87A3000080BE1380CAD9679F7DDE561498E50A110015DA18AD7590DBD0CC816E0C4D4F39E5943262581AC3DABFFCCBBF2C87AD71766E7C1E71FEF9E79767E0167F4EFEAE77BDABBC5CF2DBDFFEF6BCAFAFAFFC39F7DE7B6F7EC001079443DD134F3C317FE8A187F2238E3822FFC0073E509E811BDF77D1451795C3DC88DD76DB2D3FF2C82357FD1D7119E5B70C71466F23BEF7BDEFBDEEB1832FB91CF77FFAD39F2E3FC6DFF48D6F7CA3FCFD06BA401BD70FEB100000FA4E00AA274992F71705669E420440BB69E64037CE9ADD6BAFBD565DD2F8DC73CF2D07B28323CEBABDFBEEBBF32CCBF2F7BCE73DE525988F39E698F27BE352C9F1734E3AE9A4F22CDC6BAEB9A63C9376CA9429430E66E3BD76E3E7FCD55FFD5539F01D3CA4DD76DB6DF33BEEB8A3FC3BE2B131088EAF3FF8C10FBE61A0FBCE77BEB3FC5D31D08DF7DA8DB38BE37BE277BBE432D0EEEC670000D0770250D5E2F289226E5588006837CDBEE4F2C2850BCB61E8C30F3F5C9E35FB962186B0F1B818AEC659BA8DF7D48DF7BF8DF7DE1D3CD06DFCCCB8CCF2C5175F9C5F70C105ABE2A73FFDE9AA4B2EFFEA57BF2ABF77DEBC791B74866EBC5F6E5C7E396EDB679F7DBC872E3056F73ED6210000F49D00544F9AA6FB1705E65A8508807633D203DD2449CAF7B68D38E18413560D7423A64F9FBE6AA01B97688ECB310F35D08DD86CB3CDCAF7DC8DF7BADD669B6DCA016C63A01BF7C7FBE636DE733706BA7129E75B6EB9A51C14C7DF73E59557965F0F3E43F7DA6BAFCD3FFFF9CFE7DB6DB7DDAA4B2EAF3ED07DE9A5970C7481B6663F030080BE13804ACAB2EC88A2C05CAC1001D06E9A3DD08DCB2917BF26BFEBAEBBCA816E9C39FB677FF667656CB5D5566B1CE87EFDEB5FCFF7DF7FFFB50E746FBCF1C6F2F3A38E3A6AD540F7339FF94C7EDC71C795EFD71BC3D88D7D0FDDD507BA071D74D0EB1E6FA00BB41BFB190000F49D0054B5B89C9265D9A90A1100EDA69903DD1884EEB0C30EE519B43BEFBC73F9BEB69D9D9DF9F1C71F5F9E9DFB9DEF7C273FF3CC33CBCB2D0F1EE83EF0C003F9965B6E595E82796D03DDB86DD2A449F9B871E3560D740F3CF0C0FCB39FFD6CFE8D6F7C237FF6D967CBC7CE993327EFEEEE2ECFAE8D33858BFFECFCB6DB6E2BBF3EE38C33F2993367968F7BEAA9A7F2534F3DB51CE8C6FDF13B3EFEF18F9783E5F89EF8FB76D96597557F97812ED0A67B1FEB100000FA4E002A595C2E4CD3F44885088076D3CC816E9CED1AC3D6175E78A1BC84725C1E79DB6DB7CDDFFEF6B7E75B6CB1C5AA98366DDAEB06BA31308D41EACB2FBFBC6AA0BBD75E7BBD61A0BBDF7EFB9583DBB8BCF2EA975C5E53CC9D3BB71CCEFEFAD7BF7EC37D975C724979DF01071C50BE27EFFBDEF7BEF2E70F0C0CE47BECB147795FFC7DF7DD779F812ED0CE7B1FEB100000FA4E00AA274DD3FF290ACC010A1100EDA6D9975C5EB468D17A3F76C99225E559B2AB7F5F9C49FBE28B2FBEEEB18F3CF248BE74E9D25567D62E58B0A07CBFDEF8B8B6DF11EFDD7BEBADB7AEFADEC111BF277E467CBE7CF9F221FFBEA16E37D005DA89FD0C0000FA4E00AA5A5CE66459365E2102A0DD347BA02B0C7481CAED7DAC430000E83B01A86471793C49929D142200DA8D81AE812E80FD0C0000FA4E00DAA1B82C4B92644B8508807663A06BA00B603F030080BE13804A4B9264EBA2B82C518800684706BA06BA00F6330000E83B01A8B42449C615C5E5418508807664A06BA00B603F030080BE1380AA1796095996CD528800684706BA06BA00F6330000E83B01A8B4344D8BDAD2F1438508807664A06BA00B603F030080BE13804ACBB2ACAB88F3152200DA9181AE812E80FD0C0000FA4E00AA5E58CE4CD3F43B0A1100EDC840D74017C07E0600007D2700552F2C971571A84204403B32D035D005B09F010040DF0940A5A5697A6396657B2B4400B423035D035D00FB190000F49D0054BDB0DC3571E2C48F2B4400B423035D035D00FB190000F49D0054BDB03C9524C97B152200DA9181AE812E80FD0C0000FA4E002A2B4992CD8AC2F24A7C548800684706BA06BA00F6330000E83B01A8AC383337CED0558800685706BA06BA00F6330000E83B01A87251F99B780F5D8508807665A06BA00B603F030080BE1380CA4AD3749F226E548800685706BA06BA00F6330000E83B01A8AC344DBF5A1496FF528800685706BA06BA00F6330000E83B01A8AC2CCB4E28E20C8508807665A06BA00B603F030080BE13802A17959E344D3B152200DA9581AE812E80FD0C0000FA4E00AA5C54AE2A22558800685706BA06BA00F6330000E83B01A8AC2CCB6615F1198508807665A06BA00B603F030080BE13802A179507932419A71001D0AE0C740D7401EC670000D0770250E5A2B2244992AD152200DA9581AE812E80FD0C0000FA4E002A2949922D8BA2F2B24204403B33D035D005B09F010040DF0940252549B25351541E5788006867030303AF2D5BB6CC30B505A2F87758D0DFDFBF5C5602A3C97E0600007D2700552A289F2C628E4204403B9B3D7BF682458B1619A8B6403CF1C4133FECEFEFBF555602A3BC0FB29F010040DF094035A469FA2F4551B9462102A09DD56AB5FD6FBAE9A6250B172E5CEC4CDD513B3377E1DCB973AFECEFEF9F57C4BEB212184DF6330000E83B01A88C2CCBBE5914950B142200DA5D0C11E3CCD02256C47BB88A118F152B8FBF612E30EAEC670000D0770250A582725A9AA6FFA61001000063681F643F030080BE1380CA1494FF28E270850800001843FB20FB190000F49D0054439AA6D71545E58B0A1100003056D8CF0000A0EF04A04A05E5D6891327EEA11001000063681F643F030080BE1380CA1494794992BC5F21020000C6D03EC87E0600007D27009529282B922479AB420400008CA17D90FD0C0000FA4E005A5F9224DB1605E53985080000184BEC670000D07702500959967DA42828F72B440000C058623F030080BE1380AA1493BDB22CAB29440000C018DB0BD9CF0000A0EF04A0F5A5693AA928285728440000C058623F030080BE13804AC8B2ECDB457C4F21020000C612FB190000F49D0054A5987C374DD363152200464AF2A31F6DF6ED73EADBADF38179BEC9D1BD37BCB3F1E53767D4DFE1E801F026EE85EC670000D07702508962F28322BEAC10013052BACF1DD8A1ABB77E5D7CDED5533BADABB776EDE0E8EEA9EF5DDED7579FD0DD53FB71E3FB3A7B07EEEC9A3E73FCF117F76F3D6D5A7D734712808DDC0BD9CF0000A0EF04A0F56559D65FC41714220046C2B133EAEFEDECABFD63575F6DD6949EFA5F77F5D606E2EBA9BDB58F35E2C80B7EF1AE786CF198CBBAFAEA5F8ACFA7F6D4FEA9AB77E0A1E2F1D717B1B4B8EFEF1D4D003686FD0C0000FA4E00AA524C7E3369D2A48F2A44008C84CEDEDA2145CCE9EAAD2DEEECAB5FD3DD5B9B39B5B7BE67D779F50F447C7BFAC05FC4E3E2F2CA5DBD03F7744EAFEFD7D9539B513CFEC1F231D3678E8F21B02309C09BB017B29F010040DF0940258AC93349926CAF10013052065F723906BA5DBD0357FFF16CDC227A6BCF94B7F7D53B3B7B6B0FC459B99DBD038715B7BFD8D957FB590C8263A05BC47C4712808DDC0BD9CF0000A0EF04A0B51D7EF8E17F521493578A4F375188001829E5A596FB6A8F96EF97DB5B9B1903DEC67DF13EB9F1B1FBDC1BB72D3E3FAAB8FFECF8BA78EC6DE5C7BEDAACC15F03C070D9CF0000A0EF04A0E52549B243514C867D86934204C086EAEAAB9DDCD55BFFDFB8EC725C56F98F67E8D62E2D3EF644149F3F158F3BBA77E083C5631676F70E9CD9DD57EB2E6EBF3BCEEA2D3ECE5BF971AEA309C0C6B09F010040DF0940150AC9DF1571874204C0481A7CC9E5F2F2C97DF5099DE7D7C6454CE999B54BDC3EA567E0935D3DF56F759E3F73B7A37B6F78E7EA67E41ED5376BA7E2F19F703401B09F010040DF0940DB4AD374BFA2985CAF100130923A7BFADF3FF83D74BB7B07F6983A63D68E8DE83AAFBE4DF78CFA87BAFAEAA7C499BC5D3D03E7C7A598E332CC8D9FD1D5533FA9B86F8AA30980FD0C0000FA4E00DA5696655F2F8AC9250A110023656AEFACBFE9EAADDD15C3DAF8BAABA7765AF1F54F0647676FFD88AEBE817DBA7AEB9362B8BBF2712714F7FDAA71B9E6E2F32BBF357DE6BB1D5100EC670000D07702D0CE85E45FB32C3B5D21020000C6E07EC87E0600007D27002D5F48A6A7697A94420400008CC1FD90FD0C0000FA4E005A5B9AA63F2E8AC9810A11000030D6D8CF0000A0EF04A00A85E4E62CCB3EA51001000063703F643F030080BE1380962F248F2449F221850800001883FB21FB190000F49D00B47C21792949927728440000C018DC0FD9CF0000A0EF04A075C5203706BA0A1100003016D9CF0000A0EF04A0A5C5A596E392CB0A1100003016D9CF0000A0EF04A0D58BC8A78BB879630B91104208218410425435EC0C01001881E7E2F59D000C4F9AA6495148AE76240000000000A0390C740118B62CCB8E2E0A499F23010000000000CD61A00BC0C614917F4FD3F424470200000000009AC34017808D2922971631D991000000000080E630D00560D8D234FD595148F675240000000000A0390C7401D8982272C7C48913FFD691000000000080E630D00560638AC8FC24497670240000000000A0390C7401189669D3A66D5A149157264C98B0B9A3010000000000CD61A00BC0B02449B27D51449E71240000000000A0790C740118962CCB762B8AC86F1C090000000000681E035D0086254DD37FC8B2ACDF91000000000080E631D0056058D2343DA42822973B120000000000D03C06BA000C4B9665C71571B623010000000000CD63A00BC0700BC8B9699A4E75240000000000A0790C7401186E01B9B288898E040000000000348F812E00C3926559AD88CF39120000000000D03C06BA000CB780DC9F24C9AE8E040000000000348F812E00C32D20CF2549B2AD23010000000000CD63A00BC006DB679F7DDE561490E58E0400000000003497812E001B2C4992F71705649E23010000000000CD65A00BC0708AC7278AB8D591000000000080E632D0056083A569BA7F5140AE7524000060F4253FFAD166DF3EA7BEDD3A1F98E79B1CDD7BC33B1B5F7E7346FD1D8E1E0000B43E035D0036589665471405E46247020000465FF7B9033B74F5D6AF8BCFBB7A6AA775F5D6AE1D1CDD3DF5BDCBFBFAEA13BA7B6A3F6E7C5F67EFC09D5DD3678E3FFEE2FEADA74DAB6FEE480200406B32D0056038C5E3942CCB4E7524000060741D3BA3FEDECEBEDA3F76F5D5664DE9A9FF75576F6D20BE9EDA5BFB58238EBCE017EF8AC7168FB9ACABAFFEA5F87C6A4FED9FBA7A071E2A1E7F7D114B8BFBFEDED1040080D664A00BC0708AC785699A1EE9480000C0E8EAECAD1D52C49CAEDEDAE2CEBEFA35DDBDB599537BEB7B769D57FF40C4B7A70FFC453C2E2EAFDCD53B704FE7F4FA7E9D3DB519C5E31F2C1F337DE6F818023B920000D0BA0C7401D860699AFE4F51400E7024000060F40DBEE4720C74BB7A07AEFEE3D9B845F4D69E296FEFAB7776F6D61E88B3723B7B070E2B6E7FB1B3AFF6B31804C740B788F98E240000B426035D0086533CE6645936DE91000080D1575E6AB9AFF668F97EB9BDB59931E06DDC17EF931B1FBBCFBD71DBE2F3A38AFBCF8EAF8BC7DE567EECABCD1AFC350000D07A0C7401184EF1783C49929D1C090000185D5D7DB593BB7AEBFF1B975D8ECB2AFFF10CDDDAA5C5C79E88E2F3A7E27147F70E7CB078CCC2EEDE8133BBFB6ADDC5ED77C759BDC5C7792B3FCE75340100A03519E802309CE2B12C49922D1D090000187D832FB95C5E3EB9AF3EA1F3FCDAB888293DB37689DBA7F40C7CB2ABA7FEADCEF367EE7674EF0DEF5CFD8CDCA3FA66ED543CFE138E260000B41E035D00364892245B17C5638923010000ADA1B3A7FFFD83DF43B7BB77608FA93366EDD888AEF3EADB74CFA87FA8ABAF7E4A9CC9DBD533707E5C8A392EC3DCF8195D3DF5938AFBA6389A0000D07A0C7401D82049928C2B8AC7838E0400008CBEA9BDB3FEA6ABB776570C6BE3EBAE9EDA69C5D73F191C9DBDF523BAFA06F6E9EAAD4F8AE1EECAC79D50DCF7ABC6E59A8BCFAFFCD6F499EF76440100A0F518E802B0A18563429665B31C090000000000683E035D0036489AA645EDE8F8A123010000000000CD67A00BC006C9B2ACAB88F31D090000000000683E035D0036B4709C99A6E9771C090000000000683E035D0036B4705C56C4A18E040000000000349F812E001B244DD31BB32CDBDB91000000000080E633D00560430BC75D13274EFCB823010000000000CD67A00BC086168EA7922479AF23010000000000CD67A00BC07A9B366DDAA6513884104208218410420821841042083172614201C0060D751D050000000000000000000000000000000000000000000000000000000000000000000000000000000000000000000000000000000000000000000000000000000000C6BAFF0FC6E57D9A0AC9FE2D0000000049454E44AE426082, 1);
INSERT INTO `ACT_GE_BYTEARRAY` VALUES ('1bc2071a-1c4e-11ec-94ee-5ef70686b817', 1, 'flowLeave.flowLeave.png', '1a075ec8-1c4e-11ec-94ee-5ef70686b817', 0x89504E470D0A1A0A0000000D49484452000002EC000001AE0806000000CB5853060000264E4944415478DAEDDD0B9C54E57D37708D36CDDB98A889E99B3635D126692ECDA579DB246ADA4AD3A44D344D6CEB822BEA0BA251A3B2BB08F2E63534604D52125ADD5950FC3469BC2434684B13BC44033B2318EF888A4A2A5E4004969B229008A8CBE9F33FEE2103EE220BBBECECF2FD7E3EFFCFEECC9C9D59CEFE39CF6F9E79E6CC7EFB010000000000000000000000000000000000000000000000000000000000000000000000000000000000000000000000000000000000000000000000000000000000000000000000000000000000000000000000000000000000000000000000000000000000000000000000000000000000000000000000000000000000000000000000000000000000000000000000000000000000000000000000000000000000000000000000000000000000000000000000000000000000000000000000000000000000000000000000000000000000000000000000000000000000000000000000000000000000000000000000000000000000000000000000000000000000000000000000000000000000000000000000000000000000000000000000000000000000000000000000000000000000000000000000000000000000000000000000000000000000000000000000000000000000000000000000000000000000000000000000000000000000000000000000000000000000000000000000000000000000000000000000000000000000000000000000000000000000000000000000000000000000000000000000000000000000000000000000000000000000000000000000000000000000000000000000000000000000000000000000000000000000000000000000000000000000000000000000000000000000000000000000000000000000000000000000000000000000000000000000000000000000000000000000000000000000000000000000000000000000000000000000000000000000000000000000000000000000000000000000000000000000000000000000000000000000000000000000000000000000000000000000000000000000000000000000000000000000000000000000000000000000000000000000000000000000000000000000000000000000000000000000000000000000000000000000000000000000000000000000000000000000000000000000F42375D75D77C005932A87BDE68659B6FFF9A59BDF5C5CFCCA94CA41F61E0000F4B2A67F697D4763A93233BE6F6C2E5FDC582AFFA4BA9A9A2B9FCB6F6BA90C6A6A2EFF47F1730DA5D6F98D93671F3DF6CA59078F1F5F39D09E0400801E36664AE5ED0D2DE5BF6E6C29CF19D95CF9500AE8AD717954A9FCD1A2CEB9FCF6435F09ECE5AB52683F21BE1FD55C3EAEB1D4BA286D7F63AA8DE9B64FD99B0000D0C31A4AE5D352DD9542F7DA8696CA8CA65279F6A852E5A8C64B2B47445D30B9F55DB15D2C7F49017D41C3E4CA171A9ACB53D2F68FE5DB4C9E7D74847C7B1200007A49F5929808EC29985FFFCA6C7AAA52794D7E7D4BA52105FB5FC4AC7A43A9F5CC74FD868696F24D11F423B0A75A6E4F0200402FC897C2B4949FCCD7ABA7C01E01BEB82DD6A9BF12EA6F794BFAFEBC74FBB7E372DAF6BEFC6B4B794EF5650000A007A5C03DAEB154B93396C5C4B2975766D8CBDF4B5F9BA3D2F72B63BBF34BADEF4EDBB435955AFFA9A9A5DC94AE7F2866E5D3D7A51D5F97D89B0000D00BB63B4B4C2C6F69A90C6AB8ACFCBEA891CD73DE1BD78F6C6E3DA6B1B9726EC365B33F12A776DC7146FDBC963947A6ED3F696F0200400F6B689EF5CEEA35EC4DA5D64F8C9A32E7F0A21A2FAD1CD234A5F29E14E4BF9EBF41B5B9F5B2582A13CB648AFB4861FEA274DB487B1300007AD0A8D29C8F3596CA0F46187F2578E7E761FF717535942A6735B6B47E3E85FAA111DE3BB6FB6ABAED9E62394DFA7EDAB99367BFD51E05000000000000000000000000000000000000000000000000800E279D7452A6545F96FF850000AF11D8ED05F41F0080C004FA0F00406042FF0100084CA0FF00000426F41F0080C02430A1FF00000426D07F00000213FA0F00406002FD07002030A1FF000004268109FD0700203081FE03001098D07F00000213F480458B167D79D2A449595D5DDD91F6060080C04E0DC9B2ECA0F5EBD76F5ABB766D3662C4885BED110000819D1AF2C4134FDC94752897CB6BEAEBEB07DB2B0000023B3560F1E2C5C7B6B7B717793DDBBA756BFBB871E356D5D5D51D6CEF000008ECF4A194CF0F58B56AD5EA6C0771DDD0A143AFB08700000476FAD0A2458B2ECDBA306DDAB4E7870C197294BD0400ECCBE1BC1201FD35AA624FD11BDADADA8ED8BC79737B5781FDE5975F7E61E4C8910B070D1A74A0BD0500ECAB817DD02E04F641F614BD61E9D2A58F64AF61E1C2852BEBEBEB2FB4B700807D39B457CCAEB3B7D5D5D51D307FFEFC2DAF15D89F7BEEB9DB531FAE89EDED3500605F0DEC83CCAED317C68D1BF78D2D5BB6BCB493BCBEA1A9A9A96C861D0010DA3B9F6537BB4EAF8AB5E9D3A74F5FDE555A9F376FDE55A90F1FB2861D0010D83B9F651F64CFD0DB860F1F7ECC92254B5EDC31ACB7B7B73F3074E8D065CE120300F0EBD05E31BB4E5F983871E2F55B93EA13C4C475A90F2FB77700007E1DD807995DA72FC4279ACE9A356B6391D6DBDADA7E947A70994F3A0500787568AFF8E024FA424343C369EBD6AD7B71EDDAB5D9E9A79FFE707D7DFD607B0500E0D5817D90C04E5F993A75EAFD93264D8A57786EB63700801E9765D9EB9F7AEAA9EBEEBAEBAE175B5B5BB359B366F5CB8AC0DE5F7FF7B4DFB7CE9D3B7745B95CFE92FEEB7F7FBF193366E4FD175FF59FFE53FA0FA0C7A5C1EAFA74B0CC56AD5A956DDAB429DBB2658BDACB15FB3DF6FF6DB7DDB63E0D60C7EBBFFE572B56ACD07FFA4FE93F80DE11334B71B03470F47DB5B5B5AD4D03D6BDFA4FE93FFDA7FF00D8265E0636B3543B334D69C0DAACFF94FED37FFA0F806D620DA1C1A2762AFE1EFA4FE93FFDA7FF00E8F680F5CBE7DBB2A7EEFB7EF6E8EC8BF38AEFE33A838C014BFFE93FFDA7F41F401F0F581BD72DCF1EB9755CF6D04D63B6ABB82E6E33D018B0F49FFED37F4AFF01F4E180F5CCA3335F355815B5ECD11B0C34062CFDA7FFF49FD27F007D3960FDA232B1CB012B6E33D018B0F49FFED37F4AFF01F4E180F5C8ACF15D0E58719B81C680A5FFF49FFE53FA0FC08065C0D27FFA4FFFE93FFD0720B07756715684AE06ACB8CD4063C0D27FFA4FFF29FD07D08703D6E3774CEE72C08ADB0C34062CFDA7FFF49FD27F007D38603DBB7C41F6C8CFBEFEEA9783D375719B81C680A5FFF49FFE53FA0FA00F07ACA8C5F3AE79D58015D719640C58FA4FFFE93FA5FF00FA7AC0DABC397BFCCE2B5EFD7270BA2E6E33D018B0F49FFED37F4AFF01F4D180159FE4B7E88E962ED770C66D3EEDCF80A5FFF49FFE53FA0F606F0F589B37676D8F97B3876FF9FF5D0E5645C536B1ADD9260396FED37FFA4FE93F80BD3060BDD6AC92D9260396FED37FFA4FFFE93F803E1CB07665566967B34D061E0396FED37FFA4FE93F805E1CB07677B02ACAC063C0D27FFA4FFF29FD07D08B03963260E93FFDA7FF94FEAB4DC3860D3BE4A4934E3A71C89021A5F4B535D5E2542FA4CA3ABEC6E5D68EDB4F8CEDED356ACEFAF5EBDF3273E6CC8B274F9EFCD0840913D68E1D3B76D339E79CB3351AF9ECB3CF7E69F4E8D11B2EBAE8A2A5175F7CF10D63C68CF95CFA91FD05760385014BFFA9DAE8BFA62995F734FDCB9DFF4BFFE9BF7DA107BBA3BEBEFEB329CBCC48B5A5239CEF6AC5F633E2E7A544FADC3DF7DC73F665975DB6FCACB3CECA5248CFAEBFFEFAECFEFBEFCF9E7CF2C9ECD9679FCD427C8DCB717DDC7EE185176E1D3162C49614DC6F3DF9E4937F5F6057062CFDA7FF7AC657A6540E6A28957FBAB38A6D62DBF4FDC8A696D6FF17D5D8D2BAB0B154BE7ADBE5526BA3FED37F03B5077731A81F9D02F7DDDD0CE95DD5DD717F52237BDD82050B8EBBFCF2CB577CF9CB5FCEFEF33FFF335BB3664DD61DB17DFC5C0AEE2F3635355D971AF930814909ECFA4FFFED99732EBFFDD0C696F2034D2D733EDC59C56DB14D6C9BC2D1F14D2DE5A6148C1634B6544EC8AB547E3C5D3E276ED37FFA6FA0F6E0CE0C1B36EC0D43860C999242F6D61D8377636363F6C31FFE70A71393717B6CD74968DF1AF71BF72F45D2EB525F1E70F3CD37CF8CA07EF5D557671B376ECCF644FC7CDC4F6AE0174E39E59413042625B0EB3FFDB78761A954FE79637379546373E567DB57EBE8B82DB6696A2E0F4EC1E9C9A652F9A974DDD2F8BEA39615DF3735574ED27FFA6F20F6605752A83EBCBEBEFEA1EAA07DF2C92767575E7965B66CD9B26EE59BD83E7E2E7E7E87E0FE603C8E44496F86F543AEBDF6DA45E79E7B6EF6D4534F653D29EE2F3D09D83462C48809029312D8F59FFEDBB3B034664AE5ED0D9795DFB77DCDFEDF4558CA67372F9DF38174F9078DA5D6EF57575373EBB5E797667F50FFE9BF81DA839D4941FDFDA9965787EB89132766CF3CF3CC1EE59BF8F9B89F1D42FB33F1789225BD12D64BA5D2BAAF7DED6BD9BA75EBB2DE10F73B76ECD8174E3BEDB46B042625B0EB3FFDB7FB61E9C2893F7F53FABAA2B15499F94AA5EF2FAD1CB25D586A69FD7443A9757EAA49D595B6B93F6ED37FFA6FA0F6601733EBCBAB67D567CE9CD9A31927EE6F87D9F667CCB4D3D361FD806BAFBDF6F108EBF19FBB37C5FD8F1E3DFAF9A143875E243029815DFFE9BFDD0B4BE7976E7E730A49738BEBD37595E2B6EAB0D4D852BEBBA9549E505D699B7B0476FD37907BB05AAC29AF5E06337CF8F0EC81071EE8958C13F71BF75FBD3CC69A767A4CAC593FEFBCF37A6D66BDB399F633CE3863436AE42F0A4C4A60D77FFA6F77C35279E5AF97199457EE1896E20C1D8D2D954171468EFC6C1DA572F3C8E639EF4D41E9F30D2D9553F49FFE1BA83D58ADE30DA6DB66D67B2BAC5787F6EA99F6787C49933D961AEBF87883694FAF59DF9535EDA79C72CABABABABAB7094C4A60D77FFAAF7B61299FBD8CE50755B55F96ED1FCB0FF26D26B7FE9FB4DDEDE7975ADF1D339CA3BF73EB1B1B9A2B57344C9EFDD9C6E6D6CBD26D0F355C36FBE3FA4FFF0DC41E2C749CBAB1BD08CF37DC70C35EC938F13855B3ECED4EF9C81E8B5337C6595CFAC215575CB1223572B3C0A40476FDA7FF76CDD82B671D5CBD0CA16A39C2F1A91E89B014A1A9A954F94C53A97CECF8F19503D3F5B73494CA7745C88AAFA39ACBC78D2A953FDA3879F6D1FA4FFF0DC41E2C549F673DDE18BA37EDF046D4BB254E765B7C2852CCAE6FD8B0A14F027B3CEEA9A79EBA7E207EB892014B60D77F4AFF29FDD777060F1EFC99EAA5307B7A3698DD397B4CF5D298F87D244F764B7C82E98C1933B2BE74CD35D73C991AF94A03963260E93FFDA7FF94FEEBC1D9F51945588EF3A5F78578DCAA59F6199227DDB661C386B79E7DF6D9D9EAD5ABFB34B0A7C77F393D035D357EFCF8D719B094014BFFED8BFDE7F8A7F45FCF4AB9E2D01490B71461796FCFAE57CFB25705F62DF17B49A074CB8D37DE3861ECD8B1592D38E38C3396A4463EA69F3C63AFA41A64C012D8F59FDAD3FE5BB972E5914B972E7D64FEFCF95BFEE11FFEE19B83060D3A50FF29FDB7E77D986E3FB108CA8D8D8D7D9A71E2F1AB42FB891228DDD2D2D2F2F0F5D75F5F13817DEAD4A9F131BEFFD44F0E14C57FBA9D1E300C5802BBFE535DF55F7CF6C5A2458B2EDDBC79737BD56754BC347DFAF4E5C3870F3F46FF29FDB7677D98AE6F29B6FBC10F7ED0A719271EBFEA776E9140E996091326ACBDFFFEFB6B22B0CF9D3B77C190214366F6B3C0B4D30386014B60D77FAAB3FE5BBC78F1B1AB56ADEA722DE292254B5E9C3871E2F575757507EB3FA5FF76AF0FEBEBEBCBC5EDF3E6CDEBD38C138F5FFC2EF17B49A074CB85175EB8696F9F7BBD2B8F3DF6582C89B9AF9F06A64E0F18062C815DFFA9EAFE4BDEF4C4134FDCD4DEDEFE9AC7C4AD49FA998D4D4D4DFF57FF29FDD7FD3E4C5F9716D7F775D689C7AFFA1D974AA074CBD9679FBDF5B9E79EAB89C0FEECB3CF6E4C4DBCBC9F07A6ED0E18062C815DFFA9A2EEBAEBAE6CFDFAF59B76E353A15F9C3A75EAFD75757547EA3FB5AFF75F37FBF057C5E5BECE3AF1F85533EC1B2450BAE5D4534FCD5E7AE9A59A08ECE9F7D8B00BFF01FB55F5C580B569D3A66CF3E6CDDB5DB76CD9B26CD1A245AFDA36B6EBECFA9EAA38C77E1A206A66C01A68FDB5B7FB6FC58A15D92F7EF18B5DDA76E1C285792FEECAB6D19F71A6AADEFABBAF5AB52A0F2B5DDDBE66CD9AECD1471FCDBF5FB26449F6FCF3CFE7BFFB7FFFF77F671B376EECB17D3769D2A46CEDDAB5DD3E36C6CFC4CF3AFEF56DD5421FE9BFDDAFBECE3AF1F855BFCFCB1228DD72D65967BD542B33ECE960F7C4009861EFF39784070F1E9CD5D5D5E541F9FCF3CFCFCE3DF7DCEC939FFC64F6BBBFFBBBF9F75177DE7967BEED8D37DE981D70C001D971C71D977DF0831FCC2B6EFFC33FFCC36D972378C5B6B1FEEE3DEF794FA73565CA944E7F97638F3D36FBABBFFAABEC97BFFCA519F67EDC7F6D6D6DD9EDB7DF9E9D70C209D9873FFCE1FCFBA871E3C66DEB93A86BAFBD36DF3E4E61F65BBFF55BD937BFF9CD3CC07CF6B39F7D55C536B16DBC4C7CE8A187667FF0077F900783A38F3E7ABBFB8C6A6969C9B7FDCE77BEF3AADBAAAB0845F198DFFAD6B7B6D5F1C71F9FBDEE75AFCB2EB9E492EDAE7FFCF1C7F3ED7FF8C31F666F7BDBDBF2EF0F3EF8E06CFAF4E9D9F2E5CBA357F2BEEFA9FE8BCFBB38E38C337E562E97D76CDDBAB57D170E8B2FA77DFFA3D34F3FFDE1F477BDB91FCCB00FA82531B5DA47FB7AFF75A70F6326DB0C3B03C205175CB0A156D6B0A76038AF1FAF61AF99375DCD9D3B373BECB0C3B211234664718EFDBFFFFBBFCFDEFFFEF7E703497C7FE2892766F3E7CFCFB7FD9BBFF99B3C70C740F4B9CF7D2EFBCC673E936F13C16BF2E4C9F940536C1BB347F12EF7ABAEBA6ABB8A2702DFF8C6373AFD5DE2894104B73163C608ECFDB8FFAEB9E69ABC1776ACD34E3B2DFBD33FFDD33C48C7E5993367E683526CFFF5AF7F3D7BC31BDE90DD73CF3DDB859B388D6C6CFBD8638FE5B38FF1A42E9E50FEE55FFE65F6A52F7D29FFD9EF7DEF7B79DFC42730C7F745D8193D7A741EECA33FABEBAB5FFD6A7E9FF18A4E6C1767BE3AF0C003F39EEEAA62FB9B6FBE397BF2C927B30B2FBC303BE49043B2D6D6D65E0D5A45FFA5C17A707AB2B36A676FFA6B6F6F7F20DEF497FEAECB627BC7BFEED7CF7EF6B3FC6F187D575CD7D0D0905FF7D0430F6DBBBDA8DFF88DDFC87EE7777E276B6E6EAEE93EDAD7FBAF3B7D680D3B03C6D7BEF6B5676AE52C31B367CF6EED876789A9C9D39AC5AC78CC60C60CE7073EF0813CAC47788AEFFFE88FFE68DBCC66CCAE7FE52B5FC9037BCC7A46688A59D49831FFF6B7BFBD5D608F8AE0DF5970EB2AB047FDF33FFF73F6C637BE315FF620B0F7DFFE8B3072F1C517E7CBA83EFDE94FE741FAF4D34FCF4E39E594BC57A2C77EF5AB5F658F3CF248DE13D15F0F3EF8E0ABEEE789279ED816D8A33FDFF4A637E5F7FD5FFFF55FD95BDEF296EC7DEF7B5FF6CE77BE33DF26EE33BE2FFE1D11D83BEBBFA28AC07EEBADB7E6AF122D5EBC38AF58C610B7C7F5C5751FFDE847B33BEEB823BBF4D24BB3DFFCCDDFCCF6DF7FFFBCBF23685D7DF5D5F936F133E3C78FCF67FD172C58D0A3FD1767DF183A74E815D3A64D7BFEE5975F7EA1EA50B82185BBABD26DCBD2DFF6F21A3F4B4C4D9FD631FEDE5D05F6E8CDE2F6CF7FFEF3590AA7F9DFFA1DEF78477E5DF469ADF6D1BEDE7FDDE943678961C04807911B6AE53CEC975C72C98C7E741EF69AFCE09098F17CF39BDF9C5704A00F7DE84379FDF66FFF761E9A8BCB3123999EACE503C9A851A3F2C01EE1E84FFEE44FF201ED139FF8C4B68A60F5F4D34FE7B34D31A3FE6FFFF66FDB55CC48A5837B7E7BACDBDCF1778A2700F138F1A111027BFFECBF789FC359679D951D71C411F9DF39FE9E53A74ECDC37AD4473EF291EC9C73CEC9B72D027BF44C67F7551DD863663E7A2866DD63A94DFCBE31ABFEF18F7F3C0FF1F164EFF5AF7F7D76C30D376C0BECF18ACE9C3973B2BBEFBE7BBB8A5773A27FFFFDDFFF7DDBF2849D85FBB8EFE277DA712943DCFE677FF667F9D7F87F13AF54F5C47B3D3AEBBF2143861C95FECFA5E7D80B573EF7DC73B7A7FF8F11301E8AEBF5DFDE09ECD5B79F77DE79F975B1E4AB56FB685FEFBFEEF4A1F3B03360A481F2AFD3C0B8B516DE737AF2C9272FE82F9F74BAABF6F68015CB0F62008901226676628DF117BFF8C5ED2AEDE7FCE5E058FA12B3414560FFBBBFFBBB3C18C5128333CF3C735BDD7BEFBDD94F7FFAD3ECC8238FCC7EEFF77E2FFF1AA1291E23663FE372CC2CC5D7225815156F508C359F3150C53611D604F6FED77F23478EEC34ACC4AB32F5F5F5F92B3711E8BB1BD8E34D79975F7E79DEB3312B196BD5CF38E38CBC4F63A94DCCDCC72B43455F7DFFFBDFCF7BB6ABF01421A9787F4684A798B18F571063C942DC1E4F36E2F2BBDFFDEE5705AD78921B6B7CE33E628DF2CF7FFEF3FC6762F6B4B7FB2F3E5932EDC70BD3F16F4D7CED2F9F34D95F027BF4502C55898A27803B06F678552766D9FFFCCFFF3C5F0213CBAE8A37EED7621FE9BF6E85FA9AF9A4D3F4C468AB4F3A654F66D85F9706C82D718686BEB46CD9B23B5203B7C5EF2330ED594560890122DE741AB34511AA8B99D098ED89977C63BB58EA920ECCD905175C9007F618C862608A3307C5CFFFEDDFFE6D1E8E6EBAE9A67CFB9885FAD8C73E962F75281E2396B9C4AC41ACFD8C50BFE3EF1241FDA8A38ECABFFFE33FFEE37C265E60EF7FFD17E1E5CA2BAFCCC3755111A28B2531F14431FA67E9D2A5DD0AECB17D2CD18A7AFBDBDF9EF75BF44804F658D71E67A628027BCC4C46E8F9F18F7F9CCFA21715FD17AF1A45388A1E2C9E14EEEACC68AC338E650DC5D288BDB1867D67C763FDD7F3813D82781CE7A2E238B463608F801EE13BBE8FDBE3CDCFD521BCD6FA48FFEDBA934F3EF9D0942DB6144139968AF68578DCAAB0BE257E2F09946E1B3366CCAD3123D097FEF11FFF715A6AE22B05A69E0BECB13C25027BCC1815CB6422FC14813D2AD62217813DC2751C5462D6334276BCA12A5EDE2DCEF012670A89801FE12A6654E33162194384F5EA59A6A262362A1E2F02565C8E3015B3EDB17C4160EF7FFD17EF7738FCF0C3F399F098A98C505204F6B83DD6FAC63AE0EE04F6E2FD1631611033EA717FD1B371D6A25842106F0A2C027B2CF7DA59702A6AF8F0E1DB82569C7D26FA2DDE0C1BB74D9B362DBF5C3D33FA939FFC247FB375BC51BBABB37BF4D4598EF45FED2E8989BF711CF7E272BCE1BE3AB0D75A1FE9BF6ECFB2CF28C2724C3CF48578DCAAC03E43F264779F81FEFE8811235E8C376CF58575EBD6DD9B1A7875FC1E06AC9E0BEC11CC23BCC4A012CB15A2FEE22FFEA2CBC05E049E52A9B46D594DAC192EB65DB972E5B6D014616DBF8EF5996F7DEB5BF341ADFADCEFF1043096C0C4291DAB7FB718D06226B5B337231AB06A3FB0DF72CB2DDBD6F916813DCEF212EBCDA30F22A07437B01F73CC31F913C3787527C24DBC792FDEFC1CFD1333E8B1EC26C24E1C9F9E7DF6D9ECBBDFFD6EBE8421965BC5E5E8CBB8BF786218978B379EEEC9DAE31D83569C2AB5B327A5FA6FE004F6B82DCE977ED04107E567282AFAB316FB48FF754FDAEF9F29C2722C09DDDBB3ECF178F5F5F5DB96C3C4EF2379B2DB9A9A9AAE8B77B4F785F4D8D35313371BB07AA6FEF55FFF351F20E2C014213D5EA68D0129CEF011B3E65D05F678B35FAC7B8F99A2787361DC47CCA4C77AF772B99C0F44710AC8F83715A7438B25313100C6CC792C6188F31647C88A59F758D65084A7EA0F16F9D4A73E95CF42C5DA780356FF0AECD12FB164A558F31B813D4E131A4F04E3159A08CC3B0BECF1C133C529228BA52BF14A502C4988F745C4A9F1E24C1CEF7DEF7BF32777D153F158B174A6B88F0852EF7AD7BBF26DE2FEE2E7F7EB3873C78E9FEA988E2DF9AC669C273BB6B9EFBEFBF2CBF1FF61F6ECD9DB9E884E983021EFEFB83DFE9DF12A529C62B2986D8DC72A4EF5A7FFFA4F60DFD5D33A56DF1E7FE7B82E8E95B5DA47FA6FB766D9EF2E0273BC12B837C5E355CDAEDF2D71B247EAEAEADE366CD8B017F6F6794AE7CD9B174B6156C7E31BB07AEEE3A7239C1733A1F1A6C0F83ECEEAB15FC7DAF4CE027BBCF934CE8B1DA13CCECF1E813A96C044908FC12D3E842996CB5C74D145F9FD44C02A66D563808A812996CDC44B7F11EA5E78E1854E7FBF75EBD6E561AC581B6FC0EA3F81FD0B5FF8421ECC63F9CB8E4B628ADA59608F3734C76DC5FB1A8A8A401E4B6D626D7CBC22144FF6E2BAF874C678D258F473F52C7DDC573C21DDAFE3FCD911F6BBFADD8B50FFC0030FBCEAB698B12FFE5FC4D29B786375FC1BE35CDA7196A4A2D78B4FB0D47FFD27B0F774D54A1FE9BFEE4BE3E0D1296BB417C139FE467B433C4E55586F8FDF43E2648FA581F78434006E8A40B537AC5EBD7A4E6AE0A7537DD180D53B1501BAF844C93847765CAEBE3D668C62963C66D6231C151F135FDC1E01BEFA0D58C52CF9C30F3F9C07EFFE36E00A4CBB5F11928B4F128DD9C4E897E8A7A26F8A8A6DA23FAA974855F753CCC27776FFC5AB31316BBEE3AC7C57BF532C3788B375EC6C9BA2F7E30968671F0F1F33A5C5FF8BCE7EE778F37667D7EBBF7D2FB0D74A1FE9BFDD3364C89029D54B63E289576F8AFBAF5E0A138F2F69D263468C183161ECD8B12FC47FEEDE940E5C0BD37F98FB52337FD580A50C58FA4FFFE93FA5FF7AD3B061C3DE9082F38345808EF778F556688FFB4D8FD75E35BBFE603CBE94498F3AEDB4D3AE193D7AF4F3BD35D3BE7AF5EADB22ACA706FEAE014B19B0F49FFED37F4AFFED0D29771C9EEA99EA99F638FB4F4F8AFBAB9E59EF78BCC3A54B7AC5D0A1432F1A3162C4869E5ED3DEB1667DE9409F59376019B0F49FD27FFA4FFFD59E943FDE5F1DDA8B37A2EEE9D963E2E7777883691ED6E3F1EC757AFB99E8174F39E59475575C71C58A58B3B7279E7FFEF97B3ACE06B37A20AF59376019B0F49FD27FFA4FFFF58B99F607ABC375CCB6C74913E27D5CDDFCE0C7FCE7769855CF3AEEDFCC3A7BED99E86171CAC5534F3D75FD55575DF5E49A356B5EEA461FBFB47CF9F23B264C9830AD23A837C7FD19B094014BFFE93FFDA7F45F5F8A35E51D6F44DD3168678D8D8DF979F5E34DED7106AA78B37C88AF7139AE8FDB1B1A1A5EF5B3717F71BFD6ACD327E2438DE2934853E05E7DE699673E3D75EAD407E6CE9DBBE0B1C71E5BBA76EDDA5FA63EDEB87AF5EAA71E7DF4D179E9A030EB924B2E99917E6641FA9995F17303F143910C58062CFDA7F49FFED37FFD7E62F2E8EAF3B4EF61DDEDD48DD48AFD070F1EFCA9D490DF4ACF2067A6E6BCB76A2D587CBD37AE8FDB63BBD87E5FDE59062C0396FE53FA4FE9BF7E11DC3F9B32CC8C545BBA19D263FB19F1F3F62218B094014BFFE93FFDA7F45F2F1B366CD82129809F3864C89052FADA9A6A71AA173AC2F90B1D975B3B6E3F31B6B7D7C080A50C58FA4FFFE93FA5FF000C58062CFDA7F49FFED37F0002BB3260E93FFDA7FF94FE033060290396FED37FFA4F09EC00062C0396FE53FA4FFFE93F0003963260E93FFDA7FF94FE03306019B0F49FD27FFA4FFF0108ECCA80A5FFF49FFE53FA0FC080A50C58FA4FFFE93F25B00318B00C58FA4FE93FFDA7FF000C58CA80A5FFF49FFE53FA0FC08065C0D27F4AFFE93FFD0720B02B0396FED37FFA4FE93F0003963260E93FFDA7FF94C00E60C03260E93FA5FFF49FFE033060290396FED37FFA4FE93F000396014BFF29FDA7FFF41FC0BEA9B5B575EBA64D9B0C163550E9EFB0220D589BF59FD27FFA4FFF01B0CDDCB97357AC5AB5CA805103F5F4D34FFF280D58F7EA3FA5FFF49FFE03609B72B9FCA5DB6EBB6D7D5B5BDB5A334D7D36B3D4B664C9926969B05A9AEA78FDA7F49FFEEB4EAD58B142FF010C7471908C998D545B620D617FAB6BAEB9263BE9A493B2FEF8BB77D4968EFD7FBCFE9B9529FDA7FF76BDEEBAEBAE6CD2A449D98C1933F41F00B52B85F54A04767B02D897645976D0FAF5EB37AD5DBB361B3162C4ADF60800B51AD6074558EFA841F608B0AF78E289276ECA3A94CBE535F5F5F583ED15006A31B057AA027BC51E01F6058B172F3EB6BDBDBDC8EBD9D6AD5BDBC78D1BB7AAAEAEEE607B07805A0AEBD5B3EB66D9817D42CAE707AC5AB56A75B683B86EE8D0A157D84300D45260AF7412D8CDB20303DAA2458B2ECDBA306DDAB4E7870C197294BD04402D84F5CE66D7CDB203035A5B5BDB119B376F6EEF2AB0BFFCF2CB2F8C1C3972E1A041830EB4B700E8EBC05ED9496037CB0E0C484B972E7D247B0D0B172E5C595F5F7FA1BD05405F86F59DCDAE9B650706A4BABABA03E6CF9FBFE5B502FB73CF3D777B3A06AE89EDED3500FA2AB0577621B09B6507069C71E3C67D63CB962D2FED24AF6F686A6A2A9B6107A01643BC0F4E0206BC589B3E7DFAF4E55DA5F579F3E65D958E870F59C30E80C00ED047860F1F7ECC92254B5EDC31ACB7B7B73F3074E8D065CE120380C00ED0C7264E9C78FDD6A4FA0431715D3A165E6EEF0020B003F4B1F844D359B3666D2CD27A5B5BDB8FD27170994F3A05406007A8110D0D0DA7AD5BB7EEC5B56BD766A79F7EFAC3F5F5F583ED15000476801A3275EAD4FB274D9A1467C6BAD9DE00406007A83175757547C6F12FBEDA1B0008EC008E7F0060C00270FC03C08005E0F80700062C00C73F003060018E7F0060C062DF5377DD75075C30A972D86B6E9865FB9F5FBAF9CDC5C5AF4CA91C64EFE1F80700062C7A59D3BFB4BEA3B1549919DF3736972F6E2C957F525D4DCD95CFE5B7B55406353597FFA3F8B98652EBFCC6C9B38F1E7BE5AC83C78FAF1C684FE2F8078001CB80450F1B33A5F2F68696F25F37B694E78C6CAE7C2805F4D6B83CAA54FE6851E75C7EFBA1AF04F6F25529B49F10DF8F6A2E1FD7586A5D94B6BF31D5C674DBA7EC4D1CFF00306019B0E8610DA5F269A9EE4AA17B6D434B654653A93C7B54A97254E3A59523A22E98DCFAAED82E96BFA480BEA06172E50B0DCDE52969FBC7F26D26CF3E3A42BE3D89E31F0018B0E825D54B6222B0A7607EFD2BB3E9A94AE535F9F52D958614EC7F11B3EA0DA5D633D3F51B1A5ACA3745D08FC09E6AB93D89E31F00062C0316BD205F0AD3527E325FAF9E027B04F8E2B658A7FE4AA8BFE52DE9FBF3D2EDDF8ECB69DBFBF2AF2DE539D597C1F10F000316F4A014B8C735962A77C6B29858F6F2CA0C7BF97BE96B7354FA7E656C777EA9F5DD699BB6A652EB3F35B5949BD2F50FC5AC7CFABAB4E3EB127B13C73F000C58062C7AC176678989E52D2D95410D9795DF1735B279CE7BE3FA91CDADC7343657CE6DB86CF647E2D48E3BCEA89FD732E7C8B4FD27ED4D1CFF003060410F6B689EF5CEEA35EC4DA5D64F8C9A32E7F0A21A2FAD1CD234A5F29E14E4BF9EBF41B5B9F5B2582A13CB648AFB4861FEA274DB487B13C73F000C58D0834695E67CACB1547E30C2F82BC13B3F0FFB8FABABA15439ABB1A5F5F329D40F8DF0DEB1DD57D36DF714CB69D2F7D3CE9D3CFBADF6288E7F0018B0001CFF00C08005E0F80700062C00C73F000C58008E7F0060C00270FC03C080652F008E7F0060C00270FC0300031680E31F00036CC0524AA97DB58C0200000000000000000000000000000000000000000000000000000C58FF03917BBCBB083969330000000049454E44AE426082, 1);
INSERT INTO `ACT_GE_BYTEARRAY` VALUES ('1d1dbf35-1c51-11ec-94ee-5ef70686b817', 1, 'flowSubmit.bpmn', '1d1dbf34-1c51-11ec-94ee-5ef70686b817', 0x3C3F786D6C2076657273696F6E3D22312E302220656E636F64696E673D225554462D38223F3E0A3C646566696E6974696F6E7320786D6C6E733D22687474703A2F2F7777772E6F6D672E6F72672F737065632F42504D4E2F32303130303532342F4D4F44454C2220786D6C6E733A7873693D22687474703A2F2F7777772E77332E6F72672F323030312F584D4C536368656D612D696E7374616E63652220786D6C6E733A7873643D22687474703A2F2F7777772E77332E6F72672F323030312F584D4C536368656D612220786D6C6E733A666C6F7761626C653D22687474703A2F2F666C6F7761626C652E6F72672F62706D6E2220786D6C6E733A62706D6E64693D22687474703A2F2F7777772E6F6D672E6F72672F737065632F42504D4E2F32303130303532342F44492220786D6C6E733A6F6D6764633D22687474703A2F2F7777772E6F6D672E6F72672F737065632F44442F32303130303532342F44432220786D6C6E733A6F6D6764693D22687474703A2F2F7777772E6F6D672E6F72672F737065632F44442F32303130303532342F44492220786D6C6E733A62706D6E323D22687474703A2F2F7777772E6F6D672E6F72672F737065632F42504D4E2F32303130303532342F4D4F44454C2220786D6C6E733A64633D22687474703A2F2F7777772E6F6D672E6F72672F737065632F44442F32303130303532342F44432220786D6C6E733A64693D22687474703A2F2F7777772E6F6D672E6F72672F737065632F44442F32303130303532342F44492220747970654C616E67756167653D22687474703A2F2F7777772E77332E6F72672F323030312F584D4C536368656D61222065787072657373696F6E4C616E67756167653D22687474703A2F2F7777772E77332E6F72672F313939392F585061746822207461726765744E616D6573706163653D22687474703A2F2F666C6F7761626C652E6F72672F62706D6E222069643D226469616772616D5F666C6F775375626D697422207873693A736368656D614C6F636174696F6E3D22687474703A2F2F7777772E6F6D672E6F72672F737065632F42504D4E2F32303130303532342F4D4F44454C2042504D4E32302E787364223E0A20203C70726F636573732069643D22666C6F775375626D697422206E616D653D22E68AA5E99480E794B3E8AFB72220697345786563757461626C653D2274727565223E0A202020203C657874656E73696F6E456C656D656E74733E0A2020202020203C666C6F7761626C653A657865637574696F6E4C697374656E6572206576656E743D22656E642220636C6173733D22636F6D2E666C6F772E64656D6F2E636F6D6D6F6E2E666C6F772E6C697374656E65722E557064617465466C6F775374617475734C697374656E6572223E3C2F666C6F7761626C653A657865637574696F6E4C697374656E65723E0A202020203C2F657874656E73696F6E456C656D656E74733E0A202020203C73746172744576656E742069643D224576656E745F31376E32727739223E3C2F73746172744576656E743E0A202020203C757365725461736B2069643D2241637469766974795F30336B6A75727422206E616D653D22E68AA5E99480E58D95E5BD95E585A52220666C6F7761626C653A61737369676E65653D22247B7374617274557365724E616D657D2220666C6F7761626C653A666F726D4B65793D227B2671756F743B666F726D49642671756F743B3A2671756F743B313434303934373637353034313130373936382671756F743B2C2671756F743B726561644F6E6C792671756F743B3A66616C73652C2671756F743B67726F7570547970652671756F743B3A2671756F743B444550542671756F743B7D223E0A2020202020203C657874656E73696F6E456C656D656E74733E0A20202020202020203C666C6F7761626C653A6F7065726174696F6E4C6973743E0A202020202020202020203C666C6F7761626C653A666F726D4F7065726174696F6E2069643D223136333233383833353236373622206C6162656C3D22E68F90E4BAA42220747970653D226167726565222073686F774F726465723D2230223E3C2F666C6F7761626C653A666F726D4F7065726174696F6E3E0A20202020202020203C2F666C6F7761626C653A6F7065726174696F6E4C6973743E0A20202020202020203C666C6F7761626C653A7661726961626C654C6973743E3C2F666C6F7761626C653A7661726961626C654C6973743E0A2020202020203C2F657874656E73696F6E456C656D656E74733E0A202020203C2F757365725461736B3E0A202020203C73657175656E6365466C6F772069643D22466C6F775F30306C647661672220736F757263655265663D224576656E745F31376E3272773922207461726765745265663D2241637469766974795F30336B6A757274223E3C2F73657175656E6365466C6F773E0A202020203C757365725461736B2069643D2241637469766974795F3079777866777522206E616D653D22E983A8E997A8E9A286E5AFBCE5AEA1E689B92220666C6F7761626C653A63616E64696461746547726F7570733D22247B64657074506F73744C65616465727D2220666C6F7761626C653A666F726D4B65793D227B2671756F743B666F726D49642671756F743B3A2671756F743B313434303934373637353034313130373936382671756F743B2C2671756F743B726561644F6E6C792671756F743B3A747275652C2671756F743B67726F7570547970652671756F743B3A2671756F743B444550545F504F53545F4C45414445522671756F743B7D223E0A2020202020203C657874656E73696F6E456C656D656E74733E0A20202020202020203C666C6F7761626C653A7461736B4C697374656E6572206576656E743D226372656174652220636C6173733D22636F6D2E666C6F772E64656D6F2E636F6D6D6F6E2E666C6F772E6C697374656E65722E44657074506F73744C65616465724C697374656E6572223E3C2F666C6F7761626C653A7461736B4C697374656E65723E0A20202020202020203C666C6F7761626C653A6F7065726174696F6E4C6973743E0A202020202020202020203C666C6F7761626C653A666F726D4F7065726174696F6E2069643D223136333233383833373230303322206C6162656C3D22E5908CE6848F2220747970653D226167726565222073686F774F726465723D2230223E3C2F666C6F7761626C653A666F726D4F7065726174696F6E3E0A202020202020202020203C666C6F7761626C653A666F726D4F7065726174696F6E2069643D223136333233383833373538363622206C6162656C3D22E68B92E7BB9D2220747970653D22726566757365222073686F774F726465723D2231223E3C2F666C6F7761626C653A666F726D4F7065726174696F6E3E0A20202020202020203C2F666C6F7761626C653A6F7065726174696F6E4C6973743E0A20202020202020203C666C6F7761626C653A7661726961626C654C6973743E0A202020202020202020203C666C6F7761626C653A666F726D5661726961626C652069643D2231343430393637353831363733343539373132223E3C2F666C6F7761626C653A666F726D5661726961626C653E0A20202020202020203C2F666C6F7761626C653A7661726961626C654C6973743E0A2020202020203C2F657874656E73696F6E456C656D656E74733E0A202020203C2F757365725461736B3E0A202020203C73657175656E6365466C6F772069643D22466C6F775F307839647832742220736F757263655265663D2241637469766974795F30336B6A75727422207461726765745265663D2241637469766974795F30797778667775223E3C2F73657175656E6365466C6F773E0A202020203C6578636C7573697665476174657761792069643D22476174657761795F3137397A676E70223E3C2F6578636C7573697665476174657761793E0A202020203C73657175656E6365466C6F772069643D22466C6F775F3138703368716222206E616D653D22E5908CE6848F2220736F757263655265663D2241637469766974795F3079777866777522207461726765745265663D22476174657761795F3137397A676E70223E0A2020202020203C657874656E73696F6E456C656D656E74733E0A20202020202020203C666C6F7761626C653A637573746F6D436F6E646974696F6E20747970653D226F7065726174696F6E22206F7065726174696F6E547970653D226167726565223E3C2F666C6F7761626C653A637573746F6D436F6E646974696F6E3E0A2020202020203C2F657874656E73696F6E456C656D656E74733E0A2020202020203C636F6E646974696F6E45787072657373696F6E207873693A747970653D2274466F726D616C45787072657373696F6E223E3C215B43444154415B247B6F7065726174696F6E54797065203D3D20276167726565277D5D5D3E3C2F636F6E646974696F6E45787072657373696F6E3E0A202020203C2F73657175656E6365466C6F773E0A202020203C656E644576656E742069643D224576656E745F306E766A786768223E3C2F656E644576656E743E0A202020203C73657175656E6365466C6F772069643D22466C6F775F31716967616B7222206E616D653D22E68AA5E99480E98791E9A29DE5B08FE4BA8E313030302220736F757263655265663D22476174657761795F3137397A676E7022207461726765745265663D224576656E745F306E766A786768223E0A2020202020203C636F6E646974696F6E45787072657373696F6E207873693A747970653D2274466F726D616C45787072657373696F6E223E3C215B43444154415B247B746F74616C416D6F756E74203C3D20313030307D5D5D3E3C2F636F6E646974696F6E45787072657373696F6E3E0A202020203C2F73657175656E6365466C6F773E0A202020203C757365725461736B2069643D2241637469766974795F3071617934387522206E616D653D22E680BBE7BB8FE79086E5AEA1E689B92220666C6F7761626C653A63616E64696461746547726F7570733D22313434303931313431303538313231333431362220666C6F7761626C653A666F726D4B65793D227B2671756F743B666F726D49642671756F743B3A2671756F743B313434303934373637353034313130373936382671756F743B2C2671756F743B726561644F6E6C792671756F743B3A747275652C2671756F743B67726F7570547970652671756F743B3A2671756F743B444550542671756F743B7D223E0A2020202020203C657874656E73696F6E456C656D656E74733E0A20202020202020203C666C6F7761626C653A6F7065726174696F6E4C6973743E0A202020202020202020203C666C6F7761626C653A666F726D4F7065726174696F6E2069643D223136333233383835333637373122206C6162656C3D22E5908CE6848F2220747970653D226167726565222073686F774F726465723D2230223E3C2F666C6F7761626C653A666F726D4F7065726174696F6E3E0A202020202020202020203C666C6F7761626C653A666F726D4F7065726174696F6E2069643D223136333233383835343030383122206C6162656C3D22E68B92E7BB9D2220747970653D22726566757365222073686F774F726465723D2231223E3C2F666C6F7761626C653A666F726D4F7065726174696F6E3E0A20202020202020203C2F666C6F7761626C653A6F7065726174696F6E4C6973743E0A20202020202020203C666C6F7761626C653A7661726961626C654C6973743E3C2F666C6F7761626C653A7661726961626C654C6973743E0A2020202020203C2F657874656E73696F6E456C656D656E74733E0A202020203C2F757365725461736B3E0A202020203C73657175656E6365466C6F772069643D22466C6F775F303538636D736222206E616D653D22E68AA5E99480E98791E9A29DE5A4A7E4BA8E313030302220736F757263655265663D22476174657761795F3137397A676E7022207461726765745265663D2241637469766974795F30716179343875223E0A2020202020203C636F6E646974696F6E45787072657373696F6E207873693A747970653D2274466F726D616C45787072657373696F6E223E3C215B43444154415B247B746F74616C416D6F756E74203E20313030307D5D5D3E3C2F636F6E646974696F6E45787072657373696F6E3E0A202020203C2F73657175656E6365466C6F773E0A202020203C73657175656E6365466C6F772069643D22466C6F775F3079637838666222206E616D653D22E5908CE6848F2220736F757263655265663D2241637469766974795F3071617934387522207461726765745265663D224576656E745F306E766A786768223E0A2020202020203C657874656E73696F6E456C656D656E74733E0A20202020202020203C666C6F7761626C653A637573746F6D436F6E646974696F6E20747970653D226F7065726174696F6E22206F7065726174696F6E547970653D226167726565223E3C2F666C6F7761626C653A637573746F6D436F6E646974696F6E3E0A2020202020203C2F657874656E73696F6E456C656D656E74733E0A2020202020203C636F6E646974696F6E45787072657373696F6E207873693A747970653D2274466F726D616C45787072657373696F6E223E3C215B43444154415B247B6F7065726174696F6E54797065203D3D20276167726565277D5D5D3E3C2F636F6E646974696F6E45787072657373696F6E3E0A202020203C2F73657175656E6365466C6F773E0A202020203C73657175656E6365466C6F772069643D22466C6F775F31686D61796B6822206E616D653D22E68B92E7BB9D2220736F757263655265663D2241637469766974795F3079777866777522207461726765745265663D2241637469766974795F30336B6A757274223E0A2020202020203C657874656E73696F6E456C656D656E74733E0A20202020202020203C666C6F7761626C653A637573746F6D436F6E646974696F6E20747970653D226F7065726174696F6E22206F7065726174696F6E547970653D22726566757365223E3C2F666C6F7761626C653A637573746F6D436F6E646974696F6E3E0A2020202020203C2F657874656E73696F6E456C656D656E74733E0A2020202020203C636F6E646974696F6E45787072657373696F6E207873693A747970653D2274466F726D616C45787072657373696F6E223E3C215B43444154415B247B6F7065726174696F6E54797065203D3D2027726566757365277D5D5D3E3C2F636F6E646974696F6E45787072657373696F6E3E0A202020203C2F73657175656E6365466C6F773E0A202020203C73657175656E6365466C6F772069643D22466C6F775F30396237756E7222206E616D653D22E68B92E7BB9D2220736F757263655265663D2241637469766974795F3071617934387522207461726765745265663D2241637469766974795F30336B6A757274223E0A2020202020203C657874656E73696F6E456C656D656E74733E0A20202020202020203C666C6F7761626C653A637573746F6D436F6E646974696F6E20747970653D226F7065726174696F6E22206F7065726174696F6E547970653D22726566757365223E3C2F666C6F7761626C653A637573746F6D436F6E646974696F6E3E0A2020202020203C2F657874656E73696F6E456C656D656E74733E0A2020202020203C636F6E646974696F6E45787072657373696F6E207873693A747970653D2274466F726D616C45787072657373696F6E223E3C215B43444154415B247B6F7065726174696F6E54797065203D3D2027726566757365277D5D5D3E3C2F636F6E646974696F6E45787072657373696F6E3E0A202020203C2F73657175656E6365466C6F773E0A20203C2F70726F636573733E0A20203C62706D6E64693A42504D4E4469616772616D2069643D2242504D4E4469616772616D5F666C6F775375626D6974223E0A202020203C62706D6E64693A42504D4E506C616E652062706D6E456C656D656E743D22666C6F775375626D6974222069643D2242504D4E506C616E655F666C6F775375626D6974223E0A2020202020203C62706D6E64693A42504D4E53686170652062706D6E456C656D656E743D224576656E745F31376E32727739222069643D2242504D4E53686170655F4576656E745F31376E32727739223E0A20202020202020203C6F6D6764633A426F756E6473206865696768743D2233362E30222077696474683D2233362E302220783D223130322E302220793D223239322E30223E3C2F6F6D6764633A426F756E64733E0A2020202020203C2F62706D6E64693A42504D4E53686170653E0A2020202020203C62706D6E64693A42504D4E53686170652062706D6E456C656D656E743D2241637469766974795F30336B6A757274222069643D2242504D4E53686170655F41637469766974795F30336B6A757274223E0A20202020202020203C6F6D6764633A426F756E6473206865696768743D2238302E30222077696474683D223130302E302220783D223139302E302220793D223237302E30223E3C2F6F6D6764633A426F756E64733E0A2020202020203C2F62706D6E64693A42504D4E53686170653E0A2020202020203C62706D6E64693A42504D4E53686170652062706D6E456C656D656E743D2241637469766974795F30797778667775222069643D2242504D4E53686170655F41637469766974795F30797778667775223E0A20202020202020203C6F6D6764633A426F756E6473206865696768743D2238302E30222077696474683D223130302E302220783D223335302E302220793D223237302E30223E3C2F6F6D6764633A426F756E64733E0A2020202020203C2F62706D6E64693A42504D4E53686170653E0A2020202020203C62706D6E64693A42504D4E53686170652062706D6E456C656D656E743D22476174657761795F3137397A676E70222069643D2242504D4E53686170655F476174657761795F3137397A676E70223E0A20202020202020203C6F6D6764633A426F756E6473206865696768743D2235302E30222077696474683D2235302E302220783D223531352E302220793D223238352E30223E3C2F6F6D6764633A426F756E64733E0A2020202020203C2F62706D6E64693A42504D4E53686170653E0A2020202020203C62706D6E64693A42504D4E53686170652062706D6E456C656D656E743D224576656E745F306E766A786768222069643D2242504D4E53686170655F4576656E745F306E766A786768223E0A20202020202020203C6F6D6764633A426F756E6473206865696768743D2233362E30222077696474683D2233362E302220783D223933322E302220793D223239322E30223E3C2F6F6D6764633A426F756E64733E0A2020202020203C2F62706D6E64693A42504D4E53686170653E0A2020202020203C62706D6E64693A42504D4E53686170652062706D6E456C656D656E743D2241637469766974795F30716179343875222069643D2242504D4E53686170655F41637469766974795F30716179343875223E0A20202020202020203C6F6D6764633A426F756E6473206865696768743D2238302E30222077696474683D223130302E302220783D223730302E302220793D223337302E30223E3C2F6F6D6764633A426F756E64733E0A2020202020203C2F62706D6E64693A42504D4E53686170653E0A2020202020203C62706D6E64693A42504D4E456467652062706D6E456C656D656E743D22466C6F775F30396237756E72222069643D2242504D4E456467655F466C6F775F30396237756E72223E0A20202020202020203C6F6D6764693A776179706F696E7420783D223735302E302220793D223435302E30223E3C2F6F6D6764693A776179706F696E743E0A20202020202020203C6F6D6764693A776179706F696E7420783D223735302E302220793D223530302E30223E3C2F6F6D6764693A776179706F696E743E0A20202020202020203C6F6D6764693A776179706F696E7420783D223234302E302220793D223530302E30223E3C2F6F6D6764693A776179706F696E743E0A20202020202020203C6F6D6764693A776179706F696E7420783D223234302E302220793D223335302E30223E3C2F6F6D6764693A776179706F696E743E0A20202020202020203C62706D6E64693A42504D4E4C6162656C3E0A202020202020202020203C6F6D6764633A426F756E6473206865696768743D2231342E30222077696474683D2232322E302220783D223438342E302220793D223438322E30223E3C2F6F6D6764633A426F756E64733E0A20202020202020203C2F62706D6E64693A42504D4E4C6162656C3E0A2020202020203C2F62706D6E64693A42504D4E456467653E0A2020202020203C62706D6E64693A42504D4E456467652062706D6E456C656D656E743D22466C6F775F31686D61796B68222069643D2242504D4E456467655F466C6F775F31686D61796B68223E0A20202020202020203C6F6D6764693A776179706F696E7420783D223430302E302220793D223237302E30223E3C2F6F6D6764693A776179706F696E743E0A20202020202020203C6F6D6764693A776179706F696E7420783D223430302E302220793D223234302E30223E3C2F6F6D6764693A776179706F696E743E0A20202020202020203C6F6D6764693A776179706F696E7420783D223234302E302220793D223234302E30223E3C2F6F6D6764693A776179706F696E743E0A20202020202020203C6F6D6764693A776179706F696E7420783D223234302E302220793D223237302E30223E3C2F6F6D6764693A776179706F696E743E0A20202020202020203C62706D6E64693A42504D4E4C6162656C3E0A202020202020202020203C6F6D6764633A426F756E6473206865696768743D2231342E30222077696474683D2232322E302220783D223330392E302220793D223232322E30223E3C2F6F6D6764633A426F756E64733E0A20202020202020203C2F62706D6E64693A42504D4E4C6162656C3E0A2020202020203C2F62706D6E64693A42504D4E456467653E0A2020202020203C62706D6E64693A42504D4E456467652062706D6E456C656D656E743D22466C6F775F30796378386662222069643D2242504D4E456467655F466C6F775F30796378386662223E0A20202020202020203C6F6D6764693A776179706F696E7420783D223830302E302220793D223431302E30223E3C2F6F6D6764693A776179706F696E743E0A20202020202020203C6F6D6764693A776179706F696E7420783D223935302E302220793D223431302E30223E3C2F6F6D6764693A776179706F696E743E0A20202020202020203C6F6D6764693A776179706F696E7420783D223935302E302220793D223332382E30223E3C2F6F6D6764693A776179706F696E743E0A20202020202020203C62706D6E64693A42504D4E4C6162656C3E0A202020202020202020203C6F6D6764633A426F756E6473206865696768743D2231342E30222077696474683D2232332E302220783D223836342E302220793D223339322E30223E3C2F6F6D6764633A426F756E64733E0A20202020202020203C2F62706D6E64693A42504D4E4C6162656C3E0A2020202020203C2F62706D6E64693A42504D4E456467653E0A2020202020203C62706D6E64693A42504D4E456467652062706D6E456C656D656E743D22466C6F775F303538636D7362222069643D2242504D4E456467655F466C6F775F303538636D7362223E0A20202020202020203C6F6D6764693A776179706F696E7420783D223534302E302220793D223333352E30223E3C2F6F6D6764693A776179706F696E743E0A20202020202020203C6F6D6764693A776179706F696E7420783D223534302E302220793D223431302E30223E3C2F6F6D6764693A776179706F696E743E0A20202020202020203C6F6D6764693A776179706F696E7420783D223730302E302220793D223431302E30223E3C2F6F6D6764693A776179706F696E743E0A20202020202020203C62706D6E64693A42504D4E4C6162656C3E0A202020202020202020203C6F6D6764633A426F756E6473206865696768743D2231342E30222077696474683D2239302E302220783D223537352E302220793D223338332E30223E3C2F6F6D6764633A426F756E64733E0A20202020202020203C2F62706D6E64693A42504D4E4C6162656C3E0A2020202020203C2F62706D6E64693A42504D4E456467653E0A2020202020203C62706D6E64693A42504D4E456467652062706D6E456C656D656E743D22466C6F775F31716967616B72222069643D2242504D4E456467655F466C6F775F31716967616B72223E0A20202020202020203C6F6D6764693A776179706F696E7420783D223536352E302220793D223331302E30223E3C2F6F6D6764693A776179706F696E743E0A20202020202020203C6F6D6764693A776179706F696E7420783D223933322E302220793D223331302E30223E3C2F6F6D6764693A776179706F696E743E0A20202020202020203C62706D6E64693A42504D4E4C6162656C3E0A202020202020202020203C6F6D6764633A426F756E6473206865696768743D2231342E30222077696474683D2239302E302220783D223730342E302220793D223239322E30223E3C2F6F6D6764633A426F756E64733E0A20202020202020203C2F62706D6E64693A42504D4E4C6162656C3E0A2020202020203C2F62706D6E64693A42504D4E456467653E0A2020202020203C62706D6E64693A42504D4E456467652062706D6E456C656D656E743D22466C6F775F31387033687162222069643D2242504D4E456467655F466C6F775F31387033687162223E0A20202020202020203C6F6D6764693A776179706F696E7420783D223435302E302220793D223331302E30223E3C2F6F6D6764693A776179706F696E743E0A20202020202020203C6F6D6764693A776179706F696E7420783D223531352E302220793D223331302E30223E3C2F6F6D6764693A776179706F696E743E0A20202020202020203C62706D6E64693A42504D4E4C6162656C3E0A202020202020202020203C6F6D6764633A426F756E6473206865696768743D2231342E30222077696474683D2232332E302220783D223437312E302220793D223239322E30223E3C2F6F6D6764633A426F756E64733E0A20202020202020203C2F62706D6E64693A42504D4E4C6162656C3E0A2020202020203C2F62706D6E64693A42504D4E456467653E0A2020202020203C62706D6E64693A42504D4E456467652062706D6E456C656D656E743D22466C6F775F30783964783274222069643D2242504D4E456467655F466C6F775F30783964783274223E0A20202020202020203C6F6D6764693A776179706F696E7420783D223239302E302220793D223331302E30223E3C2F6F6D6764693A776179706F696E743E0A20202020202020203C6F6D6764693A776179706F696E7420783D223335302E302220793D223331302E30223E3C2F6F6D6764693A776179706F696E743E0A2020202020203C2F62706D6E64693A42504D4E456467653E0A2020202020203C62706D6E64693A42504D4E456467652062706D6E456C656D656E743D22466C6F775F30306C64766167222069643D2242504D4E456467655F466C6F775F30306C64766167223E0A20202020202020203C6F6D6764693A776179706F696E7420783D223133382E302220793D223331302E30223E3C2F6F6D6764693A776179706F696E743E0A20202020202020203C6F6D6764693A776179706F696E7420783D223139302E302220793D223331302E30223E3C2F6F6D6764693A776179706F696E743E0A2020202020203C2F62706D6E64693A42504D4E456467653E0A202020203C2F62706D6E64693A42504D4E506C616E653E0A20203C2F62706D6E64693A42504D4E4469616772616D3E0A3C2F646566696E6974696F6E733E, 0);
INSERT INTO `ACT_GE_BYTEARRAY` VALUES ('1d2ba1e6-1c51-11ec-94ee-5ef70686b817', 1, 'flowSubmit.flowSubmit.png', '1d1dbf34-1c51-11ec-94ee-5ef70686b817', 0x89504E470D0A1A0A0000000D49484452000003D2000001FE0806000000706236BA000041BD4944415478DAEDDD09981C659D3F702EEF83435C595714165DEF733D38D63FB3EB0928A0CB10270104C2722733138EA8180D2CAB1B8D24D3934070552E891C1A578E0824DD4DC20DE18620E10A2127444208920448EAFFFE6AA6673B93999C93648ECFE779DE67BAABAA8FA97EBBDEFAF6FB56D5565B010000000000000000000000000000000000000000000000000000000000000000000000000000000000000000000000000000000000000000000000000000000000000000000000000000000000000000000000000000000000000000000000000000000000000000000000000000000000000000000000000000000000000000000000000000000000000000000000000000000000000000000000000000000000000000000000000000000000000000000000000000000000000000000000000000000000000000000000000000000000000000000000000000000000000000000000000000000000000000000000000000000000000000000000000000000000000000000000000000000000000000000000000000000000000000000000000000000000000000000000000000000000000000000000000000000000000000000000000000000000000000000000000000000000000000000000000000000000000000000000000000000000000000000000000000000000000000000000000000000000000000000000000000000000000000000000000000000000000000000000000000000000000000000000000000000000000000000000000000000000000000000000000000000000000000000000000000000000000000000000000000000000000000000000000000000000000000000000000000000000000000000000000000000000000000000000000000000000000000000000000000000000000000000000000000000000000000000000000000000000000000000000000000000000000000000000000000000000000000000000000000000000000000000000000000000000000000000000000000000000000000000000000000000000000000000000000000000000000000000000000000000000000000000000000000000000000000000000000000000000000000000000000000000000000000000000000000000000000000000000000000000000000000000000000000000000000000000000000000000000000000000000000000000000000000000000000000000000000000000000000000000000000000000000000000000000000000000000000000000000000000000000000000000000000000000000000000000000000000000000000000BD4CED15576C7BCAC8F2CE6B5D30CBB61E5498F8F6CADD13C796DF6AED010000D0E7349E53FC878642F9AAB8DDD0543AABA150FA5375696C2A7F3D9FD75CAE696C2AFDBEF2B8FA42F19E863193F71A7AFEA4ED870F2F6F674D020000D0EB9D36B6BC4B7D73E96B0DCDA529839BCA1F4BC1B918F787144A9FAC9413CEBD69C796205DBA3085E983E3F690A6D2FE0D85E28CB4FC35A92C49F3F6B136010000E8F5EA0BA52352B92D85E185F5CDE5098D85D2E42185F29E0DA3CABB4539654CF17DB15C0CE34EC1F981FA31E56FD43795C6A6E51FCD97193379AF08DFD6240000007D46F5D0EE08D229305FD9D2FB9C4AA1F45C3EBDB95C9F02F723D10B5D5F28FE479AFE627D73E9DA08E011A45399634D020000D027E443BA9B4B4FE4C743A7201DC1BA322F8E836E09DBD7ED946E9F9CE6FF2CEEA765EFCAFF3697A654DF070000805E2D05E1610D85F2AD31BC3B866FB7F448977E9DFE364549B7E7C772830AC53DD232F31A0BC5FF6E6C2E35A6E9F7472F76FA3BABF5EF4C6B130000803E6195B376C730EDE6724DFDE8D207A30C6E9AF281983EB8A9B8774353F9A4FAD1933F1197C06ADF037D72F394DDD3F25FB036010000E8F5EA9B26BDB7FA18E9C642F1F343C64ED9B5521A469577681C5B7E7F0AD83FCE4F4CD6541C1D43BE63B877E53952C83E23CD1B6C6D020000D0AB0D294CF97443A1745F84E496409C5F47FA7FAB4B7DA17C5C437371BF14B60744A86E5DEEFB69DE1D9561E1E9F6F893C64C7E87350A0000000000000000000000000000000000000000000000000000000000000000006BF19DEF7C2753942D597C0B0100801E17A4AD05D43F0000004106F50F0000409041FD030000106450FF000000041950FF0000004106D43F00004090B11650FF0000000419D43F0000004106F50F0000409041FD030000106440FD030000041950FF00000041C65A40FD0300001064E8E666CC9871ECC89123B3DADADADDAD0D000040908635C8B2ECAD8B172F5EBA70E1C26CE0C081D75B23000080200D6BF0F8E38F5F9BB52A954ACFD5D5D51D6AAD000000823474E0A9A79EDA77C58A15951C9DAD5CB972C5B061C316D4D6D66E6FED00000082345449B979DB050B163C9BB513D3060C18709E3504000008D25065C68C19A3B24E8C1F3FFE857EFDFAED692D010000DD2934972338AFA594AD29368579F3E6EDB66CD9B2159D05E9D75E7BEDE5C183074FAFA9A9D9CEDA020000BA4B90AE5987205D634DB129CC9A35EBA16C2DA64F9F3EBFAEAEEE746B0B0000E84E61BAAC379ACDADB6B676DB7BEEB967F9DA82F4F3CF3F7F53AA87CFC5F2D61A0000D05D82748DDE68B68461C386FDD7F2E5CB5F5D438E7EB1B1B1B1A4471A0000E88E61BAAC379ACD2D8E7DBEFCF2CBE77496A2A74D9B7661AA87F73B461A0000E88E41BA466F345BC251471DB5F7CC99335F691FA257AC5871EF800103663B6B370000D09DC374596F345BC2881123AE5C99549FB03BA6A57A78AEB503000074E7205DA3379A2DA1B6B676FB4993262DA9A4E879F3E65D96EAE0EC986EED000000DD3D4CE7BDD2D6049B5B7D7DFD118B162D7A65E1C285D9D1471FFD605D5DDDA1D60A0000D01382748D20CD96326EDCB8BB478E1C192322265A1B0000D0076459F6FA279F7CF28ADB6EBBED9562B1984D9A34A9479608D23DF5BDA7F5BE72EAD4A9734BA5D241EA5FCFFBFC264C9890D7BFF8ABFE0100401F9042CC9569273A5BB06041B674E9D26CF9F2E5CA662EB1DE63FDDF78E38D8B53B03940FDEB7965EEDCB9EA1F0000F415D113183BD102ED962FF3E6CD5B9882CC9DEA9FA2FE0100403716C369F544779F9EC1146496A97F8AFA070000DD581C232944749F129F87FAA7A87F0000D00B82CC4B2FCCCB9EBCEB82ECE1C967E5256EC734E1439051FFD43F000010A4DB95258BE6640F5D3F2CBBFFDAD35629312DE60920828CFAA7FE0100802053559E79F8AAD5424CA5CC7EF86A01449051FFD43F00001064AACB23E5119D06999827800832EA9FFA070000824C557968D2F04E834CCC13400419F54FFD0300004146901164D43FF50F0000D8B020136749EE2CC8C43C01449051FFD43F00001064AACA63B78CE934C8C43C01449051FFD43F00001064AACA5FE73C903D74C38F571F569BA6C53C01449051FFD43F00001064DA95A7A65DBC5A908969C28720A3FEA97FACB7375B050000BD3DC82C5B963D76EB79AB0FAB4DD3629E0022C8A87FEA1FEB6CDF5416B4FE0500A0370699258BE664336E69EEF418D59817CB0821828CFAA7FEB1CE21FA54611A00A037069965CBB2798F95B207AFFB41A721A65262995856EFA020A3FEA97FAC3544EFDBC97D00007A7290595B2FA0DE414146FD53FFD8A810BDB6E90000F4B420B32EBD806BEA1D14480419F54FFD639DC3B2300D00D01B82CC8686984A11480419F54FFD63BD42B2300D00D0D3838C22C8A87FEA1F9B2D440BD3006C90238F3C7287EF7CE73B87F4EBD7AF90FE1653792A959753C95AFFC6FD62EBFC4362796B8D4E2D5EBC78A7ABAEBAEAAC3163C6DC7FE699672E1C3A74E8D2134E38616554A8E38F3FFED5534F3DF5C533CE3863D659679D75F569A79DF6F5F490AD056901429051FF94EE55FF1AC796DFDF78CEAD6FEA23215A9866CBCAB2AD4F3DEFFABF5BEBF7327D276BAFB862DBEA69830A13DFBEA6EFEAB1E74F7B5D94CEE6378C2AEFE60380F5535757F795946D26A4B2BC3534AF6B89E527C4E3AD45DADC71C71DC78F1E3D7ACE71C71D97A5F09C5D79E595D9DD77DF9D3DF1C413D95FFFFAD72CC4DFB81FD363FEE9A79FBE72E0C081CB53A0BEBE7FFFFEFF28482B828CFAA7FE75AD13C796DF5A5F28FD794D25968965D3EDC18DCDC5EF4569682E4E6F28942E6ABB5F2836F4F2102D4CB3C5B47E4F6FCBC37273A9317DF7FE5455CE6D0BBD4DC5D10D4DE563F2DB85625DC3A8291F6E682A9DD5D854FC567A5CFFFAD1C5FFB76A489EFAF769B907A2B40FEAC32F28BF715061EA3BD3F33F34A830F9238DE75CB75363A1DC5CDF5C9E5029E9B987B47FAFF11AE931E33A0CE585E2FF74BAAD692A9DD359D06F3F6DF8F0E1DB74B4ECFA4E874D10A0F74A41F8F6F50CCF9D95DBE3F9ACD53EEC81071ED8FFDC73CF9D7BECB1C7667FF8C31FB2E79E7B2E5B1FB17C3C2E05EA571A1B1BAF48156A67414611A4D53FF5AF6B9C70EE4D3B363497EE6D6C9EF2F18E4ACC8B655A76824B07B4ECC4A71DEFE6F2C17929941E4BF74F88797D20440BD36C76A78D2DEF92BE87FBC4F7AE714CE9A329145F32A4A9B47FFDE8D207F3A09C826E4B58BCE2F5E9F6B3F123577DA1784F6353E9A074FFF296205DFE4E4C3F6564B96D1F2A4695A4F90F3614CA874489C7D4374D7A6F5B206E2E0F4CF3EF48C1FC8614A0AF48EFE189FC316326EF9596BF33C2F5C9CD37BCBBFDFB6D2C94F68DC0DCD1FF928F64A96C5B9A8AA746E0AEDC1F5428EED17EF9F83FD3F34D6E9B90655BC70F07A9CC4CEF6162FC10B041D3A18B1D79E4916FECD7AFDFD8147E57B60FC40D0D0DD9A5975EBAC60EC4981FCB7510A657C6F3C6F35BCB7D48AA1FDB4E9C38F1AA08D0175D7451B664C9926C63C4E3E37952457AF9B0C30E3B5890510469F54FFDEBA2205D28DD1C3D4BB1C3BC6AC977746F8E65D24EF9A1F98E74A1F4649A362B6EB796D995DBB1B3DE0742B430CD669502ED61E9FB35257DEF1647A08D207D4A73F94351EA0BA5D3E2BBDAB25CE9DF5380FD63E571D1A39CCF6F2EFF3C7D9707A5EFF0B1C38797B78BC09D42F30FE3F9E231F5A327BF2B2FCDE57E69DA0BE9F9CE185498F8863C6037954644801FDC54FA5204DAD826A4BFD3D2727F4DE5A62185F29E2D217EF836117ADB07E978AE63CFBFFACD1D86EAD8A6A490DFD1BCBC07BEA9744E7A8D2CDE7F657A7ABE93D2B4EBE2F5D263BFDFD85CAEDF90E9D09552D8DDB5AEAEEEFEEA00DCBF7FFFECFCF3CFCF66CF9EBD5E7927968FC7C5E3DB05EAFBE275ACEDBE11A277B8E4924B669C74D249D9934F3E9975A578BE14CE970E1C38F04C414611A4D53FF5AF6B8274F47A450FD7AA65F2BB2A413ADF296DE9FDFA6DDA49BEA0BAC48E7DF44EF5A1102D4CB359AD32B4BB3548470F6E0CD7AE1CFFDCFAC3D7C5A95C9FC2EC2F1B9B8BC7A7DBF7A5C0FAFB28E9F6D30D638A9F490179403E04BCB9F49378AEBCD7B950BE336ED737957F1A01364275F45EA779F7A7E76A4AE5E1FA31E56FA4C79C9F96F997F4BA27A6F7F3A398D6129E277FB1D273BC4A908EC33F52806FD97E947738B979CAEE9592C2FCC969FE98EA69B14CEB8F07035B427CE9E608F4AD3B975BB7FC9837F98BAD3F1C1C183F2CACF774E84229407F289539D5A177C48811D933CF3CB35179271E1FCFD32E4C3F13AF67ADF7F2105D281416FDF0873FCC162D5A946D0AF1BC43870E7DF988238EB85890510469F54FFDDBF8207DFA889BDF96FECE4D3BAD57B594743BEDD4AE12A49B8BFF960FFF2C14475697B4CCDD31AF8F8568619ACD66C8D829BBC677328E4BCEC36FCB390AFE92CA3529D0CEAB5E36C2731E68F3205DBC32026B6B68BD2B82741E2A47973E58E9D54EA17A787ABEB32BF7A3B43C4FB12E7A70D3E3E6A7DB33F26D440AD269DA67631B11BDDDFF17A44B4D117EDB07E9FAD1933F57197ADE1AC42FAC2AD1CB7EFF2AD3DA1D2292EE3F33A8507E4FDCCEDF6BA1F474DBBCA6D290F45A3F5BDFE96A135DA5B5277A4E752FF455575DD5A599279EAF5DEFF4337AA67B6F88DEF6924B2E792C4274ECF46D4AF1FCA79E7AEA0B03060C384390510469F54FFDDBB8201D67F64D3BC753AB7660CB9579D5413AEDECDE9E7646CFAC2E798F56F70CD2D52137AE00F1DDAD36FE4A101D3D8F30CD26535F280F4DA514BDC2D1331D41BAB150FC6A0CB98E137B3536957E9587EDA6C9FF9A1F075C28BD147FF31FB99A4B8508B679B88DC3355A8374F4F6E63DCF51D273E7251F4A5D1E158F6BD906948FCC7BAA53988EC336A2473C827984DDE869AE04E938AE3A3FC4A3B537B9FD31D2B17D18DC54DCBBFDFFB5A6A1DD2102747AEC9CB6E50BC56FC60F07D5DBA8788EF59DAE46D115E298E5EAE1DC471D755476EFBDF76E92CC13CF1BCF5F3DCCDB31D3BD501C137DF2C9276FB29EE88E7AA68F39E6981753853A5090510469F54FFDDBD8209DF73CB50ED92ECD6F1FA4E3ACDD0DCDE59A384B777E06EF42A96970D3940FA410BD5F1CC7D9CD43F4AFE3F7DED6BF1B1AA6D7F43CC2349B4C4743BB53F01D9BF7528F9EFC89EA6557ED912EDDDF127EF300FC742548E7C70C174A37C619B1F3E59A8A835A4F567677E52CD979682F946E8930DE12D08B0D11EAF31EECA6F249295C7FB7E52468A55FC450EFFF0BBCED827453F1F0184ABEBE413A9F5F28FDA1ED078596C07E7BFEDED336A7727B7DA7AB4D7485D6138BB5F5446FAA105D1DA6AB7BA6E3F57D0ABD48FA800F88138B75F531D1EB72CCF461871DB6A8B6B6F69D828C2248AB7FEADF8605E97C87378672579538C6308672E7CBE4C756966E8AE3326387F4D49F5FFF96FAA6F279F563267F253FDE32EDB0C730CE6E18A2C3775BC36FB61161BA3A4457CA116B795DE81271E9A9EA20DD3A64FAF2BC273805DB388958CB72B7BE290FCC79F82D5E1001B92A60FF21BEC71194F3EF782CD3543E26863CB7F67A1F1797B78A7995301DDB8638B6388EA78E20DD32ACBBF4682C1B97DE6AB944D6C4375407D4F8512D8ED1AEDC6FB94EF5EA271C8BF01D235A3AFB9FA3773CBDEEE9AB3C26DE5FA13823027FF57919D6773A6C8CD64B5CADA884DAABAFBE7AB3649E789DAA5EE9152E8DD58BC425AEE2ACDA5BC279E79D373755A826414611A4D53FF56FFD0C3D7FD2F6D543BAAB76BA63F8E64311A42350A71DD22F474F53ECB0C759705B8679A69DECF437CED63BA450FA645C16A71B86E8CE42F0FA84E98E1EFFAB4E1E2F4CD3B521BA79CAC7D3F7EC910896ADDFCD8B53B8BDB6A517397D1F9BCB3F8FCBD2B5FE18B65B0CF58EB369C731CB959EE218E21CC754C7F73D4E16966E17D754E2BBDEFAB8EBA2F739EFFD4EA1360269655E7A4F475407E1C65193FF31DE67941856DDF9FF9387F13BE2D25BEDAF6BBD2E2AD7B5DFD8E9B0A1AAAF131D2704DB9CDA9D80EC769F462F70C71D771C1FBDD12FBEF8E21609D2F1BA871F7EF8E2FEFDFBFFA320A308D2EA9FFAD767AD29C46E68985E9F102D4C03F462871E7AE897AB87746FECD9B937E46CDED543BCE3FDF8547AB8D1A347CF99306142B6255D7CF1C54FA40A75BE20A30832EA9FFA2744AF47285E5398DE90102D4C03F452296B4CA884D8B8DEF39610AF5BD52B3DC1A7D283BDF8E28BEF38FEF8E3B3679F7D768B06E9F4FAAFF5EFDF7F416F3B91842023C8A87FCABAD6BF3E7C229DF509ADEB1AA63726440BD300BD4CCA193BA6E0BABC126237776F7475AF7455905E1EEFCBA7D3435D73CD35670E1D3A34EB0E8E39E69899A942EDDD437ED12AA75223C808D2EA9FB2B1F56FFEFCF9BBCF9A35EBA17BEEB967F98F7EF4A39FD4D4D46CD75BEB641785D5B585E9AE08D1C234402F6A83D2FC432A01B6A1A1618B669E78FDAA307D884FB0876A6E6E7EF0CA2BAFEC16417ADCB871F7A5CAF4DF3DE40B5BA9FC6BFCE20A3282B4FAA77456FFD2666FDB1933668C5AB66CD98ACA76302DF7EAE5975F3EE7A8A38EDABB37D6C92E0CA99D85E96DBA30440BD300BDA40D4AD39B2BCBFDF6B7BFDDA299275EBFEA3D37FB047BA833CF3C73E1DD77DFDD2D82F4D4A9531FE8D7AFDF553DEC0BBBC62FAE202348AB7F4A47F5EFA9A79EDA77C182059D1E533373E6CC57468C1871656D6DEDF6BDA94E767138ED284C3FDAC5215A9806E8056D505D5D5DA9327FDAB4695B34F3C4EB57DE4BBC2F9F600F75FAE9A72FDDDCD78EEECCA38F3E1A43BBEFEAA15FD80EBFB8828C20ADFE29D5F52F79DBE38F3F7EED8A152BD6BA4D5C99A4C72C696C6CFC6E6FA9939B20947614A6BB3A440BD3003DBC0D4A7F6755A66FE9EC13AF5FF51E67F9047BA8E38F3F7EE5F3CF3FDF2D82F45FFFFAD725A932CDE9E15FD855BEB8828C20ADFE299572DB6DB7658B172F5EBABEDBC6458B16BD326EDCB8BB6B6B6B77EFE975721385D118CEDDBE27FAD1D6E95D4D9806E8996DD0DF2AF7B774F689D7AFEA917ED127D8431D7EF8E1D9ABAFBEDA2D82747A1F2FAEC317A147954D1D64962D5B96FDE52F7FC9962C59B2D665E34BDBD172F1F8975E7AA9C3C73CFDF4D3ABDCBFFFFEFBBBE47DC7B5C353A0D8EC41A6B7D5AFCD5DFFE6CE9D9B3DF2C823EBB4ECF4E9D3B3A54B97AED3B2B367CFCEAF1CB0A93EF7050B16E421B6B3F9CF3DF75CF6F0C30FE7B767CE9C99BDF0C20BF97B5FD7EFD6BAAEBB912347660B172E5CEF6D633C261EDBD3EB636D6D6DF6C637BE3142EEA95DD88CADA9477A5DAE33BD214EED6BDB12455194DE54B674F689D7AF7A3FAF49A43DD471C71DF76A77E9914E3BB38FF7821EE9CD3AB4360269EC3096CBE5EC8F7FFC63F6F18F7F7C95F2C52F7EB16DD9F459E7D362A73C42C3A04183621440FEF82953A664C71E7B6C76C30D37AC12A2DFF296B764BFFCE52FF3FB575F7D75B6F5D65B67F7DC73CF2AEF218EF378FFFBDFDF61193B766C87EF7BDF7DF7CDBEFAD5AF761AE0F54877AFFA376FDEBCECA69B6ECA0E3EF8E0BC0EC5ED28C3860DCB3EF2918FB4954B2EB9245F3E2EEDF0E637BF39FBC94F7E92D7B5AF7CE52BAB955826968DE14D3BEEB863F64FFFF44F79DDDC6BAFBD5679CE28CDCDCDF9B23FFFF9CF579B575D2AA1375EF3A73FFD695B39E08003B26DB6D9263BFBECB35799FED8638FE5CB5F7AE9A5D93BDFF9CEFCF6F6DB6F9F5D7EF9E5D99C3973F2EF46D4EFAEAA7F13264C88AB13DC502A959E5BB972E58A75D82CBE96D6FD65471F7DF483E9739DD8437BA4DB0FEDDED4C3BA1FDDC4615A8F34400F6C83A2E7578F345DEA94534E79B1BB1C233D7DFAF4693DF818E9CD7EB2A7E82DFBDFFFFDDF7C6731024604835D76D9250F0551E2FAE0FFF00FFF902F1B81F96D6F7B5BDBCEE5E0C183F3F0D2D4D494DFFFAFFFFAAF6CBBEDB6CB1E7AE8A17CF96BAFBD363F357F84930818713B824E3C7FDC8E505DDD9B17671FBCF0C20B5729EF7EF7BBF3E7EDE8BDDF7AEBAD79D03AEDB4D304E91E50FF2EBEF8E28E7AFBB2238E3822FB977FF997BCFEC5FDABAEBA2A6F1C62F91FFFF8C779EFE31D77DCB14A788DCBEDC5B28F3EFA68DEEB1B3FAA7CE10B5FC8BEF4A52F65071D7450FED85FFFFAD779FD881F77E27625CC9E7AEAA9793D8CC05E5DBEFFFDEFE7CF193F2CC572712582A8CF5FFFFAD73B2DB1FCC48913B3279E78223BFDF4D3B31D76D8212B168B9B344857EA5F6A340F1D366CD882359D6C6CC58A15F7C6C9C6D2E73A3B96EF2D75B20BC3686797B8EAE8ACDD5D15A68568801EDA0639469A2EF7C31FFEF099EE72D6EEC99327177BE059BBB7D8E5872294C4CE7FEC2846483EF0C003B30F7CE003F9BC9FFDEC6779CFDEE73FFFF9FCFEB9E79E9BF7C8C5FB89E1D9B366CDCA4E3AE9A42C7DFEF9E34F3CF1C4AC7FFFFE79E08EE52398BCE73DEFC9A71F76D861F93203060CC8EF47408EF9D5EFE5431FFA508741ABB3201DE517BFF845DEE31DC37A05E9EE5FFF226C9E75D659F9E104FFF66FFF9607DCA38F3E3AAF1F51DFE20797BFFDED6FF98F31F1D9472371DF7DF7ADF63C8F3FFE785B908E1EEBA8BBF1DC31A262A79D76CA3EF8C10F66EF7DEF7BF365E239E376E5FF8820BD55C743785709D2D75F7F7DF6D18F7E347BEAA9A7F212C3BA637E4CAF4CFBE4273F99DD72CB2DD9A851A3B237BCE10DF9688BA8C711A42FBAE8A27C9978CCF0E1C3F3EFD2030F3CD0A5F52FCEC69DBE53E78D1F3FFE85D75E7BEDE5AA4DE18B29BC5F98E6CD4E9FEDB93DF0ACDDEB7AF9ABAEBEF455F589C5D6769D69211AA07706E94EDB2067EDA6CBA59DC4ABBBCB75A4CF3EFBEC093DE83AD2EBB4B3B8398776FFE637BF690BD2119C2374446F60DC1F326448B6EDB6DB661FFEF087F372C51557E48F8BF010013B4ADCAFBCDF08CA1162BEFDED6F675FFBDAD7F279F137EEFFDDDFFD5D5B908EE1DF517FA2073A5EBFBAFCFDDFFF7D1EBE637E1C77DAFEBDC730E178DEE8E116A4BB77FD9B3163467E68C06EBBED967F9EF1B98D1B372E0FD1513EF1894F64279C7042BE6C2548B73FBEBEA3201D3DD95157A2973A868CC7FB8D5EE8CF7DEE7379B88E1F5B5EFFFAD7B78D80883A1D3FE4C4A108B7DF7EFB2A2546397CF6B39FCD7EF7BBDFB50DD75E53E88EE7AEBCA7F643BB637E1C16117FE3C79E18DD11EB6053D4BF7EFDFAED595F5F3F3D99FFFCF3CFDF94BEABD1D0DF1FD37B639DEC8270BAB610BDD52608D34234400F6F835C479A2E977660BF967658577687738DF5EFDFFF815499F6EE4DEB777305E9E821FCE637BF9987E577BDEB5D6D2586625796BDF3CE3BF3E1AEDFFBDEF7F29EC278DCFFFCCFFFE4C7BA964AA5D582740CA18DB0F1831FFC209F178F8BFB31BD12A4FFFCE73F67BBEFBE7BDE7B1D7F23E4C4B2D18B18F7A3A72FFE560F058F1227AC8AF01E0125968970254877DFFA178702741446E358E7BABABAFCC79908DAEB1BA4E3A45EF1A34FD4ABE80D8E63A18F39E6987C74450C198F9EEE181E5EA93F175C7041FEE34F67E138427004EA4A388E1EEE18711343B8637EFC0810F7F7D8638FD582F4DBDFFEF6FC18E6788E3896FAE69B6FCE1F13BDD69BBAFED5D4D46C97D6E3E969FBF75CFC8DFB7DA89AAE4F485DD710DD95615A8806E81D61FB904A788D4E9C2DA9BEBE7E6555903EC4A7D3430D1F3E7C9BB4E3BA3CCE98BB25CD9E3DFB965491E6C5FB1164D6AD9C77DE79794F60EC1C46E8885EBDE8058EE34DFBF5EB979D7CF2C96DC748C790D67DF6D9270FAF71DC7304D8AD5A87CE46088EE5DA07E91872BBE79E7BE6436063DEA73EF5A9FC7E048DEAA1DD31C4FCD39FFE743E9437424C2C1BC3B5E3D7B6D7BDEE7579D86EFFDEE3F5E3B9E2F63FFFF33FE73DD78274F7AD7F319CFBFCF3CFCF436FA544B8AD0CED8E910FD1731C870CAC4F908EE5A35E45891F7D2224475D88201DF538CE545D09D2D1231CA136CE0B10BDCE9512F5EC631FFB581E7EA3AE557E9459D71EE9381EBA52C7F7DB6FBFCD728CF49AB6C77DB4295A97B0BABE21BA2BC2B4100DD04BF4EFDF7FC794359657026C9CF4744B88D7AD0AD1CBE37DF9747AB0D34E3BEDFAE889D992FEF33FFF737CAA4CE70B32EB5EE28CD88D8D8DAB0DED8E634DA347B8A6A6261FD25DE9258C6341A3C73A86CEC650EC785C1CA37AD96597E561A43A4847EFF5AF7EF5ABBC4450DEAAF578E7CAB4EA701167748ED78A30143D93B16C0CD38D105DDDEB5729D13B18E1280251A5573B027E0CCF15A4BB6FFD8BBAB3EBAEBBE63DC7716C7E84CE4A908EF9714CF2881123D62B48572E93153FE4C58F41F17CF103D0FEFBEF9F0FA98EB3C85782749CD86C4DC1B8528E3AEAA8B6201D27D48B7A1527418B79E3C78FCFEF57F748FFE94F7FCABEFCE52F673BEFBC73A767EDEEAAB3CBF7B5FAD785617A4343F4C68469211AA0974959634225C44607C19610AF5B15A427F8547AFE2F34FF3870E0C0576298F096B068D1A23B53457A36DE8720B3F1C74847EF61E5E45F77DD75D72ACBBFE94D6FCA43450CAD8EF9D193173D7F7152B24A908E701D41A9522A67FB8EBFD5D363B978CEF9F3E7B7859C08575BB51E5FFA8E77BC230F33F17EAA2FFF1343B9E3D257D5EF2B824CF4487674722A41BAFB04E9EBAEBB2EBF1D61B712A4E3ACDB713C737CDE1140D73748EFBDF7DEF9C88818861DE1357EF0893378473D891EE7183E1E6136EA7A9C0C2F7EC8891392451D8EFB51FFE2F9E28799B85F39E1D8C61C23DD3E481F7AE8A11DFE28A4FE6DB630FDDD8D08D16B0AD34708D1007D476ACFBF5C09B17192DDCDDD2B1DAF575757D736AC3BDE8F4FA517686C6CBC22CE54BB25A4D7BE3C55A6264166FD4A5C33B772AC732548C7B59BE338D308CC31FD5BDFFA561E082ABDD21186E218E7E83D8CF97136E3458B166553A74ECDEFC7E57FE2B25A71F9AB4A89E012F3E27AD2D5D363A86D1C5B1D01245E37FED7E841DCAA7568777D7D7DDED31C413DAEEB1BA1287AA963D86E25EC545F422B869E47AF60F4860BD2DD3348C7B1F831F43A826C25481F72C821D9BFFEEBBFE6C3F523C8AE29482F58B0A0ED525A9521D87122BAA893717C7D5C8A2AEA64FC20143FAE44DD89D78A21E095E78800FEBEF7BD2F5F269E2F1EBF55EB19B9AB5F2B9E27466C446F725C2FBAF2C352DC8F511693274F6EFB21E8CC33CFCCEB71CC8FFF334657C4A5B8E23163C68CC95F2B2E15A7FE6DB1305D1D82372444AFCFF308D100BD58CA1CB757826C8CA4DB9CE2F5AA7AA36FF769F412B5B5B5EF3CF2C8235FDEDCD7559B366D5A0CE97E365E5F9059BF1281337608E3244973E7CECD83741CEB1CC749C709C2E278D238D1578484CA99973FF399CFE4C79D56C24E848D380372DC8E93932D5CB8B0C3EB55C7FCF8DB7E5E5C4A6BD0A041F949A3CE38E38C7CB90844955EE80826114862F8770C658910F6F2CB2F77F8FF44A08FF014215D90EE9E41FA1BDFF8461E98E38798F643BB2B654D413AAEF91CF32AC7C7574A04E5184511C75EC7B0EBF8B125A645BD8EC305E2B25BED7BB5E3B9E20467F17CF1034D84F0CEDE7B256CDF7BEFBDABCDABFC50143F3AC510F2386740FC8FF1A35265A446D4E9F83148FDDBE261FA88AD36FE7AD06B7A1E211AA097ABABABDB2B658F1595401B6DFFE610AF5315A257C4FBF069F4226987F8E0B463BA3402CDE6F0ECB3CF4E4915E9E9540E146436EC0450F1C3C7E2C58BDB7A75A3B72E8E37AD2C133D84D543ABAB1F1B41277AE7E2760496B80670673DDF715C69FC5DD3FB89D77FF0C107F340BCB92E6725C86CBEFA17E1B55207A21737EA4CFC40127FDBD797A8071DD5BBA54B97B65DABBCA3C3142ABDD6ED7BB13B7B4F31DA22CEC2BDA665A244DD8E1F9E3AAAC3F11D88FFA3F2BD683F3FBE5F1D4D57FFB64898EE4DAF07C016D2AF5FBFB1D543BCE387F64D299EBF7A4877BCBE4FA1171A3870E09943870E7D3976FA36A5B4633A3D55DCBB52A5FABE20A308D2EA9FFAC7160CB74234401F72E49147BE3105DAFB2AC1364E54BAA9C2743C6F7ABD1555BDD1F7C5EBFB147AA9238E38E2E2534F3DF5854DD533FDECB3CFDE18213A55A45F09328A20A3FEA97F6CC1902B4403F4412987EC9ACA33D53DD37142DEAE14CF57DD13DDFA7ABB5AFBBDDC800103CE183870E08B5D7DCC74EB31D1B37A7B4FB42023C8A87F8A20DDEDC3AE100DD087A53CF2A1EA305D3901D9C69ECD3B1EDFEEC46279888ED7B3D6FBCE2F35071E76D8618BCE3BEFBCB9716CE1C678E18517EE683D3BF7B3BDF9986841469051FF14F5AF478469211A804ACFF47DD5A1377AA7E324B971159AF511CBC7E3DAF54267ADCFAF27BA0FFE52B3735C9AEAF0C30F5F7CE185173EF1DC73CFBDBA1EF5E9D53973E6DC72E699678E6F0DD04DF17C828C22C8A87FEA1F5B30FC0AD100B48963965B4F40D63E00670D0D0DD9A5975E9A9FDC34AE1012274D0DF137EEC7F4985F5F5FBFDA63E3F9E2791D13DDC7F5EFDFFF1F5365383F05E167FFE33FFEE3E971E3C6DD3B75EAD4071E7DF4D1590B172E7C29D5A725CF3EFBEC930F3FFCF0B4B4B338E9ECB3CF9E901EF3407ACCFC785C3CBE2FAE3741469051FF1441BA5B8569211A800EB55E1AEBF60E02F18694DB5DE28AF6B63EF4D043F74915E3A7FDFAF5BB2A55923BAB8E2D88BF77C6F4981FCB6DB5F1D7FC1464144146FD53FFE88A302C4403B02E81FA2B29D34C4865F97A86E7587E423CDE5A0441469051FF14F5AF378469211A80F572E49147EE9082F121FDFAF52BA4BFC5549E4AA57229AB975BEF175BE71F12CB5B6B20C80832EA9FA2FEF596302D4403B0D15258AEA9EA7DAEB14640901164D43F45FDEBAD615A8806A0AB8274B92A4897AD1110640419F54F51FF7A639816A201E8AA105DD3C131D135D60C0832828CFAA7A87FBD294C0BD1007465902E7710A4F54A832023C8A87F8AFAD76BC2F4A94234005D18A26BD670A6EE1A6B0804194146FD53D4BF1E1FA663C7468806A00B8374790D415AAF340832828CFAA7A87FBD6287C77A06A0ABDA949A75B87E748D3505828C20A3FE29EA9F200D005BADB5375AAF340832828CFAA7A87F823400686740905104699FBBFA67070700B43320C828828CFAA7FE61070700ED0C08328A20A3FEA97FD8C101403B030832828CFAA708D2767000D0CE00828C20A3FE29EA9F1D1C00B433802023C8A87F8AFA67070700B43320C82882B4CF5DFDB3830300DA191064144146FD53FFB083038076067AAD62B1B872E9D2A542443728E973989B82CC32F54F51FFECE000807606BAB1A953A7CE5DB0608120D10DCAD34F3F7D590A3277AA7F8AFA67070700B433D08D954AA5836EBCF1C6C5F3E6CD5BA867708BF504CE9B3973E6F8146266A57280FAA7A87F767000403B03DD5CEC3C474F542ACBE318C99E562EBEF8E22C36183DF1BDB796E5ADEBFF00F56F52A6A87F767000403B036CFA8D45D90603B0830300DA1960DD361435B1B1682D35D60860070700ED0CC09A3714E5AA205DB646003B38006867003ADF4854F746EB9506ECE000A09DD1CE006BD948943B08D27AA5013B38006867003AD84074D41BAD571AB08303807606A0930D44790D415AAF3460070700ED0C40D5C6614DBDD17AA5013B3800686700DA6D1CCAEB10A4F54A03767000D0CE00D86000B65700A09D016C3000DB2B00D0CE00361800B657006867001B0C00DB2B00B433800D0680ED1500DA19C00603C0F60A00ED0C800D06607B0500DA19C00603B0BD0200ED0C608301607B05807606B0C100B0BD02403B03D86000D85ED1376459F6FA279F7CF28ADB6EBBED9562B1984D9A3449D9CC25ADF79553A74E9D5B2A950E5223D1CE00361800B657747329445F99425CB660C1826CE9D2A5D9F2E5CB95CD5C62BDC7FABFF1C61B17A7607D805A897606B0C100B0BDA21B8B9EE8087102ED962FF3E6CD5B9882F49D6A25DA19C00603C0F68A6E2C8673EB89EE3E3DD329482F532BD1CE00361800B6577463718CAE10DB7D4A7C1E6A25DA19C00603C0F68A5E10A45F7A615EF6E45D17640F4F3E2B2F713BA609BF8234DA19C00603C0F60A41BA5D59B2684EF6D0F5C3B2FBAF3D6D9512D3629E002C48A39D016C30006CAF10A4ABCA330F5FB55A88AE94D90F5F2D000BD26867001B0C00DB2B04E9EAF2487944A7413AE609C08234DA19C00603C0F60A41BAAA3C346978A7413AE609C08234DA19C00603C0F60A415A9016A4D1CE00361800B657B061413ACED2DD59908E7902B0208D7606B0C100B0BD4290AE2A8FDD32A6D3201DF30460411AED0C608301D0B7B75759B6F5A9E75DFF776B5BACF19C5BDF547BC515DB564F1B5498F8F698DED9638E3D7FDAEBA27436BF615479B7F579ABF17A43CF9FB4BD5AB46983F45FE73C903D74C38F571FD69DA6C53C015890463B03D86000F4E9EDD58963CB6FAD2F946ECBC37273A9B1A150FA535539B72DF43615473734958FC96F178A750DA3A67CB8A1A974566353F15BE971FDEB4717FFDFAA2179EADFA7E51E88D23EA80FBFA0FCC64185A9EF4CCFFFD0A0C2E48F349E73DD4E8D8572737D737942A5A4E71ED2FEBDA6F739B8BE503CB9C3505E28FE4F9AFFE70E4B53E99CCE827EFB69C3870FDFA6A365D7777A4F0ED2519E9A76F16A413AA609BF8234DA19C00603A04F6FAF4E1B5BDEA5A1B9B44F84DDC631A58FA6507CC990A6D2FEF5A34B1FCC83720ABA2D61F18AD7A7DBCF363417A7A7207B4F6353E9A074FFF296205DFE4E4C3F656479E7CAF3368E2DBF3FCD7FB0A1503E244A3CA6BE69D27BDB02717379609A7F470AE637A4007D457A0F4FE48F193379AFB4FC9D11AE4F6EBEE1DDEDDF6F63A1F483C6E6E2511DFD2FF1F8C6E6291F8F9242FFA9E9F9C755EE0F2A14F768BF7CFC9FE9F926B74DC8B2ADE387835466A6F730317E08D8A0E9BD21482F5B963D76EB79AB0FEB4ED3629E002C48A39D016C3000FAECF62A05DAC352889D92C2E0E208B411A44F692E7F284A7DA1745A04DD96E54AFF9EC2F61F2B8F8B1EE57C7E73F9E729B40E4AC1FAD8E1C3CBDB45E04EA1F987F17CF198FAD193DF9597E672BF34ED85F47C670C2A4C7C431EB09B4A2322C00F6E2A7D29026D84DFF4775A5AEEAFA9DC34A450DE33C27763A1F8D54A89F09EDEE77F564F3B654CF17DAB85EAA6D2A111F23BFA9FF31EF8A6D239E9B9B278FF95E9E9BD9D94A65D173DCCE9B1DF6F6C2ED76FC8F49E1EA4972C9A93CDB8A5B9D363A4635E2C23040BD26867001B0C803EBBBD5A6568776B908E1EDC18AE5D39FEB9B587F7E254AE4F61F7978DCDC5E3D3EDFB5260FD7D9474FBE98631C5CFA4803C201F02DE5CFA493C57DEEB5C28DF19B7EB9BCA3F8D001BA13A7AAFD3BCFBD37335A5F270FD98F237D263CE4FCBFC4B7ADD13D3FBF9514C6B2C4CFE621EB82B2585ECB4FC93D5D3E2310DA3CA3B9CDC3C65F74A89E1DF69D931D5D36299D61F0F06B63ED7CD11E8F39510BDCBD12B9E5EAFF5878303E38785F59EDE9383F4B265D9BCC74AD983D7FDA0D3105D29B14C2CAB775A90463B03D86000F4C9EDD590B153764DA1726E1C979C87DFE6E2F474FF2FA95C9302EDBCEA65233CE7813B0FD2C52B23B0B686D6BB2248E7A17274E983955EED14AA87A7E73BBB723F4ACBF314EBA207373D6E7EBA3DE3F41137BF2D82749AF6D9146EAF8ADEEE08D2ABBCCFC2944FA7E51F4FF36F8D61DCD5F35A83F88555257AD9EF5F655AA17440BBFFE5994185F27BE276FE5E0BA5A7DBE6359586A4C0FEB3F59DDE5383F4DA7AA1F54E0BD26867001B0C00DBAB4A002D9487A6528A5EE1E8998E20DD3284BAF8409C3CACB1A9F4AB3CC4364DFED7FC38E042E9A5F89BC2F3C8144E0BE971FB468921E09520DDD24B5C3A272FE9B9F3920FA52E8F8AC7B584D8F291794F750AD3718C75F48847308FB09BCA451D05E9FC58EA1458E398EE08FD6BFABFD634B43B44804EAF33E7FF9EBBF8CDF8E1A02A6497E339D6777A4F0DD2EBD20BBDA6DE69815890463B03D86000F4A9ED554743BB53F01D9BF7528F9EFC89EA6557ED912EDDDF127EF300FC742548E7C70C174A37C619B1F3E59A8A835A4F567677E52CD979682F946E8930DE12D08B0D11EAF31EECA6F249295C7F3702F3FF05E3F27722AC562EBFD512F84B3FD8D0209DCF2F94FED0F68342D3A4F7A6D7BB3D7FEFCDC5FD2AB7D7777A4F0DD21B1AA22B452016A4D1CE003618007D6A7B15979EAA0ED2293C7F2E3F237773697604DB388958CB72B7BE290FCC79F82D5E1001B92A60FF21827404E53816395FA6A97C4CF420B7F67A1F1797B78A7995301DC728C7B1C5713C7504E99661DDA54763D9B8F4569CD02C7FBE96D79B517D56EC3C98B70CD7BEECD8F3AF7EF36AFF5373E9C414B4CFECEC7F8EDEF1F4F8D357794CBCBF789D14F8E3ACE11B3ABD2706694590463B03D86000D85EAD6B886E9EF2F114A21F8960D91A6E2F4EE1F6DA965EE4F2767156EBB8B6743E6F5479B718EA9D9F4DBBB93C30C26AEB63AE8963AA879E3F69FBFCC45F8552714D258682B73EEEBAE87DCE7BBF53A88D405A9997DED31111845BA7FFFAD49F5FFF960E0371BBB365B786F13BE2D25BEDAF6BBD2EA2A7BC2BA60BD28A20BD89B75D71B9BBD6932162BF18B0C1006CAFA896655B5B0982B420DD7BB51E5AF2E73595CA0F56E9F6E0C6E6E2F7A2B49E14F1A2B6FB8562836FB77606B0C1006CAF409016A47BBD13CEBD69C786E6D2BD313AA6A312F3629958364E46182364E264880DCDE583F352283D96EE9FD0FEACFCDA19ED0C608301D85E81202D48F7DE201DD7748F33F2C7D9FF5729F9F5EB6F8E65F21304E6D76E2F3D99A6CD8ADBAD6576E5769C94D0375C3B03D86000B65720480BD27D22489F36B6BC4B5C837ED532F95D95201DCB368C9AF2E174FFB7F9C90EAB4A9C24B1279DF04F3B03D86000D85E21482B82F44607E9D347DCFCB6B8E45E43A17C554B49B7E30A00D541BAB9F86FF585E23D713DFAEA12272A8C79BEDDDA19C00603B0BD02415A90EE33417A5061E2DB53809E5A991ED78DAFCCAB0ED271CDF638A37F75C9CFD42F486B67001B0CC0F60A046941BAEF05E9D2FCFF1BB25D9ADF3E48C759BB1B9ACB357196EEFC0CDE8552D3E0A6291F48217ABFFAE6F261BEDDDA19C00603B0BD02415A90EE33413A6EE743B9AB4A5CFE2E8672E7CB8C297E262D77D3A042718FE8958E6BCBD73795CFAB1F33F92B0D4DC5D169DEFDF5A3277FCE375C3B03D86000B65720480BD2BDDAD0F3276D5F3DA4BB222E6795CA4311A423503716CA5F6E2C94F61D3EBCBC5D9A7E5D7DA1745B04F0F83BA4A9B4FF9042E9930D6326EFE51BAE9D016C3000DB2B10A40569D0CE00361800B65708D28A208D7606B0C100B0BD4290563641901E3E7CF8366A2DDA19C00603B0BDB2BD62D3D4AB722A358274EF08D2F3E7CFDF7DD6AC590FDD73CF3DCB7FF4A31FFDA4A6A6663BB51CED0C608301D85E4117D7ABD6B2C6402D4877EF209D65D9B63366CC18B56CD9B21559ABB4DCAB975F7EF99CA38E3A6A6F351DED0C608301D85E41D707E935066A41BAFB06E9A79E7A6ADF050B163C9B7562E6CC99AF8C1831E2CADADADAEDD578B433800D06607B055D1FA43B0CD48274F70BD2C9DB1E7FFCF16B57AC5891ADCDCA243D66496363E377D57AB433800D06607B059B2648AF12A805E9EE556EBBEDB66CF1E2C54BB3F5B468D1A257C68D1B77776D6DEDEE6A3FDA19C00603107814651396CD15A41F79E49155EEDF79E79DD9B265CB565BEEA9A79EDAA4EF63C182057958ED6CFE73CF3D973DFCF0C3F9ED993367662FBCF042B674E9D2EC2F7FF94BB664C9924DFADEE6CE9D9B8D1C39325BB870E1FAE6E8FC31F158755AE9AC686D01411A0036FC079ACD3EB4FBEAABAFCE5EF7BAD7B505D89B6EBA29DAE8ECFAEBAF5F65B9071F7C30DB7AEBADF3F9175C7041F699CF7C66953262C4887CB90913266483070F6E2BC71D775CF6918F7C64B5F2C4134FE4A1F8A73FFD695B39E08003B26DB6D9263BFBECB35799FED8638FE5CF7DE9A59766EF7CE73BF3DBDB6FBF7D76F9E5976773E6CCC9DFEFB469D336F9BA8AFFED98638EB9A1542A3DB772E5CA15EB90A15F9B376FDE65471F7DF483E9739DA8471A00411A00BA2E486F91938DCD9F3F3F0FC51FF8C007F2301CB73FF7B9CF65EF7DEF7BF3DB31BFB2ECA04183B2CF7EF6B3F9ED3BEEB8231B3D7A745E0E3FFCF03CC8FEF297BFCCE7FDE637BFC9F6DC73CF6CBBEDB6CB0E3DF4D0ECAB5FFD6AF6A52F7D290FD53BECB0433E3F968F5EF02BAFBC325FEEEB5FFF7AA725969D3871621EBC4F3FFDF4FC398AC5E21609D295938DD5D5D51D3A6CD8B0056B3AD9D88A152BEE8D938DA5CF75762CAFD60320480340D704E92D7AF9AB089F1142F7D8638FECC31FFE705B89605D1D4E6308F58E3BEE98FDFEF7BFCF3EFFF9CF67975D76593EFDAEBBEECA76DA69A7ECD39FFEF42A43C12FBEF8E2EC6D6F7B5B7EFBBBDFFD6EB6DB6EBBE58F7BFDEB5F9F7DF39BDF6C0BD2D1EBFDD18F7E341F321E257AC5B76AED0DAF4CFBE4273F99DD72CB2DD9A851A3B237BCE10D79AFF8873EF4A13C485F74D145F932F198E1C387677BEDB557F6C0030F6C96B376C7D9B8070C1870DEF8F1E35F78EDB5D75EAECAD02FA6F576619A373B7DB6E73A6B3700823400744D3BB8C600BDB983F4D34F3FBDCAF4B85F1DA4BFF7BDEFE5F73FF5A94FE501368EA13EFEF8E3F3601BA176DB6DB7CD860E1D9AFDED6F7FCB66CF9E9DFDE0073FC8DEFCE63767A552293BE28823B22F7CE10B595D5D5D1EAE23F056827465B876DCEFACFCE217BF687B5FED8776C7FC2F7EF18BF9DFB7BCE52DF97B9A3163C666BB8E74E8D7AFDF9EF5F5F5D393F9CF3FFFFC4D43860C29A5CFF6FE98AEA603204803C066B6B982F409279C909D76DA696D25026975908EF79102623E2D8E858EA1DBD1CBFCBBDFFD2E9F3F7EFCF83C3847E83DEFBCF35609C2871D7658DEAB1CC73FBFE94D6FCA4E3EF9E4D58274F46ADF7DF7DDF910EE981743BEE37EF494B70FD26F7FFBDBF363952348C7B1D437DF7C73FE98E8B5DE9CD791AE565353B35D5D5DDDE969FFE6B9F81BF7D55E00046900E88541FAF1C71FCF0E3CF0C0B612C740EFBFFFFE6DF7AB7B77FBF7EF9FF73EC7B1D34D4D4D79D8AEAFAF6F2B871C7248DBF0EEEAA1DD11AC234CEFB3CF3ED91BDFF8C6FC769438B6797D7AA4E378E808E4316DBFFDF6DBA2C7487766F8F0E1DBA8B50008D200D08B83749CBCEBAAABAECA836DB95CCE7B7B2B270D8BA1DA471E79647EFB57BFFA555BB0FDD8C73E968D193326FBC637BE911F1B1DC72CC7ED6F7FFBDBAB1C231D3DD4D75C734D76C9259764679D755676F0C107676F7DEB5BF3DB511E7DF4D1B6201DC75FDF7EFBEDF97B89D7881EEEB85FDD23FDA73FFD29FBF297BF9CEDBCF3CE9D9EB5FBA5975EDAA2411A00046900E8C5413A7A9B2304DF70C30DF9DF3FFEF18FF9B0EB7DF7DD37BBF0C20BF3DB7146ED3899D7F4E9D3F36971B6EE08B6956B39FFF6B7BFCDC371F5F3C6B0ECCA71CBEF78C73BB2534E39250FC011C0E36463713B4A1C67BDB1C748B70FD27196F0EAE505690004690010A4BBACC409C176DD75D77C3876E56461F17A37DE78637EE6EEC6C6C66C975D76C94F0E16D79A8E801DD7788EB36C474F765CDF394E2016E1B872BDE7384E79DCB871F9B0EF38DE79EEDCB9790F7794E8DDAEF47847993C7972FE3EE24CDDF15AD19B1CD78B8E501C67038FFBF19C95E5E2525C679E79661EA4637EBCE738F9D941071D943F267AC9E36CE331EC5C900640900600417A939C682C8E778EDBFDFAF5CB7BA5B76AED058EB01A67DCBEEFBEFBF2401BBDBC279E78623EDC3A96AFADADCD8FA76E5FE27254D5AFF197BFFC251F9EDD5189E3AADBBFA7993367E6AF7FEFBDF7AE36AF32BCFC5BDFFA561EECDFF39EF7E4813DAE291D97D68A79EF7EF7BBDB7ACB05690004690010A4376959BA7469F6F2CB2FE76573BD66FB1297CF8A21DF4B962C596D5E04FA79F3E6E5B7ABAF595D298B172FEE70BA200D80200D0082B4B2858A200D80200D0082B42248032048038020AD08D20008D20020482B82340082B4B5000082B4200D0082340008D282340008D20020482B82340082340008D28A200D80200D0082B42248032048038020AD08D20008D2D6020008D282340008D20020480BD2002048038020AD08D20008D20020482B82340082340008D28A200D80200D0082B422480320485B0B0020480BD20020480380202D480380200D0082B42248032048038020AD08D20008D20020482B82340082340008D28A200D80206D2D0080202D480380200D0082B4200D0082340008D28A200D80200D00DD5CB1585CB974E95221B61B94F439CC4D417A995A0980200D00DDD8D4A953E72E58B04090ED06E5E9A79FBE2C05E93BD54A00046900E8C64AA5D24137DE78E3E279F3E62DECC93DD373E7CEEDC93DD1F366CE9C393E85E859A91CA05602204803403717E12D7A4253591EC7E8F6B472DB6DB76523478ECC264C9890F5C4F7DFBADEEF14A20110A401804D2ECBB2B72E5EBC78E9C2850BB38103075E6F8D0080200D00ACC1E38F3F7E6DD6AA542A3D57575777A8B50200823400D081A79E7A6ADF152B56547274B672E5CA15C3860D5B505B5BBBBDB503008234005025E5E66D172C58F06CD64E4C1B3060C079D6100008D20040951933668CCA3A317EFCF817FAF5EBB7A7B5040082340090CC9B376FB765CB96ADE82C48BFF6DA6B2F0F1E3C787A4D4DCD76D6160008D200D0E7CD9A35EBA16C2DA64F9F3EBFAEAEEE746B0B00046900E8D36A6B6BB7BDE79E7B96AF2D483FFFFCF337A57D81E762796B0D00046900E8D3860D1BF65FCB972F7F750D39FAC5C6C6C6921E690010A40180248E7DBEFCF2CBE77496A2A74D9B7661DA0FB8DF31D20020480300AD8E3AEAA8BD67CE9CF94AFB10BD62C58A7B070C1830DB59BB0140900600DA193162C4952B93EA1376C7B4B40F70AEB50300823400D04E6D6DEDF693264D5A5249D1F3E6CDBB2CB5FFB363BAB50300823400D081FAFAFA23162D5AF4CAC2850BB3A38F3EFAC1BABABA43AD150010A401803518376EDCDD23478ECC52DB3FD1DA0000411A00588BDADADADDA3DD8FBFD6060008D20080761F0034A80080761F0034A80080761F0034A80080761F0034A80080761F00D0A00280761F00D0A00200DA7D00D0A00200DA7D00D0A00200DA7D00D0A00200DA7D00D0A00200DA7D0040830A00DA7D0040830A0068F70140830A0068F70140830A0068F70140830A7417B5575CB1ED2923CB3BAF75C12CDB7A5061E2DB2B774F1C5B7EABB507DA7D0040830A7D4EE339C57F682894AF8ADB0D4DA5B31A0AA53F5597C6A6F2D7F379CDE59AC6A6D2EF2B8FAB2F14EF69183379AFA1E74FDA7EF8F0F276D62468F701000D2AF47AA78D2DEF52DF5CFA5A437369CAE0A6F2C752702EC6FD2185D2272BE584736FDAB12548972E4C61FAE0B83DA4A9B47F43A138232D7F4D2A4BD2BC7DAC4DD0EE03001A54E8F5EA0BA52352B92D85E185F5CDE5098D85D2E42185F29E0DA3CABB4539654CF17DB15C0CE34EC1F981FA31E56FD43795C6A6E51FCD97193379AF08DFD62468F701000D2AF419D543BB2348A7C07C654BEF732A85D273F9F4E6727D0ADC8F442F747DA1F81F69FA8BF5CDA56B238047904E658E3509DA7D0040830A7D423EA4BBB9F4447E3C740AD211AC2BF3E238E896B07DDD4EE9F6C969FECFE27E5AF6AEFC6F73694AF57D40BB0F006850A1574B41785843A17C6B0CEF8EE1DB2D3DD2A55FA7BF4D51D2EDF9B1DCA042718FB4CCBCC642F1BF1B9B4B8D69FAFDD18B9DFECE6AFD3BD3DA04ED3E00A041853E6195B376C730EDE6724DFDE8D207A30C6E9AF281983EB8A9B8774353F9A4FAD1933F1197C06ADF037D72F394DDD3F25FB03641BB0F006850A1D7AB6F9AF4DEEA63A41B0BC5CF0F193B65D74A691855DEA1716CF9FD2960FF383F31595371740CF98EE1DE95E74821FB8C346FB0B509DA7D0040830ABDDA90C2944F37144AF745486E09C4F975A4FFB7BAD417CAC7353417F74B617B4084EAD6E5BE9FE6DD5119169E6E8F3F69CCE47758A3A0DD070034A800A0DD070034A80080761F0034A80080761F0034A80080761F0034A80080761F0034A80080761F00D0A00280761F00D0A00200DA7D00D8AC0DAAA2288AA2287DA7D8FB010000000000000000000000000000000000000000000000000000000000000000000072FF1FDE68C4B57D09750D0000000049454E44AE426082, 1);
INSERT INTO `ACT_GE_BYTEARRAY` VALUES ('4b5df4c4-5e3c-11ec-8bee-f20bcee4e113', 1, 'flowContract.bpmn', '4b5dcdb3-5e3c-11ec-8bee-f20bcee4e113', 0x3C3F786D6C2076657273696F6E3D22312E302220656E636F64696E673D225554462D38223F3E0A3C646566696E6974696F6E7320786D6C6E733D22687474703A2F2F7777772E6F6D672E6F72672F737065632F42504D4E2F32303130303532342F4D4F44454C2220786D6C6E733A7873693D22687474703A2F2F7777772E77332E6F72672F323030312F584D4C536368656D612D696E7374616E63652220786D6C6E733A7873643D22687474703A2F2F7777772E77332E6F72672F323030312F584D4C536368656D612220786D6C6E733A666C6F7761626C653D22687474703A2F2F666C6F7761626C652E6F72672F62706D6E2220786D6C6E733A62706D6E64693D22687474703A2F2F7777772E6F6D672E6F72672F737065632F42504D4E2F32303130303532342F44492220786D6C6E733A6F6D6764633D22687474703A2F2F7777772E6F6D672E6F72672F737065632F44442F32303130303532342F44432220786D6C6E733A6F6D6764693D22687474703A2F2F7777772E6F6D672E6F72672F737065632F44442F32303130303532342F44492220786D6C6E733A62706D6E323D22687474703A2F2F7777772E6F6D672E6F72672F737065632F42504D4E2F32303130303532342F4D4F44454C2220786D6C6E733A64693D22687474703A2F2F7777772E6F6D672E6F72672F737065632F44442F32303130303532342F44492220786D6C6E733A64633D22687474703A2F2F7777772E6F6D672E6F72672F737065632F44442F32303130303532342F44432220747970654C616E67756167653D22687474703A2F2F7777772E77332E6F72672F323030312F584D4C536368656D61222065787072657373696F6E4C616E67756167653D22687474703A2F2F7777772E77332E6F72672F313939392F585061746822207461726765744E616D6573706163653D22687474703A2F2F666C6F7761626C652E6F72672F62706D6E222069643D226469616772616D5F666C6F77436F6E747261637422207873693A736368656D614C6F636174696F6E3D22687474703A2F2F7777772E6F6D672E6F72672F737065632F42504D4E2F32303130303532342F4D4F44454C2042504D4E32302E787364223E0A20203C70726F636573732069643D22666C6F77436F6E747261637422206E616D653D22E59088E5908CE5AEA1E689B92220697345786563757461626C653D2274727565223E0A202020203C657874656E73696F6E456C656D656E74733E0A2020202020203C666C6F7761626C653A657865637574696F6E4C697374656E6572206576656E743D22656E642220636C6173733D22636F6D2E666C6F772E64656D6F2E636F6D6D6F6E2E666C6F772E6C697374656E65722E557064617465466C6F775374617475734C697374656E6572223E3C2F666C6F7761626C653A657865637574696F6E4C697374656E65723E0A202020203C2F657874656E73696F6E456C656D656E74733E0A202020203C73746172744576656E742069643D224576656E745F3170736D697364223E3C2F73746172744576656E743E0A202020203C757365725461736B2069643D2241637469766974795F306E796C61317222206E616D653D22E59088E5908CE5BD95E585A52220666C6F7761626C653A61737369676E65653D22247B7374617274557365724E616D657D2220666C6F7761626C653A666F726D4B65793D227B2671756F743B666F726D49642671756F743B3A2671756F743B313434303935343932303334383934363433322671756F743B2C2671756F743B726561644F6E6C792671756F743B3A66616C73652C2671756F743B67726F7570547970652671756F743B3A2671756F743B41535349474E45452671756F743B7D223E0A2020202020203C657874656E73696F6E456C656D656E74733E0A20202020202020203C666C6F7761626C653A6F7065726174696F6E4C6973743E0A202020202020202020203C666C6F7761626C653A666F726D4F7065726174696F6E2069643D223136333233383839363537313222206C6162656C3D22E68F90E4BAA42220747970653D226167726565222073686F774F726465723D2230223E3C2F666C6F7761626C653A666F726D4F7065726174696F6E3E0A20202020202020203C2F666C6F7761626C653A6F7065726174696F6E4C6973743E0A20202020202020203C666C6F7761626C653A7661726961626C654C6973743E3C2F666C6F7761626C653A7661726961626C654C6973743E0A2020202020203C2F657874656E73696F6E456C656D656E74733E0A202020203C2F757365725461736B3E0A202020203C73657175656E6365466C6F772069643D22466C6F775F303063657865612220736F757263655265663D224576656E745F3170736D69736422207461726765745265663D2241637469766974795F306E796C613172223E3C2F73657175656E6365466C6F773E0A202020203C757365725461736B2069643D2241637469766974795F3175637268353222206E616D653D22E4B89AE58AA1E983A8E9A286E5AFBCE5AEA1E689B92220666C6F7761626C653A63616E64696461746547726F7570733D22247B64657074506F73744C65616465727D2220666C6F7761626C653A666F726D4B65793D227B2671756F743B666F726D49642671756F743B3A2671756F743B313434303935343932303334383934363433322671756F743B2C2671756F743B726561644F6E6C792671756F743B3A747275652C2671756F743B67726F7570547970652671756F743B3A2671756F743B444550545F504F53545F4C45414445522671756F743B7D223E0A2020202020203C657874656E73696F6E456C656D656E74733E0A20202020202020203C666C6F7761626C653A7461736B4C697374656E6572206576656E743D226372656174652220636C6173733D22636F6D2E666C6F772E64656D6F2E636F6D6D6F6E2E666C6F772E6C697374656E65722E44657074506F73744C65616465724C697374656E6572223E3C2F666C6F7761626C653A7461736B4C697374656E65723E0A20202020202020203C666C6F7761626C653A6F7065726174696F6E4C6973743E0A202020202020202020203C666C6F7761626C653A666F726D4F7065726174696F6E2069643D223136333233383839373234353522206C6162656C3D22E5908CE6848F2220747970653D226167726565222073686F774F726465723D2230223E3C2F666C6F7761626C653A666F726D4F7065726174696F6E3E0A20202020202020203C2F666C6F7761626C653A6F7065726174696F6E4C6973743E0A20202020202020203C666C6F7761626C653A7661726961626C654C6973743E3C2F666C6F7761626C653A7661726961626C654C6973743E0A2020202020203C2F657874656E73696F6E456C656D656E74733E0A202020203C2F757365725461736B3E0A202020203C73657175656E6365466C6F772069643D22466C6F775F30346B63616A632220736F757263655265663D2241637469766974795F306E796C61317222207461726765745265663D2241637469766974795F31756372683532223E3C2F73657175656E6365466C6F773E0A202020203C73657175656E6365466C6F772069643D22466C6F775F30323666766E712220736F757263655265663D2241637469766974795F3175637268353222207461726765745265663D22476174657761795F30396364787466223E3C2F73657175656E6365466C6F773E0A202020203C706172616C6C656C476174657761792069643D22476174657761795F30396364787466223E3C2F706172616C6C656C476174657761793E0A202020203C757365725461736B2069643D2241637469766974795F3133386D346E6E22206E616D653D22E5B7A5E7A88BE983A8E5AEA1E689B92220666C6F7761626C653A63616E64696461746547726F7570733D22313434303936333639383436303938373339322220666C6F7761626C653A666F726D4B65793D227B2671756F743B666F726D49642671756F743B3A2671756F743B313434303935353139343939313937323335322671756F743B2C2671756F743B726561644F6E6C792671756F743B3A747275652C2671756F743B67726F7570547970652671756F743B3A2671756F743B444550542671756F743B7D223E0A2020202020203C657874656E73696F6E456C656D656E74733E0A20202020202020203C666C6F7761626C653A6F7065726174696F6E4C6973743E0A202020202020202020203C666C6F7761626C653A666F726D4F7065726174696F6E2069643D223136333233383839373831303122206C6162656C3D22E5908CE6848F2220747970653D226167726565222073686F774F726465723D2230223E3C2F666C6F7761626C653A666F726D4F7065726174696F6E3E0A20202020202020203C2F666C6F7761626C653A6F7065726174696F6E4C6973743E0A20202020202020203C666C6F7761626C653A7661726961626C654C6973743E3C2F666C6F7761626C653A7661726961626C654C6973743E0A20202020202020203C666C6F7761626C653A7573657243616E64696461746547726F75707320747970653D2244455054222076616C75653D2231343430393633363938343630393837333932223E3C2F666C6F7761626C653A7573657243616E64696461746547726F7570733E0A2020202020203C2F657874656E73696F6E456C656D656E74733E0A202020203C2F757365725461736B3E0A202020203C73657175656E6365466C6F772069643D22466C6F775F307A7A307539672220736F757263655265663D22476174657761795F3039636478746622207461726765745265663D2241637469766974795F3133386D346E6E223E3C2F73657175656E6365466C6F773E0A202020203C757365725461736B2069643D2241637469766974795F30746D336D706822206E616D653D22E980A0E4BBB7E983A8E5AEA1E689B92220666C6F7761626C653A61737369676E65653D2261646D696E2220666C6F7761626C653A666F726D4B65793D227B2671756F743B666F726D49642671756F743B3A2671756F743B313434303935353139343939313937323335322671756F743B2C2671756F743B726561644F6E6C792671756F743B3A747275652C2671756F743B67726F7570547970652671756F743B3A2671756F743B41535349474E45452671756F743B7D223E0A2020202020203C657874656E73696F6E456C656D656E74733E0A20202020202020203C666C6F7761626C653A6F7065726174696F6E4C6973743E0A202020202020202020203C666C6F7761626C653A666F726D4F7065726174696F6E2069643D223136333233383839383233373722206C6162656C3D22E5908CE6848F2220747970653D226167726565222073686F774F726465723D2230223E3C2F666C6F7761626C653A666F726D4F7065726174696F6E3E0A20202020202020203C2F666C6F7761626C653A6F7065726174696F6E4C6973743E0A20202020202020203C666C6F7761626C653A7661726961626C654C6973743E3C2F666C6F7761626C653A7661726961626C654C6973743E0A2020202020203C2F657874656E73696F6E456C656D656E74733E0A202020203C2F757365725461736B3E0A202020203C73657175656E6365466C6F772069643D22466C6F775F317978716265302220736F757263655265663D22476174657761795F3039636478746622207461726765745265663D2241637469766974795F30746D336D7068223E3C2F73657175656E6365466C6F773E0A202020203C73657175656E6365466C6F772069643D22466C6F775F31323465387A332220736F757263655265663D2241637469766974795F3133386D346E6E22207461726765745265663D22476174657761795F306F79366F666C223E3C2F73657175656E6365466C6F773E0A202020203C706172616C6C656C476174657761792069643D22476174657761795F306F79366F666C223E3C2F706172616C6C656C476174657761793E0A202020203C73657175656E6365466C6F772069643D22466C6F775F3175766A3364732220736F757263655265663D2241637469766974795F30746D336D706822207461726765745265663D22476174657761795F306F79366F666C223E3C2F73657175656E6365466C6F773E0A202020203C757365725461736B2069643D2241637469766974795F3179757579696522206E616D653D22E8B4A2E58AA1E983A8E5AEA1E689B92220666C6F7761626C653A63616E64696461746547726F7570733D22313434303936343531393339313133373739322220666C6F7761626C653A666F726D4B65793D227B2671756F743B666F726D49642671756F743B3A2671756F743B313434303935353132373739303833333636342671756F743B2C2671756F743B726561644F6E6C792671756F743B3A747275652C2671756F743B67726F7570547970652671756F743B3A2671756F743B504F53542671756F743B7D223E0A2020202020203C657874656E73696F6E456C656D656E74733E0A20202020202020203C666C6F7761626C653A6F7065726174696F6E4C6973743E0A202020202020202020203C666C6F7761626C653A666F726D4F7065726174696F6E2069643D223136333233383930333738313422206C6162656C3D22E5908CE6848F2220747970653D226167726565222073686F774F726465723D2230223E3C2F666C6F7761626C653A666F726D4F7065726174696F6E3E0A202020202020202020203C666C6F7761626C653A666F726D4F7065726174696F6E2069643D223136333233383930343234383922206C6162656C3D22E68B92E7BB9D2220747970653D22726566757365222073686F774F726465723D2231223E3C2F666C6F7761626C653A666F726D4F7065726174696F6E3E0A20202020202020203C2F666C6F7761626C653A6F7065726174696F6E4C6973743E0A20202020202020203C666C6F7761626C653A7661726961626C654C6973743E3C2F666C6F7761626C653A7661726961626C654C6973743E0A20202020202020203C666C6F7761626C653A64657074506F73744C6973743E0A202020202020202020203C666C6F7761626C653A64657074506F73742069643D2264657074506F73745F5F313434303936343531393339313133373739322220747970653D2264657074506F7374222064657074506F737449643D2231343430393634353139333931313337373932223E3C2F666C6F7761626C653A64657074506F73743E0A20202020202020203C2F666C6F7761626C653A64657074506F73744C6973743E0A2020202020203C2F657874656E73696F6E456C656D656E74733E0A202020203C2F757365725461736B3E0A202020203C73657175656E6365466C6F772069643D22466C6F775F316B79686E6C7A2220736F757263655265663D22476174657761795F306F79366F666C22207461726765745265663D2241637469766974795F31797575796965223E3C2F73657175656E6365466C6F773E0A202020203C757365725461736B2069643D2241637469766974795F3039386E63767722206E616D653D22E6B395E58AA1E983A8E4BC9AE7ADBE2220666C6F7761626C653A61737369676E65653D22247B61737369676E65657D2220666C6F7761626C653A666F726D4B65793D227B2671756F743B666F726D49642671756F743B3A2671756F743B313434303935353030313039333439323733362671756F743B2C2671756F743B726561644F6E6C792671756F743B3A747275652C2671756F743B67726F7570547970652671756F743B3A2671756F743B41535349474E45452671756F743B7D223E0A2020202020203C657874656E73696F6E456C656D656E74733E0A20202020202020203C666C6F7761626C653A6F7065726174696F6E4C6973743E0A202020202020202020203C666C6F7761626C653A666F726D4F7065726174696F6E2069643D223136333233383931393036363222206C6162656C3D22E5908CE6848F2220747970653D226D756C74695F6167726565222073686F774F726465723D2230223E3C2F666C6F7761626C653A666F726D4F7065726174696F6E3E0A202020202020202020203C666C6F7761626C653A666F726D4F7065726174696F6E2069643D223136333233383931393734303622206C6162656C3D22E68B92E7BB9D2220747970653D226D756C74695F726566757365222073686F774F726465723D2231223E3C2F666C6F7761626C653A666F726D4F7065726174696F6E3E0A20202020202020203C2F666C6F7761626C653A6F7065726174696F6E4C6973743E0A20202020202020203C666C6F7761626C653A7661726961626C654C6973743E3C2F666C6F7761626C653A7661726961626C654C6973743E0A2020202020203C2F657874656E73696F6E456C656D656E74733E0A2020202020203C6D756C7469496E7374616E63654C6F6F7043686172616374657269737469637320697353657175656E7469616C3D2266616C73652220666C6F7761626C653A636F6C6C656374696F6E3D2261737369676E65654C6973742220666C6F7761626C653A656C656D656E745661726961626C653D2261737369676E6565223E0A20202020202020203C636F6D706C6574696F6E436F6E646974696F6E3E247B6E724F66496E7374616E636573203D3D206E724F66436F6D706C65746564496E7374616E6365737D3C2F636F6D706C6574696F6E436F6E646974696F6E3E0A2020202020203C2F6D756C7469496E7374616E63654C6F6F704368617261637465726973746963733E0A202020203C2F757365725461736B3E0A202020203C73657175656E6365466C6F772069643D22466C6F775F3064693671613622206E616D653D22E5908CE6848F2220736F757263655265663D2241637469766974795F3179757579696522207461726765745265663D2241637469766974795F31656577743031223E0A2020202020203C657874656E73696F6E456C656D656E74733E0A20202020202020203C666C6F7761626C653A637573746F6D436F6E646974696F6E20747970653D226F7065726174696F6E22206F7065726174696F6E547970653D226167726565223E3C2F666C6F7761626C653A637573746F6D436F6E646974696F6E3E0A2020202020203C2F657874656E73696F6E456C656D656E74733E0A2020202020203C636F6E646974696F6E45787072657373696F6E207873693A747970653D2274466F726D616C45787072657373696F6E223E3C215B43444154415B247B6F7065726174696F6E54797065203D3D20276167726565277D5D5D3E3C2F636F6E646974696F6E45787072657373696F6E3E0A202020203C2F73657175656E6365466C6F773E0A202020203C6578636C7573697665476174657761792069643D22476174657761795F316D356672757A223E3C2F6578636C7573697665476174657761793E0A202020203C73657175656E6365466C6F772069643D22466C6F775F306A7976317A622220736F757263655265663D2241637469766974795F3039386E63767722207461726765745265663D22476174657761795F316D356672757A223E3C2F73657175656E6365466C6F773E0A202020203C757365725461736B2069643D2241637469766974795F316833706E787922206E616D653D22E680BBE7BB8FE79086E5AEA1E689B92220666C6F7761626C653A63616E64696461746547726F7570733D22313434303931313431303538313231333431362220666C6F7761626C653A666F726D4B65793D227B2671756F743B666F726D49642671756F743B3A2671756F743B313434303935343932303334383934363433322671756F743B2C2671756F743B726561644F6E6C792671756F743B3A747275652C2671756F743B67726F7570547970652671756F743B3A2671756F743B444550542671756F743B7D223E0A2020202020203C657874656E73696F6E456C656D656E74733E0A20202020202020203C666C6F7761626C653A6F7065726174696F6E4C6973743E0A202020202020202020203C666C6F7761626C653A666F726D4F7065726174696F6E2069643D223136333233383934343935303822206C6162656C3D22E5908CE6848F2220747970653D226167726565222073686F774F726465723D2230223E3C2F666C6F7761626C653A666F726D4F7065726174696F6E3E0A202020202020202020203C666C6F7761626C653A666F726D4F7065726174696F6E2069643D223136333233383934353238353022206C6162656C3D22E68B92E7BB9D2220747970653D22726566757365222073686F774F726465723D2231223E3C2F666C6F7761626C653A666F726D4F7065726174696F6E3E0A20202020202020203C2F666C6F7761626C653A6F7065726174696F6E4C6973743E0A20202020202020203C666C6F7761626C653A7661726961626C654C6973743E3C2F666C6F7761626C653A7661726961626C654C6973743E0A20202020202020203C666C6F7761626C653A7573657243616E64696461746547726F75707320747970653D2244455054222076616C75653D2231343430393131343130353831323133343136223E3C2F666C6F7761626C653A7573657243616E64696461746547726F7570733E0A2020202020203C2F657874656E73696F6E456C656D656E74733E0A202020203C2F757365725461736B3E0A202020203C73657175656E6365466C6F772069643D22466C6F775F31663879786F7622206E616D653D22E5908CE6848FE4BABAE695B0E5A4A7E4BA8E3430252220736F757263655265663D22476174657761795F316D356672757A22207461726765745265663D2241637469766974795F316833706E7879223E0A2020202020203C636F6E646974696F6E45787072657373696F6E207873693A747970653D2274466F726D616C45787072657373696F6E223E3C215B43444154415B247B6D756C74694167726565436F756E74202F206D756C74694E756D4F66496E7374616E636573203E20302E347D5D5D3E3C2F636F6E646974696F6E45787072657373696F6E3E0A202020203C2F73657175656E6365466C6F773E0A202020203C656E644576656E742069643D224576656E745F3132616A6F3364223E3C2F656E644576656E743E0A202020203C73657175656E6365466C6F772069643D22466C6F775F31613371636C6D22206E616D653D22E5908CE6848F2220736F757263655265663D2241637469766974795F316833706E787922207461726765745265663D224576656E745F3132616A6F3364223E0A2020202020203C657874656E73696F6E456C656D656E74733E0A20202020202020203C666C6F7761626C653A637573746F6D436F6E646974696F6E20747970653D226F7065726174696F6E22206F7065726174696F6E547970653D226167726565223E3C2F666C6F7761626C653A637573746F6D436F6E646974696F6E3E0A2020202020203C2F657874656E73696F6E456C656D656E74733E0A2020202020203C636F6E646974696F6E45787072657373696F6E207873693A747970653D2274466F726D616C45787072657373696F6E223E3C215B43444154415B247B6F7065726174696F6E54797065203D3D20276167726565277D5D5D3E3C2F636F6E646974696F6E45787072657373696F6E3E0A202020203C2F73657175656E6365466C6F773E0A202020203C73657175656E6365466C6F772069643D22466C6F775F306C6C6F79353622206E616D653D22E68B92E7BB9D2220736F757263655265663D2241637469766974795F3179757579696522207461726765745265663D2241637469766974795F306E796C613172223E0A2020202020203C657874656E73696F6E456C656D656E74733E0A20202020202020203C666C6F7761626C653A637573746F6D436F6E646974696F6E20747970653D226F7065726174696F6E22206F7065726174696F6E547970653D22726566757365223E3C2F666C6F7761626C653A637573746F6D436F6E646974696F6E3E0A2020202020203C2F657874656E73696F6E456C656D656E74733E0A2020202020203C636F6E646974696F6E45787072657373696F6E207873693A747970653D2274466F726D616C45787072657373696F6E223E3C215B43444154415B247B6F7065726174696F6E54797065203D3D2027726566757365277D5D5D3E3C2F636F6E646974696F6E45787072657373696F6E3E0A202020203C2F73657175656E6365466C6F773E0A202020203C757365725461736B2069643D2241637469766974795F3165657774303122206E616D653D22E6B395E58AA1E983A8E5AEA1E689B92220666C6F7761626C653A63616E64696461746547726F7570733D22313434303936343338373937393339393136382220666C6F7761626C653A666F726D4B65793D227B2671756F743B666F726D49642671756F743B3A2671756F743B313434303935353030313039333439323733362671756F743B2C2671756F743B726561644F6E6C792671756F743B3A747275652C2671756F743B67726F7570547970652671756F743B3A2671756F743B504F53542671756F743B7D223E0A2020202020203C657874656E73696F6E456C656D656E74733E0A20202020202020203C666C6F7761626C653A7661726961626C654C6973743E3C2F666C6F7761626C653A7661726961626C654C6973743E0A20202020202020203C666C6F7761626C653A64657074506F73744C6973743E0A202020202020202020203C666C6F7761626C653A64657074506F73742069643D2264657074506F73745F5F313434303936343338373937393339393136382220747970653D2264657074506F7374222064657074506F737449643D2231343430393634333837393739333939313638223E3C2F666C6F7761626C653A64657074506F73743E0A20202020202020203C2F666C6F7761626C653A64657074506F73744C6973743E0A20202020202020203C666C6F7761626C653A6F7065726174696F6E4C6973743E0A202020202020202020203C666C6F7761626C653A666F726D4F7065726174696F6E2069643D223136333233383933333730323422206C6162656C3D22E4BC9AE7ADBE2220747970653D226D756C74695F7369676E222073686F774F726465723D223022206D756C74695369676E41737369676E65653D227B2671756F743B61737369676E6565547970652671756F743B3A2671756F743B444550545F47524F55502671756F743B2C2671756F743B61737369676E65654C6973742671756F743B3A2671756F743B313434303936333634323534323532363436342671756F743B7D223E3C2F666C6F7761626C653A666F726D4F7065726174696F6E3E0A202020202020202020203C666C6F7761626C653A666F726D4F7065726174696F6E2069643D223136333233383933343139303122206C6162656C3D22E58AA0E7ADBE2220747970653D226D756C74695F636F6E7369676E222073686F774F726465723D2231223E3C2F666C6F7761626C653A666F726D4F7065726174696F6E3E0A20202020202020203C2F666C6F7761626C653A6F7065726174696F6E4C6973743E0A2020202020203C2F657874656E73696F6E456C656D656E74733E0A202020203C2F757365725461736B3E0A202020203C73657175656E6365466C6F772069643D22466C6F775F307A6D736E33782220736F757263655265663D2241637469766974795F3165657774303122207461726765745265663D2241637469766974795F3039386E637677223E3C2F73657175656E6365466C6F773E0A202020203C73657175656E6365466C6F772069643D22466C6F775F3176737269766222206E616D653D22E5908CE6848FE4BABAE695B0E5B08FE4BA8E3430252220736F757263655265663D22476174657761795F316D356672757A22207461726765745265663D2241637469766974795F306E796C613172223E0A2020202020203C636F6E646974696F6E45787072657373696F6E207873693A747970653D2274466F726D616C45787072657373696F6E223E3C215B43444154415B247B6D756C74694167726565436F756E74202F206D756C74694E756D4F66496E7374616E636573203C3D20302E347D5D5D3E3C2F636F6E646974696F6E45787072657373696F6E3E0A202020203C2F73657175656E6365466C6F773E0A202020203C73657175656E6365466C6F772069643D22466C6F775F316D323430366622206E616D653D22E68B92E7BB9D2220736F757263655265663D2241637469766974795F316833706E787922207461726765745265663D2241637469766974795F306E796C613172223E0A2020202020203C657874656E73696F6E456C656D656E74733E0A20202020202020203C666C6F7761626C653A637573746F6D436F6E646974696F6E20747970653D226F7065726174696F6E22206F7065726174696F6E547970653D22726566757365223E3C2F666C6F7761626C653A637573746F6D436F6E646974696F6E3E0A2020202020203C2F657874656E73696F6E456C656D656E74733E0A2020202020203C636F6E646974696F6E45787072657373696F6E207873693A747970653D2274466F726D616C45787072657373696F6E223E3C215B43444154415B247B6F7065726174696F6E54797065203D3D2027726566757365277D5D5D3E3C2F636F6E646974696F6E45787072657373696F6E3E0A202020203C2F73657175656E6365466C6F773E0A20203C2F70726F636573733E0A20203C62706D6E64693A42504D4E4469616772616D2069643D2242504D4E4469616772616D5F666C6F77436F6E7472616374223E0A202020203C62706D6E64693A42504D4E506C616E652062706D6E456C656D656E743D22666C6F77436F6E7472616374222069643D2242504D4E506C616E655F666C6F77436F6E7472616374223E0A2020202020203C62706D6E64693A42504D4E53686170652062706D6E456C656D656E743D224576656E745F3170736D697364222069643D2242504D4E53686170655F4576656E745F3170736D697364223E0A20202020202020203C6F6D6764633A426F756E6473206865696768743D2233362E30222077696474683D2233362E302220783D2239322E302220793D223331322E30223E3C2F6F6D6764633A426F756E64733E0A2020202020203C2F62706D6E64693A42504D4E53686170653E0A2020202020203C62706D6E64693A42504D4E53686170652062706D6E456C656D656E743D2241637469766974795F306E796C613172222069643D2242504D4E53686170655F41637469766974795F306E796C613172223E0A20202020202020203C6F6D6764633A426F756E6473206865696768743D2238302E30222077696474683D223130302E302220783D223138302E302220793D223239302E30223E3C2F6F6D6764633A426F756E64733E0A2020202020203C2F62706D6E64693A42504D4E53686170653E0A2020202020203C62706D6E64693A42504D4E53686170652062706D6E456C656D656E743D2241637469766974795F31756372683532222069643D2242504D4E53686170655F41637469766974795F31756372683532223E0A20202020202020203C6F6D6764633A426F756E6473206865696768743D2238302E30222077696474683D223130302E302220783D223334302E302220793D223239302E30223E3C2F6F6D6764633A426F756E64733E0A2020202020203C2F62706D6E64693A42504D4E53686170653E0A2020202020203C62706D6E64693A42504D4E53686170652062706D6E456C656D656E743D22476174657761795F30396364787466222069643D2242504D4E53686170655F476174657761795F30396364787466223E0A20202020202020203C6F6D6764633A426F756E6473206865696768743D2235302E30222077696474683D2235302E302220783D223530352E302220793D223330352E30223E3C2F6F6D6764633A426F756E64733E0A2020202020203C2F62706D6E64693A42504D4E53686170653E0A2020202020203C62706D6E64693A42504D4E53686170652062706D6E456C656D656E743D2241637469766974795F3133386D346E6E222069643D2242504D4E53686170655F41637469766974795F3133386D346E6E223E0A20202020202020203C6F6D6764633A426F756E6473206865696768743D2238302E30222077696474683D223130302E302220783D223636302E302220793D223136302E30223E3C2F6F6D6764633A426F756E64733E0A2020202020203C2F62706D6E64693A42504D4E53686170653E0A2020202020203C62706D6E64693A42504D4E53686170652062706D6E456C656D656E743D2241637469766974795F30746D336D7068222069643D2242504D4E53686170655F41637469766974795F30746D336D7068223E0A20202020202020203C6F6D6764633A426F756E6473206865696768743D2238302E30222077696474683D223130302E302220783D223636302E302220793D223339302E30223E3C2F6F6D6764633A426F756E64733E0A2020202020203C2F62706D6E64693A42504D4E53686170653E0A2020202020203C62706D6E64693A42504D4E53686170652062706D6E456C656D656E743D22476174657761795F306F79366F666C222069643D2242504D4E53686170655F476174657761795F306F79366F666C223E0A20202020202020203C6F6D6764633A426F756E6473206865696768743D2235302E30222077696474683D2235302E302220783D223835352E302220793D223330352E30223E3C2F6F6D6764633A426F756E64733E0A2020202020203C2F62706D6E64693A42504D4E53686170653E0A2020202020203C62706D6E64693A42504D4E53686170652062706D6E456C656D656E743D2241637469766974795F31797575796965222069643D2242504D4E53686170655F41637469766974795F31797575796965223E0A20202020202020203C6F6D6764633A426F756E6473206865696768743D2238302E30222077696474683D223130302E302220783D22313030302E302220793D223239302E30223E3C2F6F6D6764633A426F756E64733E0A2020202020203C2F62706D6E64693A42504D4E53686170653E0A2020202020203C62706D6E64693A42504D4E53686170652062706D6E456C656D656E743D2241637469766974795F3039386E637677222069643D2242504D4E53686170655F41637469766974795F3039386E637677223E0A20202020202020203C6F6D6764633A426F756E6473206865696768743D2238302E30222077696474683D223130302E302220783D22313336302E302220793D223239302E30223E3C2F6F6D6764633A426F756E64733E0A2020202020203C2F62706D6E64693A42504D4E53686170653E0A2020202020203C62706D6E64693A42504D4E53686170652062706D6E456C656D656E743D22476174657761795F316D356672757A222069643D2242504D4E53686170655F476174657761795F316D356672757A223E0A20202020202020203C6F6D6764633A426F756E6473206865696768743D2235302E30222077696474683D2235302E302220783D22313531352E302220793D223330352E30223E3C2F6F6D6764633A426F756E64733E0A2020202020203C2F62706D6E64693A42504D4E53686170653E0A2020202020203C62706D6E64693A42504D4E53686170652062706D6E456C656D656E743D2241637469766974795F316833706E7879222069643D2242504D4E53686170655F41637469766974795F316833706E7879223E0A20202020202020203C6F6D6764633A426F756E6473206865696768743D2238302E30222077696474683D223130302E302220783D22313637302E302220793D223239302E30223E3C2F6F6D6764633A426F756E64733E0A2020202020203C2F62706D6E64693A42504D4E53686170653E0A2020202020203C62706D6E64693A42504D4E53686170652062706D6E456C656D656E743D224576656E745F3132616A6F3364222069643D2242504D4E53686170655F4576656E745F3132616A6F3364223E0A20202020202020203C6F6D6764633A426F756E6473206865696768743D2233362E30222077696474683D2233362E302220783D22313836322E302220793D223331322E30223E3C2F6F6D6764633A426F756E64733E0A2020202020203C2F62706D6E64693A42504D4E53686170653E0A2020202020203C62706D6E64693A42504D4E53686170652062706D6E456C656D656E743D2241637469766974795F31656577743031222069643D2242504D4E53686170655F41637469766974795F31656577743031223E0A20202020202020203C6F6D6764633A426F756E6473206865696768743D2238302E30222077696474683D223130302E302220783D22313139302E302220793D223239302E30223E3C2F6F6D6764633A426F756E64733E0A2020202020203C2F62706D6E64693A42504D4E53686170653E0A2020202020203C62706D6E64693A42504D4E456467652062706D6E456C656D656E743D22466C6F775F316D3234303666222069643D2242504D4E456467655F466C6F775F316D3234303666223E0A20202020202020203C6F6D6764693A776179706F696E7420783D22313732302E302220793D223337302E30223E3C2F6F6D6764693A776179706F696E743E0A20202020202020203C6F6D6764693A776179706F696E7420783D22313732302E302220793D223534302E30223E3C2F6F6D6764693A776179706F696E743E0A20202020202020203C6F6D6764693A776179706F696E7420783D223231302E302220793D223534302E30223E3C2F6F6D6764693A776179706F696E743E0A20202020202020203C6F6D6764693A776179706F696E7420783D223231302E302220793D223337302E30223E3C2F6F6D6764693A776179706F696E743E0A20202020202020203C62706D6E64693A42504D4E4C6162656C3E0A202020202020202020203C6F6D6764633A426F756E6473206865696768743D2231342E30222077696474683D2232322E302220783D223935342E302220793D223532322E30223E3C2F6F6D6764633A426F756E64733E0A20202020202020203C2F62706D6E64693A42504D4E4C6162656C3E0A2020202020203C2F62706D6E64693A42504D4E456467653E0A2020202020203C62706D6E64693A42504D4E456467652062706D6E456C656D656E743D22466C6F775F31767372697662222069643D2242504D4E456467655F466C6F775F31767372697662223E0A20202020202020203C6F6D6764693A776179706F696E7420783D22313534302E302220793D223330352E30223E3C2F6F6D6764693A776179706F696E743E0A20202020202020203C6F6D6764693A776179706F696E7420783D22313534302E302220793D223133302E30223E3C2F6F6D6764693A776179706F696E743E0A20202020202020203C6F6D6764693A776179706F696E7420783D223233302E302220793D223133302E30223E3C2F6F6D6764693A776179706F696E743E0A20202020202020203C6F6D6764693A776179706F696E7420783D223233302E302220793D223239302E30223E3C2F6F6D6764693A776179706F696E743E0A20202020202020203C62706D6E64693A42504D4E4C6162656C3E0A202020202020202020203C6F6D6764633A426F756E6473206865696768743D2231342E30222077696474683D2238392E302220783D223834312E302220793D223131322E30223E3C2F6F6D6764633A426F756E64733E0A20202020202020203C2F62706D6E64693A42504D4E4C6162656C3E0A2020202020203C2F62706D6E64693A42504D4E456467653E0A2020202020203C62706D6E64693A42504D4E456467652062706D6E456C656D656E743D22466C6F775F307A6D736E3378222069643D2242504D4E456467655F466C6F775F307A6D736E3378223E0A20202020202020203C6F6D6764693A776179706F696E7420783D22313239302E302220793D223333302E30223E3C2F6F6D6764693A776179706F696E743E0A20202020202020203C6F6D6764693A776179706F696E7420783D22313336302E302220793D223333302E30223E3C2F6F6D6764693A776179706F696E743E0A2020202020203C2F62706D6E64693A42504D4E456467653E0A2020202020203C62706D6E64693A42504D4E456467652062706D6E456C656D656E743D22466C6F775F306C6C6F793536222069643D2242504D4E456467655F466C6F775F306C6C6F793536223E0A20202020202020203C6F6D6764693A776179706F696E7420783D22313035302E302220793D223337302E30223E3C2F6F6D6764693A776179706F696E743E0A20202020202020203C6F6D6764693A776179706F696E7420783D22313035302E302220793D223530302E30223E3C2F6F6D6764693A776179706F696E743E0A20202020202020203C6F6D6764693A776179706F696E7420783D223233302E302220793D223530302E30223E3C2F6F6D6764693A776179706F696E743E0A20202020202020203C6F6D6764693A776179706F696E7420783D223233302E302220793D223337302E30223E3C2F6F6D6764693A776179706F696E743E0A20202020202020203C62706D6E64693A42504D4E4C6162656C3E0A202020202020202020203C6F6D6764633A426F756E6473206865696768743D2231342E30222077696474683D2232322E302220783D223632392E302220793D223438322E30223E3C2F6F6D6764633A426F756E64733E0A20202020202020203C2F62706D6E64693A42504D4E4C6162656C3E0A2020202020203C2F62706D6E64693A42504D4E456467653E0A2020202020203C62706D6E64693A42504D4E456467652062706D6E456C656D656E743D22466C6F775F31613371636C6D222069643D2242504D4E456467655F466C6F775F31613371636C6D223E0A20202020202020203C6F6D6764693A776179706F696E7420783D22313737302E302220793D223333302E30223E3C2F6F6D6764693A776179706F696E743E0A20202020202020203C6F6D6764693A776179706F696E7420783D22313836322E302220793D223333302E30223E3C2F6F6D6764693A776179706F696E743E0A20202020202020203C62706D6E64693A42504D4E4C6162656C3E0A202020202020202020203C6F6D6764633A426F756E6473206865696768743D2231342E30222077696474683D2232332E302220783D22313830352E302220793D223331322E30223E3C2F6F6D6764633A426F756E64733E0A20202020202020203C2F62706D6E64693A42504D4E4C6162656C3E0A2020202020203C2F62706D6E64693A42504D4E456467653E0A2020202020203C62706D6E64693A42504D4E456467652062706D6E456C656D656E743D22466C6F775F31663879786F76222069643D2242504D4E456467655F466C6F775F31663879786F76223E0A20202020202020203C6F6D6764693A776179706F696E7420783D22313536352E302220793D223333302E30223E3C2F6F6D6764693A776179706F696E743E0A20202020202020203C6F6D6764693A776179706F696E7420783D22313637302E302220793D223333302E30223E3C2F6F6D6764693A776179706F696E743E0A20202020202020203C62706D6E64693A42504D4E4C6162656C3E0A202020202020202020203C6F6D6764633A426F756E6473206865696768743D2231342E30222077696474683D2238392E302220783D22313537332E302220793D223331322E30223E3C2F6F6D6764633A426F756E64733E0A20202020202020203C2F62706D6E64693A42504D4E4C6162656C3E0A2020202020203C2F62706D6E64693A42504D4E456467653E0A2020202020203C62706D6E64693A42504D4E456467652062706D6E456C656D656E743D22466C6F775F306A7976317A62222069643D2242504D4E456467655F466C6F775F306A7976317A62223E0A20202020202020203C6F6D6764693A776179706F696E7420783D22313436302E302220793D223333302E30223E3C2F6F6D6764693A776179706F696E743E0A20202020202020203C6F6D6764693A776179706F696E7420783D22313531352E302220793D223333302E30223E3C2F6F6D6764693A776179706F696E743E0A2020202020203C2F62706D6E64693A42504D4E456467653E0A2020202020203C62706D6E64693A42504D4E456467652062706D6E456C656D656E743D22466C6F775F30646936716136222069643D2242504D4E456467655F466C6F775F30646936716136223E0A20202020202020203C6F6D6764693A776179706F696E7420783D22313130302E302220793D223333302E30223E3C2F6F6D6764693A776179706F696E743E0A20202020202020203C6F6D6764693A776179706F696E7420783D22313139302E302220793D223333302E30223E3C2F6F6D6764693A776179706F696E743E0A20202020202020203C62706D6E64693A42504D4E4C6162656C3E0A202020202020202020203C6F6D6764633A426F756E6473206865696768743D2231342E30222077696474683D2232332E302220783D22313133342E302220793D223331322E30223E3C2F6F6D6764633A426F756E64733E0A20202020202020203C2F62706D6E64693A42504D4E4C6162656C3E0A2020202020203C2F62706D6E64693A42504D4E456467653E0A2020202020203C62706D6E64693A42504D4E456467652062706D6E456C656D656E743D22466C6F775F316B79686E6C7A222069643D2242504D4E456467655F466C6F775F316B79686E6C7A223E0A20202020202020203C6F6D6764693A776179706F696E7420783D223930352E302220793D223333302E30223E3C2F6F6D6764693A776179706F696E743E0A20202020202020203C6F6D6764693A776179706F696E7420783D22313030302E302220793D223333302E30223E3C2F6F6D6764693A776179706F696E743E0A2020202020203C2F62706D6E64693A42504D4E456467653E0A2020202020203C62706D6E64693A42504D4E456467652062706D6E456C656D656E743D22466C6F775F3175766A336473222069643D2242504D4E456467655F466C6F775F3175766A336473223E0A20202020202020203C6F6D6764693A776179706F696E7420783D223736302E302220793D223433302E30223E3C2F6F6D6764693A776179706F696E743E0A20202020202020203C6F6D6764693A776179706F696E7420783D223838302E302220793D223433302E30223E3C2F6F6D6764693A776179706F696E743E0A20202020202020203C6F6D6764693A776179706F696E7420783D223838302E302220793D223335352E30223E3C2F6F6D6764693A776179706F696E743E0A2020202020203C2F62706D6E64693A42504D4E456467653E0A2020202020203C62706D6E64693A42504D4E456467652062706D6E456C656D656E743D22466C6F775F31323465387A33222069643D2242504D4E456467655F466C6F775F31323465387A33223E0A20202020202020203C6F6D6764693A776179706F696E7420783D223736302E302220793D223230302E30223E3C2F6F6D6764693A776179706F696E743E0A20202020202020203C6F6D6764693A776179706F696E7420783D223838302E302220793D223230302E30223E3C2F6F6D6764693A776179706F696E743E0A20202020202020203C6F6D6764693A776179706F696E7420783D223838302E302220793D223330352E30223E3C2F6F6D6764693A776179706F696E743E0A2020202020203C2F62706D6E64693A42504D4E456467653E0A2020202020203C62706D6E64693A42504D4E456467652062706D6E456C656D656E743D22466C6F775F31797871626530222069643D2242504D4E456467655F466C6F775F31797871626530223E0A20202020202020203C6F6D6764693A776179706F696E7420783D223533302E302220793D223335352E30223E3C2F6F6D6764693A776179706F696E743E0A20202020202020203C6F6D6764693A776179706F696E7420783D223533302E302220793D223433302E30223E3C2F6F6D6764693A776179706F696E743E0A20202020202020203C6F6D6764693A776179706F696E7420783D223636302E302220793D223433302E30223E3C2F6F6D6764693A776179706F696E743E0A2020202020203C2F62706D6E64693A42504D4E456467653E0A2020202020203C62706D6E64693A42504D4E456467652062706D6E456C656D656E743D22466C6F775F307A7A30753967222069643D2242504D4E456467655F466C6F775F307A7A30753967223E0A20202020202020203C6F6D6764693A776179706F696E7420783D223533302E302220793D223330352E30223E3C2F6F6D6764693A776179706F696E743E0A20202020202020203C6F6D6764693A776179706F696E7420783D223533302E302220793D223230302E30223E3C2F6F6D6764693A776179706F696E743E0A20202020202020203C6F6D6764693A776179706F696E7420783D223636302E302220793D223230302E30223E3C2F6F6D6764693A776179706F696E743E0A2020202020203C2F62706D6E64693A42504D4E456467653E0A2020202020203C62706D6E64693A42504D4E456467652062706D6E456C656D656E743D22466C6F775F30323666766E71222069643D2242504D4E456467655F466C6F775F30323666766E71223E0A20202020202020203C6F6D6764693A776179706F696E7420783D223434302E302220793D223333302E30223E3C2F6F6D6764693A776179706F696E743E0A20202020202020203C6F6D6764693A776179706F696E7420783D223530352E302220793D223333302E30223E3C2F6F6D6764693A776179706F696E743E0A2020202020203C2F62706D6E64693A42504D4E456467653E0A2020202020203C62706D6E64693A42504D4E456467652062706D6E456C656D656E743D22466C6F775F30346B63616A63222069643D2242504D4E456467655F466C6F775F30346B63616A63223E0A20202020202020203C6F6D6764693A776179706F696E7420783D223238302E302220793D223333302E30223E3C2F6F6D6764693A776179706F696E743E0A20202020202020203C6F6D6764693A776179706F696E7420783D223334302E302220793D223333302E30223E3C2F6F6D6764693A776179706F696E743E0A2020202020203C2F62706D6E64693A42504D4E456467653E0A2020202020203C62706D6E64693A42504D4E456467652062706D6E456C656D656E743D22466C6F775F30306365786561222069643D2242504D4E456467655F466C6F775F30306365786561223E0A20202020202020203C6F6D6764693A776179706F696E7420783D223132382E302220793D223333302E30223E3C2F6F6D6764693A776179706F696E743E0A20202020202020203C6F6D6764693A776179706F696E7420783D223138302E302220793D223333302E30223E3C2F6F6D6764693A776179706F696E743E0A2020202020203C2F62706D6E64693A42504D4E456467653E0A202020203C2F62706D6E64693A42504D4E506C616E653E0A20203C2F62706D6E64693A42504D4E4469616772616D3E0A3C2F646566696E6974696F6E733E, 0);
INSERT INTO `ACT_GE_BYTEARRAY` VALUES ('4b724015-5e3c-11ec-8bee-f20bcee4e113', 1, 'flowContract.flowContract.png', '4b5dcdb3-5e3c-11ec-8bee-f20bcee4e113', 0x89504E470D0A1A0A0000000D4948445200000774000002260806000000AB78BB7100006ED44944415478DAECDD0B985565B93870342B352B2BAD4E595A596A76D28AFA5B995179CA4AD34C1B46B41043139199ADA2696A4896D784D91B35538FE5FD929713DE99BDB7808845A92964A5874C218EA061E2854A5BFFF52E664D9B61060698813D33BFDFF37C0FB3F75EB3F69E99976FBDDF7AD7F7AD4183000000000000000000000000000000000000000000000000000000000000000000000000000000000000000000000000000000000000000000000000000000000000000000000000000000000000000000000000000000000000000000000000000000000000000000000000000000000000000000000000000000000000000000000000000000000000000000000000000000000000000000000000000000000000000000000000000000000000000000000000000000000000000000000000000000000000000000000000000000000000000000000000000000000000000000000000000000000000000000000000000000000000000000000000000000000000000000000000000000000000000000000000000000000000000000000000000000000000000000000000000000000000000000000000000000000000000000000000000000000000000000000000000000000000000000000000000000000000000000000000000000000000000000000000000000000000000000000000000000000000000000000000000000000000000000000000000000000000000000000000000000000000000000000000000000000000000000000000000000000000000000000000000000000000000000000000000000000000000000000000000000000000000000000000000000000000000000000000000000000000000000000000000000000000000000000000000000000000000000000000000000000000000000000000000000000000000000000000000000000000000000000000000000000000000000000000000000000000000000000000000000000000000000000000000000000000000000000000000000000000000000000000000000000000000000000000000000000000000000000000000000000000000000000000000000000000000000000000000000000000000000000000000000000000000000000000000000000000000000000000000000000000000000000000000000000000000000000000000000000000000000000000000000000000000000000000000000000000000000000000000000000000000000000000000000000000000000000000000000000000000000000000000000000000000000000000000000A04E8D1B376EC3E609D59D0B932A3B76D6E2B5FDAFBDF6151DBFAF50AA1C30A6A5F2B955ED7F4C4BF9134D132BFFAFE3F347166F7D753C5F28963FD6D452DD35DAA1174CDEB4B9586E1E774975E3AEF67754B1BA4BF3A4D68F77F65AE1DCEAB647165BDF7F74A9BA7D6D8BE7D2F7DACE5F1B000000000000E8538E39EB8ED734172B8F3797CAA776D60AC5CADCE609D5CD63DBE652E5878562F5DAA662E5E1F47BAEFFF7D7E5EB9A5BCA133BDB7F53B17A5CA15419D5F1F9AC905CAC94D3D70F4BF7737473B17A4F1479D3E77EB3B2CF5B2895BFDDDC523DA2F3D72AA3D2CF588CCF129F2DDDD76F977D5D6949FF3DA6BBBF93F86C1D9F8BCFB6E273D5AD0EBDE0D7AF144500000000000040AF682BA256A3B0DA5CAC4E58AEB5948F696EA9DE39EADCEA6631D3B6B9A5727C53B13236DD7E7EFC1BC5DAF4EB27B3E74A95639B269677EBB8FFE662F9C2741FDFEDF8FC512D952FA5DF7B53A1589991FE3B3BDE27FDFA84F4EB479A5A2A57A4FFDE515B848D19BCD9BFC5F2C828EA8E1B77EDABD2ED3FDDD5CF159F370AB92BFBD98FBB60CAEBD3F779A0A9546DC89E48920DD2C7E7A5EDB1F4E7BFB579C2B4FF58F69E9531E9CFF1607CD67CB67253A9F285F8CC9DCD5E06000000000000E8117941F7C8E2B42D8F39FF8E37776C7941375E2F145B3FD554AC9C1C85DDDA963D57AA7CB26962EB5B3AEE3FDDF7F4A652F9AACEDEBB502CEFD55C2CFF315A53B17C62CCD28DC2721449A3A09B6F17EF9F3E7E28BEFE7741379BE13B3B8AB0F17C1478B3A59AE3711466D3CF13B375F3C7F173D6CEB28D6DD3F79B96EE23195D9AFAAEECB3B6548F481FDF9EED3BFDB90AA56A53DBBEE615CEB9FD8DE96B53C6B4543F30A665EA7B6326F111935ADF2482000000000000805E931774E3EB65B3552BB7448B19A9CB0A9BCB0ABAF1FA9896CA4762E66AA1A572686D8BE26BA134F53F3BEE3B0AB34DC5F27D51088D826BED6BE9FE1BB319BAA5CAA8F4FDBED2D4523D2D7BDC52B928EEAD1B337BDBB72D95BFD8D4523927BECE0BBA6D9FF767F92CDDB89F6F1459A3281C2D7D7E4E53B1B2A0E6F1AFD37FF78B6DC78DAB6E947EFD8B74FB8BD3B6307B936585DBFF8DA275F63EE9678A659B0BE7DCB349FAFEBF6B9BCDFB5856E42E567FD534B1F583A207000000000000E8551D0ABAEDB3620BC54A6BF65C4D41B7794275E7749B59D97D6A6B5BB1F29BC2A4CA8E1DF7DD5C2C1F9EBE3629965C8EC26FED6B51805DB69471E5D174BBE6980D7B54B1BA4BBABFA971DFDBA65279FF7FEFA772697BA1B5A6A07B544BEB67E2FEBD9DFD5C5D2EB9BCAC70FBD36C49E952759F424B79723C7D74A9BA7DFA3E7F6E7FCF96CA51E9F79F99FD2E4AE5EF3495AA372C9B515CB9290AC33103387E06F7D0050000000000007ACD7205DD52E5DEE649AD1FCF5AB1322B7BAEA6A07B54B1B2536C134B28175A2A3F8F7FA3C5B61D0BBACD13AA9B178A95B9474F2A6F1D5F37152B0FC7ECD6FCF5A326B5BE2FBBBF6EB1F2A3B86F6DA1583E3DB68DC26EFAF82F79A1B46D79E30762B6703CAE2DE8B63DBEAF6962EB473BFE5C5D1574E37BD3FD3DBBEC3EC195BBA3181DF7FE6D2BD6DEDCFEF9D3DF49FA337E7DB9EF2D56BFDF5C2A9F1AF7DC8D82777CFE6C596600000000000080DED0A1A0FBBF319B366BA5CA49D96CD6DA19BA2DE5230B2DD53D62066DA15839A1A9581E7DF879D3DFD054AC8C8DA593F37D46F1B5D052BE2C66E8E6CF3595AA07C652C5C79C75C76BDA9F5B76DFDC69B13C722C699CBD5FB17279DA9EC897348EA59663F9E39AEF59AEA09BDDD7B7A57245C79FABAB826E14886366EFB2D9BD953FC4CF1485E6A69629EF8C6275B6CC74A9FCC5FCEBFCFBB259B9C5EA2FE2334631BBED7EC26363F6AE28020000000000007AC5B84BAA1BC732C759A1B258DE2B7F3E66E3B6DD33F757875E3079D3C2B9D56D6326EE91C5EA564DC5CA6DA34B77BEADB9A5323E7D7D78A15839257DED7F9A4BD521479D3BF51D719FDDB83F6DECB3F6BDA2489C6E3BE3C862F93DC79E71F76BD3EF3F3EDDEEB74D2DD5F3D37FAF897DC4BE9A2656B68BFBD6165ACA5FCD8BAA8573CA6F8FCF9715788BE591B5FBEDB8EC71A1541D9C7E8661310BB7CB9F3BBB8F6E65497C8EF6EF2B564BCDC5F21F63D6EE91C5D6F7E7CF477179D9CF7EEBEBB2C7C5CAC9E9E3AB63D671FC1E4411000000000000D02B62F66D14323B3E1FF7978DE585F37BDF4681375A7C1D3353B37BE3A62DFDFA07516C3DB2386DCB6C96EBA4F2879B4AD543BA7ABF6CA66BBA4DCC822D942A856C66EEA06CF6EF31F15CBE5D56C04D5FCF1F8F3DB7FAD6749B71514C8DAF57F633C576F1D9A2B0BB26BF8F15F63761EA0E1D0BB7F1BBA82D06030000000000000000000000000000000000000000000000000000000000000000000000000000000000000000000000000000000000000000000000000000007562E8D0A189A6699AA6699AA6699AA6699AA6695A4F37675F01007AA8A0EBB70000000000F424E71D0100245600000000409D72DE110040620500000000D429E71D0100245600000000409D72DE110040620500000000D429E71D0100245600000000409D72DE110040620500000000D429E71D0100245600000000409D72DE110040620500000000D429E71D0100245600000000409D72DE110040620500000000D429E71D0100245600000000409D72DE110040620500000000D429E71D0100245600000000409D72DE110040620500000000D429E71D0100245600000000409D72DE110040620500000000D429E71D0100245600000000409D72DE110040620500000000D429E71D0100245600000000409D72DE110040620500000000D429E71D0100245600000000409D72DE110040620500000000D429E71D0100245600000000409D72DE110040620500000000D429E71D0100245600000000409D72DE110040620500000000D429E71D0100245600000000409D72DE110040620500000000D429E71D01002456000C4049926C3477EEDCEBEEBDF7DE97CBE5723265CA146D1DB7D6D6D664DAB4694FA5ED401109000074C57947000089150003501473A74F9F9E2C5CB830F9FBDFFFAEADA7B668D1A264EAD4A97F6B6D6DDD4F540200009D71DE1100406205C0001433731573EBA6A8FBF72953A63C2C2A010080CE38EF080020B10260008A65961553EBA74D9932E59FA2120000E88CF38E0000122B0006A0B887AB426A5D1574E511000040A79C770400905801300075B7A0FBDC330B92B9B32E49E6B48ECF5A7C1DCF29C22AE8020000EB86F38E0000122B0006A0EE1474972C9E9FCCBEE3A4E4B7B78C5DAEC573F19A42AC822E0000D0FB9C770400905801300075A7A0FBC49C5FAC50CCCDDBBC39931562157401008075C0794700008915000350770ABA0F57CFE8B2A01BAF29C42AE8020000BDCF794700008915000350770ABAB3A78CEBB2A01BAF29C42AE8020000BDCF79470000891500039082AE822E0000D03738EF080020B1026000EA4E41774EEBF82E0BBAF19A42AC822E0000D0FB9C770400905801300075A7A0FBC88C495D1674E3358558055D0000A0F739EF080020B1026000EA4E41F7E9F90F26B3EFFCDE8ACB2DA7CFC56B0AB10ABA000040EF73DE1100406205C000D49D826EB43FFDFAD2150ABAF19C22AC822E0000B06E38EF080020B1026000EA564177E9D2E4917BCE5F71B9E5F4B9784D215641170000E87DCE3B020048AC0018805655D05DB2787EF2C719A52EEFA11BAFC5368AB10ABA000040EF72DE1100406205C000D4654177E9D264C12395E4A1DB4FE8B2989BB7D826B6355B5741170000E83DCE3B020048AC0018803A2BE8AE6A56AED9BA0ABA0000C0BAE7BC230080C40A8001A8B3826E7766E5AE6CB6AEC2AC822E0000D0F39C77040090580130007556D05DD3626EDE146615740100809EE7BC230080C40A8001A8CB7BE86A0ABA0000405D71DE1100406205C000A4A0ABA00B0000F40DCE3B020048AC00188014741574010080BEC179470000891500039082AE822E0000D03738EF080020B102600052D055D0050000FA06E71D01002456000C400ABA0ABA000040DFE0BC230080C40A800148415741170000E81B9C770400905801300029E82AE80200007D83F38E0000122B000620055D055D0000A06F70DE1100406205C000A4A0ABA00B0000F40DCE3B020048AC00188014741574010080BEC179470000891500039082AE822E0000D03738EF080020B102600052D055D0050000FA06E71D01002456000C400ABA0ABA000040DFE0BC230080C40A807EA4B1B1714ADA765DD5760ABA0ABA000040DFE0BC230080C40A807E763C8A1685DD8686865DBADA4E415741170000E83BE33CBF050000891500FDE878D4A1DDD6D98C5D055D055D0000A0EF8CF3FC160000245600F4A3E35167ADE352CC0ABA0ABA000040DF19E7F92D000048AC00E847C7A355B4DB622966055D055D0000A0EF8CF3FC1600002456C000EBAF34ADDE0ABACF3CF34C72D96597252FBCF0C22AB77DFCF1C7930B2FBC3059B46851F6F8E9A79F4E9E7CF2C964E1C285C9FCF9F393254B96ACF03D3366CC485A5A5ABADCE7C30F3F9CDC78E38DD9D7F7DD775F326FDEBC64E9D2A5C92F7FF9CB6CDFBDFDF38BC9FEDF1C7D000070DE1100406205A0BF626505FB590D0D0D7B0E193264A3D8AEB70BBAE79F7F7ED67EFCE31FAFD0E2F9BCB87ADD75D7259FFEF4A793D7BEF6B5C9AB5EF5AA581A3A79FDEB5F9FBCF18D6F6C6F9B6DB65956BC7DF4D14793EBAFBF3E39F3CC33238693F3CE3B2FB9EAAAAB9261C386658FF3367AF4E864E6CC99D9BF4D4D4D59DB7EFBEDB3D7BEFDED6FB73F17AFDF73CF3DED9F77F3CD37CFBEDE7AEBAD931FFEF087D9D7F199AEBCF24A3374D1EF0200209F0400905801E8AFE899BFEFCA0AB9B9DE2EE87EF9CB5F4ED2F74C3EF399CF243BEDB453564CDD65975DB2C7F9F3B1DDAC59B392E6E6E6ECF54AA5925C7AE9A55971F7CE3BEFCC5A1456E3B5C58B1727B7DC724BF2CE77BE332BF2C6F7BFE10D6F4876D8618764FFFDF74F3EF5A94F25B7DE7A6BB6ED25975C92157A37D86083E490430EC9DADE7BEF9D6CB9E59649FABB687F6EC30D374C2EBFFCF264EAD4A9C9C1071F9C158EAFB9E69A64BBEDB64BCE3AEBACECF36DBAE9A6C90D37DC904C9F3E3D79F0C1071574D1EF0200209F0400905801E8AF58BBBF6F5B9BD9D8D8B84FC7426E6E5D2EB97CF3CD376785D63973E6ACF05A1473A3F03AA86D76EDEEBBEF9E3D8ED9B2D1A2C81ACF3FF5D453D9F631C3370AB9B124F2C61B6F9CDC74D34DC9A851A3923DF6D82339E28823920F7EF083D952C9CF3FFF7C72ECB1C76685DFCF7DEE73C9473FFAD16C3F9FFCE427B3C79FFDEC6793EF7CE73BD9F2CCB18FAF7DED6B59F136660E4741F7631FFB58368B379E3BF0C0039357BEF29549A95452D045BF0B00807C1200406205A0BF62ADFEBE9DCEC8EDA85E0ABAB367CF4EC68E1D9BBD1E336D6396ED4F7EF293E4E28B2F6E6F51488DFBD8C652CB1FFAD087924D36D924D979E79DDB0BB431E3375A147FA3889BEFFBB0C30E4BB6D9669BE4B8E38E4BBEF18D6F64DB47F1371EC7F3B1FC72BE6DBCE79BDEF4A6E491471EC90ABAEF7EF7BBB3C2781474E3FBA2586CC965F4BB0000C8270100245600FA2BD6897A29E846FBE217BF98BD1EB360DFF7BEF72D773FDCBC4D9830219B9D1B85D96F7EF39BEDED80030EC866E7468BD9B5316B77EEDCB9D97EA360FBF6B7BF3D19316244F2A52F7D29DB4FC47F3C7EDBDBDED65ED0BDFFFEFBDBEFC31BC5DC8E4B2E7FEB5BDF720F5DF4BB0000C8270100245600FA2BD69D7A29E8C68CDC8D36DA287B3DEE837BF2C92767C5CDA38F3E3ABB576E6B6B6B72DB6DB7258F3EFA68B6FD6EBBED96DD8B376F3123375F72F9C5175F4CDEFAD6B7B61763A360BBD5565B65FFEEBBEFBED97BC4F2C9B5CFC77623478ECC5E8BE2EDDD77DFDDE93D74631967055DF4BB0000C8270100245600FA2BD6897A29E8C652C971FFDA783D3E53DCB73666D54631379E8BC2EB965B6E99DC77DF7DD9F671FFDCBDF6DA2B5B36F9031FF840F2F5AF7FBDBDA01BAF7FF9CB5FCE66F1E605DD6DB7DD3619376E5C72C8218764FB8B42713C7ECF7BDED35ED0FDFDEF7F9F9C7DF6D9D992CBF1B8B382EEA9A79E9A9C74D2490ABAE8770100904F020048AC00F457F4BEDE2CE8DE75D75DD9BD6F7FF6B39F65ED98638EC98AA9710FDCFCB9B8676D7C866BAFBD362BF4C6EB3366CCC89E3BF7DC7393830E3A2879DDEB5E972DB31C4B29CF9B37AFBDA07BF9E597675FC76CDB868686ACA0BBEBAEBB66C5DB58B6F984134EC85E8F226E14693FFFF9CF67B379E33D62866F3C8EE76B9752CEEFA19B17740F3EF8E0AC889B17740B8542563C56D045BF0B00807C1200406205A0BFA2D7F56641378A9F1B6EB861763FDBAE5ABC7ED8618765DB2F5AB4282BB65E79E595D90CDB98B13B78F0E0E4D5AF7E75F6F5DE7BEF9D1575F3826E3CBFD9669B654B3547913566DA4691360AB0B1DD934F3E996D3B7DFAF4A452A9B47F1DEFF1A73FFDA9BD807ACF3DF7645FC7BF5140DE628B2DB219C29B6CB249B2C1061B248D8D8DD9FBECBEFBEEC9D65B6F9D7CF7BBDF55D045BF0B00807C1200406205A0BFA2F7F56641F785175E58E53D67E3F5E79F7F3EFB3A66DF6EBEF9E6C955575D958C1E3D3A193B76EC722D0AC4575C7145B6ED8E3BEE98CDF4AD56ABC9B061C392C30F3F3C9BA11B05DD55CD1A8E19B8BFFBDDEF56782D6613BFEB5DEFCAF675E2892726A79F7E7AFB3D7BE3BDA2C83C62C488E489279E50D045BF0B00807C1200406205A0BFA2F7ADCB7BE86A0ABAFA5DFD2E0000F2490000891580FE8AD5A0A0ABA08B7E170000F9240080C40A407F459D52D055D045BF0B00807C1200406205A0BFA24E29E82AE8A2DF0500403E090020B102D05F51A714741574D1EF0200209F0400905801E8AFA8530ABA0ABAE8770100904F020048AC00F457D429055D055DF4BB0000C8270100245600FA2BEA9482AE822EFA5D0000E4930000122B00FD15754A41574117FD2E0000F2490000891580FE8A3AA5A0ABA08B7E170000F9240080C40A407F459D52D055D045BF0B00807C1200406205A0BFA24E29E82AE8A2DF0500403E090020B102D05F51A714741574D1EF0200209F0400905801E8AFA8530ABA0ABAE8770100904F020048AC00F457D429055D055DF4BB0000C8270100245600FA2BEA9482AE822EFA5D0000E4930000122B00FD15754A41574117FD2E0000F2490000891580FE8A3AA5A0ABA08B7E170000F9240080C40A407F459D52D055D045BF0B00807C1200406205A0BFA24E29E82AE8A2DF0500403E090020B102D05F51A714741574D1EF0200209F0400905801E8AFA8530ABA0ABAE8770100904F020048AC00F457D429055D055DF4BB0000C8270100245600FA2BEA9482AE822EFA5D0000E4930000122B00FD15754A41574117FD2E0000F2490000891580FE8A3AA5A0ABA08B7E170000F9240080C40A407F459D2A97CB0AA9F5D35E9C3265CA3F45A57E170000E4930000122B00FD159969D3A62D58B870A1626A1DB4F9F3E75F3D65CA948745A57E170000E4930000122B00FD15994AA5B2F75D77DDF5CC934F3EF982A2EAFA9B991BC5DCD6D6D63FA76D3F51A9DF050000F9240080C40A407F45BBD6D6D63DA74C99322B96FB8D7BB86AEBBCC5EFFD61C55CFD2E0000C8270100245600FA2B00FD2E0000F2490000891580FE0A00FD2E0000F2490000891580FE0A40BF0B00807C1200008915A0BF0240BF0B00807C1200406205A0BF02D0EF0200807C1200406205E8AF00D0EF0200209F0400905801E8AF00F4BB0000209F0400905801E8AF00F4BB0000C8270100905801FA2B00F4BB0000C8270100245600FA2B00FD2E0000F2490000245680FE0A00FD2E0000F2490000891580FE0A40BF0B0000F2490000891580FE0A40BF0B00807C1200406225B102F45700E8770100904F020048AC00F45700FA5D0000E493000048AC00FD1500FA5D0000E4930000122B00FD15807E170000E4930000122B407FE5B700A0DF0500403E090020B102D05F01E877F5BB0000C8270100245600FA2B00FD2E0000F2490000245680FE0A00FD2E0000F2490000891580FE0A40BF0B00807CD26F0100406205E8AF00D0EF0200209F0400905801E8AF00F4BB0000209F0400905801E8AF00F4BB0000C8270100905801FA2B00F4BB0000C8270100245600FA2B00FD2E0000F2490000245680FE0A00FD2E0000F2490000891580FE0A40BF0B0000F2490000891580FE0A40BF0B00807C1200406205A0BF0240BF0B00807C1200406205A0BF02D0EF0200209F0400406205E8AF00D0EF0200209F0400905801E8AF00F4BB0000209F0400905801FA2B00F4BB0000C8270100245600FA2B00FD2E0000C8270100245600FA2B00FD2E0000F2490000245680FE0A00FD2E0000F2490000891580FE0A40BF0B00807C1200806E25519323915A459BE53705180802A0DF0500403E0900B0EE93A8C169FBE7CA0ABA0D0D0D7BFA4D01068200E8770100904F0200AC9F44EAB6951474670E19326423BF25C0401000FD2E0000F2490080F593480DEEAAA0DBD8D8B88FDF10602008807E170000F92400C0FA4DA63ABB97EE2CB37301034100F4BB0000C8270100D67F32B5C2BD74DD3B1730100440BF0B00807C1200A04E343434DC68762E602008807E170000F92400401D6A6868D8A5E6DEB97BF88D00068200E8770100904F0200D4575295DD4BD7EC5CC0401000FD2E0000F2490080FA4BAA064BAC00034100F4BB0000C82701807E2749928DE6CE9D7BDDBDF7DEFB72B95C4EA64C99D2275B24567DF5B3B7B6B626D3A64D7B2A6D078ABF299AF833100440BF8B7C523E89B817F7E25413A7F249F46B9A7E0D201707A1E9D3A7270B172E4CFEFEF7BF6BEBA92D5AB428993A75EADFD283D27EE24F137F068200E877914FCA2711F7E25E9C6AE2543E897E4DD3AF0164E28A2207A1BA3918FD7DCA94290F8B3F4DFC190802A0DF453E299F44DC8B7B71AA8953F924FA354DBF069089E5211C04EAA7A507A27F8A3F4DFC190802A0DF453E299F44DC8B7B71AA8953F924FA354DBF069089B5E71D00EAEA4094883F4DFC190802A0DF453E299F44DC8B7B71AA8953F924FA354DBF06B05A07A2E79E5990CC9D754932A7757CD6E2EB78CEC1C38148FC893F0C0401EAA88F9D1CFDEC2ADA2CBF29F9A47C523E29EE35712F4EC529C6F1E8D7F46B00FDEA40B464F1FC64F61D2725BFBD65EC722D9E8BD71C401C88C49FF8C34010A04EFAD8C169FBE7CA0ABA0D0D0D7BFA4DC927E593F249712F5EC5BD3815A718C7A35FD3AF01F4AB03D113737EB1C241286FF3E64C76007120127FE20F0341807AEA676F5B494177E690214336F25B924FCA27E593E25EBC8A7B712A4E318E47BFA65F03E85707A287AB677479208AD71C401C88C49FF8C34010A08EFAD9C15D15741B1B1BF7F11B924FCA27E593E25EDC8B7B712A4E318E47BFA65F03E87707A2D953C67579208AD71C401C88C49FF8C34010A0CEFADACEEEA53BCBEC5CF9A47C523E29EEC5BDB817A7E214E378F46BFA35000722CD8148FC893F0C0401D67F5FBBC2BD74DD3B573E299F944F8A7B712FEEC5A938C5381EFD9A7E0DA0DF1E88E6B48EEFF24014AF39803810893FF187812040BD696868B8D1EC5CF9A47C523E29EEC5BDB817A79A38358E47BFA65F03181007A247664CEAF24014AF39803810893FF187812040BD696868D8A5E6DEB97BF88DC827E593F249712FEEC5BD3815A718C7A35FD3AF01F4DB03D1D3F31F4C66DFF9BD159789489F8BD71C401C88C49FF8C34010A04EFBDCEC5EBA66E7CA27E593F249712FEEC5BD3815A718C7A35FD3AF01F4EB0351B43FFDFAD2150E44F19C83870391F8137F180802D4719F3B78DF7DF7D5EFCA27E593F249712FEEC5BD3815A718C7A35FD3AF01F4F303D1D2A5C923F79CBFE23211E973F19A03880391F8137F74DBEE6D03414B7F02ACA37E376DFA5DF9A47C523E29EEC5BDB817A7E214E378F46BFA3580FE7B205AB2787EF2C719A52ED7FE8FD7621B07110722F127FE58A5C1695B9CB652DBBF7BFA9500E877914FCA2711F7E25E9C8A53712A9F44BFA6E9D700D6EC40B47469B2E0914AF2D0ED27747910CA5B6C13DBBACAC88148FC893FBA1433C416A56D78CDE3180CBAC21740BF8B7C523E89B817F7E2549C8A53F924FA354DBF06B07A07A2555D4DE42A230722F127FE582D7B0CEAFC4ADE7C70E80A5F00FD2EF249F924E25EDC8B53712A4EE593E8D734FD1A40F70F44DDB99A6865571939A03810893FF147BB7C79A63D56739008807E17F9A47C12712FEEC5A93815A7F249F46B9A7E0DA0F303D19A1E84F2E680E24024FEC41F992183965DB97BE02AB6331804D0EF229F944F22EEC5BD3815A7E2543E897E4DD3AF0174FF40A43910893FF1C75ACBEFADB34F37B7CF0783EEC503A0DF453E299F44DC8B7B71AA8953F924FA354DBFD6670D1F3E7CF3A14387EE97B652DA66A66D41DA929A168F673634345CD8D8D87860DAB6F05B1B80E6CD9BB7D38D37DE38F1DC73CF9D7DE289272E193D7AF4CBC3860D6B0F94912347FEE3E8A38F7EFA94534E9976F6D9677F3B0DAC8D1D881C001C88C49F2611EA41BB0C5AB37BEAC4E07189C120807E17F9A47C72ED8C1B376EC3E609D59D0B932A3B76D6E2B5FDAFBDF6151DBFAF50AA1C30A6A5F23971AF19478953712A9FACB77CB2B78F6D635ACA9F689A58F97F1D9F3FB278EBABE3F942B1FCB1A696EAAED10EBD60F2A6CDC572F3B84BAA5D9E576F2E55871C5DAA6EDFD96B8573ABDB1E596C7D7FBC5EDBE2B9F4BDB6D3AF697DAD5FEBEFB9E7EA686868D873E8D0A1931B1B1B5FEA50C05D654BBF674ADAF6193264C8460E4BFD5892241BCD9C39F3D862B1B860E4C891C969A79D96DC70C30DC9030F3C90CC9F3F3F79E9A59792DCD34F3F9D3CF8E083C94D37DD944C9A3429193E7CF84B63C78EBD67C488113B49B0350722F127FE584B4306756F79A6AE58B60940BF8B7C523EB9968E39EB8ED734172B8F3797CAA776D60AC5CADCE609D5CD979D70AEFCB050AC5EDB54AC3C9C7ECFF5FFFEBA7C5D734B79A2B8D78CA3C4A938954FD6433ED9DBC7B6A662F5B842A932AAE3F359A1AA5829A7AF1F96EEE7E8E662F59E28F2A6CFFD66659FB7B9A532BEB954ED74B673BC4FFA198BF159E2B3A5FBFAEDB2AF2B2DE9BFC774F777129FADE373F1D9567CAEBAD5A117FCFA95FA35FD9ADCB3F70C1D3A74706363E3BDAB5BC4EDA2CD4AF7E5C2EBFE68EAD4A923264C98B064D4A851C975D75D972C58B020591D8B172FCEFEF31F71C411FF1C3366CC8C3458B691606B0E44E24FFCB11683B8952DCF94D4B4AEECAEB800A0DF453E299F5C736D279AAB71F2B9B9589DB05C6B291FD3DC52BD73D4B9D5CD623652734BE5F8A662656CBAFDFCF8374E68A75F3F993D57AA1CDB34B1BC9BB8D78CA3C4A9381DD0F96477F47A3ED9DBC7B6E662F9C2741FDFEDF8FC512D952FA5DF7B53A1589991FE3B3BDE27FDFA84F4EB479A5A2A57A4FFDE91BDFF84EA36B16DA158DD3D5AF65AFA39F2C7F1DAE8D2D47775DC7F7CDE28E4AEEC673FEE8229AF4FDFE781A652B56159869F6C903E3E2F6D8FA53FFFADCD13A6FD473C9DFE7C63D29FE3C1F8ACF96CC8A652E50BF1993B9B1DA95FD3AFC93DD75ECCA66D6C6C3CADB319B9C71D775C56B39B316346F2F8E38F272FBEF8625693FBC73FFE913DBEF7DE7BB38999279D74525785DDD2405F61B7DF8859B9D75C73CD4323468C48AEBAEAAAF6605853318B3766ED1E74D041FF3CE490438E93606B126CF127FE580DBB0EEADEBD73BA5358C807836BB2DC13807E57BFAB60A029E8B69D543BB2386DCB63CEBFE3CD1D5B7E522D5E2F145B3FD554AC9C1C27D76A5BF65CA9F2C9A689AD6F11F79A71943815A7033A9FECAE5ECD277BFBD896EE7B7A53A97C5567EF5D2896F76A2E96FF18ADA9583E3166E946E12A8AA451D08D6D961566ABDF4FF77F52B442B132277DEDEE7F3FAE7E3F966E1E37EEDA57654B3527C906596136FD3C315B377F1C3F67ED2CDBD8367DBF69E9BE92BC209CFEAC47A48F6FCF660F47D1B8546D6ADBD7BCC239B7BF317D6DCA9896EA07C6B44C7D6FCC243E6252EB9BF46BFA35B967CF1B366CD8561D67E51E74D041C925975CB2DA132F1F7BECB1E4A28B2E8A15753B16751F8AF771C8EAC3D260D8A6542A2D6C6E6ECEFED03D29F65728145E1C3972E4E503A1FAEF40E44024FE3403BC1E1904C6A06DBF6E6CDBDDC2C2A041FFBE52D8122300FA5DE493F2C93538A9D67682FA81A652E59668316B67D9C9DF6527D5969D80AE7C2466F7145A2A87D6B638415D284DFD4F71AF19478953713AE0F3C9D5D16BF9646F1EDBA230DB542CDF1785D028B8D6BE96EEBF319BA15BAA8C4ADFEF2B4D2DD5D3B2C72D958BA2401B337B3BFBBCF1B96246EFB871D5E5EE8519F70B8D226B1485A345E1B7A9585950F3F8D7E9BFD9DF25BE37FDFA17E9F617A76DE1B2EC3E2BDCFE6F14C5E2617CA658B2B670CE3D9B3497CABF6B9BCDFB5856442B567FD534B1F583FA35FD9ADCB3E73536366E7FC00107FCA5B6F81AB7425DB870E15AD5E7E296A9E3C78FEF58D47D62A0ADACDB6F44313796588E69D8B15C726F88D9BE3FF8C10F9E3FE490436EEBEF376076207220127F9A01DE5AC99755EAEE2070750A0BF9FE97282E00E877914FCA27D7F8A4DA1DF9F38562A5357BAEE6A45AF384EACEE936B3B27BF9D5B662E5378549951DC5BD661C254EC5E980CF27D764FF3D9E4FF6E6B1ADB9583E3C7D6D522CB91C85A5DAD7A200BB6C29E3CAA3E976CD311BF6A8627597747F53E37E9F4DA5F2FE1DF777F4A4F2D651884D3FDB99E93607ADECE7EA72C9E56585DB9F664BD696AAFB145ACA93B37D97AADBA79FE5CFED9FBDA57254BC4FF6BB2895BFD354AADEB06C4671E5A6280CC78CC7F819DC4357BF26F7EC393163B6B6981BB372EFBAEBAE6C15DC9E327DFAF46CBF8ABA7D582CB31C3373A398BBB64B2C776709E6534F3DF5D934682E92606B126CF127FEE844BE3CD3EA2CA7B4BA85857C3068195000FD2EF249F9E49A9C542B55EE6D9ED4FAF1AC152BB33A9E543BAA58D929B68965260B2D959FC7BFD1625B055DCD384A9C8AD37E9D4F6E90B66FB6FDBB363ADB4F8FE793BD756C6B9E50DDBC50ACCCCD8AB0E9D74DC5CAC331BB357FFDA849ADEFCBEEAF5BACFC28EE5B5B28964F8F6DA3B09B3EFE4B6785D2F4F92BD3F7FD7A2C2F1BB3643BCED2ADD55541B7502A7F3BDDCFB3CBEE435AB93B8A5D716FD1B662EDCD35EF558DF75AEE7BB3A59FCBA7C63D77A3A0169F3F5B9659BFA65F937BAEB5B67BE6B62FB33C6CD8B0E4F7BFFF7DAFD4E8E21EBB1D96607E68FFFDF7DFCCA1AC8F887BE6C632CBCF3EFB6CB22E44D178CC9831CFA64179AC045B93608B3FF1478741E09A2CCFB4268585B0C71A143100F4BBFA5DF9A4A6A05BAAFC6FCC38CA5AA9725236E3A77696444BF9C8424B758F98655428564E682A96471F7EDEF43734152B6363794971AF1947895371DA2FF3C928BE5EDC96235E3C68CD8BBA2BDB4F8FE693BD716C8BA5600B2DE5CB62866EFE5C53A97A6014618F39EB8ED7B43FB7ECBEB9D36279E458D2387BBF62E5F2B43DD17149E398C59B3E7F75FE387DBF42CC9AEDB89473AEAB826EDCFFF6A896D6CF444BF7F787F899A2D0DCD432E59D510CCB96B12D95BF987FFDEFF7AFEE17B383E33346B1ACED7EA56363F6AE7E4DBF26F75C7B8D8D8DA7D5CECCEDAD626E6D51378AC63545DD92C3591F306DDAB49123468CE8F17BE676E79EBA69C0BCB8FFFEFB6F2BC1D624D8E24FFC5133285B93E599D6B4B010F265A12C030AE877F5BBC827E5932B31EE92EAC6B114647632B758DE2B7F3E6644B4DDB7EC57875E3079D3C2B9D56D6336C491C5EA564DC5CA6DA34B77BEADB9A5323E7D7D78A15839257DED7F9A4BD521E25E338E12A7E2B4DFE593DFEC9027AE4951B7B6989BB76FF4563ED9D3C7B6A3CE9DFA8EB88F67DC9F36F659FB5E51844AB79D7164B1FC9E63CFB8FBB5E9F71F9F6EF7DBA696EAF9E9BFD7C43E625F4D132BDBC57D6B0B2DE5AF364F98BA4373B17C63DC3734BE67B9FD152BFBA6ED97519CAD7DBE50AA0E4E3FC3B09885DBE5CF9DDD47B7B2A4769F8562B594BED71F63D6EE91C5D6F7E7CF477179D9CF7EEBEBB2C7C5CAC9515C8E59C7F17BD0AFE9D7E49E6B67E8D0A1831B1B1B5FCA8BABB1CCF2BA10CB2FD7DE5337FD0CC6E8F52C965AFED18F7EF4DC55575D95AC0F37DC70C333C3860DBB4182AD49B0C59FF81BF086ACE5606C6D0A0BF960D032A0807E57BF8B7C523EB9123103224EF6767C3EEEC1174B30E6F7078C936CD1DA4EFA8ECDEE1F98B6F4EB1F14CE29BF3D968A8C9940E25E338E12A7E2B4DFE5939D156357A7A8DBD9F75FD4C5F7F7483ED9D3C7B6E649E50F3795AA8774F57ED94CD7749B98051BB36CB399B983B2D985C7C473F976B1CF6C16EEC4F26E51B8ED727F13A6EE907EFEDD977BAEA53C2E3E5B1476D7E4F7D1D97B742CDCC6EFA2638159BFA65F937BAE99DAA5964F3BEDB41EBD67EEAA8C1F3FBEB6A83B2B967E966DD5A99933671E3B6AD4A85EBF6FEECAEEA73B62C488270F38E0809D25D89A045BFC89BF016B97B641E03E6BB18FB52D2C0C1A64195040BFABDF453E299F14F7E24DDC8B534D9CAE6D3EB9A645DDD529E6CA27F56B9A7EAD5F686868D8B376A9E5850B17AED31ADDD34F3FBDDCFD741B1B1BF7F157A953E79C73CE82EBAEBB2E599F264F9EFC441A28973910690E44E24FFC0D48F93249C3D7723F3D5158A8FD3C0683807E57BFEBC49A3C4E3E29EE35712F4E3571BA66F9E4EA1675D7A4982B9FD4AF69FAB53E6FE8D0A193F362EA25975CB25E6A74975F7E796D41778ABF4A1D9A376FDE4E23478E4C162C58B05E0BBA8B172F4E0E38E080BF0E1F3E7C630722CD8148FC89BF0165480F0EBA7AAAB010E20ADF4583DCDB11D0EFEA779D58D3FA483E696934716F1C254E35715A87F964778BBA6B53CC954FEAD73479679F357CF8F0CD6BEF9DBBBE6A75312B78D8B061B545DD2DFC75EACC8D37DE38F1CC33CF4CEAC1F1C71F3F2BA696F785DF5B5CA190B65D1D8824D8E24F33C0EB7E4C7662F0A0B55FEEB3B70A0BF9607089C120D08FE877914FF6C37C321D4EBF75DEBC793367CC98919C78E289473BC126EE8DA3C4A9264EEB6C1CBFAAA26E4F1473E593FA354DDED927E37FE8D0A1FBE545D4E38E3B6EBDD6E84E3AE9A4DA82EE81FE8275A6582CCEB9E1861BEAA2A0FBD39FFEF4A134504A7DE1F7563BF5BCA1A16117072209B6F8D306F28988EEC6642783AC9E58EEB3370B0BC1B24D407FA1DF453ED90FF3C9C71F7FFCA4175F7CF19FF9B87AE9D2A5FFB8FAEAAB1F39E288237614E9E2DE384A9C6AE2B48EC6F15D1575371CD473C55CF9A47E4D9377F6B9F88F9A58BEDDFABE356AD40AF3CF927EDE0BFD05EBCC89279EB8E481071EA88B82EE7DF7DDF7481A2833FBD27FC49A765B67575A381049B0C59F36900ABAAB8AC94E06573D7DC56C6F1416F241EB228341A00FD3EF229FEC67F9E473CF3DB7D3934F3EF95857E3EB3FFDE94F2F9E7EFAE93FEE6FB73512F7C651E2549C8AD33E3D8EEFACA8FB87413D5BCC954FEAD73479679F8AFFA889E5AFC7CCE7F5E9DE7BEFADFDAC33FD05EBCCE8D1A35F5EDFF7CFCD3DF5D453CFA541B2A08FFE476CBFD2A2F63FA40391045BFC6903B4A0DB694CB619DC8B83AADE2A2CE4834157F8027D917E17F9643FCA27531B3FF1C41397BDFCF2CBFF5AD518FB5FFFFAD7CBB7DF7EFB538542612F512FEE8DA3C4A9264EEB641CDF5951B7A78BB9F249FD9A26EFEC33F11F35B1FCF9C71F7F7CBDD6E8E6CF9F5FFB3917F80BD699B8C9F14B2FBD94D48B0894BEFC1FB1F64A8B9842EF4024C1167FDA402EE8768CC941CBAEE88D41E0F06E1607D657EB4A6FCD7003E82DFA5DE493FDA8FDEA57BF4A9E79E699BFADEE387BF1E2C54BCF3FFFFC726363E316E25EDC1B4789534D9CF6C2387E75C532CB1D67E6FEA1EDF9DEC887E593FA354DDE59B7F15FFBF81FFFF8C77AADCFC5FBD77E1E7FC13A0CA87AD28D00EF536D7D1F88E6CC99935C76D965C9DCB973D77A5F4B972EEDF307A2FE165FBD197F8B162D4A1E7EF8E1E4B9E79ECBFEFDEB5FFFDAE5B68F3EFA68F2F39FFF3C79F2C92757BACFB8C2E8C20B2FCCF61D8F9F7EFAE9EC7B162E5C985DFDB364C992F66D6FB9E596E4FEFBEFCFBE8EF77EF1C517B3188CF6C20B2F24CF3FFFFC0AFBE8ACFDED6F7FEBF4B3C4F2152D2D2D5D7ED6F8996FBCF1C6ECEBFBEEBB2F99376F5EF6DEBFFCE52F57F9738ABFCEDBBEFBEE9B0FD2CE5FC5A1A99E0B0BE1ACB66D36974500756EF3FED2EF0EF463E8401DCFFCE637BFC972B075917BAECF1CB1BB2D3E73B1588C9364C91A9C58CBBE574CD747DCC7383DC637B5CF45AC3EF8E083EB74CCD517E2DE386AE56D20C5E91FFEF087E49A6BAE89653D3BDD67AC3E78E69967264F3CF144FB73175D745116B3CE37AD9371FCEA58D90CDD8B07F5EC0C5DF9A4E3EF722DCE73B6B6B6B63F8EFE268E83F979C6DA16FD476F9E0F97776A9DB57AABD139AD5267EA6C86EE927E304377564343C39E43860CD928B65B9F274022F97EF39BDF9C6CB8E186C9073EF081E42F7FF9CB0A07A557BEF295C9269B6C926CBAE9A62BB4787EA38D36CAD64D8FED6FBEF9E6E415AF7845F2EA57BF7A8516FB79E6996796DBFFA1871E9ABCE31DEF48B6DE7AEBE46D6F7B5B326DDA34574CF6A1F83BE79C73B2D879E49147B2A4FAFAEBAFEF74BB1878EDBAEBAEC9061B6C909C7DF6D9D980296F79D21383BAF8FE185CC5BECE3BEFBCE4AAABAE4AA2FFA94DDC478F1E9D6DFFDBDFFE368BBDB7BFFDEDD9F746FC744CF2635FB1EDF0E1C3577A82F88C33CEC8B69B397366B6FFA6A6A6AC6DBFFDF6D9EBDFFEF6B7DB9F8BD7EFB9E79E6CFBF3CF3F3FD97CF3CDB3AF23867FF8C31F665FBFEA55AF4AAEBCF24A5796AF614C0EEADE7247668A01F41CFD2E753B9E8913F7AF79CD6B92D7BFFEF5597BDDEB5EB7DCEB6F79CB5B92D34E3BAD5773CF7AC81157A7DD74D34D31CEBA39FD3C0BFEF5AF7F756B209F8ED3AE3CECB0C3AAE9DFF5C6F4EFBB8DB85FBF71FFD4534F255B6EB965F2A94F7D6AB9C2538CC17FFCE31FAF9331575F8B7B337407669CD6EEFB8F7FFC63FB79811D77DC312BDE767CFF51A34665AF7FE10B5F48BEF295AF64F11C8F77DA69A764BFFDF6CB0A9393264D12A7BD378E5F9B62EE1F7AB9A82B9FD4AFB5B7B83024E22C8E6DF9F9CF787CDB6DB72DB75D144C37DE78E364DCB871D9E34F7FFAD3C92EBBEC92B50F7FF8C3EDCF1F73CC31D971F4FDEF7F7FF2AE77BD2BD961871DB29C36CF6FA345BE1BC75479A7F8EF2AFE6B9F8F8BA9CCD0A54B871F7EF8DFEBE51EBA694739BB0FDF43B763B233685D1D883AB698BD78C30D3724EF7CE73BB383CCEF7FFFFB64B7DD764BDEF39EF764574AC69548B1DDECD9B3B383C671C71D979C7CF2C9C9F7BEF7BDF6168FBFF39DEF64AFE75733FEDFFFFD5F522814923163C62CD73EFEF18F6707A08E9F230E2CA79E7A6AF2CD6F7E33DBCFBA38D00CE0826E8FC45F1C3022B988936B3FF9C94FB2627D0CDEE2EF17FB8A8B02E24281FC8AB61878C5E0285E8F04E56B5FFB5AB2C71E7B6403B8ADB6DA2ABB922C9F6D1BF1F8C637BE31F9CC673E93BCE10D6FC8129CFDF7DF3F1B20DE7AEBADD93E2EB9E492EC6ADB4F7CE21359CC36363626DB6CB34D327EFCF8E4FBDFFF7EB64D147063F01703C1D8F7B7BEF5ADF66D3AB6B828210692B15D7CD6F85C871C7248D6F6DE7BEF6C809AFEDEDA9F8B02F6E5975F9E4C9D3A3539F8E08393CD36DB2C4BF4B6DB6EBBE4ACB3CE6A1FC0C6FFAFE9D3A7AFF4CA6405DDCE63B2C360AAAFDDCB31EE6BB164907BEF007D8F7E97BA1CCF44C12062A7B9B9393B791517F4C58C89C81DA34541F7B0C30ECBF2D3DECA3DEB21475C937C32CD93F739E594539E58BC78F1C295DCC76CF605175C7061FAB77D24B617F5F5338EFFDDEF7E977CE94B5FCAE2290A60E9FB677116E3EAF83AC643E25E4177A0C7697E8E222617BCFBDDEFCECE6F459CC576710E20CE31E52B7245D1F84D6F7A5376CE2A3EE35E7BED951550E2F3478BC909C71F7F7C3279F26471BA7EC7F19D1573E39EB91B76F27C4F1575E593FAB5F6167D481CC3A21F1A3C787056CC8DE35FF429F17C5C3C926F7BE4914766C5D498A014334EE33C639C33FFFAD7BF9EC5E811471C916D57A954B2E3661471D3BC2BD979E79DB39F31FAB5F7BEF7BDD90CDCD83E962F96778AFFAEE2BFF61EBA8F3DF6987BE8D2B5638F3DF6FF1E78E081BA28E8A689E05D6990CCEC63FF11674627D545B2B3CE0BBAA552294B96E34011C5B8F88C071E786072C00107649D7D3CBFC5165B64C5B1BCA09BC640563C8B643A6FF1F8A8A38E6A2FE8C63238D1994C9C3831F9D18F7E944C9830A1BD7DE8431F4AF6DC73CF6CD987CE967B886D623F279D7492826E9DC75F5C351BF1F3831FFC205BFEA86341370AF4F17ABE24730CD04E3CF1C4E4AEBBEECA064F71855A24229FFBDCE7DA974ECA5B5CC51B83B58893B8C22DAEF28A2B68631F91047DF0831FCCDE3F622FBE3F6677C7F7C495B45FFEF297B341632453F98CDC7CFF51D08DD72291E9D822E1894166245FB1744AC47AC477ECFFA31FFD68B69F4F7EF293D9E3CF7EF6B3D9450CB1D44A7CB61880C6FF9948BC2269FAD8C73E965D2917CFC5FFA998951EFFDF9C8858BD98ACB147DBA0AAA7AF90EDADC2C290B43D91B603650E401FA5DFA5EEC6337941376653454E1805DDC80BE30458CC7288D7E2A458CCD2EDADDCB31E72C435CD27D3DFD366C3860D6BB9FEFAEB17BEFCF2CB2FD40CAD5F7CF4D1477F9CBE36BBA1A161429A3FBB4D441DC57DC466ACA015CB2CC6C5D8CF3EFB6C168771C23666E2C4D7F15CBC26EE077C417740C769BC4F7E7E2B8AC423478ECC66B1C56A70F1FDF9F363C78ECDF61B9F27FE3DF7DC73B3E24CACF815C594ABAFBE3A2B7A745C3E5A9CAEF3717C57C5DC0D56F2FADA1675E593FAB5E5DA75D75D97C5564C788A8B45F2F6D39FFE347BFE8E3BEEC8B6BBF4D24BB3C2EB17BFF8C5AC501B85DCB87825FAAF78FCDAD7BE36BB4025B68D152BA3BF8A3E2FCE8BC73132CEBDC7E398681213AC62DFB366CD92778AFF2EE33F5ECBB78B63EFFA14ABB5D67E667FC13A337EFCF83BA3F0510FCE39E79CC9699094FAC87FC4955DB5B6CE0E441D5B2C1FF35FFFF55F59412E66CEC65594798BC771355124C971454F5ED08D4E228A77B1346DDE62D99B38D00C6A2BE846623EA81BCBE5C541A9E367DA7DF7DDB3D7E2C0A3A05BFFF11745D318B87556D08D84232E0E88ED62F0157112B326F2136E31688A0159B428CCC6602B962C8919B551F88F44264ECAE5C94A5CD51B2D068579EC44DC45E21257D8BEF5AD6FCD12A398B111B375E38ADF282AC7F7C709C0D83EDE23961A8918FFFCE73F9FC577B44882E28ABBD8B65AAD66DBC6678DCF18B3D2BFF18D6F64AFC5C0311EC7F3B1AFFCF710339463201A4B4E47ECC615C17120CB2F8CC8AFC4732262F562B283DE58F6A8370A0B3DB9BC14C0FAA4DFA5AEC6337941376652E505DD7CC5A15852335E8B0B4A7B33F7AC871C716DF3C9F4FD07170A8507E7CE9D3B3FFDDD4D3DE18413AE693B293458A4D75FDCC7EC9F8F7CE42359412A4E0CC7B8E7BFFFFBBFB3381E316244F675C459C4B2B81FB0055D719A7E86CB2EBB2C1BE3C7F9AB384711E703F2168F4F3FFDF4649F7DF6C9260FE43379E33C40EC33DEF3DA6BAF6D9F351CE7C3E2715EF415A7EB7C1CBFAA62EECAB65BD3A2AE7C52BFD66541375620F8F39FFFDCDE62F6ECA09A826E14506376EEA0B665DE63166E2CFB1EB3670F3FFCF0EC1C647EFCCBCF53468BE26D14696339E6EF7EF7BBD9D7318376505B4157DE29FE57B24D292FA2C604A5F5296A85F967493FF785FE8275E68C33CE38F8ECB3CFFE573D1474D30E6D7204777FFAFDAE8F25971F7FFCF1ECCAA2589EA1638BE7A34017573BD6167423A18E03C4FBDEF7BEEC0AA23800D516741F7AE8A1EC6016CBA1DD79E79DED572EC5958FBFF8C52FB2443C96C4897D761C04C4C12E12FED83EBE5741B7BEE32FEE671357A14561BFB6A01B0793B8F2EBE28B2FCEB68BA58DE2EF1E83BC888BF4009EDDA72666FCC7D56171155914546369A51800469212CB6FE72D0AC379F135622B067A6932900DDA22498A7B43C4202F929918D8454137DE2F5F7A392FE846521303B9585A2912A0487C62D66EECE3A0830ECA0675F9CF16AFC555BA118FB1EC52EC270E4EF138B6CF93A6FBEFBFBFFD1E3E9130755CD624F62FFEEAB6B8D0D38505834040BFABDF1DD0D6454137F2B29801911774A330107967E4827941B7B772CF7AC8117B229F8C134469BEDC1C9F3BFE5DCD93F3ACE371FC5FFFFAD76CE64D9C988DA56063FC157115711F2DC6D0F1B714F7C65103394EE3764C31EBED673FFB59972DF617E79D4E39E594ECB3C5EA5E3133EECD6F7E73766E2BFE8DF78E2552E36788654DC5E93ACF27BB5BCC5DD9F6AB5BD4954FEAD73A6D575C71C54A272AD59E438C156222178DE3604C3C890B4862566EE4AFB1F240BC1ECBB8471F14C5DBB8002696A18F73EC9DED3B5E9377D295F477B95F5E448DE2FEFA14174AE59F25FDFB5AE1A0DE0C1F3E7CE3B4C3F8C7D34F3FBD5E0325ED0CE3FEB98BE2F33810AD5D8BAB86F2243BBF22325ACC628CE7630DFEDA7BE846413796C38942597E15D2B6DB6EBB5C41379E8FFB8DC4E358D22112F1F83A92EFB82A29AE5A8AA5753A7E9648CCE3E017F7DF8D034F2C8D1B830205DDFA8DBFB82020FEB631D0A92DE846271E8FE36F996F1BCB1FC712799180C47D6F62BB98219E9F948B826ABE6D5C211BF7BCC95B5C759B2FAB1457D3C66CDC484C226189415F5C2CF0D5AF7E355BCA24DE270ABA71555C149A07B5157423118BCF19AFD5B658A66F50DB95BEF17A5C3D9C274DB16453FCBBEFBEFBB6C773EDF3B15D2CE514AF458274F7DD77777A9F8AB82842FCF5F860B027065B3D595888CFD51BCB9302E877F5BBC6333505DD58052666E9464137C632317E885563E2C2BEBCA0DB5BB9673DE4883D994F3AA1D637C6F18F3EFA6872F2C92767AB11C5E3FCFEA473E6CCC92E9E8EE7E2E4B1B8378E1AC871DAF6775F658B1977F17D31C32E96518D254F63C9D2B8D76EBC5F146862866EDC9F77E1C2FFDFDEBD40D955960703060A0A168B5228D40B4A8B4B2B8268B9555153BC2CA8A928B0D9B32702B960A80ACC0CFC883F72195029050ACC1914112CCA4D416BD488229339275C03A2ADCA5D22201802895C2C11C245F6BFDFFD67A7C3908464C2CC9C73E679D6FAD6CC9C73E6C2CECBF7BEDF79F7FEF622713AB6F5E49A367357F57DABDBD4554F9AD7563A624781D8C52FDE1B8FF71D23B662BE895BB5C5EF8E1349E27591DBE2A495D835204E0A898B48AA935A868E9827E3F53127C64924B1A572BC8F1E5BD6C6D5B3B14B407C7EFDF5D7E7D17B5177B232B155754747C7335523F537BFF9CDB8F4E8224F7676763E37A4A1BB997F9D2674D4514735E28C92F1D4DFDFFF8D22482E9488D67EC4BD4162C28FAB6A873E1E6747C6E3914456D4D0DD65975DCA6413C5F58A1ABA31A2388EE7634BE72A79C595BDB155C5F0BF236EF41ECFC75925F1755C21BCCEB2C6A0866E73C75F1432B1A5D2D0866E2C82620134F475471C714479766D75C6589C49569D651B4DFEB87F6DF5DA38532DDEA88B7888ED91E20CD96AD116CFC799B4F1B3AA7BEAC4E7DB6DB75DF9665EBC2E1AB371A66D347BE37745828982291687D1E88DC22A7E7E9C31173F2B5E138BC35840C656E455D114B11D5B9FCC9831A37C4DFC37C4D771557A5534DD71C71DF969A79D56C6767CBDA2A229B65459D3FB427B23629562B1B5F8255874BD548D856A11E88C5EC0BC6BDEF5C6DA28D5E60B172E2C6367EBADB72EEBC7F83C6AC8D83528DE901FDED01DADDA73BC6B44F5E4C45BC7C72D8DE2DE9FB1FDEBCF7FFEF332E6E264D5B8ED4D9CD850ADD9C5BDB89FC8711A8D91071E78207FF4D147F369D3A695277BC7D6A8F19E405C0177EFBDF7967924AE108EEF8B46CC9FFFF99F97AF8DB88CBF239A20711FDDF81B162C58E0FDA6B1AD2747DACC5DD5F7BF5853573D695E5BE5983C79F2F2ED94E384956A6BF9A83BE3968155EE8B866FCC5B71324AE4C59FFDEC67E5B6F1B18B4CC462EC6E1857EB5627BCC4AE95312FC66E8331AFC55C545D58159FC78556317FCABFAC4A4747C7ECAA917ACE39E78C4B8F2EFA37439AB903FE559AD4F4E9D3DF3E73E6CC67E38CB6F1F0ECB3CFDE5F04C8FCCECECE1D24A2F169E846311CDBE8C40DD863C4FFB4431BBA5140C7FFD071C5633C76F8E1872F6FD6C6194B9110E3CACAEA77CD9A35AB6C06C6FD53AAAD71634453AEFABED13E8B48225ABBF88BAD9587DF437765575654FFAEB12D733C16FFB6B1B5519C613674D11631149FC7E3F13DB1688BB37CA390892BCA636BA6AA708A9FB7E9A69B968BAED84A29EE8513C550DC4F37AEC08D98AC7E761463D1D0DD6BAFBDF2254B96945781C7F7477133F46F8D42290AA1B80F4F347BD759766F9DF83A1E1FBA5D49759F8AAA688A4561144A55D11467E7C5C253FCBDE48BC1B5BD62ECA5682C4C5AE7A5BFC7248079D7BC6B3D336CC4BD72A3EE8B37BA627BCEB812214E348D37E9E3F9E10DDDD1AA3DC7BB46544F4EACB88FE6536CB518F15EDD4B6F8B2DB6281B57D1348BE762FBDA787F46DC8BFB891EA755A336DE9B885DE3AA5B7BC57B05EF7BDFFBCAA6EFD0BFFBC4134F2C7779889DC7A21113BBC6C5DF134D60EF378D793D79E03A236FE65656D4D43D403D695E1BC988F92B1AAB91D3625E8A7921E697B8BF76EC32108DD4D89A3DDE2F8FB92DAEBE8D5B07C6D6CA71224BFC8CD83639E2304E26A97E6EE4C3B89237DEB39C397366D9E88D866FCC6FB153657C1EBFA3BAE581FCCBCAC4AD48AB666AE4B0B898692CC555E4071E78E0D0AB733FEA5FA5897575755D1513C17838E9A493BE5E04C9B725A29766C4D595910CE2ECC52894AB11C9659D656728C6EBAA9BB2C7D771C56D759F80B82769DCF7A43A4B3EB6D3B9F3CE3BCB338D622B88B83749F16F563E175BDA44DCFCF55FFF755974471339DE7489E65A3488637B80E18B824852F1BD7113790DDDE68ABFD8763BFEDDA24888E226FE1DE3ECB0F8F77AFDEB5F5F3E1ECF470C44DCC4E22ECED87DE52B5F59DEDBE6F8E38F2FAFA8ADFE8DABAD8EAB455B2CC2220E2396A2E08862290A962846A2291B67C455AF8FE7E34CB93851207E4F145D717652FC0D116FC3FFDBE26ADDF85BE2ACB6EA3EBBDFFFFEF75F70B2436CE337F4C4876A3B95F879D5C90EF13112675C115CCC8DE582308E456CE71C7F7F9CB51767DDC53D32C4DF4B6E6DB7015DDBC6C2AEEBFCFF338CF7F54F019877CDBB8CEE7A266EE511DB77C688F545D45C713542FCCED88233BE8EEDF0E2B5A3597B8E778DA89E9C58717FCA29A7947113EB9CEDB7DF7EF9153CD58875573C1F312EEEC5FD448ED368D6C68E5B71A140FC8CD88A34AEFC8DEFADFE8E88C9EA4AB668C84403254E108A9F17234E188A988D264B3C1F271289D331AB2787366347D2CC5D939FA39E34AFBDE838F2C823CB3921B65D8EF71577DE79E7F282A3982BD659B60341BC171AEF2B461D5ACD33F158EC20B0EFBEFB96179BC463714149DC1F3CEAD41871B56F9C4812735D9CA412CDB0D86E399AB15573ACBAD5A1FCCBAA14B132AF8A993849E9D9679F1DB31E5DFCBEEA7717E3265B6A37B92449B69C366DDA537136F458BAEDB6DBAE2A02E4F1E2F76F2311BD7457E8C63D4BA2C11567055523AEB88CC7AB866E5CB11B67BD575F0F6DBAC6BD4EE25E56D5360F31626B9BF818DB3D44F11E85795C0D198FC5163C73E6CC293F8F266E14D1439B7343477C4F14F651706BE83657FCFDE4273F29176E679C71C64A473C1F3F379AFCD5F6DB510CC5F7C736CD71DFDB5890C5BD6E87FEECD81639BE37EE5511DB3045433FCEC28D45DB8AFE965838460115F1164DDC2BAEB8A27C3CB63389E2E5E4934F7EC1F7C4994BF1FA88F3D8A669E8D5E1C347DCF37965DB85C7FF2BB1F55FFC8DB1CD54FCAEEABE18F1DF103F7BFAF4E9E5D5CBE26FD4168323BDE7CDDA3416AAEDA26CCF049877CDBB8CC17A266AC7B81A2BD6A0F1C67D5C49155745449DB6D34E3B95BB00C5C9A6F1DAD1AE3DC7B346544F4EACB88FF8A8AE3E8CAD13E30AA1D8E12A76C8AAD62F712562C4A2B817F7133D4EA38112F1154D97D34F3FBDBCB237DE7B8AAB74E3AAB9F8F9D1A48DD88DD7C67B51D100193E22BFC4050AD57B58E274CCEAC968BE1EB0CEC89BB9ABF373D493E6B5D5BED547DC4A303E8FF924E69CB8D23F1AA3D1C48DAB72E322A9788FFB97BFFC65790153B56B4CCC75F15E765C00558D68B25E78E185CFFB1DB13BC161871DF6BCD755AFAD4E52947F599522AF7D604853B58C91B110FDA4A1BF37CB32BB1DB482A2C039AC98649E18ABAD978B45FBADC5EFBCB50892FF2311191ABAE26F65633CB6E7167F4DB1181CC91563236D2CBC14DB8E029877CDBBEAC9351CA3F9E6BAF50CD6F1E25E9C1AE2B425EAC991524F9AD70CF35ADBE9E8E838B56AACC6894FD16C1D4D37DC70439C10F5DC90866EBF7F85163263C68C0B4E38E184516FEA3EFBECB3F74E9F3EBD5E04C8D912912111893FF1C74A16676B7AA6ED481A0B6B73651A8079D7BCAB9E34D493E2DE10F7E2549C8AD391D79323A19E34AF19E6B5B6145B1D0FDD7A399ABAD75D77DDA835730F3CF0C03F0D69E6DE9C24C9C6FE155A2C60A64F9FFEFDE38E3BEE7F46ABA91B57E6CE9831A311F7CD9D3A75EA8612912111893FF1C72A16836BB2485BD3C642F5F39DD10B60DE453DA99E44DC8B7B716A88D3B1AF2747FAF3D593E635C3BCD696A64C99F2BA8E8E8EBB86367563FBE597F29EBA71E5EFB02B73EF2FC61B1DFD16144DDDCECECE730E3BECB0FF79A9EFA91BF7CC5DB6CDF2D9EDDECC95882422F16728845E126BB26DD39A3416AAED999CD10B60DE453DA99E44DC8B7B716A88D3F1A927D7847AD2BC6698D7268468AE0E6DEAC638F1C413F3458B16AD557FEEE1871F2E7FCED09FAB99DB26D2343D64CA94294B2EBDF4D2479F7EFAE9B5DD62F9FE934E3AE9EB45603CDECEF7CC95882422F16788BF715D0CAE6E6361D7622C5CC719BD00E65DD493EA49C4BDB817A786381DCF7A7275A927CD6B86796D425976A5EEBCA1CDD7FDF7DF3F3FFFFCF3F3850B17AE517F2E1AC1175D74516CB1FCDCB066EECD9AB96D2449922DB32CFB4EF10FFDD8B7BFFDEDDF3CFCF0C3CFAC49A0FCFEF7BFBFA5BFBFFF1BC5CFB823B6582E3EBE4522322422F127FE1881D5D9B669751A0B932C0201CCBBA827D593887B712F4E0D71DA14F5E4EA504F9AD70CF3DA8414BBE9A6697AC6B0266C398E3EFAE8FCD24B2F2DEFB11B3BED561765C6C7050B1694F7C8FDDEF7BE971F7BECB1796767E7732BF819FDEE99DBA68AA0795B31CE2DFEE1FFE7F0C30FFFC579E79DF78B1B6FBCF1370F3CF0C01F87F46F1F8F06EEBC79F3E69E7EFAE9B30F3EF8E0D945502CCEB2EC9BC5F7ED2011191291F8137FACA5B53DC3B7FAFE7D1D4A00F32EEA49F524E25EDC8B53439CAA2731AF19E6B566B7DF7EFB7D60F8D5BA6B316ECAB2CCD6F51341DCF77659F09C5A8C4631EE29C633438261E1B2C0EA4FD374F244B84FAE442411893F43FC8DCB62708F117CDF4B7166308079D7BCAB9E34D493E2DE10F7E2D410A7EA49CC6BE635C654F4DC3A3A3A660FEBC9ADD6C8B26CA0181F8DAB7E1D4990882422F16788BFB15C0CAEC9A2AEDAE6C9F64C00E65DD493EA49C4BDB817A78638554F625E33CC6B2D6BEAD4A9AF4AD3B4232EAC5C7681E5C2610DDCF2C2CBD87537CBB28FC7AD551D3590882422F16788BFF1128BBBC5ABB1B88BD78DE44C6000CCBBD633EA49F5A4B837C4BD3835C4A97A12F39A790D4022322422F127FE58CBC5E0AA167993D659BB7BF50060DEB59E51C7A927C5BD21EEC5A9214ED59398D7CC6B0012912111893FF1C75A58D9B64DBB1563A14520807917F5A47A12712FEEC5A9214ED59398D70CF31A80442411893F43FC8DFF6270E819BCD5E2F0E30E0D807917F5A47A12712FEEC5A9214ED59398D70CF31A80442411893F43FC35CF62F0D4756CCF0460DE453DA99E44DC8B7B71DA1463C99225F92DB7DC527E5C9BC7C5A97A12F39A615E0390882422F16788BFF6B0474747471CE73D1C0A80D1B7D5565B1D5A7C30EFAA270DF5A4B837C4BD385DE988E66CD40BF1716D1E17A7EDBB8E574F22FF9AD70024224343D7BFBBF89B6096357401189B3977F6DE7BEF9D4F9A34697D47433D69A827C5BD21EEC5A9862E23F42A8700F9D7BC062011191ABA86F89B58CD05C719600CA469BA6B31E73E13F36E9665AEA8504F1AEA49716F887B71AAA10BC8BFF22F8044644844E24FFCF1E2347401C6469AA6B362CE5D366E7244D493867A52DC1BE25E9C6AE802F2AFFC0B2011191291F8137FBC280D5D8031996B77ACAECEAD469AA6931D19F5A4A19E14F786B817A71ABA80FC2BFF024844864424FEC41F2FD664709C01467FAE9D3DB4995B5DA5EB5EBAEA49433D29EE0D712F4E357401F957FE0590880C8948FC893F5EACC9E038038CEE3CFB82AB73AB9165D9471D21F5A4A19E14F786B817A71ABA80FC2BFF024844864424FEC41FAB6A3438CE00A33BCFFE7845CDDC65639E23A49E34D493E2DE10F7E2544317907FE55F0089C89088C49FF863558D06C71960F4E6D8955E9DEB5EBAEA49433D29EE0D712F4E357401F957FE0590880C8948FC893F56A7D9E038038CDE1C3B7B55CDDCEA5EBA8E947AD2504F8A7B43DC8B530D5D40FE957F0124224322127FE28F95351B1C6700F32EEA49F524E25EDC8B530D5D710AE635C3BC0620114944E2CF107F1A0B009877D593867A52DC1BE25E9C6AE88A53907FE55F8096363838280134CF78B24844CF883F43FC692C0060DE453DA99E44DC8B7B71AAA12B4EC1BC6698D7004A575F7DF5C2458B1649024D30162C58F0AD2211DD2EFE0CF1A7B100807917F5A47A12712FEEC5E9D88C254B9694CDD9F8B8368F8B5330AF19E635805153AFD7F79A3B77EE630F3DF4D013AD34692F5DBAB4ADCE288A243467CE9CDF16635FF167883F8D0500CCBB4CAC7AB2A8C7D4935847897B716A885330AFA93BCD6B002B574C7E930706066E8A6D0A62EFF9661FFFF11FFF917776762EFFFA9BDFFC661E6FD4B5C2DFBE9211C7FDF6899A845A2DFEDA704CE8F8D3580030EFA29E1CEFF1D39FFE34AFD56AF9AC59B3D4935847897B716A885330AFA93BCD6B00AD2F49928DD334BDABA3A3E389216FD2CD8E37EA264D9AB4BE2304343B8D0500F32E54F23CDFF091471E79B490CF9C39F3878E080000EA4E005A5E9AA667C49B72C57866EAD4A91B165FEF1A9FC7635996EDE10801CD4E6301C0BC0B95FBEFBFFFC27C99EBAFBF7E41B1A6F9A8A3020080BA138096D5D9D9B9434747C793CB1ABA31A6A6693A6BC8D737394A40B3D3580030EF4258B264C9DBFFF4A73F3D970FF1C52F7EF1FEA953A7BECAD1010040DD09404BEAE8E8680C69DEC6F85975756E35D2349DEC48014D3E97692C009877619D071F7CF0EE7C98C71E7BECC12953A6F4393A0000A83B016839B105C4B066EECAC64DEEA50B34338D0500F32EDC77DF7DC7E62B316BD6AC078BB8DDD151020040DD0940CB88AD1F8AC4B270351BBAB9FDFF8166A6B10060DE6562CBF37CCBA54B973EBDB237D69E7BEEB9A77A7A7A7EE544550000D49D00B48C8E8E8EFED56DE62E1BF31C35A089E7348D0500F32E13D8EF7EF7BB79F98BB8FBEEBBEFCFB2ACDBD1020040DD0940D34BD374D7E1F7C95D9DE15EBA40B3D2580030EF32B15D77DD752FF6BE5AFEE4934FCE8DD89D3A75EA868E180000EA4E009A5A96651F4FD3F4DC22A9CC8EFBE316E3FED5BD97AEA30734238D0500F32E13DB71C71DF7E9556D7D17EFAB1D7DF4D197BA520200007527002DABA3A3E30FC5784D9224DB141F27A569DAE18D3AA085E630F31580799709EE5BDFFAD69D2B7B576DFEFCF95F89DBC8B897190000EA4E005A5292241B1549E689E18F7BA30E6815E62B00F32EC4C9A9F3E7CF7F72F89B6ACF3DF7DC2D53A64CB9A588DB1D1D250000D49D00B46A02DABA4832F70C7FDC1B7540AB305F019877219C7AEAA9FDCF3DF7DC9F86BEB176DE79E77D2D4DD3331C1D0000D49D00B4AC8E8E8E77C536102B78DC1B7540ABCC63E62B00F32EAC135BDB5D71C5158BAA37D51E7BECB14B8A78BD6BEAD4A9AF72740000507702D0B2D234DDBB4836DF1DFEB837EA805661BE0230EF42E590430ED9FDD1471F5D5A8C7CE6CC9973B22CFBA8A3020080BA13809656249A4F7574747C79F8E3DEA8035A85F90AC0BC0B439D73CE393FAED56A799AA6B31C0D0000D49D00B4BC8E8E8E138B8473DC0A1EF7461DD02AF398F90AC0BC0BCBC5567711A749926CE3680000A0EE04A0E51509E7ABC598B982C7BD5107B4CA3C66BE0230EF8238050040DD09407B4AD3F40745D2F9884404289C0130EF224E010040DD0940F3259C9F767676EE2C11010A6700CCBB88530000507702D07C09E7BE2449B69288008533AD2CCFF3F5EFBEFBEE6FDF70C30D7F1A1C1CCC0706068C311E73E6CCC9AFBEFAEADF17E3E322D2BC0BE2140000752700BC7409E7A924495E2611010A675A593473AFB9E69A7CD1A245F9534F3D658CD358BC78717ED55557FD61CE9C39FB8A4AF32E88530000D49D00B0969224D9B448388F484480C299561757E66AE6364D53F7A9818181DB45A57917C4290000EA4E00584B59966D5B249CDB242240E14CAB8B6D9635539B670C0C0C3C232ACDBB204E0100507702C0DA279BF76759569788008533AD2EEEE1AA91DA540D5DFF5F9A77419C0200A0EE0480B595A6E99422E15C2C11010A675ADDEA3674973CB630BFFBA6F3F35BE79C588EF83C1ED384D5D0C5BC8B380500007527004D27CBB2238AF1EF1211A070A6D5AD4E43F7F14717E4B7FCE4D8FC97971FF9BC118FC5731AB11ABA987711A70000A0EE04A0D992CDA9699A1E2911010A675ADDEA3474EFBFF5072F68E656E377B7CED688D5D0C5BC8B380500007527004D976C2E2CC6FE1211A070A6D5AD4E43F7F6C6BFADB4A11BCF69C46AE862DE459C020080BA1380A69265D940313E2811010A675ADDEA34746F19E85D6943379ED388D5D0C5BC8B38050000752700CD966C6E9E3265CA761211A070A6D569E86AE862DE05710A0080BA1380764C368B9324D95C220214CEB4BAD569E8DE3AE7C4953674E3398D580D5DCCBB88530000507702D03466CE9CB941916C9E2E3E5D57220214CEB4BAD569E8DE75DD592B6DE8C6731AB11ABA987711A70000A0EE04A0692449F2DA22D92C9088008533ED60751ABA0F2FF8557ECB95C7BF70BBE5E2B1784E23564317F32EE2140000D49D003453A2D9B1183F9788008533ED60751ABA31EEF9D9052F68E8C6639AB01ABA987711A70000A0EE04A0A9A4693AB948363F9488008533ED60B51ABA4B97E6775D7FF60BB75B2E1E8BE73462357431EF224E010040DD0940D3C8B2ECA022D99C2711010A67DAC18B35741F7F7441FEEBEBFA577A0FDD782E5EA319ABA18B7917710A0000EA4E009A25D11C9365D917242240E14C3B58694377E9D27CE15DF5FCE62B8E5E6933B71AF19A78ADAB75357431EF224E010040DD094033249AB3D2343D44220214CEB4831535745FECAA5C57EB6AE862DE459C020080BA1380A695A6E9778A64B3AF4404289C69072B6AE8AECE55B9ABBA5A5763564317F32EE2140000D49D008C67A2B936CBB2DD242240E14C3B58514377A4CDDC6A68CC6AE862DE459C020080BA1380F14C34F39324D946220214CEB48395DE43D7D0D0C5BC8B380500007527002D9A68962449B2B14404289C69071ABA1ABA9877419C0200A0EE04A06D4423371ABA1211A070A65D68E86AE862DE05710A0080BA1380B6115B2DC796CB1211A070A65D68E86AE862DE05710A0080BA1380764A32EF29C6B51211A070A65D68E86AE862DE05710A0080BA1380B691A66952249A6F4B4480C29976A1A1ABA18B7917C4290000EA4E00DA469665871689A65F220214CEB40B0D5D0D5DCCBB204E0100507702D04E49E68B699A7E4E220214CEB40B0D5D0D5DCCBB204E0100507702D04E49E66BC5982111010A67DA8586AE862EE65D10A70000A83B01681B699A5E5E249A0F4B4480C29976A1A1ABA18B7917C4290000EA4E00DA29C9FCBCB3B3F3EF252240E14CBBD0D0D5D0C5BC0BE2140000752700ED9464162449F25A89085038D32E3474357431EF8238050040DD09405BE8EDED5DAF48324F4F9A34697D89085038D32E3474357431EF8238050040DD09405B489264F322C92C9688008533ED4443574317F32E88530000D49D00B4852CCBB62F92CCCD1211A070A645F2D64031767BB1D769E86AE862DE05710A0080BA1380B690A6E987E2CD7189085038D32AFFBE31227715396CD795BD4E43574317F32E88530000D49D00B485344D0F2892CC051211A070A655FE7D878D1FAFE88A5D0D5D0D5DCCBB204E0100507702D016B22CFB4C314E9188008533ADF2EFBBA2317C2B660D5D0D5DCCBB204E0100507702D02E09E6F4344D0F9788008533ADF2EFFB22E3C7B115B386AE862EE65D10A70000A83B016897047349313A2522A09D0A67C318ED86EE030F3CB0FCF3DFFDEE77F9638F3D56FECEABAFBE7A85AFBFE38E3BF21B6EB8215FBA7469F9F5DCB973F33BEFBC7385AFBDEFBEFBF273CF3D375FBC7871F9F5C30F3F9C3FF4D043F9A2458BF2050B16E48F3FFEF80BBEE7BAEBAECBFBFAFA56FAF7DE7EFBEDF9AC59B3CACFFFEBBFFEABFC9BE36FB9F1C61BCB9F3DDA0D5D31D9FE43F6C11B6B0000A0EE0460946459562FC6EE121100ADB2305AC9B8294DD3C993264D5A3F5E379A0DDDEF7DEF7BF9C61B6F9C5F71C515E5D7C5EFCCF7DC73CFFC9FFEE99FF28F7FFCE365737768C337C6BFFCCBBFE45B6CB145BE64C992FCD24B2F8D9C9A6FBEF9E6F96F7FFBDBE5AF993F7F7EFE9FFFF99FF929A79C523EFFE52F7F39FFE637BF994F9932A5FCBA1A871C72483E6FDEBCF26357575739DEF296B794CFC5EFA91E8BE7AFBFFEFAF2679F7DF6D9F9AB5EF5AAF2F337BCE10DF949279D547EFEB297BD2CBFE4924B5CA10B4C88FCE1280000A0EE04A05513CC6D4992BC552202A0551646AB6AE45646B3A1FBC4134FE4071F7C70BEE1861BE63366CCC837D86083FCCD6F7E73D9E4DD64934DCAE6EA9BDEF4A67CE1C285CBAF887DC52B5E919F7EFAE9E595B49B6DB659FEE94F7F3A7FDBDBDE96BFF7BDEF2DAFC08DD75D7EF9E5F9565B6D956FBAE9A6F93FFEE33FE6AF7EF5ABF3BFFBBBBFCB8B3C9DBFE73DEFC97FF4A31F954DDBF3CF3FBF6CF4AEBBEEBAE5EF8FB1D75E7B950DE2E2582C7F6CBDF5D6CB2FBAE8A2FCAAABAECAA74D9B56FE7DD14C8EBFF5D4534F2D7F67FC5DDFFDEE77F36BAEB926FFD5AF7EA5A10BB475FE70140000507702D0AA09E691244936958800689585D1B2312FCBB28F0E6FE456C6E21EBAFFFDDFFF9D9F7CF2C9E515BA71C5EBB6DB6E9BEFB8E38EE5E79FFFFCE7F346A3913FF2C8236503351AA7C71C734C79456C345763BBE3BBEFBEBB6CE06EB9E596CBAF92FDCA57BE523672634BE46818C7D5C09FFAD4A7F23DF6D8A36C026FBFFDF6E5F7FEF18F7FCC3FF399CF948DDFF7BFFFFDF94E3BED54367BDFFDEE77975FEFBEFBEEF9673FFBD9727BE6F819FBECB34FF937C4B6CCF1F7ECBCF3CEE555BCF1585C551C4DE9FEFE7E0D5DA0ADF387A3000080BA138096B3E79E7BBEBC48304B2522005A6861B4C22B72871BCD86EEECD9B3F32F7CE10BF9F1C71F5F365BDFF18E77E4EF7CE73B9F37DEFEF6B7E75FFDEA57CB6D8F8B3FA7BC9A361AB4D56B7FFDEB5FE7679D7556BECB2EBB944DDAC99327975B2DC7F31B6DB451BEC30E3B2C6FD046C338465C611B4DDCEAEF88AB84DFF8C637E6471D75547EC0010794AF8FBF27BE8EC763FBE5EAB5F1B7FCE55FFE657ED75D77950DDDBFF99BBF291BE3D1D08DEF8B66B12D978136CF1FE6210000D49D00B49E2449B62A12CC7D121100ED66341BBA71A56D5C555BFC9A725BE568A6469ECCB2AC1CF179D5783DF3CC33CBAB61E3FEB571DFDB7ABD5E7E5F34747B7B7BCBC6EBE2C58BF37BEFBDB7BC3A377ED681071EB87C7476769657E7C688AB6BA3291C57F656F7E57DED6B5F9B4F9F3EBDBC7F6FFCDCF8DDF1F56B5EF39AE50DDDB892B8BA0F6F3473876FB97CD04107B9872ED0F6AC670000507702D0AAC9659762FC542202A0DD8CF696CB71CFD9E2D7E40F3EF860FE577FF557F9AEBBEE9AEFB7DF7EE578EB5BDF9ABFEB5DEF2A5F17F7C78D7BDE464337BE8EED8FE3FB7EFFFBDF97DB326FBDF5D6CFFBB9714FDDF859D588C670B5E5F2934F3E593692AB666C346C5FF7BAD7951FF7DE7BEFF2E7C6F6C9431F8FD77DE2139F289F8BE6EDB5D75EBBC27BE8C636CE1ABA409BAF7DCC430000A83B01683D699AEE552498EF4B4400B49BB16EE846F3F4DC73CF2D475C2D5B3574637CFDEB5F5FDED08D7BEE4613353E5F514337EE9FFBCFFFFCCFE5B6C96F7BDBDBCA0671D5D08DE73FFCE10F9757F1560DDD6DB6D9A6BCD277C68C19E5DF73C41147945FFFEDDFFEEDF286EE1D77DC919F76DA69E596CBF1F58A1ABAB185F4B1C71EABA10BB42DEB190000D49D00B4A42CCB0E2E12CC39121100ED66341BBA71A5EC91471E5936506FB8E186FC4D6F7A53BEF9E69B3F6F7CF0831F7C4143F78F7FFC63BEDD76DB950DDB5535742FBAE8A2F2F3B8DA364DD3B2A1BBDB6EBB95CDDB0D36D8203FFAE8A3CBE7A3891B4DDA0F7DE843E5D5BCF1F7C415BEF1753C3E742BE5EA1EBA554377DAB4696513B76AE8F6F4F494CD630D5DA05D59CF0000A0EE04A05593CBF159969D201101D06E46B3A11B57C816BFA2BC0AF795AF7C65BECF3EFBE4871C7248D9148D8F071F7C70D91CEDEAEA2A5FFFB5AF7DAD6C9C462377DD75D7CDAFBCF2CAF2F1B892F60D6F78C30B1ABA2F7FF9CBF38D37DE385F7FFDF5CB9F1357DA4693361AB0711FDD871E7A68F955C2714FDEA1570CDF73CF3DCB1BA8D75F7F7DF9797CDC7FFFFDF3CD36DBACFC9B36DA68A3F2EF88FBFDC6EFF9C0073E50FE1D9FFBDCE7347481765EFB98870000507702D092C9E5EC344D3F291101D06E46B3A1FB8D6F7C23BFE4924BCACF2FBBECB2B2591A5B21C755B931627BE468DE7EE52B5F295F73F1C517E7EF7CE73BF3430F3D343FEBACB396FF9C33CF3C33DF7DF7DD9FF7B3B7DD76DBFC94534EC91B8D463E65CA94FC939FFC6479856E347457F537CD9D3BB7BC02F7B6DB6E7BC173D1508E2B81E3671D73CC31E5B6CFF3E7CF2F9F8BDF157FFBF4E9D3F3FBEFBF5F431768E7B58F79080000752700AD274DD3594582F998440440BB19ED7BE81A1ABA406BB19E010040DD0940AB2697795996FD83440440BBD1D0D5D005B09E010040DD09403B24977B9224D95A2202A0DD68E86AE80258CF0000A0EE04A01D92CB9349926C241101D06E3474357401AC670000507702D0D29224D9A4482E7F90880068471ABA1ABA00D6330000A83B0168694992BCB9482E774A4400B4230D5D0D5D00EB190000D49D00B47A62999465D955121100ED4843574317C07A0600007527002D2D4DD322B7747C4B2202A01D69E86AE80258CF0000A0EE04A0A56559D65D8C33252200DA9186AE862E80F50C0000EA4E005A3DB19C9CA6E967252200DA9186AE862E80F50C0000EA4E005A3DB17CBD1853252200DA9186AE862E80F50C0000EA4E005A5A9AA6576459B6874404403BD2D0D5D005B09E010040DD0940AB27965F747676EE201101D08E3474357401AC670000507702D0EA89E5C12449B694880068471ABA1ABA00D6330000A83B0168594992FC5991589E8E8F121100ED4843574317C07A0600007527002D2BAECC8D2B74252200DA9586AE862E80F50C0000EA4E005A39A9BC23EEA12B1101D0AE3474357401AC670000507702D0B2D234DDB31857484400B42B0D5D0D5D00EB190000D49D00B4AC344DA71589E57C89088076A5A1ABA10B603D030080BA1380969565D9FF2DC6BF4A4400B42B0D5D0D5D00EB190000D49D00B47252E94BD3B44B2202A05D69E86AE80258CF0000A0EE04A09593CAA5C548252200DA9586AE862E80F50C0000EA4E005A5696655715E37D121100ED4A43574317C07A060000752700AD9C54EE4C92E4CD121100ED4A43574317C07A060000752700AD9C54FE9024C926121100ED4A43574317C07A0600007527002D2949928D8AA4F2844404403BD3D0D5D005B09E010040DD09404B4A9264EB22A9DC231101D0CE06070735529B673C393030F08CA804C693F50C0000EA4E005A29A1BCAB18F3242200DAD9D5575FBD70D1A2459AA94D30162C58F0AD818181DB452530CEEB20EB190000D49D00B486344DF72E92CA77252200DA59BD5EDF6BEEDCB98F3DF4D0434F68AA8EDF95B9D1CC9D3367CE6F8BB1AFA804C693F50C0000EA4E005A4696659F2A92CA97252200DADD9C3973260F0C0CDC14DBFDC63D5C8D311F71DC6FD7CC059A81F50C0000EA4E005A29A19C98A6E971121100003081D641D6330000A83B01689984F2D562CC948800008009B40EB29E010040DD09406B48D3F4074552F988440400004C14D6330000A83B0168A584F2D3CECECE9D252200006002AD83AC670000507702D03209E5BE2449B6928800008009B40EB29E010040DD0940CB2494A792247999440400004CA07590F50C0000EA4E009A5F92249B1609E511890800009848AC670000507702D012B22CDBB64828B749440000C044623D030080BA1380564926EFCFB2AC2E11010000136C2D643D030080BA1380E697A6E99422A15C2C110100001389F50C0000EA4E005A4296654714E3DF252200006022B19E010040DD0940AB249353D3343D52220260AC1CD27FE56BBAFB1A07C5E73DFD576DD77D4663876AF4F437763CB4D6785D3C37F39CD9AFE8AA350EAEBE2F9EEBEE1FDCD31104E0255A0B59CF0000A0EE04A02592C985C5D85F220260AC749FD17863575FBDDCEEBFBB56FF654FAD7E4235BA6AF52F769D39F8DE78AEAB36F889EEFEFA67CA6FCAF3758BD7FEB0ABBF7E79F1F1DAAEB31A931D4900D6722D643D030080BA1380E69765D940313E2811013016BAFAEBFB74D71A3FE8AED5EFEDAE0D9E5B7C6C3CEF0579BE6E7CE8EDED5DAFBBAF71655CA55BBC667A575FE35FBB6A83C71C715A63B368E81E75CEC026F11A47148091B29E010040DD0940AB24939BA74C99B29D4404C058E9EA1BD8AAA76FF0C2F8BCA756BFB5BB561FA84657ADBE301EEFEE6B7CBAF8FAAEAE5AA35E7CBC201AC0C573F38A8F3717636E316E39AC6FF05D8E26006BB116B29E010040DD09404B2493C549926C2E11013056CA866EAD7159575F63B7E157E8565F1FF9A5C6963D67D5B78DAB747B7B2F7B596CBFDCD337F8B1EEBEFAE1D1C88DAB75BBCE9CB393A309C05AAC85AC670000507702D0DC66CE9CB941914C9E2E3E5D572202602C4413B7A7AFFE9DEE5A7DF1B2AB706F2CBEDEAF1AC5D7BF88D7F5F636D6EFE91B9C5DBCE6A0186543B7563FA578FE1BC5D79F2B3E5EDA531BDCD9110560A4AC670000507702D0F49224796D914C164844008C959EFEC68E711FDD6ACBE5EE5AFDA69EBEFACC6A74F5376694AFABD5DF1757EB76F7D5FF2D5EBFACA1DBD755AB1F10A3A77F705AD79973B6704401B09E010040DD09403B27921D8BF173890880B134F41EBAC3B75C1EEEF02F5DF5FAE557E8F60D7EAC7A3CB664EEEEAB9FE86802603D030080BA1380B695A6E9E42299FC50220260ACF49EDFD8B0FB8CC60EFFDBD01DFC5577AD7E4135BAFAEA179757E1F637D2D88EB9787E5677AD312546576DF0B4B86F6E5CE5DB53AB1FDD536B7CDE1105C07A0600007527006D2BCBB2838A64729E4404C058E9EEAFBF3BEEA1DBD55FFFC8B2AFCF39E2B4C666D5886D943FF9E56B5EFDA92F35364E2EBBECCFAAEF3BB4F6A39777D5EA8715AF3FB6BB6FB0B71887168FFD85230A80F50C0000EA4E00DA39911C9365D917242200006002AE87AC670000507702D0F489E4AC344D0F918800008009B81EB29E010040DD0940734BD3F43B4532D95722020000261AEB190000D49D00B44222B936CBB2DD242200006002AE87AC670000507702D0F489647E9224DB48440000C0045C0F59CF0000A0EE04A0E913C992244936968800008009B81EB29E010040DD0940F38A466E3474252200006022B29E010040DD0940538BAD9663CB65890800009888AC670000507702D0EC49E43DC5B8766D1391611886611886611846AB0E2B430000C6E0BD787527002393A6695224926F3B120000000000303A34740118B12CCB0E2D1249BF23010000000000A343431780B549225F4CD3F4738E0400000000008C0E0D5D00D626897CAD18331C090000000000181D1ABA008C589AA6971789E4C38E0400000000008C0E0D5D00D62689FCBCB3B3F3EF1D090000000000181D1ABA00AC4D12599024C96B1D090000000000181D1ABA008C486F6FEF7A4512797AD2A449EB3B1A0000000000303A34740118912449362F92C86247020000000000468F862E00239265D9F64512B9D991000000000080D1A3A10BC088A469FAA12CCB061C090000000000183D1ABA008C489AA6071449E40247020000000000468F862E00239265D9678A718A23010000000000A347431780912690D3D3343DDC91000000000080D1A3A10BC04813C825C5E87424000000000060F468E80230225996D58BB1BB23010000000000A347431780912690DB922479AB23010000000000A347431780912690479224D9D491000000000080D1A3A10BC01ADB73CF3D5F5E2490A58E0400000000008C2E0D5D00D65892245B1509E43E470200000000004697862E0023491EBB14E3A78E0400000000008C2E0D5D00D6589AA67B1509E4FB8E0400008CBF43FAAF7C4D775FE3A0F8BCA7FFAAEDBACF68EC508D9EFEC68E87D61AAF8BE7669E33FB155DB5C6C1D5F7C573DDFD837B3A820000D0DC347401586359961D5C2490731C090000187FDD6734DED8D557BFB8FCBC56FF654FAD7E4235BA6AF52F769D39F8DE78AEAB36F889EEFEFA67CA6FCAF3758BD7FEB0ABBF7E79F1F1DAAEB31A931D490000684E1ABA008C24791C9F65D9098E0400008CAFAEFEFA3EDDB5C60FBA6BF57BBB6B83E7161F1BCF7B419EAF1B1F7A7B7BD7EBEE6B5C1957E916AF99DED5D7F8D7AEDAE031479CD6D82C1ABA479D33B049BCC611050080E6A3A10BC04892C7D9699A7ED291000080F1D7D537B0554FDFE085F1794FAD7E6B77AD3E508DAE5A7D613CDEDDD7F874F1F55D5DB546BDF8784134808BE7E6151F6F2EC6DC62DC7258DFE0BB1C4D0000683E1ABA00ACB1344D671509E4638E0400008CBFB2A15B6B5CD6D5D7D86DF815BAD5D7477EA9B165CF59F56DE32ADDDEDECB5E16DB2FF7F40D7EACBBAF7E783472E36ADDAE33E7ECE468020040F3D1D0056024C9635E9665FFE0480000C0F88A266E4F5FFD3BDDB5FAE26557E1DE587CBD5F358AAF7F11AFEBED6DACDFD33738BB78CD4131CA866EAD7E4AF1FC378AAF3F577CBCB4A736B8B3230A0000CD4743178091248F7B9224D9DA91000080F1D5D3DFD831EEA35B6DB9DC5DABDFD4D3579F598DAEFEC68CF275B5FAFBE26ADDEEBEFABFC5EB973574FBBA6AF50362F4F40F4EEB3A73CE168E280000341F0D5D0046923C9E4C92642347020000C6DFD07BE80EDF7279B8C3BF74D5EB975FA1DB37B8FC362AB12573775FFD44471300009A8F862E006B2449924D8AE4F10747020000C65FEFF98D0DBBCF68ECF0BF0DDDC15F75D7EA1754A3ABAF7E7179156E7F238DED988BE76775D71A536274D5064F8BFBE6C655BE3DB5FAD13DB5C6E71D510000683E1ABA00AC912449DE5C248F3B1D090000187FDDFDF577C73D74BBFAEB1F59F6F539479CD6D8AC1AB18DF227BF7CCDAB3FF5A5C6C6C96597FD59F57D87D67EF4F2AE5AFDB0E2F5C776F70DF616E3D0E2B1BF70440100A0F968E802B0A68963529665573912000000000030FA3474015823699A16B9A3E35B8E0400000000008C3E0D5D00D6489665DDC538D391000000000080D1A7A10BC09A268E93D334FDAC23010000000000A34F431780354D1C5F2FC65447020000000000469F862E006B244DD32BB22CDBC391000000000080D1A7A10BC09A268E5F747676EEE0480000000000C0E8D3D005604D13C78349926CE9480000000000C0E8D3D00560B5F5F6F6AE1789C3300CC3300CC3300CC3300CC3300CC3308CB11B3A1400AC5153D751000000000000000000000000000000000000000000000000000000000000000000000000000000000000000000000000000000000000000000000000000000000060A2FB7F6C1A245B7744FAA50000000049454E44AE426082, 1);
INSERT INTO `ACT_GE_BYTEARRAY` VALUES ('73c05224-1cd8-11ec-acd8-3ae4f1d3c3af', 1, 'hist.var-assigneeList', NULL, 0xACED00057372001E636F6D2E616C69626162612E666173746A736F6E2E4A534F4E417272617900000000000000010200014C00046C6973747400104C6A6176612F7574696C2F4C6973743B7870737200136A6176612E7574696C2E41727261794C6973747881D21D99C7619D03000149000473697A65787000000003770400000003740005757365724274000575736572437400096C65616465724C617778, NULL);
INSERT INTO `ACT_GE_BYTEARRAY` VALUES ('74c066fe-1cd9-11ec-acd8-3ae4f1d3c3af', 1, 'hist.var-assigneeList', NULL, 0xACED00057372001E636F6D2E616C69626162612E666173746A736F6E2E4A534F4E417272617900000000000000010200014C00046C6973747400104C6A6176612F7574696C2F4C6973743B7870737200136A6176612E7574696C2E41727261794C6973747881D21D99C7619D03000149000473697A657870000000027704000000027400096C65616465724C6177740005757365724378, NULL);
INSERT INTO `ACT_GE_BYTEARRAY` VALUES ('76b77a99-5e3b-11ec-8bee-f20bcee4e113', 1, 'flowSubmit.bpmn', '76b77a98-5e3b-11ec-8bee-f20bcee4e113', 0x3C3F786D6C2076657273696F6E3D22312E302220656E636F64696E673D225554462D38223F3E0A3C646566696E6974696F6E7320786D6C6E733D22687474703A2F2F7777772E6F6D672E6F72672F737065632F42504D4E2F32303130303532342F4D4F44454C2220786D6C6E733A7873693D22687474703A2F2F7777772E77332E6F72672F323030312F584D4C536368656D612D696E7374616E63652220786D6C6E733A7873643D22687474703A2F2F7777772E77332E6F72672F323030312F584D4C536368656D612220786D6C6E733A666C6F7761626C653D22687474703A2F2F666C6F7761626C652E6F72672F62706D6E2220786D6C6E733A62706D6E64693D22687474703A2F2F7777772E6F6D672E6F72672F737065632F42504D4E2F32303130303532342F44492220786D6C6E733A6F6D6764633D22687474703A2F2F7777772E6F6D672E6F72672F737065632F44442F32303130303532342F44432220786D6C6E733A6F6D6764693D22687474703A2F2F7777772E6F6D672E6F72672F737065632F44442F32303130303532342F44492220786D6C6E733A62706D6E323D22687474703A2F2F7777772E6F6D672E6F72672F737065632F42504D4E2F32303130303532342F4D4F44454C2220786D6C6E733A64633D22687474703A2F2F7777772E6F6D672E6F72672F737065632F44442F32303130303532342F44432220786D6C6E733A64693D22687474703A2F2F7777772E6F6D672E6F72672F737065632F44442F32303130303532342F44492220747970654C616E67756167653D22687474703A2F2F7777772E77332E6F72672F323030312F584D4C536368656D61222065787072657373696F6E4C616E67756167653D22687474703A2F2F7777772E77332E6F72672F313939392F585061746822207461726765744E616D6573706163653D22687474703A2F2F666C6F7761626C652E6F72672F62706D6E222069643D226469616772616D5F666C6F775375626D697422207873693A736368656D614C6F636174696F6E3D22687474703A2F2F7777772E6F6D672E6F72672F737065632F42504D4E2F32303130303532342F4D4F44454C2042504D4E32302E787364223E0A20203C70726F636573732069643D22666C6F775375626D697422206E616D653D22E68AA5E99480E794B3E8AFB72220697345786563757461626C653D2274727565223E0A202020203C657874656E73696F6E456C656D656E74733E0A2020202020203C666C6F7761626C653A657865637574696F6E4C697374656E6572206576656E743D22656E642220636C6173733D22636F6D2E666C6F772E64656D6F2E636F6D6D6F6E2E666C6F772E6C697374656E65722E557064617465466C6F775374617475734C697374656E6572223E3C2F666C6F7761626C653A657865637574696F6E4C697374656E65723E0A202020203C2F657874656E73696F6E456C656D656E74733E0A202020203C73746172744576656E742069643D224576656E745F31376E32727739223E3C2F73746172744576656E743E0A202020203C757365725461736B2069643D2241637469766974795F30336B6A75727422206E616D653D22E68AA5E99480E58D95E5BD95E585A52220666C6F7761626C653A61737369676E65653D22247B7374617274557365724E616D657D2220666C6F7761626C653A666F726D4B65793D227B2671756F743B666F726D49642671756F743B3A2671756F743B313434303934373637353034313130373936382671756F743B2C2671756F743B726561644F6E6C792671756F743B3A66616C73652C2671756F743B67726F7570547970652671756F743B3A2671756F743B41535349474E45452671756F743B7D223E0A2020202020203C657874656E73696F6E456C656D656E74733E0A20202020202020203C666C6F7761626C653A7661726961626C654C6973743E3C2F666C6F7761626C653A7661726961626C654C6973743E0A20202020202020203C666C6F7761626C653A6F7065726174696F6E4C6973743E0A202020202020202020203C666C6F7761626C653A666F726D4F7065726174696F6E2069643D223136333233383833353236373622206C6162656C3D22E68F90E4BAA42220747970653D226167726565222073686F774F726465723D2230223E3C2F666C6F7761626C653A666F726D4F7065726174696F6E3E0A202020202020202020203C666C6F7761626C653A666F726D4F7065726174696F6E2069643D223136333936333632383535353022206C6162656C3D22E692A4E994802220747970653D227265766F6B65222073686F774F726465723D2231223E3C2F666C6F7761626C653A666F726D4F7065726174696F6E3E0A20202020202020203C2F666C6F7761626C653A6F7065726174696F6E4C6973743E0A2020202020203C2F657874656E73696F6E456C656D656E74733E0A202020203C2F757365725461736B3E0A202020203C73657175656E6365466C6F772069643D22466C6F775F30306C647661672220736F757263655265663D224576656E745F31376E3272773922207461726765745265663D2241637469766974795F30336B6A757274223E3C2F73657175656E6365466C6F773E0A202020203C757365725461736B2069643D2241637469766974795F3079777866777522206E616D653D22E983A8E997A8E9A286E5AFBCE5AEA1E689B92220666C6F7761626C653A63616E64696461746547726F7570733D22247B64657074506F73744C65616465727D2220666C6F7761626C653A666F726D4B65793D227B2671756F743B666F726D49642671756F743B3A2671756F743B313434303934373637353034313130373936382671756F743B2C2671756F743B726561644F6E6C792671756F743B3A747275652C2671756F743B67726F7570547970652671756F743B3A2671756F743B444550545F504F53545F4C45414445522671756F743B7D223E0A2020202020203C657874656E73696F6E456C656D656E74733E0A20202020202020203C666C6F7761626C653A7461736B4C697374656E6572206576656E743D226372656174652220636C6173733D22636F6D2E666C6F772E64656D6F2E636F6D6D6F6E2E666C6F772E6C697374656E65722E44657074506F73744C65616465724C697374656E6572223E3C2F666C6F7761626C653A7461736B4C697374656E65723E0A20202020202020203C666C6F7761626C653A6F7065726174696F6E4C6973743E0A202020202020202020203C666C6F7761626C653A666F726D4F7065726174696F6E2069643D223136333233383833373230303322206C6162656C3D22E5908CE6848F2220747970653D226167726565222073686F774F726465723D2230223E3C2F666C6F7761626C653A666F726D4F7065726174696F6E3E0A202020202020202020203C666C6F7761626C653A666F726D4F7065726174696F6E2069643D223136333936333633303430383022206C6162656C3D22E9A9B3E59B9E2220747970653D2272656A656374222073686F774F726465723D2231223E3C2F666C6F7761626C653A666F726D4F7065726174696F6E3E0A20202020202020203C2F666C6F7761626C653A6F7065726174696F6E4C6973743E0A20202020202020203C666C6F7761626C653A7661726961626C654C6973743E0A202020202020202020203C666C6F7761626C653A666F726D5661726961626C652069643D2231343430393637353831363733343539373132223E3C2F666C6F7761626C653A666F726D5661726961626C653E0A20202020202020203C2F666C6F7761626C653A7661726961626C654C6973743E0A2020202020203C2F657874656E73696F6E456C656D656E74733E0A202020203C2F757365725461736B3E0A202020203C73657175656E6365466C6F772069643D22466C6F775F307839647832742220736F757263655265663D2241637469766974795F30336B6A75727422207461726765745265663D2241637469766974795F30797778667775223E3C2F73657175656E6365466C6F773E0A202020203C6578636C7573697665476174657761792069643D22476174657761795F3137397A676E70223E3C2F6578636C7573697665476174657761793E0A202020203C73657175656E6365466C6F772069643D22466C6F775F3138703368716222206E616D653D22E5908CE6848F2220736F757263655265663D2241637469766974795F3079777866777522207461726765745265663D22476174657761795F3137397A676E70223E0A2020202020203C657874656E73696F6E456C656D656E74733E0A20202020202020203C666C6F7761626C653A637573746F6D436F6E646974696F6E20747970653D226F7065726174696F6E22206F7065726174696F6E547970653D226167726565223E3C2F666C6F7761626C653A637573746F6D436F6E646974696F6E3E0A2020202020203C2F657874656E73696F6E456C656D656E74733E0A202020203C2F73657175656E6365466C6F773E0A202020203C656E644576656E742069643D224576656E745F306E766A786768223E3C2F656E644576656E743E0A202020203C73657175656E6365466C6F772069643D22466C6F775F31716967616B7222206E616D653D22E68AA5E99480E98791E9A29DE5B08FE4BA8E313030302220736F757263655265663D22476174657761795F3137397A676E7022207461726765745265663D224576656E745F306E766A786768223E0A2020202020203C636F6E646974696F6E45787072657373696F6E207873693A747970653D2274466F726D616C45787072657373696F6E223E3C215B43444154415B247B746F74616C416D6F756E74203C3D20313030307D5D5D3E3C2F636F6E646974696F6E45787072657373696F6E3E0A202020203C2F73657175656E6365466C6F773E0A202020203C757365725461736B2069643D2241637469766974795F3071617934387522206E616D653D22E680BBE7BB8FE79086E5AEA1E689B92220666C6F7761626C653A63616E64696461746547726F7570733D22313434303931313431303538313231333431362220666C6F7761626C653A666F726D4B65793D227B2671756F743B666F726D49642671756F743B3A2671756F743B313434303934373637353034313130373936382671756F743B2C2671756F743B726561644F6E6C792671756F743B3A747275652C2671756F743B67726F7570547970652671756F743B3A2671756F743B444550542671756F743B7D223E0A2020202020203C657874656E73696F6E456C656D656E74733E0A20202020202020203C666C6F7761626C653A6F7065726174696F6E4C6973743E0A202020202020202020203C666C6F7761626C653A666F726D4F7065726174696F6E2069643D223136333233383835333637373122206C6162656C3D22E5908CE6848F2220747970653D226167726565222073686F774F726465723D2230223E3C2F666C6F7761626C653A666F726D4F7065726174696F6E3E0A202020202020202020203C666C6F7761626C653A666F726D4F7065726174696F6E2069643D223136333233383835343030383122206C6162656C3D22E68B92E7BB9D2220747970653D22726566757365222073686F774F726465723D2231223E3C2F666C6F7761626C653A666F726D4F7065726174696F6E3E0A20202020202020203C2F666C6F7761626C653A6F7065726174696F6E4C6973743E0A20202020202020203C666C6F7761626C653A7661726961626C654C6973743E3C2F666C6F7761626C653A7661726961626C654C6973743E0A20202020202020203C666C6F7761626C653A7573657243616E64696461746547726F75707320747970653D2244455054222076616C75653D2231343430393131343130353831323133343136223E3C2F666C6F7761626C653A7573657243616E64696461746547726F7570733E0A2020202020203C2F657874656E73696F6E456C656D656E74733E0A202020203C2F757365725461736B3E0A202020203C73657175656E6365466C6F772069643D22466C6F775F303538636D736222206E616D653D22E68AA5E99480E98791E9A29DE5A4A7E4BA8E313030302220736F757263655265663D22476174657761795F3137397A676E7022207461726765745265663D2241637469766974795F30716179343875223E0A2020202020203C636F6E646974696F6E45787072657373696F6E207873693A747970653D2274466F726D616C45787072657373696F6E223E3C215B43444154415B247B746F74616C416D6F756E74203E20313030307D5D5D3E3C2F636F6E646974696F6E45787072657373696F6E3E0A202020203C2F73657175656E6365466C6F773E0A202020203C73657175656E6365466C6F772069643D22466C6F775F3079637838666222206E616D653D22E5908CE6848F2220736F757263655265663D2241637469766974795F3071617934387522207461726765745265663D224576656E745F306E766A786768223E0A2020202020203C657874656E73696F6E456C656D656E74733E0A20202020202020203C666C6F7761626C653A637573746F6D436F6E646974696F6E20747970653D226F7065726174696F6E22206F7065726174696F6E547970653D226167726565223E3C2F666C6F7761626C653A637573746F6D436F6E646974696F6E3E0A2020202020203C2F657874656E73696F6E456C656D656E74733E0A2020202020203C636F6E646974696F6E45787072657373696F6E207873693A747970653D2274466F726D616C45787072657373696F6E223E3C215B43444154415B247B6F7065726174696F6E54797065203D3D20276167726565277D5D5D3E3C2F636F6E646974696F6E45787072657373696F6E3E0A202020203C2F73657175656E6365466C6F773E0A202020203C73657175656E6365466C6F772069643D22466C6F775F30396237756E7222206E616D653D22E68B92E7BB9D2220736F757263655265663D2241637469766974795F3071617934387522207461726765745265663D2241637469766974795F30336B6A757274223E0A2020202020203C657874656E73696F6E456C656D656E74733E0A20202020202020203C666C6F7761626C653A637573746F6D436F6E646974696F6E20747970653D226F7065726174696F6E22206F7065726174696F6E547970653D22726566757365223E3C2F666C6F7761626C653A637573746F6D436F6E646974696F6E3E0A2020202020203C2F657874656E73696F6E456C656D656E74733E0A2020202020203C636F6E646974696F6E45787072657373696F6E207873693A747970653D2274466F726D616C45787072657373696F6E223E3C215B43444154415B247B6F7065726174696F6E54797065203D3D2027726566757365277D5D5D3E3C2F636F6E646974696F6E45787072657373696F6E3E0A202020203C2F73657175656E6365466C6F773E0A20203C2F70726F636573733E0A20203C62706D6E64693A42504D4E4469616772616D2069643D2242504D4E4469616772616D5F666C6F775375626D6974223E0A202020203C62706D6E64693A42504D4E506C616E652062706D6E456C656D656E743D22666C6F775375626D6974222069643D2242504D4E506C616E655F666C6F775375626D6974223E0A2020202020203C62706D6E64693A42504D4E53686170652062706D6E456C656D656E743D224576656E745F31376E32727739222069643D2242504D4E53686170655F4576656E745F31376E32727739223E0A20202020202020203C6F6D6764633A426F756E6473206865696768743D2233362E30222077696474683D2233362E302220783D223130322E302220793D223239322E30223E3C2F6F6D6764633A426F756E64733E0A2020202020203C2F62706D6E64693A42504D4E53686170653E0A2020202020203C62706D6E64693A42504D4E53686170652062706D6E456C656D656E743D2241637469766974795F30336B6A757274222069643D2242504D4E53686170655F41637469766974795F30336B6A757274223E0A20202020202020203C6F6D6764633A426F756E6473206865696768743D2238302E30222077696474683D223130302E302220783D223139302E302220793D223237302E30223E3C2F6F6D6764633A426F756E64733E0A2020202020203C2F62706D6E64693A42504D4E53686170653E0A2020202020203C62706D6E64693A42504D4E53686170652062706D6E456C656D656E743D2241637469766974795F30797778667775222069643D2242504D4E53686170655F41637469766974795F30797778667775223E0A20202020202020203C6F6D6764633A426F756E6473206865696768743D2238302E30222077696474683D223130302E302220783D223335302E302220793D223237302E30223E3C2F6F6D6764633A426F756E64733E0A2020202020203C2F62706D6E64693A42504D4E53686170653E0A2020202020203C62706D6E64693A42504D4E53686170652062706D6E456C656D656E743D22476174657761795F3137397A676E70222069643D2242504D4E53686170655F476174657761795F3137397A676E70223E0A20202020202020203C6F6D6764633A426F756E6473206865696768743D2235302E30222077696474683D2235302E302220783D223531352E302220793D223238352E30223E3C2F6F6D6764633A426F756E64733E0A2020202020203C2F62706D6E64693A42504D4E53686170653E0A2020202020203C62706D6E64693A42504D4E53686170652062706D6E456C656D656E743D224576656E745F306E766A786768222069643D2242504D4E53686170655F4576656E745F306E766A786768223E0A20202020202020203C6F6D6764633A426F756E6473206865696768743D2233362E30222077696474683D2233362E302220783D223933322E302220793D223239322E30223E3C2F6F6D6764633A426F756E64733E0A2020202020203C2F62706D6E64693A42504D4E53686170653E0A2020202020203C62706D6E64693A42504D4E53686170652062706D6E456C656D656E743D2241637469766974795F30716179343875222069643D2242504D4E53686170655F41637469766974795F30716179343875223E0A20202020202020203C6F6D6764633A426F756E6473206865696768743D2238302E30222077696474683D223130302E302220783D223730302E302220793D223337302E30223E3C2F6F6D6764633A426F756E64733E0A2020202020203C2F62706D6E64693A42504D4E53686170653E0A2020202020203C62706D6E64693A42504D4E456467652062706D6E456C656D656E743D22466C6F775F30396237756E72222069643D2242504D4E456467655F466C6F775F30396237756E72223E0A20202020202020203C6F6D6764693A776179706F696E7420783D223735302E302220793D223435302E30223E3C2F6F6D6764693A776179706F696E743E0A20202020202020203C6F6D6764693A776179706F696E7420783D223735302E302220793D223530302E30223E3C2F6F6D6764693A776179706F696E743E0A20202020202020203C6F6D6764693A776179706F696E7420783D223234302E302220793D223530302E30223E3C2F6F6D6764693A776179706F696E743E0A20202020202020203C6F6D6764693A776179706F696E7420783D223234302E302220793D223335302E30223E3C2F6F6D6764693A776179706F696E743E0A20202020202020203C62706D6E64693A42504D4E4C6162656C3E0A202020202020202020203C6F6D6764633A426F756E6473206865696768743D2231342E30222077696474683D2232322E302220783D223438342E302220793D223438322E30223E3C2F6F6D6764633A426F756E64733E0A20202020202020203C2F62706D6E64693A42504D4E4C6162656C3E0A2020202020203C2F62706D6E64693A42504D4E456467653E0A2020202020203C62706D6E64693A42504D4E456467652062706D6E456C656D656E743D22466C6F775F30796378386662222069643D2242504D4E456467655F466C6F775F30796378386662223E0A20202020202020203C6F6D6764693A776179706F696E7420783D223830302E302220793D223431302E30223E3C2F6F6D6764693A776179706F696E743E0A20202020202020203C6F6D6764693A776179706F696E7420783D223935302E302220793D223431302E30223E3C2F6F6D6764693A776179706F696E743E0A20202020202020203C6F6D6764693A776179706F696E7420783D223935302E302220793D223332382E30223E3C2F6F6D6764693A776179706F696E743E0A20202020202020203C62706D6E64693A42504D4E4C6162656C3E0A202020202020202020203C6F6D6764633A426F756E6473206865696768743D2231342E30222077696474683D2232332E302220783D223836342E302220793D223339322E30223E3C2F6F6D6764633A426F756E64733E0A20202020202020203C2F62706D6E64693A42504D4E4C6162656C3E0A2020202020203C2F62706D6E64693A42504D4E456467653E0A2020202020203C62706D6E64693A42504D4E456467652062706D6E456C656D656E743D22466C6F775F303538636D7362222069643D2242504D4E456467655F466C6F775F303538636D7362223E0A20202020202020203C6F6D6764693A776179706F696E7420783D223534302E302220793D223333352E30223E3C2F6F6D6764693A776179706F696E743E0A20202020202020203C6F6D6764693A776179706F696E7420783D223534302E302220793D223431302E30223E3C2F6F6D6764693A776179706F696E743E0A20202020202020203C6F6D6764693A776179706F696E7420783D223730302E302220793D223431302E30223E3C2F6F6D6764693A776179706F696E743E0A20202020202020203C62706D6E64693A42504D4E4C6162656C3E0A202020202020202020203C6F6D6764633A426F756E6473206865696768743D2231342E30222077696474683D2239302E302220783D223537352E302220793D223338332E30223E3C2F6F6D6764633A426F756E64733E0A20202020202020203C2F62706D6E64693A42504D4E4C6162656C3E0A2020202020203C2F62706D6E64693A42504D4E456467653E0A2020202020203C62706D6E64693A42504D4E456467652062706D6E456C656D656E743D22466C6F775F31716967616B72222069643D2242504D4E456467655F466C6F775F31716967616B72223E0A20202020202020203C6F6D6764693A776179706F696E7420783D223536352E302220793D223331302E30223E3C2F6F6D6764693A776179706F696E743E0A20202020202020203C6F6D6764693A776179706F696E7420783D223933322E302220793D223331302E30223E3C2F6F6D6764693A776179706F696E743E0A20202020202020203C62706D6E64693A42504D4E4C6162656C3E0A202020202020202020203C6F6D6764633A426F756E6473206865696768743D2231342E30222077696474683D2239302E302220783D223730342E302220793D223239322E30223E3C2F6F6D6764633A426F756E64733E0A20202020202020203C2F62706D6E64693A42504D4E4C6162656C3E0A2020202020203C2F62706D6E64693A42504D4E456467653E0A2020202020203C62706D6E64693A42504D4E456467652062706D6E456C656D656E743D22466C6F775F31387033687162222069643D2242504D4E456467655F466C6F775F31387033687162223E0A20202020202020203C6F6D6764693A776179706F696E7420783D223435302E302220793D223331302E30223E3C2F6F6D6764693A776179706F696E743E0A20202020202020203C6F6D6764693A776179706F696E7420783D223531352E302220793D223331302E30223E3C2F6F6D6764693A776179706F696E743E0A20202020202020203C62706D6E64693A42504D4E4C6162656C3E0A202020202020202020203C6F6D6764633A426F756E6473206865696768743D2231342E30222077696474683D2232332E302220783D223437312E302220793D223239322E30223E3C2F6F6D6764633A426F756E64733E0A20202020202020203C2F62706D6E64693A42504D4E4C6162656C3E0A2020202020203C2F62706D6E64693A42504D4E456467653E0A2020202020203C62706D6E64693A42504D4E456467652062706D6E456C656D656E743D22466C6F775F30783964783274222069643D2242504D4E456467655F466C6F775F30783964783274223E0A20202020202020203C6F6D6764693A776179706F696E7420783D223239302E302220793D223331302E30223E3C2F6F6D6764693A776179706F696E743E0A20202020202020203C6F6D6764693A776179706F696E7420783D223335302E302220793D223331302E30223E3C2F6F6D6764693A776179706F696E743E0A2020202020203C2F62706D6E64693A42504D4E456467653E0A2020202020203C62706D6E64693A42504D4E456467652062706D6E456C656D656E743D22466C6F775F30306C64766167222069643D2242504D4E456467655F466C6F775F30306C64766167223E0A20202020202020203C6F6D6764693A776179706F696E7420783D223133382E302220793D223331302E30223E3C2F6F6D6764693A776179706F696E743E0A20202020202020203C6F6D6764693A776179706F696E7420783D223139302E302220793D223331302E30223E3C2F6F6D6764693A776179706F696E743E0A2020202020203C2F62706D6E64693A42504D4E456467653E0A202020203C2F62706D6E64693A42504D4E506C616E653E0A20203C2F62706D6E64693A42504D4E4469616772616D3E0A3C2F646566696E6974696F6E733E, 0);
INSERT INTO `ACT_GE_BYTEARRAY` VALUES ('76c5845a-5e3b-11ec-8bee-f20bcee4e113', 1, 'flowSubmit.flowSubmit.png', '76b77a98-5e3b-11ec-8bee-f20bcee4e113', 0x89504E470D0A1A0A0000000D49484452000003D2000001FE0806000000706236BA0000402F4944415478DAEDDD09941C65BD37E088A8A8A8A878AF0B22281E51F182825E142E44E5F8A1A24625E4260189204120646658150103B20A92747758222828C80E4103B264BA9B842540B8C81204050212626493C8223BF5D5FF9DA9A1339909996492CCF23CE7BC67BAABABAB9779BBAA7FFD2E3564080000000000000000000000000000000000000000000000000000000000000000000000000000000000000000000000000000000000000000000000000000000000000000000000000000000000000000000000000000000000000000000000000000000000000000000000000000000000000000000000000000000000000000000000000000000000000000000000000000000000000000000000000000000000000000000000000000000000000000000000000000000000000000000000000000000000000000000000000000000000000000000000000000000000000000000000000000000000000000000000000000000000000000000000000000000000000000000000000000000000000000000000000000000000000000000000000000000000000000000000000000000000000000000000000000000000000000000000000000000000000000000000000000000000000000000000000000000000000000000000000000000000000000000000000000000000000000000000000000000000000000000000000000000000000000000000000000000000000000000000000000000000000000000000000000000000000000000000000000000000000000000000000000000000000000000000000000000000000000000000000000000000000000000000000000000000000000000000000000000000000000000000000000000000000000000000000000000000000000000000000000000000000000000000000000000000000000000000000000000000000000000000000000000000000000000000000000000000000000000000000000000000000000000000000000000000000000000000000000000000000000000000000000000000000000000000000000000000000000000000000000000000000000000000000000000000000000000000000000000000000000000000000000000000000000000000000000000000000000000000000000000000000000000000000000000000000000000000000000000000000000000000000000000000000000000000000000000000000000000000000000000000000000000000000000000000000000000000000000000000000000000000000000000000000000000000000000000000000000000000000000000000000000000000000000000000000000000000000000000000000000000000000000000000000000000000000000000000000000000000000000000000000000000000000000000000000000000000000000000000000000000000000000000000000000000000000000000000000000000000000000000000000000000000000000000000000000000000000000000000000000000000000000000000000000000000000000000000000000000000000000000083509665ABCF9D3BF7821B6EB8E1E56AB59A4D9F3E5D59C9A5B5B5359B3973E66379D951FD531FD43F0000E8E322C45C73CD35D9238F3C923DFFFCF3CA2A2A8F3EFA683663C68C7FE5A1667BF54F51FF0000A00F8B964021A6CF8499E7A74F9F7E97FAA7A87F0000D08745775A21A2EF943CC8BCA8FE29EA1F0000F46131465280E853412653FF14F50F0000064090797AE1826CEEECD3B33B5B0F4F252EC732E1439051FFD43F000010A43B95A79E989FCDB9F290ECB6CBF65FA4C4B2B84D001164D43FF50F000004998632EFCE3F2C16628AF2D09DD304104146FD53FF00004090692C77D58FED36C8C46D028820A3FEA97F000020C8349439D327741B64E23601449051FFD43F0000106404194146FD53FF000080650B32314B727741266E13400419F54FFD03000041A6A1DC73DDE46E834CDC26800832EA9FFA070000824C43797CFEEDD99CAB7EBA78B7DA7C59DC26800832EA9FFA070000824CA772FFCDBF5D2CC8C432E1439051FFD43F7A6C2D6F0100C0400F32CF3D97DD73FDC98B77ABCD97C56D028820A3FEA97F2CB56DF212EFF3B6DE0A0080011A649E7A627EF6D7EB2ADD8E518DDB621D21449051FFD43F5ED3667979222F95F6BFDB794B000006529079EEB96CC13DB5EC8E2B0EEA36C41425D68975B50E0A32EA9FFA47B7A225FAD1BC8C69B81E615ACB3400C0400832AFD50AA875509051FFD43F7A64DB215DB74017E15ACB3400407F0F324BD30AB8A4D64181449051FFD43F3A14DDB9B7ED61C80600A03F0599650D314511480419F54FFD23193AA4ADC579C7D7584F980600E8EF41461164D43FF58FE5568C811EB694EB1761DA98690096CA983163D6FADFFFFDDFEDF352C9CBACBC2CC84BD650E2FAAC1123469C3A72E4C81DF3B2B6778D6E3DF4D0431B4F9D3A75D289279E38E7E0830F7E6ADCB8712F8F1E3DBAA342EDB6DB6E2FECBBEFBE8F1F76D861338F3FFEF81FE615700D415A801064D43F65C5D4BF091326ACD63CB1BE49CBE4DA27BB2A71DBF0F3CF7F7DE7FBB5546AA3C6976A5FEEA7557BF321CB36F639C2F753C2342BDBBEC7D7D76EAAD453CF89A649ADFFD552A96F967FFE368DD25CA96DD1F1B92CD7B7D9A75CDB382E8F2FD5374ACB4AB5B1CD1367BEAFE584EA07E26F579FE5E64AF5ABDD3D7673B93E3A5DC8B2D7B594AB5F6929D7B68ED25CA90F6DA9CCF854E7F5F729D7376F9EDCFAF9AEB6D572627D83BDCBAD9FD8B752DFB0B1C4B2A649B58FF94F3350E4C178BB3CD74CCB83F14B9D82F36B96FC3ED3F3326CE8D0A1AB7B27C9F7BDD9EAB366CD3AA05C2E2FC8837276F4D14767175F7C7176EBADB766F3E7CFCF5E7AE9A5ACF0F8E38F67B7DF7E7B76C925976493274FCEF220FDD2FEFBEF7FFD2EBBECB2B120AD08D2EA9FFAD7BBF63BEECAB736976B0FE65FA48FE8AAE45F98E7E6617AADF485BA523B2AFFA27E7E53B976577E9F8B5EBD5CBDA0B9549DD44FAAF5D0214BD79DBB3BBA79B3D23595A6AF9B7FE6CE6E0BB6B56BF3CFDB7E1DA55CFB4B11749BCAD55BF2EB273595EA47E701F88F11529B4AB5DFE59FE1F55A4AD5333B07DC3C44B7E4EB5F9A97E94D93EB8BD4E9A64AEDFFE5CB7F93977BF3307E61FEF99F924279A93A21DFF6F52D95EAF79B2655B75A3C98577FD85CAAEFD56590AED4F6CCB7538EFD45EC3FF26DDFD676B9568AD7D2D57DC64EB9F90D5DFD00D8DD0F833D590EBD2D0FC29BE521F8869E86E76ECAEC7C5B7EB81DCC66CC98B1CBC489139FDA73CF3DB30B2EB8205BB06041D6134F3CF144FAF2B8D75E7BBD387EFCF8EBF24AB59E20A308D2EA9FFAD73BF62EFFF14DF997D97A53B9BE7BFEE578E222257D51AF5FB5E789F535C797AA5F682ED57E9C07E7FDF3F5E7C7DFFC3E07E6971F4ECB2AB503BAFA52DDC7142178D8726E671B619A95A5A554DFB9B95C9D9A7ED4AAD40EC9FFB6C6F27D4AB5AFE5C179B7FCB33AB3FD87AE03F2CFE8E1CD13677C3C5AA59B26B57E360FABFB46804E2DC8E5DAE4573FF733DF93026DB976D1D829D3DE72E094E9EFC82FFF3E5FEFE7F1794F41BA5C1BDF54A9EF9A2FBFA6B9521F96FFBDA2A5526FCA3FF7B508F3B1DDF1A5191F7D35ECD7B76CBB5F75B708D313269CFFC678DCEE5E57EC5322402FE9B5C76B2C5E6FF16341FC50909707E287828E16F69E2E87DEFE8576E8D0D5F3D07B74572DD0071E7860CA40D75D775DF6E0830F66CF3EFB6CCA382FBCF042BA7EC30D37A406C6430E39A4BB405D19EC3D74079D68853EEFBCF3EED865975DB273CE39A7A3D22CAB68B58E56EA9D76DAE9C55D77DDF540414611A4D53FF5AFF782747CB1DEEFE42BFFA373298274DCDE526EFD9FFCCBF5A111A81B4B5A56A96D917F71FFCF3E5C9DB71CD2BB639C9D1A8B9517A64FA87E20826BBADC1E2CA3EB760AD3A5E9EB16C134FF2C5F9D97D979392F2FA7C4673B05E1726D7A04F1E85A9D7FA67F103F86A5E5F9E7BBFD3ED353AB7484E44AEDBE08D1F1B94F8139BA7E976BFF97BA72E7CF61DFC9D50FA5001FBD5626573F138FDDBEEE1D8B06E909ABE5CBE644988DE511AC279C5E5F235D8F809BEF3322CC17D7635F14A5D85E53A976427EFF2C7FDCE38AF7215ABA23D0A76DE7FB9E08F6CBB21C7AD3E8D1A3D7E9DC0A9DE795ECF4D34FEF7103E2030F3C909D76DA69D123B77398BE231EC7BB3D08E49566BD4AA5F248737373AA10BD29B6D7D2D2F2EC6EBBED76D660F875469011A4D53F656504E9F4A5B35CBBB5A952BB2C4A73B97A7BDB97CFB620DDF645BDB669B4EA44F7CEC692DFEFCAAEC64AF6B1101DA177FB5EDEAE09C8586941BAEDB357FD76EADA5DAEDFD4D68DBBFE873C20FF33426ADB7AD7BF39BFFD92F479AED4A644ABF4B8CA55EF8F922F3F2B75F1CEC3F45E935BDF5D6C3B7A963476EB6E39E18A77B58DC3AEB5B485D9EAEDF138E9B668DDCEEF9FBA8B3704E918631DEB3606E9F67DCA6F8A56E998532105F272FDFAD435BC5CBB330FEC0B1AAEDF9CFF4D9FD1D4125EAA1DDBFE5AB76F6FA189F07D5FFCA0D7B64EED9BD13DBCC7CBA117E5017AC351A346FDBD31F4C610D6471E7964B9F24E0C753DFCF0C33B87E97983AD67EEA00CD1D1953BBA2744B7EC15215AB78F3CF2C86776DD75D7CB07FA407C41469056FF949518A4AFECF832DDDEEAD518A463E2B1D4DA155D421B4BFEE5382626EBA3D5B8E886BDFD0ADCBE09C8586122A4162DCA1178E3B31981B8A9543F799F13677C306E6B0BB9F59DD30F617938CDCBE579B0FD757BCBF4AFDACBDD71BFF6CF7CB45A57DBCBBDD19ADC707DF601C75EFBB67CBDB7B7946AA7E58FF7CBD856FC8DEDED5DAE7E248DB76E0CD2E5DA6F3B026B4390DEA7D4FAC59843A1ABD7B5345DBBF3EDCEDBBB5C4FAD7031DE3BBFFEB78EDB4AB57DA22B7A4F97AB51F49668216E0CD1D10A7DF5D5572F32F7D3F2BAE69A6BD27685E94120BA73474B7484E8E5EDCABD345DBD8F38E28827F3CA759A20A308D2EA9FFAD70B41BA52BB2126234A25FF32DD3948C7B8CB58A7A9523D27261F8ABF5162DD3E1AA48BEEDCD1DA16DD4B776EFFBB3CBADA8E6EDEAC30D1AA1CF30F74EEDA1DE3A623E0464B6B5C8F56E9981830C63AC7B8E7D4225DA90EEF9865BB5CFF4304E9B675EBABE7F73FB56D82B2B616E9F67DC129C52CFD6D930BA671D96744CB7204F708C5316378FEF7F468316E9A54FBEF18271DBD598A09BD1A8374FBF55BE235F4344847808E2EE8AFFEB857FD464C8CD610B2EBF97E68879E2E57A3E80DED63A23BBA73C71988EEBEFBEE159279620C75A7AEDE770C1F3E7C4DFF850126C6444777EE279F7C325B1922AC8F1F3FFEC9BCF21E20C82882B4FAA7FE2D7790BE2F0FCE3F49A5523B24758D6C6C912E55F76E29D5B76D9F65F7A0FC0BF2B83D4EBAE69D31D958CCC6DB074374D19D3B42EFAFE2F7DEF6BFCB1AA697B41DB379B3C27435463ABA3CE79FDD175A26B67EF8D5F5DABA76C7508B08BB79983C260FB53F8A922FBFB108D2EDDB8916E6AF17413A3ECFF967F9C8451EB754BB306DB3521F161312C6E9AFD2B8E37C1F90BA4AE7CF2BBA741761BEAB209DE65628D57ED7D3201DA1372643EBD86ECC5C5EA9DD90869C442B7DFBE59E2E579BE80D31B158634BF48A0AD18D61BAF174C1310199FFC2003273E6CCDD6262B1DE1E13BD3463A6F38AF5ECF0E1C337106414415AFD53FF7A2626FFC9BF60CE683F47EC378AE5D1FADC3E26FAA668DD4A9314956BB3A39528BA8DA63197314370B93E26FF327C58B482C564447DA4EA16A1B6E8CEBD737BF8CD96234C3786E8A27CAFD33A453772DDBCE9DD1FBB2AB52D8A209D66D94FB36957FFDA3EABF6833121585B38AD6F945F7F3C3EA3A9FB751E9CE3F451315B75BEFCDC628C74DC2F0FBC07C7445E6DDDBF63A6FEDA15F936F788DB8A70DE3E43F72969C6EE727DDF08D3A9DBF8A4EA5611CC23B017E13485FD7C1F9282751EA61B5F43E75358B5B56AD747C7E376F7BAD373AAD4166928C99F43255E770C2789734F2FEB72581EEDA7B8EA989D3BBA73AF0CD1CDBBD3F9A61D6B0682E8D2FD8B5FFCE2E9989D7B55B8F8E28B17E661FA62414611A4D53FF5AF67A2B539BE6C2EF625364E7713E7912ED5C616C13A4ADB97EB740AACC951A2052BBE40C7ACDEC5ECC1ABD8D02EC26C5721B82761BAABFB9FD6CDFD75F3A65745D7E918AB1C93751501333E83F1998BEBF1A356B41417978BF5DAD6A9AF13BD46D2F9A02BB57284DE719519EB3797AA3BA5EECF5D94B82D66E66EDB46F5E0B6D3DFD5368D9E2A713DCE3DDFF1BC1A7AA2EC7F62FDBD718EE998C53F2E2FE935B59D8BBA363902F5B2ECB37A63392CABC62EDD31B1586F8E897E2D9D26209B3DD0E78A1A1466CD9A75409C277A458F8B5ED278E95D76D9E5E151A3466D22C82882B4FAA7FE0D5A9B0FE9FE3CD1CB1AA67B12A20BBA79030C4023468CD8AEB14BF7F2CECEBD2CB379378E97CE43FD30FF957EEE84134E5810271A5F95A64D9B16B3D89D29C828828CFAA7FE0D4A45B7EA313D0CC54B0AD3CB12A23B3F1F611A6080C8B3C6B422C4C679A25785B3CE3AAB31484FF75FE9C71E7AE8A18D77DB6DB71E9F70BCB7C5A9B6468D1AF5CF81766E6941469051FF1441FA350DED41685DDA30BD3C21BA102DD38F0E31661AA0DFCB33C65A8D63A35755F68956F0C689C7F2E7B4B6FF4E3F3575EAD4493FFFF9CFB3BEE0C73FFEF1ECE872D11FDEB7F805292F5B0A32828CFAA708D24B5F27BBB0D990EEBB732F6B98EE8D10DD18A69D671AA09F1F83F2D0BA7D115E0F3CF0C0559A79E254C30D417A47FFC17EAA5C2EDF79F1C517F789207DC61967DCD15FA6836FEC929187FFCD05194146FD530673905EDA3AD945487DADEEDC3D0DD3ABF562882EE8E60DD0CF8F4191318AF556F590D6C85EC573C99FEFA9FE83FDD4C1071FFCD4ADB7DEDA2782F42DB7DC724F5EA166F5A70F6C43B9BCAB5FC204194146FD530653907EAD3AD945385D9E96DEAEC2F45F7A394437867EB37903F4D36350648CE2F6EBAEBB6E95669E38AF74C3739DE53FD84F8D1B37EEE5553D3EBAF0D8638F3D9D57A605FDF403DBF14B58E30757901164D43F659006E92EEB64BBCD7A31947615A67B3B443786692DD300FDF0181419A358FEE0830FAED2CC337FFEFCC6E7B9C07FB09F8AC1EE2BF3FC69AF252A547FFEC036FE12165D4B04194146FD53067390EE5C2787BC7A9EE631BDF8F0D19DBB734BF45FDA97F7B6DE68490760251F831AAFBFF0C20BAB34EFC4E3373E1FFFC17E5CF1FA92A5F820F4ABB2A283CCA38F3E9A9D72CA29D9BC79F35E73DDBBEFBE3BBBF7DE7B175976CB2DB7A4E9FFE3F273CF3DB7D87DE6CE9D9B3DF3CC33E9729CFBEE8E3BEE586C9DAEEED757CB40AB5F2BB3FEC5AFB7A79E7A6AAA73457D78F8E187D3EC93F1CBEA534F3DB5D87DA2BE4C9A34297BE8A187BADDEE65975D96FDE94F7F4A97FFF9CF7FA6F3D9479D8AF2EF7FFF7B91FA573C5E57E55FFFFA5797DB8FEE5BA552A9DBC7BFEBAEBBB2A953A7767C1EE2B9C663DF78E38DE9F1D4BFDE2BDFF9CE778A907B722F1EC696D422BD34E7995E16C70DF6FFA5A2284A7F2E7D2DF348A45AA47BC35303A0453ACD3C3E74E8D0D563BD151DA423DCC417C6080B7182F7B7BFFDEDD93BDEF18E8EF2D18F7EB463DD6F7DEB5BD97AEBAD97C6656CBDF5D6D951471D951D73CC31E93E4F3FFD74F6C94F7E32BBEAAAAB3AD68F40B1D65A6B65FBEEBB6FBA7EC41147646F78C31B52F0687C0E975E7A69F6FAD7BF3E7BD39BDEB45889F5172E5CB8C8FA63C78ECD3EF8C10F661FFAD087B2F7BFFFFDD9CC9933B508F6E1FA173FBE5C74D14559CCEE1F75EDA4934ECACE39E79C74EA86C6D0326EDCB8C57E5889C93CE2B608A85DFDF072DB6DB765ABAFBE7AF6810F7C203D4ED487CE61281E37D68DFADD4D584AE5D8638F4DEBCD9A352B3D97A6A6A65436DC70C374FB0F7FF8C38E6571FBF5D75F9FD63FF9E493533D8FCB5127E3731197DFF8C63766679F7DB6FAD7CB757248EF768F5E9A31D2BD1DA6B54803F4C36350E3F2F8D15E8B34CB6D8F3DF678BEAF8C917EF8E187E7F4E331D29DBF2C0E59D1413A02E891471E99BE2C46D8FDC637BE917DFEF39F4F330146F888CBFFFDDFFF9DD68D6511583EFBD9CF669B6DB6590A126BAEB9669AFE7FEDB5D7CE0E3BECB0EC7DEF7B5F470BDCD5575F9D02D357BFFAD5B45EB4E8BDE52D6FC9FEE77FFE27058FC6F0FB8F7FFC236B6969C9C68F1FBF4889C78F10D3F97947388950BEF3CE3BA7E7DEDB61659006E91556FFA2C578DD75D7CDDEF5AE77655FFCE217B377BEF39DD9C73FFEF16CF8F0E1A93EFCF18F7F4CFFC7E8D9102DC8F1A34AFC38F3EE77BF3BD59DB82D826A5C8FE5ABADB65A6A3DBEFFFEFBB32F7CE10BD9565B6D156398D28F3C871F7E78F6B39FFD2CDD278273D4E3A217C50F7EF0838E753A9737BFF9CDD9F1C71F9FD68B90FFBAD7BD2EDB75D75D53891F90DEF39EF7C4AC981DCBE2399C75D659D98C1933B2EF7FFFFBE9799E77DE79D9C73EF6B1ECB8E38E4BDB89FA1E9F9B6BAEB926BBFDF6DBD5BF5EAA939DC2E8F284E9EE4E71D5D5ACDDBD15A6639CDD53438C9106E877C7A0C631D20F3CF08031D22CBF030E38E01F7D65D6EE59B3665DDD0F67ED9E95878061DD7C595CA141FADA6BAF5D2C487FFDEB5F4FADD4DB6CB34DF6B5AF7D2DBBE28A2BD2BA116CA37578F3CD37CF3EF7B9CF657BECB1470A47D10A1D2D6FB17C830D3648A138D66F6E6E4EA1E2FCF3CFCF7EFAD39FA6C79832654ABA1EEBE5F5A6A36B79EC8CA2FBEE2F7EF18B6CE2C4891DE5D39FFE74B6DD76DBA596EDAEBAC8C63AB1DD38979E20DDB7EB5F0C1F88001DFFCB35D65823BBE4924BB23DF7DC33DB76DB6DB3BDF6DA2BFBAFFFFAAF8E96E608D2954A255D3EF7DC73D3FFF8E69B6F4ED7E3C799B81EBF044780FEF297BF9C7A27C4F6B7DF7EFB547FE3C797BDF7DEBBA305BAE84A1E413A6E8B70DBB944088E501E3FF04457F0A89F11FA63FBF1E3516C678B2DB648D7BFF4A52F653FFAD18F5257F4781DDFFDEE7753688E1F8BA2CEC7E7235AAD63D98E3BEE983E37C5EB51FF96BF4E36589EF333BFD679A25FEB3CD3CB62685EE6E5C5F93E01FAE131C8ACDDF4BAC30F3FFCAABE721EE9134E38615A3F3A8FF4925A5B564A902EBA5FC797C4D34E3B2DB5BC45CB5F048628112C225047888D30F2E31FFF38AD1BA17AA79D764A2D84D1DD35CA37BFF9CD74DBDFFFFEF7B4DD68611EB2846EB445903EF8E08397B85EE7F51B4B3CB7B82DC28B20DD77EB5FB40AC78F22D1EABBC9269B7484D2FCB15389D6DCC6FF6F63908E71F9BFFEF5AF3BEA5563909E3D7B760AB35177DFFBDEF7A62100D153225AA737DE78E3D46B21D67DECB1C7D27DA39EC68F3E5B6EB965F695AF7C2585F828118CE347A158B75EAFA77577DF7DF7D47A1D3D2EBEF7BDEFA5DB22F8C7F5581EDB2A9EEF2F7FF9CBF459B8E79E7B525DFCF0873F9C0E6C11A4E37EF14381FAD77B75B29365E926FD5A217AC80A08D366EB06E8E7C7A0C6F348C70FF0CE23CD723BF6D863BF7FFCF1C7BFD2178274FEE5775A7C0806D2FBBB2283748C2F6D0CB29B6EBA696A2D8E2013A17AD8B061A93B774CC414933E45D7DB21ED635CA37B6B84EE082D51228CC46DD1CDBF08D29FFAD4A752AB7784A2B8ED0F7FF843BAFE894F7CA22338C576A3252F5AB0637CF519679C91D63DF1C413D3FA11BCE271E7CC99B3C873FFEB5FFF9ABAD7EEB2CB2E69FDC6B1D98274DFAA7FD15A1C6134BAE21765D4A8511D4136FEFFD14A1D13D3750ED29D4B63903EF3CC33D398E818971C213D026E04F3A88F516F8A2EDE45908EA01B63FAA36E46288E301CADD4B18DF86128C6EA178F13B7C5B8EBA85FD13323B61307ABB81EEB17413A26392BC67A4788EEDCB53BB6AFFEAD703D09D34B1BA27B334C0BD10003236C6F5F84D7F8617D558ADE980DA7E8D2D3A9BF1A3366CC1AF997CB176246DC557C0EE9181FFD683C1F4166E94A8C098D303AA4BDDB758CF58CAEB1D165362E478949C562DDA27B76512224C7D8E8623C73746F6D0CD2D1B576C8125A98F7D9679F8EE751B4744737D898882C2E47D88A96C308EB31DEBAF3738F2016E129BA924778892EBB3163B320DD37EB5FD4A9E8FE5F94F821A5E8DA1DA1385A948B00BAB4413A426CAC173FBA7CFBDBDF4EE3A7A33B7704E918721093871541FA77BFFB5D1AE35CFCF0539418A73DA4BD853C6E8FD6EF2248AFB3CE3AE96F315374D4CFC6E5B1DE6EBBED966E8BD01C3F12753546BA3767A517A45F334C6FD78B21BA37C2743CAF65ED7E0E40DFCA3C6BE559E3C522C0DE77DF7DAB24F3440357FE3DF8958620BDB6FF4E3F76E08107D6A74D9BB64A8374FE85FA3779653A539059FA12DD65FFFCE73FA72F8631D6225ADB224847988819B3DFFAD6B7A6801DEB46B7D9E8661BEB46EBF04F7EF293EC6D6F7B5B6AB58E12934615413A5A8B2FBCF0C2B49D68612E82728C838EEBB13C66718EF58AE712EB47D82AC66C4789EEB2F1FC3A3FEF980C2A6E8F5F03E37A4CFA34A4BDC55090EE9BF52FC647C718FCF89F6DB4D146D90E3BECD011A4E3F6A877D16ADD9320DDD8DA1D3FECC48F37B1CD08C4F1234FD113220E3851EF62E2BB08D83191583C97A8B7F1B8B14E84FB68799E3C797247908EDE1913264C48BD2F86B4CF2310D73FF2918F7404E9F84CC40F525157E37A57413ABA98F7D6387E417A8922AC3EDA4D685DD610BD3C61BA08D15AA2010688FCBBE6B422C0C677E45521BEF73684E8E9FE2BFD5C1EC0361E3B76EC4BAB6A2AF8975E7A695E5E91EE1D356AD42682CCB28D916E0CD2110E622C69048EE2FCBC8DA7CA8A16C0E80A1B331947308A122DC445908EC0316429C63D47B7F2279E7822ED10A24570487B4B751192A3B53C261B6B7C0E71BEDE08F9D13DBCE8B21B25C25371BF15795E6A417AD98374FC9FE372B4ECC6FF2B426FF43A88C01A13721D74D0413D0ED2316B765C8F19C16306CBDFFCE637699841D4DF182F1D2DCE51C78AFB4737F2A8D73174214ED916BD18E2FE11781B1F27C27384E3184B1D213BD6891F7AE27A2C6FECB25D8C912E8274F4E488F05C04E9E84A1E3F1CA87F2B2D4C77D532BDF37284E82585E9EF75B3EED0214E710530E0C410D222C4C677E1F8B17E658A1EC03BEFBC73636BF430FF9501A0A9A969C6AA9A74ECA8A38E3A23AF4C1708323D2B114222CCC417C21B6FBC310580388555849EE82A1DC12126828AD6BCC673FAC6B8E968CD8B96C5581EBD118AAEDC11A4239CFFE52F7F49A7278A52B420C76314CBE2F668118FBFB1BDE83E1BA7D08A73F0C6BA37DD74530A21F17C2264C558EA68D18E1014933945779AC6D712A7438AE71BF78D19C505E9BE17A4E30790A84FF1FF8E6019ADBA114C237446C08D49EDE24790F81FC7F5C6FBC7846231B95CD4CB38BF79E36DB1AD18DF1F3FB84457EB186F1DBF1247A88DFAD3F935447D8E6DC40F3EC538EADFFFFEF78BAC13A7ACAAD56A1D97639DA8B7451D28CE211D7FE3401A2DE03153770C3788E71FDDC6E3B5C6738E31DCD18343FD5B69BAEAE6DD1882972544F7643B9B0F696B19DFDEBF0260E0699CBD3B4EA1F9D24B2FADB4CC138FD7788AAE1E4ED0495F357CF8F0F7E641ECF9957D5EB53FFFF9CF33F28AF454FEF81B08323D2BB366CD4AE76A2E5AED8A6013813AC2F0934F3E9926012B26FA8AF01A3310C7A450D1C5F5339FF94C5A7EF4D147A7701BDBE9AA35385E438C752ECEE7DBB9FCED6F7FEB18B31DA7328A401CAD85B12C9E436B6B6BC7E3476B6657A7C28A12F789401F2DEA8274DFAA7FD1A53A66EF8E59B16372AEF8B1237EC489FAD6B85E0C21883A19639A1B97C729F6A295388272FC30D3785B04E818731DF527C27371CAB6D85604DA9860ACF3F3895F9063FD389F75F4C268ECDDD0B9C418FDEE8619FCEA57BFCAD65F7FFDF47AA287453C5651CFE3F5C6B6A3A7C7BC79F3D4BF951FA63B8F4D8ED0FBBD21CB7F3EE8256DA7E85EAE3B37C000B5C30E3B6CD378CEE9F89EB032C40FFB8D8F9B7FC7D1EB692019356AD4F83C78FD7B6575F17EE69967EECC1FF3CEBC32ED27C82866ED56FF5664B77EF5AF5F86E995395BB6D9B90106893C7B1C5704DA68208890BBA2CF1BBDE38E3BBED210A42BFE0B03D0AEBBEEFADBC30E3B6C8587E9975E7AE9815D76D9A59657A4930519459051FFD43FBA09B72BA385D8ECDC00834874A96EECE21D61FABAEBAE5B61217AE79D777EB92144DF317CF8F035FD170668C5CA03EEEF0F3DF4D0275754988E96E83CB0D7635CF4403BDD952023C8A87F8AFAD7EB617A4586DC62FB5AA20106913C3CAF9367917B1AC37474F3EECD31D3D1D2DDA9257A5E5ED6F3EE0FF0303D6AD4A829E3C78F7FB2B7C74CC798E8F6EEDC270FF4102DC80832EA9F2248F78A15D5CDBBE8CEAD251A60108A50DB18A68B09C8967736EF989DBBD3C46242F4603362C48871A3478F7EFABCF3CE7BE285175E58EE535CB5CFCEFDD4401E132DC80832EA9FA2FEF58B301DB3732F18A2251A60506B6F999ED5187AE38C1EA79F7E7A3A9B4D4F44008FD385369EE2AAE8CE2D440F42319BF7C891232FCC2BC4C20B2EB8E0BEC71F7FFCC59E54A8C71E7B6C4EA552F94DBE8DBBA32B77FE774341461164D43FF58F65D05BDDBC870AD100741C14860E5D7DC48811133B85DF540E3AE8A0ECBCF3CE4B63A8A3A76ED1B8187FE7CF9F9FC6405F72C925D921871C928D1A35EA952EB65131267A90CB2BD746793935AF204FEEB3CF3EB79E76DA69B7DE78E38DF7FDFDEF7F7FA621373F15C179D6AC59579F70C209D376DF7DF76979E579340FCFE7E4F7DB6430BE6F828C20A3FE298274AF5ADE96E9E2FECE130DC022DA4F8D35ABAB40BD0C65B6535CB18818D7DC5EC962DAF89830ECFEBCBCD8506916B457C04A1EBCB71B0CE3A005194146FD53D4BF5512A6B75D86FB999D1B80258A0C936799699D32CE52953C3C4FCFCBB068E5F64E822023C8A87F8AFAD717C3744F42B1D9B901E8913163C6AC9587EAFF8D06C2F686C2059D82736A408C5EBB7978DE3186C47AD740901164D43F45FDEBEB96F63CD366E70660B9E58179F3A2955AB76D10640419F54F51FFFA7B985E52481E3A64C59C3A0B80C117A4A7368E81F68E802023C8A87F8AFAD79F75D7CD7BCB2166E706A017E4C179B3CE63A6632CB5770604194146FD53D4BFFE1EA61B5B9E8B70BDA3B706805E08D2D3BA9A99DBA46220C80832EA9FA2FE0D94307DDC10DDB901E8BD10BD59773378C70CDDDE2110640419F54F51FFFABB6DE38BCD10138B01D07B41FAF2259CF26A96770804194146FD53D4BF81F085C7FB0C406F1D53367BADF3491B2B0D828C20A3FE29EA9F200D00AF1E53A62D29449BC11B04194146FD53D43F411A001C674090510469FF77F5CF171C00709C0141461164D43FF50F5F7000709C0141461164D43FF50F5F7000709C0104194146FD5304695F7000709C0104194146FD53D43F5F7000709C0104194146FD53D43F5F7000C0710604194590F67F57FF7CC10100C7191064144146FD53FFF0050700C71918A8AAD5AA00D177CAB379907951FD53D43F5F7000C07106FAB09933672E78E4914784883E50E6CF9F7F6E1E64EE52FF14F5CF171C00709C813EAC56AB7DEBEAABAF5EF8F0C30FFF5B9858752D8111625A5B5BFF9697EDD53F45FDF30507001C67A08FCBBF3C6F377DFAF4D9D1AD33C648F6B772CE39E764B1C3E88FCFBDBDC4FB7ED7600D31FDBDFE0D8032A8EB9F2F380038CE00837567312D761843870E5DDDBB01F8820380E30CC0128C183162F37C67F162EC30468E1CB9AD7704F0050700C719802507E9A9B1B3682FB3BD23802F380038CE0074BF93D8AC688D2E4A1EACB7F3CE00BEE000E03803D0F54E625A63882E5AA58D95067CC101C0710660F11DC462ADD145193972E430EF10E00B0E008E33008BEE202EEF2A44B79759DE21C0171C001C67005EDD3974DB1A6DAC34E00B0E008E33008BEF1CA62D29449BC11BF0050700C719003B0CC0FE0A001C67003B0CC0FE0A001C67003B0C00FB2B001C67003B0C00FB2B001C67003B0C00FB2B001C67003B0C00FB2B001C6700EC3000FB2B00709C01EC3000FB2B00709C01EC3000ECAF00709C01EC3000ECAF00709C01EC3000ECAF1854B22C5B7DEEDCB917DC70C30D2F57ABD56CFAF4E9CA4A2EADADADD9CC99331FCBCB8E6A248E33801D0680FD157D5C84E86BAEB9267BE49147B2E79F7F5E5945E5D1471FCD66CC98F1AF3C546FAF56E23803D86100D85FD187454BB410DD67C2F4F3D3A74FBF4BADC47106B0C300B0BFA20F8BEEDC426CDF2979907E51ADC47106B0C300B0BFA20F8B31BA026C9F0AD2F60738CE00761800F6570C8420FDF4C205D9DCD9A76777B61E9E4A5C8E65C2AF208DE30C608701607F8520DDA93CF5C4FC6CCE958764B75DB6FF222596C56D02B0208DE30C608701607F8520DD50E6DDF987C54274511EBA739A002C48E33803D86100D85F21483796BBEAC7761BA4E336015890C67106B0C300B0BF42906E2873A64FE83648C76D02B0208DE30C608701607F85202D480BD238CE00761800F657B06C413A66E9EE2E48C76D02B0208DE30C608701607F8520DD50EEB96E72B7413A6E138005691C67003B0C8041BDBFDAF7F8FADA4D95FA8E71B96952EB7FB554EA9B8D2FD5368DD25CA96D51ACD752AE6FB34FB9B6715C1E5FAA6F9496956A639B27CE7C5FCB09D50FC4DFCEDB6EA9D4463557AA5FEDEEB19BCBF5D1E94296BDAEA55CFD4A4BB9B67594E64A7D684B65C6A7165B3F5FBE6FA5BE6157DB6A39B1BEC1DEE5D64FC4ED8D2596354DAA7D4CCD5BFA20FDF8FCDBB33957FD74F16EDDF9B2B84D0016A4719C01EC300006F5FEAAA9347DDDE672EDECB6605BBBB6B954DDAFA3946B7F29826E53B97A4B7EFDA4A652FDE83C00FF31426A53A9F6BBE689F5F55A4AD5339B27B77EBE53886EC9D7BF342FD39B26D7B75BE4312BB5FF972FFF4D5EEECDC3F88579609F924279A93A21DFF6F52D95EAF79B2655B75A2C48976A87E7617A589741BA52DB33DF4E39DFC6A43CF49F9F6FFBB6B6CBB552BC96AEEE3376CACD6FE8BC6CC28409AB75B56E4F97F7E7201DE5FE9B7FBB58908E65C2AF208DE30C60870130A8F7572DA5FACECDE5EAD43C6CCECD43E821F9DFD658BE4FA9F6B53C38EF9687DA9929C0566A07A4103B71C6C7A355BA6952EB67F3B0BA6F04E8D4825CAE4D2EB6B97779E67B52A02DD72E1A3B65DA5B0E9C32FD1DF9E5DFE7EBFD7CCF13EB6BA6205DAE8D6FAAD477CD975F13C138FF7B454BA5DED454AED722CCC776C797667C34427A3C97680D8F92827BA9F6E3E27ADC36AE3263FDCEAF6B7CA9FA8508D04B7AED6DDB6D7BBDC58F05F143415E1E881F0A3A5AD87BBA7C2004E9E79ECBEEB9FEE4C5BB75E7CBE236015890C67106B0C30018D4FBABE8961DC1355D6E0F96D1753B85E9D2F4758B609A07C6ABF3323B2FE7E5E594BCD453102ED7A647108FAED5CDA5FA0FF2EBF3D3F252FDAAF6FB4C4FADD211922BB5FB224447A04E8139BA7E976BFF97BA72E7CF61DFC9D50FA5005FA91ED13CB9FA99B6405CFF5984FCF6A07F676A35EFB85EFF59D3A4DA7F4F9870FE1B279C5E5F23C26D0AB895DA1611E68BEB7B97FFF8A628F15AE2B1F3407E42BE9D2C7FDCE38AF7217FBE7B45A08F16E614D6F360BF2CCBFB7B907EEA89F9D95FAFAB743B463A6E8B758460411AC719C00E03605007E96851CD83ECB753482DD76F6AEBC65DFF431E5CFF1921B56DBDEBDF9CDF7E490A9195DA9468951E57B9EAFD51F2E567A52EDE7998DE6B72EBBB8B6DE7E1F9C0C66EDD2D275CF1AEB671D8B596B6305BBD3D1E27DD16ADDBF9FD53AB737B90EEFC5CDBD6AFCD9930A1BE7AE3F2F1A5DA9753202FD7AF4F5DC3F3C09D07F6050DD76FCEFF6E9F9E53B484976AC7B6BFD6B4AC3D7CDFD7526EFD9FB6756ADF8CEEE13D5EDE9F83F473CF650BEEA965775C7150B721BA28B14EACAB755A90C67106B0C3001874FBAB9808AC68518EC01B2DD211889B4AF593F73971C607E3B6B6905BDF390F8B974538CDCBE579D8FD757BCBF4AFDACBDD71BF68F56D6FB5AEB6977BF37247C3F5D9071C7BEDDBF2F5DEDE52AA9D963FDE2F635BF137B6B777B9FA9134DEBA8B201DADD5EDE1FEE7CDA5EA4E4B7A5D4BD3B53B7FBC797B97EBEBA46D57EA1BE6D7FFD6715BA9B64F3C4E4F97F7D720FD5AADD05AA705691C67003B0C00FBAB76D1AA1C937A75EEDA1DE3A623E0464B6B5C8F56E93C28AF15639D63DC736A91AE548777CCB29D07DC08D26DEBD657CFEF7F6ADB04656D2DD2ED01FB94E1E79FFFFAB6005F3BAA7D5CF61931E95804F7FC3E17C48CE1F9DFD3A3C538BA6C770ABE67E7E17B873406BB5CBFA973AB744F827404E8E8825E5C6F2957BF1113A3353C563D1EABA7CBFB6B905E9A56E825B54E0BC482348E33801D06C0A0DA5F7535463ABA3CE7E1F0859689AD1F7E75BDB6AEDD715AAA08BB79983CA6A552FD51947CF98D45906EDF4EB4307FBD08D24DE5EAB8A672EDC8451EB754BB306DB3521F96AFB77B9CFE2A8D3B2E5527A5AED2F9F37A35A8569BF3ED9DDB71DFE81A5EA95F5C743BEF69908ED01B93A175FCA0103397576A37A4F1CED14ADF7EB9A7CBFB6B905ED6105D14815890C67106B0C3001834FBABD4525CA96D5104E968596D9B4DBBFAD7F659B51F8C09C1DAC2697DA3FCFAE3D1B53B75BFCE83739C3E2A66AB8E905B8C918EFBE5C1F9E098C8ABADFB777D624CCA956F738FB8AD08E7ED33749F9266EC2ED7F78D309DBA8D4FAA6E15C13C05F689333E9E5AC72BB5CBA24B78E373CFD7F94EACB74FA9F58B8B84E4D4AA5D1F1D8FDBDDEB4ECFA9523B6091FB95EB9578DD31D63ACE3DBDACCBFB63905604691C67003B0C00FBABA514A7988AB1CA3159571130F330BB7F749F8EEB319158B41417978BF5DAD6A9AFB3C749D7BC339D0FBA522B478B6C9C8A2AC62FA7EECF5D94B82DC63AB76DA37A70CCA09D6F73D3E652FD27717DBFE3AE7C6BC7F3AAD4F66C0FD5DFE93610E7413B4E83B5C8B2742EEADAE408D43D7D3F8AD3732DEF72415A11A4974EEAD531B1BE49CBE4DA27BB2A715B312464D11FCC6AA38AFD11BE1703761880FD1508D282F4A0113F9E45CF9734C1601725CDA530B1BE56FA912CCDAD503FBFA95CBB2B8666BC7AB97A410C09F1E9769C01EC3000FB2B10A405E901AF7D22C27A0CED681B06D2504AD5FDE27CF46D3D57AA5F88F3B5476F98982830FEC61C0CF9E587D3B24AED80E8C1E213EE3803D86100F65720480BD2832248C77092FD4EBEF23F3A972248C7ED71DEF63C341F1A81BAB1A46595DA164D935AFFD327DC7106B0C300ECAF409016A40745908ECBF9DF5BD3F9EAF3D25CAEDE9EC64FB707E9B83DCDA750AEFFB1A5541BDB58F2FB5D199313FA743BCE00761880FD1508D282F4600BD25716CB3B4EC5D710A463E2B17C9DD931B9E122A55CFBBF9898CCA7DB7106B0C300ECAF409016A4075790AED46E689EDCFAF954F2C0DC3948EF53AE6D1CEB3455AAE7C479E8E36F94585790769C01EC3000FB2B10A405E9C118A4EF8B53E1A552A91D3224CB5EB7488B74A9BA774BA9BE6DCCD0DD52AE1DD454AE8E8B53F0C5646371BA3C9F6EC719C00E03B0BF02415A901EF0269C5E5F230FCD332234B794ABDF289647EB73FB98E89BC64E99F6969613EB1B44CB739CBF3E0FCE97C779ED9B4BB5C3F3DBC7E4A1FAB0FCB6DF3757EA437DC21D67003B0CC0FE0A0469417A408BD6E69672BDD279791E8A87A5F348976A638B601D252EB79F026B7294FCF2912D27543F10B37A3795A6AFEB13EE3803D86100F65720480BD2E03803D86100D85F21482B82348E33801D0680FD1582B4B20282F4D0A14357576B719C01EC3000FB2BFB2B56809123474ECFCB9682F4C008D25996BDF7A1871E9A75DD75D765071F7CF0BE02358E33801D06607F052BA05E4589403D62C488CD05E9FE1BA41F7CF0C1439E7DF6D917B376CF3DF7DC0BE79E7BEE3D7BEDB5977325E33803D86100F657D0DB41BAA15CDE550BB520DD7783F4D34F3FBDF1C30F3FFC40D68DFBEFBFFFD9638E39E6943163C6ACA1C6E33803D86100F657D0FB41BAA385BA31500BD27D2F48E7D698376FDE992FBFFCF22BD96B78E595575EBEE28A2B1E6B6969F9865A8FE30C608701D85FC10A08D28D2DD4D1E55B90EE5BE5A69B6ECA162E5CF8AFAC879E78E289E74E3EF9E4EAC89123D756FB719C01EC30008147515660591941FAE9A79FCE5A5B5B3BAE3FF5D453594C9AF5CC33CF2CB6EE2DB7DC12638057D87389C72D954ADDDE7ED75D776553A74EED782E0F3DF4507A3E37DE7863F6F0C30FAFD0F769FEFCF959B95C8E509C2D43904EF755A795EE8AA32D204803C0B2FF40337BC48811DB15B33EAF8C207DDE79E7C531393BF9E493D3F5134E38215DBFFCF2CB17592F82EA1A6BAC914D9830215DDF7AEBADB3CD37DF3C95CF7CE6331DCBF7DB6FBF6CC30D37CC3EF1894F64EBAFBF7EF6F18F7F3C7BFBDBDF9EBDE31DEFE8286F7DEB5BB3EBAFBF3E9B356B56366EDCB8ACA9A92995B85F3CF60F7FF8C38E65717BAC1BDB8EE7B8D65A6BA5CB1FFAD087B2A38E3A2A5D7EE31BDF989D7DF6D92BFCBDBAE4924BB2B163C75E9A3F9F05AFBCF2CA4B4B13A2172E5C78F6EEBBEF5ECFFFAF53F3FFEF7A6A3F00823400F44E905E244017567490BEFDF6DBB3E38E3B2E5B77DD75B3CD36DB2C85E8F7BCE73DD97AEBAD9796FFF5AF7FED5877EFBDF74E2176E6CC99A985F5F0C30FCF7EFAD39F663BECB0430ABF7BEDB5575AAF56AB65BBEEBA6B0ACF53A64CC936D96493F41A870F1F9E7DF4A31F4D2DCEB17E74933EE79C73B2D7BDEE7569FD28DFFAD6B7D2E3E7EF45C7B2D5565B2D3BEBACB3B219336664DFFFFEF7B335D75C3385FF8F7DEC63E939C663BEE52D6FC92EBEF8E2EC9A6BAE49AF69454F363672E4C861871D76D8BCFC7D786409E3A3E7E4AFFFD4FCB5DF13EBABF50008D200D03B417A5684ACEECE3BBCA283F405175C9042ED85175E985D7AE9A51DE58C33CE48CBAFBCF2CAB4DE6F7FFBDB1478BFFAD5AFA6801C013ABA849F72CA29E9FADBDEF6B6ECB2CB2E4BEB2E5CB830B51C47208E56ECCF7DEE73D9DA6BAF9DAEBFF9CD6FCE3EF2918FA46DCF9E3D3B751F3FE08003B22F7EF18BD997BFFCE5ECB39FFD6CBA6D8B2DB648D7BFF4A52F653FFAD18F5277F3680DFEEE77BF9B427384F108D2B1ED68B58E653BEEB863F68637BC21AB542A2B65D6EEE1C387AF397AF4E8D245175DF4C8CB2FBFFCEF860CFDECBDF7DE7B4A7EDB9C1123464C1C3366CC5A6A3C008234002CFF71B0CB16E85515A4FFFCE73F677FFBDBDF3A4AB4163706E908AED11A1DCB3EF9C94FA656E7F7BFFFFDA9B5788F3DF6C8B6DC72CB8E56E9238E38225D8E12A139C27174FBFEC94F7E922E478B7111A463DBBBEFBE7B6A013FF0C003B3EF7DEF7BE9B63DF7DC335D8FE5D1CDBB78BEBFFCE52FB377BFFBDDD93DF7DC9382F4873FFCE1F4834404E9210DADE22BF33CD2F9E36FD6D2D272FBDCB973E7FFFBDFFF9E71D041079D173F90C472351D00411A0056B2151DA47FF7BBDF7584DEAE4AB44E17EB1E7DF4D1A945F94F7FFA536A211E366C586A857EECB1C7B2471F7D34DD3E6DDAB4D41D3C42F33BDFF9CE3406FAD39FFE7497DB8EDB62BB11943FF0810F64BBECB24BF6B5AF7D2DDD16DF13E27A84F52248C7E38E1E3D3ADD1E21BA73D7EE1FFCE0072BF53CD28DE2079191234736B79FC2ACF9B57E200100411A00FA69908E59AFEBF57A1A7F7CE28927A6901AE134C641C763DF7FFFFD69BD187F1CADCF313E39C653B7B4B4A4AEDE9DC3F1BDF7DE9BD68FAEE1D1953BBA6EC7ECDA37DC70436A2DDE78E38DD3E5983CECF1C71FEF08D2EBACB34EFAFB9DEF7C276D27BA69372E8FF576DB6DB7745B84E66BAFBDB6CB31D22B7246F12505E9C640ADD602204803C0000ED2DB6DB75D47B7ED430F3D34DB74D34D534B728C6DDE669B6D3A426C04ED2F7CE10BD94E3BED94BA69DF7CF3CD6956EF934E3A2985DB8B2EBA28B54EC7F8E858FFF4D34FCF565F7DF534B3F6461B6D9466E98E99B563DDB81CB37F476B7811A437D86083B4DD985C2CD6D977DF7DD3F5E81A5E3C87BBEFBE3B3BFEF8E353D7EEB8DE55908E6EE5871C72C82A0BD200204803C0000ED27FFFFBDF53A08D71C7FFF11FFF9126E98A16E8F3CF3F3F1B33664C0AB0AF7FFDEBB33973E664CF3EFB6C6A6DBEEAAAAB5217EE534F3D356D23BA6747F05DB06041C77623CC46CB7504E7B163C7A6801D413B5A99E3F45671391E63EEDCB969FD08CF118EBFF295AFA45369C5F6B6DA6AAB743D963776D92EC64817413A66F18EC72B8274B494C72CE282340082340008D2BD5EF6DF7FFFD43A1CDDBBDFF7BEF7A519B06382AF08D01166A3C5380276B40EC7CCDA43DABB6FC7B26DB7DD36DB7EFBEDD3ACDAB12C4E5B15336A47F7F028D1BAFDE0830F66BFFEF5AFD3A9ACE2B81FDDBA2304173396FFEC673F4BCF234E591593971597637B4597F278FDC539A4E36FB488C70CE03153778CD78EEEE523478E4CC13D5AD0A3053CC6670BD20008D2002048F77A8956E438ED555C8EF347470BF0D65B6F9D026984E768858EB1D24F3EF96476DB6DB7A516DF071E7820AD7FF5D557A7F34A373737779408B7679E79E6228F11E77B1E3F7EFC22EB15EB46E0EEFC9C62BB11B66316F1CEB7FDEA57BFCAD65F7FFD344BF8C1071F9C1D73CC311D63B27FFEF39F675FFFFAD7D30465F3E6CD13A40110A401409056FA4211A40110A40140905604690004690010A415411A00411A0004694590064090F62E0080202D480380200D0082B4200D0082340008D28A200D80200D0082B42248032048038020AD08D20008D20020482B82340082B47701000469411A0004690010A405690010A40140905604690004690010A415411A00411A00046945900640900600415A11A40110A4BD0B0020480BD20020480380202D480380200D0082B42248032048038020AD08D20008D20020482B82340082340008D28A200D8020ED5D0000415A900600411A000469411A0004690010A415411A00411A0004694590064090068081A35AAD0AB07DA73C9B07E917D54A00046900E8C366CE9CB9E091471E1162FB40993F7FFEB97990BE4BAD04409006803EAC56AB7DEBEAABAF5EF8F0C30FFFBB9F87D07EDD121D21BAB5B5F56F79D95EAD04409006803E2E0F6FDB4D9F3E7D76742B8E31BAFDADDC74D34D59B95CCEA64E9D9AF5C7E7DFFEBEDF254403204803002B5C96656BFCF39FFF7C22978D1D3BF652EF080008D200C012CC9B37EFCCACDDF5D75F3F7FE4C891C3BC2B00204803005D78FAE9A7377EF9E5975FC91A1C79E491F3C68C19B396770700046900A0937FFCE31F73B34E162E5CF88FD1A34797BC3B00204803000D1E7CF0C143B26E4C9D3AF51FF9F780CDBC4B002048030043D20463EF7DEEB9E75EE82E48BFF2CA2BCFB7B4B4DC3E74E8D0D5BD5B00204803C0A0F7D0430FCDCA5EC3DCB973E78D1C39B2D9BB05008234000C7AD75D77DD6BE5E8ECD9679FBD3ABE0B8C1933660DEF180008D20030A81D7AE8A17B2DA96B77E4E8830E3AE83C2DD20020480300EDCE3DF7DCBF7497A2EFBDF7DE53F2EF01B38C910600411A0068377CF8F00DF2C0FC6C17138DCD193D7AF41CB3760380200D007472DC71C755F2E0FC7263903EEDB4D37E3562C48889DE1D0010A401804EA2EBF615575CF14811A2172E5C78767EFCBF67CC98316B79770040900600BA306EDCB82F3DF1C413CFE5251B3B766CEBC8912387795700409006009660CA94299797CBE56CC4881153BD1B0020480300AF21BA72C7713F2620F36E0080200D0038EE0380032A00E0B80F000EA80080E33E0038A002008EFB00E0800A0038EE03000EA800E0B80F0038A002008EFB00E0800A0038EE0380032A00E0B80F000EA80080E33E0038A002008EFB0080032A0038EE03000EA80080E33E0038A002008EFB00E0800A0038EE0380032AD0578CAB5CF5FEE652FD0771B9A532E353CD13EB9B14A5A552DF6CEF727D9DB86DEC94696F692AD7772FEE17B73557AA5FF50E82E33E00E0800A834A1E98D76B2AD57E972E976BB7B5946B8715A5A95C3BB2695275ABB8ADA95CDDADB9523B20DD29CB5E97AF7B6953A57659FEF7DAA6C9F5EDBC93E0B80F0038A0C2809707E1EF3697EB7FC8C3F003CDE5EAA9F9DFFA222BE48139FE4C983061B5E652FDAA6895CED7D9A5A9543F3A0FD607EF7B7C7DED08D2074E99FE8E58C73B0A8EFB0080032A0CFC305D9ABE6E4BA97A665C6E29D7EECC83F1F4A234956B0B62791EA2F7CAAFDFD354AED7F2BFBF8DE09DDF362BFF7B475EAECECB9CF1A5EA17BC9BE0B80F0038A0C2E008D2E5FAF94DA5FA969D5BA48BEBFB9F587F6FCBE4DA27A3557AC284F3DF18DDBCF3F0FDEDE6526D9F08D0D13ADD34A9F5B3DE4D70DC07001C50618087E8FA962DA5DA8579607EB4BDD5F9C6FCFA0E45C9AFDF1AEB4D98505F3D0FCED36252B2282948976B3FCF6FFF4D7EFD27F9DFF35ACAD5CF7947C1711F00704085012D66DE8E71D245D7EE3C10CFCE03F4D8A23455EABBA6F5CAB5ADA375BAB9543B36D66F0FD2A5A672ED7B515A2AD5EF374D6AFD4FEF2838EE03000EA830E0358E915E6CB2B14EF63971C6073B5AA44BD56F17CBA3EB771EB20FF76E82E33E00E0800A03DA84D3EB6BA4F3457704E9EAEDED9389A512A7C54AADCE95FA88E8F69DDF3EB5B95C1F1D250FD3C7C7B8E868D56E29D70E6A29D77FE61D05C77D00C0011506B4E64A6D8B1823DD54A97DB3FDFA9438A55551A2BBF61E275DF3CE3D4FACAF39FCFCF35F5FDC6FEFF21FDF9407ECF1F9FA873497AA13F2B277BEECEDDE5170DC07001C5001C0711F00704005001CF701C001150070DC0700075400C0711F001C500100C77D00704005001CF7010007540070DC07001C500100C77D0058A907544551144551064FF1ED070000000000000000000000000000000000000000000000000000000000000000000048FE3FE6B3B726DE9F69ED0000000049454E44AE426082, 1);
INSERT INTO `ACT_GE_BYTEARRAY` VALUES ('83c9896f-5e3a-11ec-8bee-f20bcee4e113', 1, 'flowContract.bpmn', '83c9896e-5e3a-11ec-8bee-f20bcee4e113', 0x3C3F786D6C2076657273696F6E3D22312E302220656E636F64696E673D225554462D38223F3E0A3C646566696E6974696F6E7320786D6C6E733D22687474703A2F2F7777772E6F6D672E6F72672F737065632F42504D4E2F32303130303532342F4D4F44454C2220786D6C6E733A7873693D22687474703A2F2F7777772E77332E6F72672F323030312F584D4C536368656D612D696E7374616E63652220786D6C6E733A7873643D22687474703A2F2F7777772E77332E6F72672F323030312F584D4C536368656D612220786D6C6E733A666C6F7761626C653D22687474703A2F2F666C6F7761626C652E6F72672F62706D6E2220786D6C6E733A62706D6E64693D22687474703A2F2F7777772E6F6D672E6F72672F737065632F42504D4E2F32303130303532342F44492220786D6C6E733A6F6D6764633D22687474703A2F2F7777772E6F6D672E6F72672F737065632F44442F32303130303532342F44432220786D6C6E733A6F6D6764693D22687474703A2F2F7777772E6F6D672E6F72672F737065632F44442F32303130303532342F44492220786D6C6E733A62706D6E323D22687474703A2F2F7777772E6F6D672E6F72672F737065632F42504D4E2F32303130303532342F4D4F44454C2220786D6C6E733A64693D22687474703A2F2F7777772E6F6D672E6F72672F737065632F44442F32303130303532342F44492220786D6C6E733A64633D22687474703A2F2F7777772E6F6D672E6F72672F737065632F44442F32303130303532342F44432220747970654C616E67756167653D22687474703A2F2F7777772E77332E6F72672F323030312F584D4C536368656D61222065787072657373696F6E4C616E67756167653D22687474703A2F2F7777772E77332E6F72672F313939392F585061746822207461726765744E616D6573706163653D22687474703A2F2F666C6F7761626C652E6F72672F62706D6E222069643D226469616772616D5F666C6F77436F6E747261637422207873693A736368656D614C6F636174696F6E3D22687474703A2F2F7777772E6F6D672E6F72672F737065632F42504D4E2F32303130303532342F4D4F44454C2042504D4E32302E787364223E0A20203C70726F636573732069643D22666C6F77436F6E747261637422206E616D653D22E59088E5908CE5AEA1E689B92220697345786563757461626C653D2274727565223E0A202020203C657874656E73696F6E456C656D656E74733E0A2020202020203C666C6F7761626C653A657865637574696F6E4C697374656E6572206576656E743D22656E642220636C6173733D22636F6D2E666C6F772E64656D6F2E636F6D6D6F6E2E666C6F772E6C697374656E65722E557064617465466C6F775374617475734C697374656E6572223E3C2F666C6F7761626C653A657865637574696F6E4C697374656E65723E0A202020203C2F657874656E73696F6E456C656D656E74733E0A202020203C73746172744576656E742069643D224576656E745F3170736D697364223E3C2F73746172744576656E743E0A202020203C757365725461736B2069643D2241637469766974795F306E796C61317222206E616D653D22E59088E5908CE5BD95E585A52220666C6F7761626C653A61737369676E65653D22247B7374617274557365724E616D657D2220666C6F7761626C653A666F726D4B65793D227B2671756F743B666F726D49642671756F743B3A2671756F743B313434303935343932303334383934363433322671756F743B2C2671756F743B726561644F6E6C792671756F743B3A66616C73652C2671756F743B67726F7570547970652671756F743B3A2671756F743B41535349474E45452671756F743B7D223E0A2020202020203C657874656E73696F6E456C656D656E74733E0A20202020202020203C666C6F7761626C653A6F7065726174696F6E4C6973743E0A202020202020202020203C666C6F7761626C653A666F726D4F7065726174696F6E2069643D223136333233383839363537313222206C6162656C3D22E68F90E4BAA42220747970653D226167726565222073686F774F726465723D2230223E3C2F666C6F7761626C653A666F726D4F7065726174696F6E3E0A20202020202020203C2F666C6F7761626C653A6F7065726174696F6E4C6973743E0A20202020202020203C666C6F7761626C653A7661726961626C654C6973743E3C2F666C6F7761626C653A7661726961626C654C6973743E0A2020202020203C2F657874656E73696F6E456C656D656E74733E0A202020203C2F757365725461736B3E0A202020203C73657175656E6365466C6F772069643D22466C6F775F303063657865612220736F757263655265663D224576656E745F3170736D69736422207461726765745265663D2241637469766974795F306E796C613172223E3C2F73657175656E6365466C6F773E0A202020203C757365725461736B2069643D2241637469766974795F3175637268353222206E616D653D22E4B89AE58AA1E983A8E9A286E5AFBCE5AEA1E689B92220666C6F7761626C653A63616E64696461746547726F7570733D22247B64657074506F73744C65616465727D2220666C6F7761626C653A666F726D4B65793D227B2671756F743B666F726D49642671756F743B3A2671756F743B313434303935343932303334383934363433322671756F743B2C2671756F743B726561644F6E6C792671756F743B3A747275652C2671756F743B67726F7570547970652671756F743B3A2671756F743B444550545F504F53545F4C45414445522671756F743B7D223E0A2020202020203C657874656E73696F6E456C656D656E74733E0A20202020202020203C666C6F7761626C653A7461736B4C697374656E6572206576656E743D226372656174652220636C6173733D22636F6D2E666C6F772E64656D6F2E636F6D6D6F6E2E666C6F772E6C697374656E65722E44657074506F73744C65616465724C697374656E6572223E3C2F666C6F7761626C653A7461736B4C697374656E65723E0A20202020202020203C666C6F7761626C653A6F7065726174696F6E4C6973743E0A202020202020202020203C666C6F7761626C653A666F726D4F7065726174696F6E2069643D223136333233383839373234353522206C6162656C3D22E5908CE6848F2220747970653D226167726565222073686F774F726465723D2230223E3C2F666C6F7761626C653A666F726D4F7065726174696F6E3E0A20202020202020203C2F666C6F7761626C653A6F7065726174696F6E4C6973743E0A20202020202020203C666C6F7761626C653A7661726961626C654C6973743E3C2F666C6F7761626C653A7661726961626C654C6973743E0A2020202020203C2F657874656E73696F6E456C656D656E74733E0A202020203C2F757365725461736B3E0A202020203C73657175656E6365466C6F772069643D22466C6F775F30346B63616A632220736F757263655265663D2241637469766974795F306E796C61317222207461726765745265663D2241637469766974795F31756372683532223E3C2F73657175656E6365466C6F773E0A202020203C73657175656E6365466C6F772069643D22466C6F775F30323666766E712220736F757263655265663D2241637469766974795F3175637268353222207461726765745265663D22476174657761795F30396364787466223E3C2F73657175656E6365466C6F773E0A202020203C706172616C6C656C476174657761792069643D22476174657761795F30396364787466223E3C2F706172616C6C656C476174657761793E0A202020203C757365725461736B2069643D2241637469766974795F3133386D346E6E22206E616D653D22E5B7A5E7A88BE983A8E5AEA1E689B92220666C6F7761626C653A63616E64696461746547726F7570733D22313434303936333639383436303938373339322220666C6F7761626C653A666F726D4B65793D227B2671756F743B666F726D49642671756F743B3A2671756F743B313434303935353139343939313937323335322671756F743B2C2671756F743B726561644F6E6C792671756F743B3A747275652C2671756F743B67726F7570547970652671756F743B3A2671756F743B444550542671756F743B7D223E0A2020202020203C657874656E73696F6E456C656D656E74733E0A20202020202020203C666C6F7761626C653A6F7065726174696F6E4C6973743E0A202020202020202020203C666C6F7761626C653A666F726D4F7065726174696F6E2069643D223136333233383839373831303122206C6162656C3D22E5908CE6848F2220747970653D226167726565222073686F774F726465723D2230223E3C2F666C6F7761626C653A666F726D4F7065726174696F6E3E0A20202020202020203C2F666C6F7761626C653A6F7065726174696F6E4C6973743E0A20202020202020203C666C6F7761626C653A7661726961626C654C6973743E3C2F666C6F7761626C653A7661726961626C654C6973743E0A20202020202020203C666C6F7761626C653A7573657243616E64696461746547726F75707320747970653D2244455054222076616C75653D2231343430393633363938343630393837333932223E3C2F666C6F7761626C653A7573657243616E64696461746547726F7570733E0A2020202020203C2F657874656E73696F6E456C656D656E74733E0A202020203C2F757365725461736B3E0A202020203C73657175656E6365466C6F772069643D22466C6F775F307A7A307539672220736F757263655265663D22476174657761795F3039636478746622207461726765745265663D2241637469766974795F3133386D346E6E223E3C2F73657175656E6365466C6F773E0A202020203C757365725461736B2069643D2241637469766974795F30746D336D706822206E616D653D22E980A0E4BBB7E983A8E5AEA1E689B92220666C6F7761626C653A63616E64696461746547726F7570733D22313434303936333733333038343936363931322220666C6F7761626C653A666F726D4B65793D227B2671756F743B666F726D49642671756F743B3A2671756F743B313434303935353139343939313937323335322671756F743B2C2671756F743B726561644F6E6C792671756F743B3A747275652C2671756F743B67726F7570547970652671756F743B3A2671756F743B444550542671756F743B7D223E0A2020202020203C657874656E73696F6E456C656D656E74733E0A20202020202020203C666C6F7761626C653A6F7065726174696F6E4C6973743E0A202020202020202020203C666C6F7761626C653A666F726D4F7065726174696F6E2069643D223136333233383839383233373722206C6162656C3D22E5908CE6848F2220747970653D226167726565222073686F774F726465723D2230223E3C2F666C6F7761626C653A666F726D4F7065726174696F6E3E0A20202020202020203C2F666C6F7761626C653A6F7065726174696F6E4C6973743E0A20202020202020203C666C6F7761626C653A7661726961626C654C6973743E3C2F666C6F7761626C653A7661726961626C654C6973743E0A20202020202020203C666C6F7761626C653A7573657243616E64696461746547726F75707320747970653D2244455054222076616C75653D2231343430393633373333303834393636393132223E3C2F666C6F7761626C653A7573657243616E64696461746547726F7570733E0A2020202020203C2F657874656E73696F6E456C656D656E74733E0A202020203C2F757365725461736B3E0A202020203C73657175656E6365466C6F772069643D22466C6F775F317978716265302220736F757263655265663D22476174657761795F3039636478746622207461726765745265663D2241637469766974795F30746D336D7068223E3C2F73657175656E6365466C6F773E0A202020203C73657175656E6365466C6F772069643D22466C6F775F31323465387A332220736F757263655265663D2241637469766974795F3133386D346E6E22207461726765745265663D22476174657761795F306F79366F666C223E3C2F73657175656E6365466C6F773E0A202020203C706172616C6C656C476174657761792069643D22476174657761795F306F79366F666C223E3C2F706172616C6C656C476174657761793E0A202020203C73657175656E6365466C6F772069643D22466C6F775F3175766A3364732220736F757263655265663D2241637469766974795F30746D336D706822207461726765745265663D22476174657761795F306F79366F666C223E3C2F73657175656E6365466C6F773E0A202020203C757365725461736B2069643D2241637469766974795F3179757579696522206E616D653D22E8B4A2E58AA1E983A8E5AEA1E689B92220666C6F7761626C653A63616E64696461746547726F7570733D22313434303936343531393339313133373739322220666C6F7761626C653A666F726D4B65793D227B2671756F743B666F726D49642671756F743B3A2671756F743B313434303935353132373739303833333636342671756F743B2C2671756F743B726561644F6E6C792671756F743B3A747275652C2671756F743B67726F7570547970652671756F743B3A2671756F743B504F53542671756F743B7D223E0A2020202020203C657874656E73696F6E456C656D656E74733E0A20202020202020203C666C6F7761626C653A6F7065726174696F6E4C6973743E0A202020202020202020203C666C6F7761626C653A666F726D4F7065726174696F6E2069643D223136333233383930333738313422206C6162656C3D22E5908CE6848F2220747970653D226167726565222073686F774F726465723D2230223E3C2F666C6F7761626C653A666F726D4F7065726174696F6E3E0A202020202020202020203C666C6F7761626C653A666F726D4F7065726174696F6E2069643D223136333233383930343234383922206C6162656C3D22E68B92E7BB9D2220747970653D22726566757365222073686F774F726465723D2231223E3C2F666C6F7761626C653A666F726D4F7065726174696F6E3E0A20202020202020203C2F666C6F7761626C653A6F7065726174696F6E4C6973743E0A20202020202020203C666C6F7761626C653A7661726961626C654C6973743E3C2F666C6F7761626C653A7661726961626C654C6973743E0A20202020202020203C666C6F7761626C653A64657074506F73744C6973743E0A202020202020202020203C666C6F7761626C653A64657074506F73742069643D2264657074506F73745F5F313434303936343531393339313133373739322220747970653D2264657074506F7374222064657074506F737449643D2231343430393634353139333931313337373932223E3C2F666C6F7761626C653A64657074506F73743E0A20202020202020203C2F666C6F7761626C653A64657074506F73744C6973743E0A2020202020203C2F657874656E73696F6E456C656D656E74733E0A202020203C2F757365725461736B3E0A202020203C73657175656E6365466C6F772069643D22466C6F775F316B79686E6C7A2220736F757263655265663D22476174657761795F306F79366F666C22207461726765745265663D2241637469766974795F31797575796965223E3C2F73657175656E6365466C6F773E0A202020203C757365725461736B2069643D2241637469766974795F3039386E63767722206E616D653D22E6B395E58AA1E983A8E4BC9AE7ADBE2220666C6F7761626C653A61737369676E65653D22247B61737369676E65657D2220666C6F7761626C653A666F726D4B65793D227B2671756F743B666F726D49642671756F743B3A2671756F743B313434303935353030313039333439323733362671756F743B2C2671756F743B726561644F6E6C792671756F743B3A747275652C2671756F743B67726F7570547970652671756F743B3A2671756F743B41535349474E45452671756F743B7D223E0A2020202020203C657874656E73696F6E456C656D656E74733E0A20202020202020203C666C6F7761626C653A6F7065726174696F6E4C6973743E0A202020202020202020203C666C6F7761626C653A666F726D4F7065726174696F6E2069643D223136333233383931393036363222206C6162656C3D22E5908CE6848F2220747970653D226D756C74695F6167726565222073686F774F726465723D2230223E3C2F666C6F7761626C653A666F726D4F7065726174696F6E3E0A202020202020202020203C666C6F7761626C653A666F726D4F7065726174696F6E2069643D223136333233383931393734303622206C6162656C3D22E68B92E7BB9D2220747970653D226D756C74695F726566757365222073686F774F726465723D2231223E3C2F666C6F7761626C653A666F726D4F7065726174696F6E3E0A20202020202020203C2F666C6F7761626C653A6F7065726174696F6E4C6973743E0A20202020202020203C666C6F7761626C653A7661726961626C654C6973743E3C2F666C6F7761626C653A7661726961626C654C6973743E0A2020202020203C2F657874656E73696F6E456C656D656E74733E0A2020202020203C6D756C7469496E7374616E63654C6F6F7043686172616374657269737469637320697353657175656E7469616C3D2266616C73652220666C6F7761626C653A636F6C6C656374696F6E3D2261737369676E65654C6973742220666C6F7761626C653A656C656D656E745661726961626C653D2261737369676E6565223E0A20202020202020203C636F6D706C6574696F6E436F6E646974696F6E3E247B6E724F66496E7374616E636573203D3D206E724F66436F6D706C65746564496E7374616E6365737D3C2F636F6D706C6574696F6E436F6E646974696F6E3E0A2020202020203C2F6D756C7469496E7374616E63654C6F6F704368617261637465726973746963733E0A202020203C2F757365725461736B3E0A202020203C73657175656E6365466C6F772069643D22466C6F775F3064693671613622206E616D653D22E5908CE6848F2220736F757263655265663D2241637469766974795F3179757579696522207461726765745265663D2241637469766974795F31656577743031223E0A2020202020203C657874656E73696F6E456C656D656E74733E0A20202020202020203C666C6F7761626C653A637573746F6D436F6E646974696F6E20747970653D226F7065726174696F6E22206F7065726174696F6E547970653D226167726565223E3C2F666C6F7761626C653A637573746F6D436F6E646974696F6E3E0A2020202020203C2F657874656E73696F6E456C656D656E74733E0A2020202020203C636F6E646974696F6E45787072657373696F6E207873693A747970653D2274466F726D616C45787072657373696F6E223E3C215B43444154415B247B6F7065726174696F6E54797065203D3D20276167726565277D5D5D3E3C2F636F6E646974696F6E45787072657373696F6E3E0A202020203C2F73657175656E6365466C6F773E0A202020203C6578636C7573697665476174657761792069643D22476174657761795F316D356672757A223E3C2F6578636C7573697665476174657761793E0A202020203C73657175656E6365466C6F772069643D22466C6F775F306A7976317A622220736F757263655265663D2241637469766974795F3039386E63767722207461726765745265663D22476174657761795F316D356672757A223E3C2F73657175656E6365466C6F773E0A202020203C757365725461736B2069643D2241637469766974795F316833706E787922206E616D653D22E680BBE7BB8FE79086E5AEA1E689B92220666C6F7761626C653A63616E64696461746547726F7570733D22313434303931313431303538313231333431362220666C6F7761626C653A666F726D4B65793D227B2671756F743B666F726D49642671756F743B3A2671756F743B313434303935343932303334383934363433322671756F743B2C2671756F743B726561644F6E6C792671756F743B3A747275652C2671756F743B67726F7570547970652671756F743B3A2671756F743B444550542671756F743B7D223E0A2020202020203C657874656E73696F6E456C656D656E74733E0A20202020202020203C666C6F7761626C653A6F7065726174696F6E4C6973743E0A202020202020202020203C666C6F7761626C653A666F726D4F7065726174696F6E2069643D223136333233383934343935303822206C6162656C3D22E5908CE6848F2220747970653D226167726565222073686F774F726465723D2230223E3C2F666C6F7761626C653A666F726D4F7065726174696F6E3E0A202020202020202020203C666C6F7761626C653A666F726D4F7065726174696F6E2069643D223136333233383934353238353022206C6162656C3D22E68B92E7BB9D2220747970653D22726566757365222073686F774F726465723D2231223E3C2F666C6F7761626C653A666F726D4F7065726174696F6E3E0A20202020202020203C2F666C6F7761626C653A6F7065726174696F6E4C6973743E0A20202020202020203C666C6F7761626C653A7661726961626C654C6973743E3C2F666C6F7761626C653A7661726961626C654C6973743E0A20202020202020203C666C6F7761626C653A7573657243616E64696461746547726F75707320747970653D2244455054222076616C75653D2231343430393131343130353831323133343136223E3C2F666C6F7761626C653A7573657243616E64696461746547726F7570733E0A2020202020203C2F657874656E73696F6E456C656D656E74733E0A202020203C2F757365725461736B3E0A202020203C73657175656E6365466C6F772069643D22466C6F775F31663879786F7622206E616D653D22E5908CE6848FE4BABAE695B0E5A4A7E4BA8E3430252220736F757263655265663D22476174657761795F316D356672757A22207461726765745265663D2241637469766974795F316833706E7879223E0A2020202020203C636F6E646974696F6E45787072657373696F6E207873693A747970653D2274466F726D616C45787072657373696F6E223E3C215B43444154415B247B6D756C74694167726565436F756E74202F206D756C74694E756D4F66496E7374616E636573203E20302E347D5D5D3E3C2F636F6E646974696F6E45787072657373696F6E3E0A202020203C2F73657175656E6365466C6F773E0A202020203C656E644576656E742069643D224576656E745F3132616A6F3364223E3C2F656E644576656E743E0A202020203C73657175656E6365466C6F772069643D22466C6F775F31613371636C6D22206E616D653D22E5908CE6848F2220736F757263655265663D2241637469766974795F316833706E787922207461726765745265663D224576656E745F3132616A6F3364223E0A2020202020203C657874656E73696F6E456C656D656E74733E0A20202020202020203C666C6F7761626C653A637573746F6D436F6E646974696F6E20747970653D226F7065726174696F6E22206F7065726174696F6E547970653D226167726565223E3C2F666C6F7761626C653A637573746F6D436F6E646974696F6E3E0A2020202020203C2F657874656E73696F6E456C656D656E74733E0A2020202020203C636F6E646974696F6E45787072657373696F6E207873693A747970653D2274466F726D616C45787072657373696F6E223E3C215B43444154415B247B6F7065726174696F6E54797065203D3D20276167726565277D5D5D3E3C2F636F6E646974696F6E45787072657373696F6E3E0A202020203C2F73657175656E6365466C6F773E0A202020203C73657175656E6365466C6F772069643D22466C6F775F306C6C6F79353622206E616D653D22E68B92E7BB9D2220736F757263655265663D2241637469766974795F3179757579696522207461726765745265663D2241637469766974795F306E796C613172223E0A2020202020203C657874656E73696F6E456C656D656E74733E0A20202020202020203C666C6F7761626C653A637573746F6D436F6E646974696F6E20747970653D226F7065726174696F6E22206F7065726174696F6E547970653D22726566757365223E3C2F666C6F7761626C653A637573746F6D436F6E646974696F6E3E0A2020202020203C2F657874656E73696F6E456C656D656E74733E0A2020202020203C636F6E646974696F6E45787072657373696F6E207873693A747970653D2274466F726D616C45787072657373696F6E223E3C215B43444154415B247B6F7065726174696F6E54797065203D3D2027726566757365277D5D5D3E3C2F636F6E646974696F6E45787072657373696F6E3E0A202020203C2F73657175656E6365466C6F773E0A202020203C757365725461736B2069643D2241637469766974795F3165657774303122206E616D653D22E6B395E58AA1E983A8E5AEA1E689B92220666C6F7761626C653A63616E64696461746547726F7570733D22313434303936343338373937393339393136382220666C6F7761626C653A666F726D4B65793D227B2671756F743B666F726D49642671756F743B3A2671756F743B313434303935353030313039333439323733362671756F743B2C2671756F743B726561644F6E6C792671756F743B3A747275652C2671756F743B67726F7570547970652671756F743B3A2671756F743B504F53542671756F743B7D223E0A2020202020203C657874656E73696F6E456C656D656E74733E0A20202020202020203C666C6F7761626C653A7661726961626C654C6973743E3C2F666C6F7761626C653A7661726961626C654C6973743E0A20202020202020203C666C6F7761626C653A64657074506F73744C6973743E0A202020202020202020203C666C6F7761626C653A64657074506F73742069643D2264657074506F73745F5F313434303936343338373937393339393136382220747970653D2264657074506F7374222064657074506F737449643D2231343430393634333837393739333939313638223E3C2F666C6F7761626C653A64657074506F73743E0A20202020202020203C2F666C6F7761626C653A64657074506F73744C6973743E0A20202020202020203C666C6F7761626C653A6F7065726174696F6E4C6973743E0A202020202020202020203C666C6F7761626C653A666F726D4F7065726174696F6E2069643D223136333233383933333730323422206C6162656C3D22E4BC9AE7ADBE2220747970653D226D756C74695F7369676E222073686F774F726465723D223022206D756C74695369676E41737369676E65653D227B2671756F743B61737369676E6565547970652671756F743B3A2671756F743B444550545F47524F55502671756F743B2C2671756F743B61737369676E65654C6973742671756F743B3A2671756F743B313434303936333634323534323532363436342671756F743B7D223E3C2F666C6F7761626C653A666F726D4F7065726174696F6E3E0A202020202020202020203C666C6F7761626C653A666F726D4F7065726174696F6E2069643D223136333233383933343139303122206C6162656C3D22E58AA0E7ADBE2220747970653D226D756C74695F636F6E7369676E222073686F774F726465723D2231223E3C2F666C6F7761626C653A666F726D4F7065726174696F6E3E0A20202020202020203C2F666C6F7761626C653A6F7065726174696F6E4C6973743E0A2020202020203C2F657874656E73696F6E456C656D656E74733E0A202020203C2F757365725461736B3E0A202020203C73657175656E6365466C6F772069643D22466C6F775F307A6D736E33782220736F757263655265663D2241637469766974795F3165657774303122207461726765745265663D2241637469766974795F3039386E637677223E3C2F73657175656E6365466C6F773E0A202020203C73657175656E6365466C6F772069643D22466C6F775F3176737269766222206E616D653D22E5908CE6848FE4BABAE695B0E5B08FE4BA8E3430252220736F757263655265663D22476174657761795F316D356672757A22207461726765745265663D2241637469766974795F306E796C613172223E0A2020202020203C636F6E646974696F6E45787072657373696F6E207873693A747970653D2274466F726D616C45787072657373696F6E223E3C215B43444154415B247B6D756C74694167726565436F756E74202F206D756C74694E756D4F66496E7374616E636573203C3D20302E347D5D5D3E3C2F636F6E646974696F6E45787072657373696F6E3E0A202020203C2F73657175656E6365466C6F773E0A202020203C73657175656E6365466C6F772069643D22466C6F775F316D323430366622206E616D653D22E68B92E7BB9D2220736F757263655265663D2241637469766974795F316833706E787922207461726765745265663D2241637469766974795F306E796C613172223E0A2020202020203C657874656E73696F6E456C656D656E74733E0A20202020202020203C666C6F7761626C653A637573746F6D436F6E646974696F6E20747970653D226F7065726174696F6E22206F7065726174696F6E547970653D22726566757365223E3C2F666C6F7761626C653A637573746F6D436F6E646974696F6E3E0A2020202020203C2F657874656E73696F6E456C656D656E74733E0A2020202020203C636F6E646974696F6E45787072657373696F6E207873693A747970653D2274466F726D616C45787072657373696F6E223E3C215B43444154415B247B6F7065726174696F6E54797065203D3D2027726566757365277D5D5D3E3C2F636F6E646974696F6E45787072657373696F6E3E0A202020203C2F73657175656E6365466C6F773E0A20203C2F70726F636573733E0A20203C62706D6E64693A42504D4E4469616772616D2069643D2242504D4E4469616772616D5F666C6F77436F6E7472616374223E0A202020203C62706D6E64693A42504D4E506C616E652062706D6E456C656D656E743D22666C6F77436F6E7472616374222069643D2242504D4E506C616E655F666C6F77436F6E7472616374223E0A2020202020203C62706D6E64693A42504D4E53686170652062706D6E456C656D656E743D224576656E745F3170736D697364222069643D2242504D4E53686170655F4576656E745F3170736D697364223E0A20202020202020203C6F6D6764633A426F756E6473206865696768743D2233362E30222077696474683D2233362E302220783D2239322E302220793D223331322E30223E3C2F6F6D6764633A426F756E64733E0A2020202020203C2F62706D6E64693A42504D4E53686170653E0A2020202020203C62706D6E64693A42504D4E53686170652062706D6E456C656D656E743D2241637469766974795F306E796C613172222069643D2242504D4E53686170655F41637469766974795F306E796C613172223E0A20202020202020203C6F6D6764633A426F756E6473206865696768743D2238302E30222077696474683D223130302E302220783D223138302E302220793D223239302E30223E3C2F6F6D6764633A426F756E64733E0A2020202020203C2F62706D6E64693A42504D4E53686170653E0A2020202020203C62706D6E64693A42504D4E53686170652062706D6E456C656D656E743D2241637469766974795F31756372683532222069643D2242504D4E53686170655F41637469766974795F31756372683532223E0A20202020202020203C6F6D6764633A426F756E6473206865696768743D2238302E30222077696474683D223130302E302220783D223334302E302220793D223239302E30223E3C2F6F6D6764633A426F756E64733E0A2020202020203C2F62706D6E64693A42504D4E53686170653E0A2020202020203C62706D6E64693A42504D4E53686170652062706D6E456C656D656E743D22476174657761795F30396364787466222069643D2242504D4E53686170655F476174657761795F30396364787466223E0A20202020202020203C6F6D6764633A426F756E6473206865696768743D2235302E30222077696474683D2235302E302220783D223530352E302220793D223330352E30223E3C2F6F6D6764633A426F756E64733E0A2020202020203C2F62706D6E64693A42504D4E53686170653E0A2020202020203C62706D6E64693A42504D4E53686170652062706D6E456C656D656E743D2241637469766974795F3133386D346E6E222069643D2242504D4E53686170655F41637469766974795F3133386D346E6E223E0A20202020202020203C6F6D6764633A426F756E6473206865696768743D2238302E30222077696474683D223130302E302220783D223636302E302220793D223136302E30223E3C2F6F6D6764633A426F756E64733E0A2020202020203C2F62706D6E64693A42504D4E53686170653E0A2020202020203C62706D6E64693A42504D4E53686170652062706D6E456C656D656E743D2241637469766974795F30746D336D7068222069643D2242504D4E53686170655F41637469766974795F30746D336D7068223E0A20202020202020203C6F6D6764633A426F756E6473206865696768743D2238302E30222077696474683D223130302E302220783D223636302E302220793D223339302E30223E3C2F6F6D6764633A426F756E64733E0A2020202020203C2F62706D6E64693A42504D4E53686170653E0A2020202020203C62706D6E64693A42504D4E53686170652062706D6E456C656D656E743D22476174657761795F306F79366F666C222069643D2242504D4E53686170655F476174657761795F306F79366F666C223E0A20202020202020203C6F6D6764633A426F756E6473206865696768743D2235302E30222077696474683D2235302E302220783D223835352E302220793D223330352E30223E3C2F6F6D6764633A426F756E64733E0A2020202020203C2F62706D6E64693A42504D4E53686170653E0A2020202020203C62706D6E64693A42504D4E53686170652062706D6E456C656D656E743D2241637469766974795F31797575796965222069643D2242504D4E53686170655F41637469766974795F31797575796965223E0A20202020202020203C6F6D6764633A426F756E6473206865696768743D2238302E30222077696474683D223130302E302220783D22313030302E302220793D223239302E30223E3C2F6F6D6764633A426F756E64733E0A2020202020203C2F62706D6E64693A42504D4E53686170653E0A2020202020203C62706D6E64693A42504D4E53686170652062706D6E456C656D656E743D2241637469766974795F3039386E637677222069643D2242504D4E53686170655F41637469766974795F3039386E637677223E0A20202020202020203C6F6D6764633A426F756E6473206865696768743D2238302E30222077696474683D223130302E302220783D22313336302E302220793D223239302E30223E3C2F6F6D6764633A426F756E64733E0A2020202020203C2F62706D6E64693A42504D4E53686170653E0A2020202020203C62706D6E64693A42504D4E53686170652062706D6E456C656D656E743D22476174657761795F316D356672757A222069643D2242504D4E53686170655F476174657761795F316D356672757A223E0A20202020202020203C6F6D6764633A426F756E6473206865696768743D2235302E30222077696474683D2235302E302220783D22313531352E302220793D223330352E30223E3C2F6F6D6764633A426F756E64733E0A2020202020203C2F62706D6E64693A42504D4E53686170653E0A2020202020203C62706D6E64693A42504D4E53686170652062706D6E456C656D656E743D2241637469766974795F316833706E7879222069643D2242504D4E53686170655F41637469766974795F316833706E7879223E0A20202020202020203C6F6D6764633A426F756E6473206865696768743D2238302E30222077696474683D223130302E302220783D22313637302E302220793D223239302E30223E3C2F6F6D6764633A426F756E64733E0A2020202020203C2F62706D6E64693A42504D4E53686170653E0A2020202020203C62706D6E64693A42504D4E53686170652062706D6E456C656D656E743D224576656E745F3132616A6F3364222069643D2242504D4E53686170655F4576656E745F3132616A6F3364223E0A20202020202020203C6F6D6764633A426F756E6473206865696768743D2233362E30222077696474683D2233362E302220783D22313836322E302220793D223331322E30223E3C2F6F6D6764633A426F756E64733E0A2020202020203C2F62706D6E64693A42504D4E53686170653E0A2020202020203C62706D6E64693A42504D4E53686170652062706D6E456C656D656E743D2241637469766974795F31656577743031222069643D2242504D4E53686170655F41637469766974795F31656577743031223E0A20202020202020203C6F6D6764633A426F756E6473206865696768743D2238302E30222077696474683D223130302E302220783D22313139302E302220793D223239302E30223E3C2F6F6D6764633A426F756E64733E0A2020202020203C2F62706D6E64693A42504D4E53686170653E0A2020202020203C62706D6E64693A42504D4E456467652062706D6E456C656D656E743D22466C6F775F316D3234303666222069643D2242504D4E456467655F466C6F775F316D3234303666223E0A20202020202020203C6F6D6764693A776179706F696E7420783D22313732302E302220793D223337302E30223E3C2F6F6D6764693A776179706F696E743E0A20202020202020203C6F6D6764693A776179706F696E7420783D22313732302E302220793D223534302E30223E3C2F6F6D6764693A776179706F696E743E0A20202020202020203C6F6D6764693A776179706F696E7420783D223231302E302220793D223534302E30223E3C2F6F6D6764693A776179706F696E743E0A20202020202020203C6F6D6764693A776179706F696E7420783D223231302E302220793D223337302E30223E3C2F6F6D6764693A776179706F696E743E0A20202020202020203C62706D6E64693A42504D4E4C6162656C3E0A202020202020202020203C6F6D6764633A426F756E6473206865696768743D2231342E30222077696474683D2232322E302220783D223935342E302220793D223532322E30223E3C2F6F6D6764633A426F756E64733E0A20202020202020203C2F62706D6E64693A42504D4E4C6162656C3E0A2020202020203C2F62706D6E64693A42504D4E456467653E0A2020202020203C62706D6E64693A42504D4E456467652062706D6E456C656D656E743D22466C6F775F31767372697662222069643D2242504D4E456467655F466C6F775F31767372697662223E0A20202020202020203C6F6D6764693A776179706F696E7420783D22313534302E302220793D223330352E30223E3C2F6F6D6764693A776179706F696E743E0A20202020202020203C6F6D6764693A776179706F696E7420783D22313534302E302220793D223133302E30223E3C2F6F6D6764693A776179706F696E743E0A20202020202020203C6F6D6764693A776179706F696E7420783D223233302E302220793D223133302E30223E3C2F6F6D6764693A776179706F696E743E0A20202020202020203C6F6D6764693A776179706F696E7420783D223233302E302220793D223239302E30223E3C2F6F6D6764693A776179706F696E743E0A20202020202020203C62706D6E64693A42504D4E4C6162656C3E0A202020202020202020203C6F6D6764633A426F756E6473206865696768743D2231342E30222077696474683D2238392E302220783D223834312E302220793D223131322E30223E3C2F6F6D6764633A426F756E64733E0A20202020202020203C2F62706D6E64693A42504D4E4C6162656C3E0A2020202020203C2F62706D6E64693A42504D4E456467653E0A2020202020203C62706D6E64693A42504D4E456467652062706D6E456C656D656E743D22466C6F775F307A6D736E3378222069643D2242504D4E456467655F466C6F775F307A6D736E3378223E0A20202020202020203C6F6D6764693A776179706F696E7420783D22313239302E302220793D223333302E30223E3C2F6F6D6764693A776179706F696E743E0A20202020202020203C6F6D6764693A776179706F696E7420783D22313336302E302220793D223333302E30223E3C2F6F6D6764693A776179706F696E743E0A2020202020203C2F62706D6E64693A42504D4E456467653E0A2020202020203C62706D6E64693A42504D4E456467652062706D6E456C656D656E743D22466C6F775F306C6C6F793536222069643D2242504D4E456467655F466C6F775F306C6C6F793536223E0A20202020202020203C6F6D6764693A776179706F696E7420783D22313035302E302220793D223337302E30223E3C2F6F6D6764693A776179706F696E743E0A20202020202020203C6F6D6764693A776179706F696E7420783D22313035302E302220793D223530302E30223E3C2F6F6D6764693A776179706F696E743E0A20202020202020203C6F6D6764693A776179706F696E7420783D223233302E302220793D223530302E30223E3C2F6F6D6764693A776179706F696E743E0A20202020202020203C6F6D6764693A776179706F696E7420783D223233302E302220793D223337302E30223E3C2F6F6D6764693A776179706F696E743E0A20202020202020203C62706D6E64693A42504D4E4C6162656C3E0A202020202020202020203C6F6D6764633A426F756E6473206865696768743D2231342E30222077696474683D2232322E302220783D223632392E302220793D223438322E30223E3C2F6F6D6764633A426F756E64733E0A20202020202020203C2F62706D6E64693A42504D4E4C6162656C3E0A2020202020203C2F62706D6E64693A42504D4E456467653E0A2020202020203C62706D6E64693A42504D4E456467652062706D6E456C656D656E743D22466C6F775F31613371636C6D222069643D2242504D4E456467655F466C6F775F31613371636C6D223E0A20202020202020203C6F6D6764693A776179706F696E7420783D22313737302E302220793D223333302E30223E3C2F6F6D6764693A776179706F696E743E0A20202020202020203C6F6D6764693A776179706F696E7420783D22313836322E302220793D223333302E30223E3C2F6F6D6764693A776179706F696E743E0A20202020202020203C62706D6E64693A42504D4E4C6162656C3E0A202020202020202020203C6F6D6764633A426F756E6473206865696768743D2231342E30222077696474683D2232332E302220783D22313830352E302220793D223331322E30223E3C2F6F6D6764633A426F756E64733E0A20202020202020203C2F62706D6E64693A42504D4E4C6162656C3E0A2020202020203C2F62706D6E64693A42504D4E456467653E0A2020202020203C62706D6E64693A42504D4E456467652062706D6E456C656D656E743D22466C6F775F31663879786F76222069643D2242504D4E456467655F466C6F775F31663879786F76223E0A20202020202020203C6F6D6764693A776179706F696E7420783D22313536352E302220793D223333302E30223E3C2F6F6D6764693A776179706F696E743E0A20202020202020203C6F6D6764693A776179706F696E7420783D22313637302E302220793D223333302E30223E3C2F6F6D6764693A776179706F696E743E0A20202020202020203C62706D6E64693A42504D4E4C6162656C3E0A202020202020202020203C6F6D6764633A426F756E6473206865696768743D2231342E30222077696474683D2238392E302220783D22313537332E302220793D223331322E30223E3C2F6F6D6764633A426F756E64733E0A20202020202020203C2F62706D6E64693A42504D4E4C6162656C3E0A2020202020203C2F62706D6E64693A42504D4E456467653E0A2020202020203C62706D6E64693A42504D4E456467652062706D6E456C656D656E743D22466C6F775F306A7976317A62222069643D2242504D4E456467655F466C6F775F306A7976317A62223E0A20202020202020203C6F6D6764693A776179706F696E7420783D22313436302E302220793D223333302E30223E3C2F6F6D6764693A776179706F696E743E0A20202020202020203C6F6D6764693A776179706F696E7420783D22313531352E302220793D223333302E30223E3C2F6F6D6764693A776179706F696E743E0A2020202020203C2F62706D6E64693A42504D4E456467653E0A2020202020203C62706D6E64693A42504D4E456467652062706D6E456C656D656E743D22466C6F775F30646936716136222069643D2242504D4E456467655F466C6F775F30646936716136223E0A20202020202020203C6F6D6764693A776179706F696E7420783D22313130302E302220793D223333302E30223E3C2F6F6D6764693A776179706F696E743E0A20202020202020203C6F6D6764693A776179706F696E7420783D22313139302E302220793D223333302E30223E3C2F6F6D6764693A776179706F696E743E0A20202020202020203C62706D6E64693A42504D4E4C6162656C3E0A202020202020202020203C6F6D6764633A426F756E6473206865696768743D2231342E30222077696474683D2232332E302220783D22313133342E302220793D223331322E30223E3C2F6F6D6764633A426F756E64733E0A20202020202020203C2F62706D6E64693A42504D4E4C6162656C3E0A2020202020203C2F62706D6E64693A42504D4E456467653E0A2020202020203C62706D6E64693A42504D4E456467652062706D6E456C656D656E743D22466C6F775F316B79686E6C7A222069643D2242504D4E456467655F466C6F775F316B79686E6C7A223E0A20202020202020203C6F6D6764693A776179706F696E7420783D223930352E302220793D223333302E30223E3C2F6F6D6764693A776179706F696E743E0A20202020202020203C6F6D6764693A776179706F696E7420783D22313030302E302220793D223333302E30223E3C2F6F6D6764693A776179706F696E743E0A2020202020203C2F62706D6E64693A42504D4E456467653E0A2020202020203C62706D6E64693A42504D4E456467652062706D6E456C656D656E743D22466C6F775F3175766A336473222069643D2242504D4E456467655F466C6F775F3175766A336473223E0A20202020202020203C6F6D6764693A776179706F696E7420783D223736302E302220793D223433302E30223E3C2F6F6D6764693A776179706F696E743E0A20202020202020203C6F6D6764693A776179706F696E7420783D223838302E302220793D223433302E30223E3C2F6F6D6764693A776179706F696E743E0A20202020202020203C6F6D6764693A776179706F696E7420783D223838302E302220793D223335352E30223E3C2F6F6D6764693A776179706F696E743E0A2020202020203C2F62706D6E64693A42504D4E456467653E0A2020202020203C62706D6E64693A42504D4E456467652062706D6E456C656D656E743D22466C6F775F31323465387A33222069643D2242504D4E456467655F466C6F775F31323465387A33223E0A20202020202020203C6F6D6764693A776179706F696E7420783D223736302E302220793D223230302E30223E3C2F6F6D6764693A776179706F696E743E0A20202020202020203C6F6D6764693A776179706F696E7420783D223838302E302220793D223230302E30223E3C2F6F6D6764693A776179706F696E743E0A20202020202020203C6F6D6764693A776179706F696E7420783D223838302E302220793D223330352E30223E3C2F6F6D6764693A776179706F696E743E0A2020202020203C2F62706D6E64693A42504D4E456467653E0A2020202020203C62706D6E64693A42504D4E456467652062706D6E456C656D656E743D22466C6F775F31797871626530222069643D2242504D4E456467655F466C6F775F31797871626530223E0A20202020202020203C6F6D6764693A776179706F696E7420783D223533302E302220793D223335352E30223E3C2F6F6D6764693A776179706F696E743E0A20202020202020203C6F6D6764693A776179706F696E7420783D223533302E302220793D223433302E30223E3C2F6F6D6764693A776179706F696E743E0A20202020202020203C6F6D6764693A776179706F696E7420783D223636302E302220793D223433302E30223E3C2F6F6D6764693A776179706F696E743E0A2020202020203C2F62706D6E64693A42504D4E456467653E0A2020202020203C62706D6E64693A42504D4E456467652062706D6E456C656D656E743D22466C6F775F307A7A30753967222069643D2242504D4E456467655F466C6F775F307A7A30753967223E0A20202020202020203C6F6D6764693A776179706F696E7420783D223533302E302220793D223330352E30223E3C2F6F6D6764693A776179706F696E743E0A20202020202020203C6F6D6764693A776179706F696E7420783D223533302E302220793D223230302E30223E3C2F6F6D6764693A776179706F696E743E0A20202020202020203C6F6D6764693A776179706F696E7420783D223636302E302220793D223230302E30223E3C2F6F6D6764693A776179706F696E743E0A2020202020203C2F62706D6E64693A42504D4E456467653E0A2020202020203C62706D6E64693A42504D4E456467652062706D6E456C656D656E743D22466C6F775F30323666766E71222069643D2242504D4E456467655F466C6F775F30323666766E71223E0A20202020202020203C6F6D6764693A776179706F696E7420783D223434302E302220793D223333302E30223E3C2F6F6D6764693A776179706F696E743E0A20202020202020203C6F6D6764693A776179706F696E7420783D223530352E302220793D223333302E30223E3C2F6F6D6764693A776179706F696E743E0A2020202020203C2F62706D6E64693A42504D4E456467653E0A2020202020203C62706D6E64693A42504D4E456467652062706D6E456C656D656E743D22466C6F775F30346B63616A63222069643D2242504D4E456467655F466C6F775F30346B63616A63223E0A20202020202020203C6F6D6764693A776179706F696E7420783D223238302E302220793D223333302E30223E3C2F6F6D6764693A776179706F696E743E0A20202020202020203C6F6D6764693A776179706F696E7420783D223334302E302220793D223333302E30223E3C2F6F6D6764693A776179706F696E743E0A2020202020203C2F62706D6E64693A42504D4E456467653E0A2020202020203C62706D6E64693A42504D4E456467652062706D6E456C656D656E743D22466C6F775F30306365786561222069643D2242504D4E456467655F466C6F775F30306365786561223E0A20202020202020203C6F6D6764693A776179706F696E7420783D223132382E302220793D223333302E30223E3C2F6F6D6764693A776179706F696E743E0A20202020202020203C6F6D6764693A776179706F696E7420783D223138302E302220793D223333302E30223E3C2F6F6D6764693A776179706F696E743E0A2020202020203C2F62706D6E64693A42504D4E456467653E0A202020203C2F62706D6E64693A42504D4E506C616E653E0A20203C2F62706D6E64693A42504D4E4469616772616D3E0A3C2F646566696E6974696F6E733E, 0);
INSERT INTO `ACT_GE_BYTEARRAY` VALUES ('848670d0-5e3a-11ec-8bee-f20bcee4e113', 1, 'flowContract.flowContract.png', '83c9896e-5e3a-11ec-8bee-f20bcee4e113', 0x89504E470D0A1A0A0000000D4948445200000774000002260806000000AB78BB7100006ED44944415478DAECDD0B985565B93870342B352B2BAD4E595A596A76D28AFA5B995179CA4AD34C1B46B41043139199ADA2696A4896D784D91B35538FE5FD929713DE99BDB7808845A92964A5874C218EA061E2854A5BFFF52E664D9B61060698813D33BFDFF37C0FB3F75EB3F69E99976FBDDF7AD7F7AD4183000000000000000000000000000000000000000000000000000000000000000000000000000000000000000000000000000000000000000000000000000000000000000000000000000000000000000000000000000000000000000000000000000000000000000000000000000000000000000000000000000000000000000000000000000000000000000000000000000000000000000000000000000000000000000000000000000000000000000000000000000000000000000000000000000000000000000000000000000000000000000000000000000000000000000000000000000000000000000000000000000000000000000000000000000000000000000000000000000000000000000000000000000000000000000000000000000000000000000000000000000000000000000000000000000000000000000000000000000000000000000000000000000000000000000000000000000000000000000000000000000000000000000000000000000000000000000000000000000000000000000000000000000000000000000000000000000000000000000000000000000000000000000000000000000000000000000000000000000000000000000000000000000000000000000000000000000000000000000000000000000000000000000000000000000000000000000000000000000000000000000000000000000000000000000000000000000000000000000000000000000000000000000000000000000000000000000000000000000000000000000000000000000000000000000000000000000000000000000000000000000000000000000000000000000000000000000000000000000000000000000000000000000000000000000000000000000000000000000000000000000000000000000000000000000000000000000000000000000000000000000000000000000000000000000000000000000000000000000000000000000000000000000000000000000000000000000000000000000000000000000000000000000000000000000000000000000000000000000000000000000000000000000000000000000000000000000000000000000000000000000000000000000000000000000000000000000000A04E8D1B376EC3E609D59D0B932A3B76D6E2B5FDAFBDF6151DBFAF50AA1C30A6A5F2B955ED7F4C4BF9134D132BFFAFE3F347166F7D753C5F28963FD6D452DD35DAA1174CDEB4B9586E1E774975E3AEF67754B1BA4BF3A4D68F77F65AE1DCEAB647165BDF7F74A9BA7D6D8BE7D2F7DACE5F1B000000000000E8538E39EB8ED734172B8F3797CAA776D60AC5CADCE609D5CD63DBE652E5878562F5DAA662E5E1F47BAEFFF7D7E5EB9A5BCA133BDB7F53B17A5CA15419D5F1F9AC905CAC94D3D70F4BF7737473B17A4F1479D3E77EB3B2CF5B2895BFDDDC523DA2F3D72AA3D2CF588CCF129F2DDDD76F977D5D6949FF3DA6BBBF93F86C1D9F8BCFB6E273D5AD0EBDE0D7AF144500000000000040AF682BA256A3B0DA5CAC4E58AEB5948F696EA9DE39EADCEA6631D3B6B9A5727C53B13236DD7E7EFC1BC5DAF4EB27B3E74A95639B269677EBB8FFE662F9C2741FDFEDF8FC512D952FA5DF7B53A1589991FE3B3BDE27FDFA84F4EB479A5A2A57A4FFDE515B848D19BCD9BFC5F2C828EA8E1B77EDABD2ED3FDDD5CF159F370AB92BFBD98FBB60CAEBD3F779A0A9546DC89E48920DD2C7E7A5EDB1F4E7BFB579C2B4FF58F69E9531E9CFF1607CD67CB67253A9F285F8CC9DCD5E06000000000000E8117941F7C8E2B42D8F39FF8E37776C7941375E2F145B3FD554AC9C1C85DDDA963D57AA7CB26962EB5B3AEE3FDDF7F4A652F9AACEDEBB502CEFD55C2CFF315A53B17C62CCD28DC2721449A3A09B6F17EF9F3E7E28BEFE7741379BE13B3B8AB0F17C1478B3A59AE3711466D3CF13B375F3C7F173D6CEB28D6DD3F79B96EE23195D9AFAAEECB3B6548F481FDF9EED3BFDB90AA56A53DBBEE615CEB9FD8DE96B53C6B4543F30A665EA7B6326F111935ADF2482000000000000805E931774E3EB65B3552BB7448B19A9CB0A9BCB0ABAF1FA9896CA4762E66AA1A572686D8BE26BA134F53F3BEE3B0AB34DC5F27D51088D826BED6BE9FE1BB319BAA5CAA8F4FDBED2D4523D2D7BDC52B928EEAD1B337BDBB72D95BFD8D4523927BECE0BBA6D9FF767F92CDDB89F6F1459A3281C2D7D7E4E53B1B2A0E6F1AFD37FF78B6DC78DAB6E947EFD8B74FB8BD3B6307B936585DBFF8DA275F63EE9678A659B0BE7DCB349FAFEBF6B9BCDFB5856E42E567FD534B1F583A207000000000000E8551D0ABAEDB3620BC54A6BF65C4D41B7794275E7749B59D97D6A6B5BB1F29BC2A4CA8E1DF7DD5C2C1F9EBE3629965C8EC26FED6B51805DB69471E5D174BBE6980D7B54B1BA4BBABFA971DFDBA65279FF7FEFA772697BA1B5A6A07B544BEB67E2FEBD9DFD5C5D2EB9BCAC70FBD36C49E952759F424B79723C7D74A9BA7DFA3E7F6E7FCF96CA51E9F79F99FD2E4AE5EF3495AA372C9B515CB9290AC33103387E06F7D0050000000000007ACD7205DD52E5DEE649AD1FCF5AB1322B7BAEA6A07B54B1B2536C134B28175A2A3F8F7FA3C5B61D0BBACD13AA9B178A95B9474F2A6F1D5F37152B0FC7ECD6FCF5A326B5BE2FBBBF6EB1F2A3B86F6DA1583E3DB68DC26EFAF82F79A1B46D79E30762B6703CAE2DE8B63DBEAF6962EB473BFE5C5D1574E37BD3FD3DBBEC3EC195BBA3181DF7FE6D2BD6DEDCFEF9D3DF49FA337E7DB9EF2D56BFDF5C2A9F1AF7DC8D82777CFE6C596600000000000080DED0A1A0FBBF319B366BA5CA49D96CD6DA19BA2DE5230B2DD53D62066DA15839A1A9581E7DF879D3DFD054AC8C8DA593F37D46F1B5D052BE2C66E8E6CF3595AA07C652C5C79C75C76BDA9F5B76DFDC69B13C722C699CBD5FB17279DA9EC897348EA59663F9E39AEF59AEA09BDDD7B7A57245C79FABAB826E14886366EFB2D9BD953FC4CF1485E6A69629EF8C6275B6CC74A9FCC5FCEBFCFBB259B9C5EA2FE2334631BBED7EC26363F6AE28020000000000007AC5B84BAA1BC732C759A1B258DE2B7F3E66E3B6DD33F757875E3079D3C2B9D56D6326EE91C5EA564DC5CA6DA34B77BEADB9A5323E7D7D78A15839257DED7F9A4BD521479D3BF51D719FDDB83F6DECB3F6BDA2489C6E3BE3C862F93DC79E71F76BD3EF3F3EDDEEB74D2DD5F3D37FAF897DC4BE9A2656B68BFBD6165ACA5FCD8BAA8573CA6F8FCF9715788BE591B5FBEDB8EC71A1541D9C7E8661310BB7CB9F3BBB8F6E65497C8EF6EF2B564BCDC5F21F63D6EE91C5D6F7E7CF477179D9CF7EEBEBB2C7C5CAC9E9E3AB63D671FC1E4411000000000000D02B62F66D14323B3E1FF7978DE585F37BDF4681375A7C1D3353B37BE3A62DFDFA07516C3DB2386DCB6C96EBA4F2879B4AD543BA7ABF6CA66BBA4DCC822D942A856C66EEA06CF6EF31F15CBE5D56C04D5FCF1F8F3DB7FAD6749B71514C8DAF57F633C576F1D9A2B0BB26BF8F15F63761EA0E1D0BB7F1BBA82D06030000000000000000000000000000000000000000000000000000000000000000000000000000000000000000000000000000000000000000000000000000007562E8D0A189A6699AA6699AA6699AA6699AA6695A4F37675F01007AA8A0EBB70000000000F424E71D0100245600000000409D72DE110040620500000000D429E71D0100245600000000409D72DE110040620500000000D429E71D0100245600000000409D72DE110040620500000000D429E71D0100245600000000409D72DE110040620500000000D429E71D0100245600000000409D72DE110040620500000000D429E71D0100245600000000409D72DE110040620500000000D429E71D0100245600000000409D72DE110040620500000000D429E71D0100245600000000409D72DE110040620500000000D429E71D0100245600000000409D72DE110040620500000000D429E71D0100245600000000409D72DE110040620500000000D429E71D0100245600000000409D72DE110040620500000000D429E71D0100245600000000409D72DE110040620500000000D429E71D0100245600000000409D72DE110040620500000000D429E71D0100245600000000409D72DE110040620500000000D429E71D01002456000C4049926C3477EEDCEBEEBDF7DE97CBE5723265CA146D1DB7D6D6D664DAB4694FA5ED401109000074C57947000089150003501473A74F9F9E2C5CB830F9FBDFFFAEADA7B668D1A264EAD4A97F6B6D6DDD4F540200009D71DE1100406205C0001433731573EBA6A8FBF72953A63C2C2A010080CE38EF080020B10260008A65961553EBA74D9932E59FA2120000E88CF38E0000122B0006A0B887AB426A5D1574E511000040A79C770400905801300075B7A0FBDC330B92B9B32E49E6B48ECF5A7C1DCF29C22AE8020000EB86F38E0000122B0006A0EE1474972C9E9FCCBEE3A4E4B7B78C5DAEC573F19A42AC822E0000D0FB9C770400905801300075A7A0FBC49C5FAC50CCCDDBBC39931562157401008075C0794700008915000350770ABA0F57CFE8B2A01BAF29C42AE8020000BDCF794700008915000350770ABAB3A78CEBB2A01BAF29C42AE8020000BDCF79470000891500039082AE822E0000D03738EF080020B1026000EA4E41774EEBF82E0BBAF19A42AC822E0000D0FB9C770400905801300075A7A0FBC88C495D1674E3358558055D0000A0F739EF080020B1026000EA4E41F7E9F90F26B3EFFCDE8ACB2DA7CFC56B0AB10ABA000040EF73DE1100406205C000D49D826EB43FFDFAD2150ABAF19C22AC822E0000B06E38EF080020B1026000EA564177E9D2E4917BCE5F71B9E5F4B9784D215641170000E87DCE3B020048AC0018805655D05DB2787EF2C719A52EEFA11BAFC5368AB10ABA000040EF72DE1100406205C000D4654177E9D264C12395E4A1DB4FE8B2989BB7D826B6355B5741170000E83DCE3B020048AC0018803A2BE8AE6A56AED9BA0ABA0000C0BAE7BC230080C40A8001A8B3826E7766E5AE6CB6AEC2AC822E0000D0F39C77040090580130007556D05DD3626EDE146615740100809EE7BC230080C40A8001A8CB7BE86A0ABA0000405D71DE1100406205C000A4A0ABA00B0000F40DCE3B020048AC00188014741574010080BEC179470000891500039082AE822E0000D03738EF080020B102600052D055D0050000FA06E71D01002456000C400ABA0ABA000040DFE0BC230080C40A800148415741170000E81B9C770400905801300029E82AE80200007D83F38E0000122B000620055D055D0000A06F70DE1100406205C000A4A0ABA00B0000F40DCE3B020048AC00188014741574010080BEC179470000891500039082AE822E0000D03738EF080020B102600052D055D0050000FA06E71D01002456000C400ABA0ABA000040DFE0BC230080C40A807EA4B1B1714ADA765DD5760ABA0ABA000040DFE0BC230080C40A807E763C8A1685DD8686865DBADA4E415741170000E83BE33CBF050000891500FDE878D4A1DDD6D98C5D055D055D0000A0EF8CF3FC160000245600F4A3E35167ADE352CC0ABA0ABA000040DF19E7F92D000048AC00E847C7A355B4DB622966055D055D0000A0EF8CF3FC1600002456C000EBAF34ADDE0ABACF3CF34C72D96597252FBCF0C22AB77DFCF1C7930B2FBC3059B46851F6F8E9A79F4E9E7CF2C964E1C285C9FCF9F393254B96ACF03D3366CC485A5A5ABADCE7C30F3F9CDC78E38DD9D7F7DD775F326FDEBC64E9D2A5C92F7FF9CB6CDFBDFDF38BC9FEDF1C7D000070DE1100406205A0BF626505FB590D0D0D7B0E193264A3D8AEB70BBAE79F7F7ED67EFCE31FAFD0E2F9BCB87ADD75D7259FFEF4A793D7BEF6B5C9AB5EF5AA581A3A79FDEB5F9FBCF18D6F6C6F9B6DB65956BC7DF4D14793EBAFBF3E39F3CC33238693F3CE3B2FB9EAAAAB9261C386658FF3367AF4E864E6CC99D9BF4D4D4D59DB7EFBEDB3D7BEFDED6FB73F17AFDF73CF3DED9F77F3CD37CFBEDE7AEBAD931FFEF087D9D7F199AEBCF24A3374D1EF0200209F0400905801E8AFE899BFEFCA0AB9B9DE2EE87EF9CB5F4ED2F74C3EF399CF243BEDB453564CDD65975DB2C7F9F3B1DDAC59B392E6E6E6ECF54AA5925C7AE9A55971F7CE3BEFCC5A1456E3B5C58B1727B7DC724BF2CE77BE332BF2C6F7BFE10D6F4876D8618764FFFDF74F3EF5A94F25B7DE7A6BB6ED25975C92157A37D86083E490430EC9DADE7BEF9D6CB9E59649FABB687F6EC30D374C2EBFFCF264EAD4A9C9C1071F9C158EAFB9E69A64BBEDB64BCE3AEBACECF36DBAE9A6C90D37DC904C9F3E3D79F0C1071574D1EF0200209F0400905801E8AF58BBBF6F5B9BD9D8D8B84FC7426E6E5D2EB97CF3CD376785D63973E6ACF05A1473A3F03AA86D76EDEEBBEF9E3D8ED9B2D1A2C81ACF3FF5D453D9F631C3370AB9B124F2C61B6F9CDC74D34DC9A851A3923DF6D82339E28823920F7EF083D952C9CF3FFF7C72ECB1C76685DFCF7DEE73C9473FFAD16C3F9FFCE427B3C79FFDEC6793EF7CE73BD9F2CCB18FAF7DED6B59F136660E4741F7631FFB58368B379E3BF0C0039357BEF29549A95452D045BF0B00807C1200406205A0BF62ADFEBE9DCEC8EDA85E0ABAB367CF4EC68E1D9BBD1E336D6396ED4F7EF293E4E28B2F6E6F51488DFBD8C652CB1FFAD087924D36D924D979E79DDB0BB431E3375A147FA3889BEFFBB0C30E4BB6D9669BE4B8E38E4BBEF18D6F64DB47F1371EC7F3B1FC72BE6DBCE79BDEF4A6E491471EC90ABAEF7EF7BBB3C2781474E3FBA2586CC965F4BB0000C8270100245600FA2BD6897A29E846FBE217BF98BD1EB360DFF7BEF72D773FDCBC4D9830219B9D1B85D96F7EF39BEDED80030EC866E7468BD9B5316B77EEDCB9D97EA360FBF6B7BF3D19316244F2A52F7D29DB4FC47F3C7EDBDBDED65ED0BDFFFEFBDBEFC31BC5DC8E4B2E7FEB5BDF720F5DF4BB0000C8270100245600FA2BD69D7A29E8C68CDC8D36DA287B3DEE837BF2C92767C5CDA38F3E3ABB576E6B6B6B72DB6DB7258F3EFA68B6FD6EBBED96DD8B376F3123375F72F9C5175F4CDEFAD6B7B61763A360BBD5565B65FFEEBBEFBED97BC4F2C9B5CFC77623478ECC5E8BE2EDDD77DFDDE93D74631967055DF4BB0000C8270100245600FA2BD6897A29E8C652C971FFDA783D3E53DCB73666D54631379E8BC2EB965B6E99DC77DF7DD9F671FFDCBDF6DA2B5B36F9031FF840F2F5AF7FBDBDA01BAF7FF9CB5FCE66F1E605DD6DB7DD3619376E5C72C8218764FB8B42713C7ECF7BDED35ED0FDFDEF7F9F9C7DF6D9D992CBF1B8B382EEA9A79E9A9C74D2490ABAE8770100904F020048AC00F457F4BEDE2CE8DE75D75DD9BD6F7FF6B39F65ED98638EC98AA9710FDCFCB9B8676D7C866BAFBD362BF4C6EB3366CCC89E3BF7DC7393830E3A2879DDEB5E972DB31C4B29CF9B37AFBDA07BF9E597675FC76CDB868686ACA0BBEBAEBB66C5DB58B6F984134EC85E8F226E14693FFFF9CF67B379E33D62866F3C8EE76B9752CEEFA19B17740F3EF8E0AC889B17740B8542563C56D045BF0B00807C1200406205A0BFA2D7F56641378A9F1B6EB861763FDBAE5ABC7ED8618765DB2F5AB4282BB65E79E595D90CDB98B13B78F0E0E4D5AF7E75F6F5DE7BEF9D1575F3826E3CBFD9669B654B3547913566DA4691360AB0B1DD934F3E996D3B7DFAF4A452A9B47F1DEFF1A73FFDA9BD807ACF3DF7645FC7BF5140DE628B2DB219C29B6CB249B2C1061B248D8D8DD9FBECBEFBEEC9D65B6F9D7CF7BBDF55D045BF0B00807C1200406205A0BFA2F7F56641F785175E58E53D67E3F5E79F7F3EFB3A66DF6EBEF9E6C955575D958C1E3D3A193B76EC722D0AC4575C7145B6ED8E3BEE98CDF4AD56ABC9B061C392C30F3F3C9BA11B05DD55CD1A8E19B8BFFBDDEF56782D6613BFEB5DEFCAF675E2892726A79F7E7AFB3D7BE3BDA2C83C62C488E489279E50D045BF0B00807C1200406205A0BFA2F7ADCB7BE86A0ABAFA5DFD2E0000F2490000891580FE8AD5A0A0ABA08B7E170000F9240080C40A407F459D52D055D045BF0B00807C1200406205A0BFA24E29E82AE8A2DF0500403E090020B102D05F51A714741574D1EF0200209F0400905801E8AFA8530ABA0ABAE8770100904F020048AC00F457D429055D055DF4BB0000C8270100245600FA2BEA9482AE822EFA5D0000E4930000122B00FD15754A41574117FD2E0000F2490000891580FE8A3AA5A0ABA08B7E170000F9240080C40A407F459D52D055D045BF0B00807C1200406205A0BFA24E29E82AE8A2DF0500403E090020B102D05F51A714741574D1EF0200209F0400905801E8AFA8530ABA0ABAE8770100904F020048AC00F457D429055D055DF4BB0000C8270100245600FA2BEA9482AE822EFA5D0000E4930000122B00FD15754A41574117FD2E0000F2490000891580FE8A3AA5A0ABA08B7E170000F9240080C40A407F459D52D055D045BF0B00807C1200406205A0BFA24E29E82AE8A2DF0500403E090020B102D05F51A714741574D1EF0200209F0400905801E8AFA8530ABA0ABAE8770100904F020048AC00F457D429055D055DF4BB0000C8270100245600FA2BEA9482AE822EFA5D0000E4930000122B00FD15754A41574117FD2E0000F2490000891580FE8A3AA5A0ABA08B7E170000F9240080C40A407F459D2A97CB0AA9F5D35E9C3265CA3F45A57E170000E4930000122B00FD159969D3A62D58B870A1626A1DB4F9F3E75F3D65CA948745A57E170000E4930000122B00FD15994AA5B2F75D77DDF5CC934F3EF982A2EAFA9B991BC5DCD6D6D63FA76D3F51A9DF050000F9240080C40A407F45BBD6D6D63DA74C99322B96FB8D7BB86AEBBCC5EFFD61C55CFD2E0000C8270100245600FA2B00FD2E0000F2490000891580FE0A00FD2E0000F2490000891580FE0A40BF0B00807C1200008915A0BF0240BF0B00807C1200406205A0BF02D0EF0200807C1200406205E8AF00D0EF0200209F0400905801E8AF00F4BB0000209F0400905801E8AF00F4BB0000C8270100905801FA2B00F4BB0000C8270100245600FA2B00FD2E0000F2490000245680FE0A00FD2E0000F2490000891580FE0A40BF0B0000F2490000891580FE0A40BF0B00807C1200406225B102F45700E8770100904F020048AC00F45700FA5D0000E493000048AC00FD1500FA5D0000E4930000122B00FD15807E170000E4930000122B407FE5B700A0DF0500403E090020B102D05F01E877F5BB0000C8270100245600FA2B00FD2E0000F2490000245680FE0A00FD2E0000F2490000891580FE0A40BF0B00807CD26F0100406205E8AF00D0EF0200209F0400905801E8AF00F4BB0000209F0400905801E8AF00F4BB0000C8270100905801FA2B00F4BB0000C8270100245600FA2B00FD2E0000F2490000245680FE0A00FD2E0000F2490000891580FE0A40BF0B0000F2490000891580FE0A40BF0B00807C1200406205A0BF0240BF0B00807C1200406205A0BF02D0EF0200209F0400406205E8AF00D0EF0200209F0400905801E8AF00F4BB0000209F0400905801FA2B00F4BB0000C8270100245600FA2B00FD2E0000C8270100245600FA2B00FD2E0000F2490000245680FE0A00FD2E0000F2490000891580FE0A40BF0B00807C1200806E25519323915A459BE53705180802A0DF0500403E0900B0EE93A8C169FBE7CA0ABA0D0D0D7BFA4D01068200E8770100904F0200AC9F44EAB6951474670E19326423BF25C0401000FD2E0000F2490080F593480DEEAAA0DBD8D8B88FDF10602008807E170000F92400C0FA4DA63ABB97EE2CB37301034100F4BB0000C8270100D67F32B5C2BD74DD3B1730100440BF0B00807C1200A04E343434DC68762E602008807E170000F92400401D6A6868D8A5E6DEB97BF88D00068200E8770100904F0200D4575295DD4BD7EC5CC0401000FD2E0000F2490080FA4BAA064BAC00034100F4BB0000C82701807E2749928DE6CE9D7BDDBDF7DEFB72B95C4EA64C99D2275B24567DF5B3B7B6B626D3A64D7B2A6D078ABF299AF833100440BF8B7C523E89B817F7E25413A7F249F46B9A7E0D201707A1E9D3A7270B172E4CFEFEF7BF6BEBA92D5AB428993A75EADFD283D27EE24F137F068200E877914FCA2711F7E25E9C6AE2543E897E4DD3AF0164E28A2207A1BA3918FD7DCA94290F8B3F4DFC190802A0DF453E299F44DC8B7B71AA8953F924FA354DBF069089E5211C04EAA7A507A27F8A3F4DFC190802A0DF453E299F44DC8B7B71AA8953F924FA354DBF069089B5E71D00EAEA4094883F4DFC190802A0DF453E299F44DC8B7B71AA8953F924FA354DBF06B05A07A2E79E5990CC9D754932A7757CD6E2EB78CEC1C38148FC893F0C0401EAA88F9D1CFDEC2ADA2CBF29F9A47C523E29EE35712F4EC529C6F1E8D7F46B00FDEA40B464F1FC64F61D2725BFBD65EC722D9E8BD71C401C88C49FF8C34010A04EFAD8C169FBE7CA0ABA0D0D0D7BFA4DC927E593F249712F5EC5BD3815A718C7A35FD3AF01F4AB03D113737EB1C241286FF3E64C76007120127FE20F0341807AEA676F5B494177E690214336F25B924FCA27E593E25EBC8A7B712A4E318E47BFA65F03E85707A287AB677479208AD71C401C88C49FF8C34010A08EFAD9C15D15741B1B1BF7F11B924FCA27E593E25EDC8B7B712A4E318E47BFA65F03E87707A2D953C67579208AD71C401C88C49FF8C34010A0CEFADACEEEA53BCBEC5CF9A47C523E29EEC5BDB817A7E214E378F46BFA35000722CD8148FC893F0C0401D67F5FBBC2BD74DD3B573E299F944F8A7B712FEEC5A938C5381EFD9A7E0DA0DF1E88E6B48EEFF24014AF39803810893FF187812040BD696868B8D1EC5CF9A47C523E29EEC5BDB817A79A38358E47BFA65F03181007A247664CEAF24014AF39803810893FF187812040BD696868D8A5E6DEB97BF88DC827E593F249712FEEC5BD3815A718C7A35FD3AF01F4DB03D1D3F31F4C66DFF9BD159789489F8BD71C401C88C49FF8C34010A04EFBDCEC5EBA66E7CA27E593F249712FEEC5BD3815A718C7A35FD3AF01F4EB0351B43FFDFAD2150E44F19C83870391F8137F180802D4719F3B78DF7DF7D5EFCA27E593F249712FEEC5BD3815A718C7A35FD3AF01F4F303D1D2A5C923F79CBFE23211E973F19A03880391F8137F74DBEE6D03414B7F02ACA37E376DFA5DF9A47C523E29EEC5BDB817A7E214E378F46BFA3580FE7B205AB2787EF2C719A52ED7FE8FD7621B07110722F127FE58A5C1695B9CB652DBBF7BFA9500E877914FCA2711F7E25E9C8A53712A9F44BFA6E9D700D6EC40B47469B2E0914AF2D0ED27747910CA5B6C13DBBACAC88148FC893FBA1433C416A56D78CDE3180CBAC21740BF8B7C523E89B817F7E2549C8A53F924FA354DBF06B07A07A2555D4DE42A230722F127FE582D7B0CEAFC4ADE7C70E80A5F00FD2EF249F924E25EDC8B53712A4EE593E8D734FD1A40F70F44DDB99A6865571939A03810893FF147BB7C79A63D56739008807E17F9A47C12712FEEC5A93815A7F249F46B9A7E0DA0F303D19A1E84F2E680E24024FEC41F992183965DB97BE02AB6331804D0EF229F944F22EEC5BD3815A7E2543E897E4DD3AF0174FF40A43910893FF1C75ACBEFADB34F37B7CF0783EEC503A0DF453E299F44DC8B7B71AA8953F924FA354DBFD6670D1F3E7CF3A14387EE97B652DA66A66D41DA929A168F673634345CD8D8D87860DAB6F05B1B80E6CD9BB7D38D37DE38F1DC73CF9D7DE289272E193D7AF4CBC3860D6B0F94912347FEE3E8A38F7EFA94534E9976F6D9677F3B0DAC8D1D881C001C88C49F2611EA41BB0C5AB37BEAC4E07189C120807E17F9A47C72ED8C1B376EC3E609D59D0B932A3B76D6E2B5FDAFBDF6151DBFAF50AA1C30A6A5F23971AF19478953712A9FACB77CB2B78F6D635ACA9F689A58F97F1D9F3FB278EBABE3F942B1FCB1A696EAAED10EBD60F2A6CDC572F3B84BAA5D9E576F2E55871C5DAA6EDFD96B8573ABDB1E596C7D7FBC5EDBE2B9F4BDB6D3AF697DAD5FEBEFB9E7EA686868D873E8D0A1931B1B1B5FEA50C05D654BBF674ADAF6193264C8460E4BFD5892241BCD9C39F3D862B1B860E4C891C969A79D96DC70C30DC9030F3C90CC9F3F3F79E9A59792DCD34F3F9D3CF8E083C94D37DD944C9A3429193E7CF84B63C78EBD67C488113B49B0350722F127FE584B4306756F79A6AE58B60940BF8B7C523EB9968E39EB8ED734172B8F3797CAA776D60AC5CADCE609D5CD979D70AEFCB050AC5EDB54AC3C9C7ECFF5FFFEBA7C5D734B79A2B8D78CA3C4A938954FD6433ED9DBC7B6A662F5B842A932AAE3F359A1AA5829A7AF1F96EEE7E8E662F59E28F2A6CFFD66659FB7B9A532BEB954ED74B673BC4FFA198BF159E2B3A5FBFAEDB2AF2B2DE9BFC774F777129FADE373F1D9567CAEBAD5A117FCFA95FA35FD9ADCB3F70C1D3A74706363E3BDAB5BC4EDA2CD4AF7E5C2EBFE68EAD4A923264C98B064D4A851C975D75D972C58B020591D8B172FCEFEF31F71C411FF1C3366CC8C3458B691606B0E44E24FFCB11683B8952DCF94D4B4AEECAEB800A0DF453E299F5C736D279AAB71F2B9B9589DB05C6B291FD3DC52BD73D4B9D5CD623652734BE5F8A662656CBAFDFCF8374E68A75F3F993D57AA1CDB34B1BC9BB8D78CA3C4A9381DD0F96477F47A3ED9DBC7B6E662F9C2741FDFEDF8FC512D952FA5DF7B53A1589991FE3B3BDE27FDFA84F4EB479A5A2A57A4FFDE91BDFF84EA36B16DA158DD3D5AF65AFA39F2C7F1DAE8D2D47775DC7F7CDE28E4AEEC673FEE8229AF4FDFE781A652B56159869F6C903E3E2F6D8FA53FFFADCD13A6FD473C9DFE7C63D29FE3C1F8ACF96CC8A652E50BF1993B9B1DA95FD3AFC93DD75ECCA66D6C6C3CADB319B9C71D775C56B39B316346F2F8E38F272FBEF8625693FBC73FFE913DBEF7DE7BB38999279D74525785DDD2405F61B7DF8859B9D75C73CD4323468C48AEBAEAAAF6605853318B3766ED1E74D041FF3CE490438E93606B126CF127FE580DBB0EEADEBD73BA5358C807836BB2DC13807E57BFAB60A029E8B69D543BB2386DCB63CEBFE3CD1D5B7E522D5E2F145B3FD554AC9C1C27D76A5BF65CA9F2C9A689AD6F11F79A71943815A7033A9FECAE5ECD277BFBD896EE7B7A53A97C5567EF5D2896F76A2E96FF18ADA9583E3166E946E12A8AA451D08D6D961566ABDF4FF77F52B442B132277DEDEE7F3FAE7E3F966E1E37EEDA57654B3527C906596136FD3C315B377F1C3F67ED2CDBD8367DBF69E9BE92BC209CFEAC47A48F6FCF660F47D1B8546D6ADBD7BCC239B7BF317D6DCA9896EA07C6B44C7D6FCC243E6252EB9BF46BFA35B967CF1B366CD8561D67E51E74D041C925975CB2DA132F1F7BECB1E4A28B2E8A15753B16751F8AF771C8EAC3D260D8A6542A2D6C6E6ECEFED03D29F65728145E1C3972E4E503A1FAEF40E44024FE3403BC1E1904C6A06DBF6E6CDBDDC2C2A041FFBE52D8122300FA5DE493F2C93538A9D67682FA81A652E59668316B67D9C9DF6527D5969D80AE7C2466F7145A2A87D6B638415D284DFD4F71AF19478953713AE0F3C9D5D16BF9646F1EDBA230DB542CDF1785D028B8D6BE96EEBF319BA15BAA8C4ADFEF2B4D2DD5D3B2C72D958BA2401B337B3BFBBCF1B96246EFB871D5E5EE8519F70B8D226B1485A345E1B7A9585950F3F8D7E9BFD9DF25BE37FDFA17E9F617A76DE1B2EC3E2BDCFE6F14C5E2617CA658B2B670CE3D9B3497CABF6B9BCDFB5856442B567FD534B1F583FA35FD9ADCB3E73536366E7FC00107FCA5B6F81AB7425DB870E15AD5E7E296A9E3C78FEF58D47D62A0ADACDB6F44313796588E69D8B15C726F88D9BE3FF8C10F9E3FE490436EEBEF376076207220127F9A01DE5AC99755EAEE2070750A0BF9FE97282E00E877914FCA27D7F8A4DA1DF9F38562A5357BAEE6A45AF384EACEE936B3B27BF9D5B662E5378549951DC5BD661C254EC5E980CF27D764FF3D9E4FF6E6B1ADB9583E3C7D6D522CB91C85A5DAD7A200BB6C29E3CAA3E976CD311BF6A8627597747F53E37E9F4DA5F2FE1DF777F4A4F2D651884D3FDB99E93607ADECE7EA72C9E56585DB9F664BD696AAFB145ACA93B37D97AADBA79FE5CFED9FBDA57254BC4FF6BB2895BFD354AADEB06C4671E5A6280CC78CC7F819DC4357BF26F7EC393163B6B6981BB372EFBAEBAE6C15DC9E327DFAF46CBF8ABA7D582CB31C3373A398BBB64B2C776709E6534F3DF5D934682E92606B126CF127FEE844BE3CD3EA2CA7B4BA85857C3068195000FD2EF249F9E49A9C542B55EE6D9ED4FAF1AC152BB33A9E543BAA58D929B68965260B2D959FC7BFD1625B055DCD384A9C8AD37E9D4F6E90B66FB6FDBB363ADB4F8FE793BD756C6B9E50DDBC50ACCCCD8AB0E9D74DC5CAC331BB357FFDA849ADEFCBEEAF5BACFC28EE5B5B28964F8F6DA3B09B3EFE4B6785D2F4F92BD3F7FD7A2C2F1BB3643BCED2ADD55541B7502A7F3BDDCFB3CBEE435AB93B8A5D716FD1B662EDCD35EF558DF75AEE7BB3A59FCBA7C63D77A3A0169F3F5B9659BFA65F937BAEB5B67BE6B62FB33C6CD8B0E4F7BFFF7DAFD4E8E21EBB1D96607E68FFFDF7DFCCA1AC8F887BE6C632CBCF3EFB6CB22E44D178CC9831CFA64179AC045B93608B3FF1478741E09A2CCFB4268585B0C71A143100F4BBFA5DF9A4A6A05BAAFC6FCC38CA5AA9725236E3A77696444BF9C8424B758F98655428564E682A96471F7EDEF43734152B6363794971AF1947895371DA2FF3C928BE5EDC96235E3C68CD8BBA2BDB4F8FE693BD716C8BA5600B2DE5CB62866EFE5C53A97A6014618F39EB8ED7B43FB7ECBEB9D36279E458D2387BBF62E5F2B43DD17149E398C59B3E7F75FE387DBF42CC9AEDB89473AEAB826EDCFFF6A896D6CF444BF7F787F899A2D0DCD432E59D510CCB96B12D95BF987FFDEFF7AFEE17B383E33346B1ACED7EA56363F6AE7E4DBF26F75C7B8D8D8DA7D5CECCEDAD626E6D51378AC63545DD92C3591F306DDAB49123468CE8F17BE676E79EBA69C0BCB8FFFEFB6F2BC1D624D8E24FFC5133285B93E599D6B4B010F265A12C030AE877F5BBC827E5932B31EE92EAC6B114647632B758DE2B7F3E6644B4DDB7EC57875E3079D3C2B9D56D6336C491C5EA564DC5CA6DA34B77BEADB9A5323E7D7D78A15839257DED7F9A4BD521E25E338E12A7E2B4DFE593DFEC9027AE4951B7B6989BB76FF4563ED9D3C7B6A3CE9DFA8EB88F67DC9F36F659FB5E51844AB79D7164B1FC9E63CFB8FBB5E9F71F9F6EF7DBA696EAF9E9BFD7C43E625F4D132BDBC57D6B0B2DE5AF364F98BA4373B17C63DC3734BE67B9FD152BFBA6ED97519CAD7DBE50AA0E4E3FC3B09885DBE5CF9DDD47B7B2A4769F8562B594BED71F63D6EE91C5D6F7E7CF477179D9CF7EEBEBB2C7C5CAC9515C8E59C7F17BD0AFE9D7E49E6B67E8D0A1831B1B1B5FCA8BABB1CCF2BA10CB2FD7DE5337FD0CC6E8F52C965AFED18F7EF4DC55575D95AC0F37DC70C333C3860DBB4182AD49B0C59FF81BF086ACE5606C6D0A0BF960D032A0807E57BF8B7C523EB9123103224EF6767C3EEEC1174B30E6F7078C936CD1DA4EFA8ECDEE1F98B6F4EB1F14CE29BF3D968A8C9940E25E338E12A7E2B4DFE5939D156357A7A8DBD9F75FD4C5F7F7483ED9D3C7B6E649E50F3795AA8774F57ED94CD7749B98051BB36CB399B983B2D985C7C473F976B1CF6C16EEC4F26E51B8ED727F13A6EE907EFEDD977BAEA53C2E3E5B1476D7E4F7D1D97B742CDCC6EFA2638159BFA65F937BAE99DAA5964F3BEDB41EBD67EEAA8C1F3FBEB6A83B2B967E966DD5A99933671E3B6AD4A85EBF6FEECAEEA73B62C488270F38E0809D25D89A045BFC89BF016B97B641E03E6BB18FB52D2C0C1A64195040BFABDF453E299F14F7E24DDC8B534D9CAE6D3EB9A645DDD529E6CA27F56B9A7EAD5F686868D8B376A9E5850B17AED31ADDD34F3FBDDCFD741B1B1BF7F157A953E79C73CE82EBAEBB2E599F264F9EFC441A28973910690E44E24FFC0D48F93249C3D7723F3D5158A8FD3C0683807E57BFEBC49A3C4E3E29EE35712F4E3571BA66F9E4EA1675D7A4982B9FD4AF69FAB53E6FE8D0A193F362EA25975CB25E6A74975F7E796D41778ABF4A1D9A376FDE4E23478E4C162C58B05E0BBA8B172F4E0E38E080BF0E1F3E7C630722CD8148FC89BF0165480F0EBA7AAAB010E20ADF4583DCDB11D0EFEA779D58D3FA483E696934716F1C254E35715A87F964778BBA6B53CC954FEAD73479679F357CF8F0CD6BEF9DBBBE6A75312B78D8B061B545DD2DFC75EACC8D37DE38F1CC33CF4CEAC1F1C71F3F2BA696F785DF5B5CA190B65D1D8824D8E24F33C0EB7E4C7662F0A0B55FEEB3B70A0BF9607089C120D08FE877914FF6C37C321D4EBF75DEBC793367CC98919C78E289473BC126EE8DA3C4A9264EEB6C1CBFAAA26E4F1473E593FA354DDED927E37FE8D0A1FBE545D4E38E3B6EBDD6E84E3AE9A4DA82EE81FE8275A6582CCEB9E1861BEAA2A0FBD39FFEF4A134504A7DE1F7563BF5BCA1A16117072209B6F8D306F28988EEC6642783AC9E58EEB3370B0BC1B24D407FA1DF453ED90FF3C9C71F7FFCA4175F7CF19FF9B87AE9D2A5FFB8FAEAAB1F39E288237614E9E2DE384A9C6AE2B48EC6F15D1575371CD473C55CF9A47E4D9377F6B9F88F9A58BEDDFABE356AD40AF3CF927EDE0BFD05EBCC89279EB8E481071EA88B82EE7DF7DDF7481A2833FBD27FC49A765B67575A381049B0C59F36900ABAAB8AC94E06573D7DC56C6F1416F241EB228341A00FD3EF229FEC67F9E473CF3DB7D3934F3EF95857E3EB3FFDE94F2F9E7EFAE93FEE6FB73512F7C651E2549C8AD33E3D8EEFACA8FB87413D5BCC954FEAD73479679F8AFFA889E5AFC7CCE7F5E9DE7BEFADFDAC33FD05EBCCE8D1A35F5EDFF7CFCD3DF5D453CFA541B2A08FFE476CBFD2A2F63FA40391045BFC6903B4A0DB694CB619DC8B83AADE2A2CE4834157F8027D917E17F9643FCA27531B3FF1C41397BDFCF2CBFF5AD518FB5FFFFAD7CBB7DF7EFB538542612F512FEE8DA3C4A9264EEB641CDF5951B7A78BB9F249FD9A26EFEC33F11F35B1FCF9C71F7F7CBDD6E8E6CF9F5FFB3917F80BD699B8C9F14B2FBD94D48B0894BEFC1FB1F64A8B9842EF4024C1167FDA402EE8768CC941CBAEE88D41E0F06E1607D657EB4A6FCD7003E82DFA5DE493FDA8FDEA57BF4A9E79E699BFADEE387BF1E2C54BCF3FFFFC726363E316E25EDC1B4789534D9CF6C2387E75C532CB1D67E6FEA1EDF9DEC887E593FA354DDE59B7F15FFBF81FFFF8C77AADCFC5FBD77E1E7FC13A0CA87AD28D00EF536D7D1F88E6CC99935C76D965C9DCB973D77A5F4B972EEDF307A2FE165FBD197F8B162D4A1E7EF8E1E4B9E79ECBFEFDEB5FFFDAE5B68F3EFA68F2F39FFF3C79F2C92757BACFB8C2E8C20B2FCCF61D8F9F7EFAE9EC7B162E5C985DFDB364C992F66D6FB9E596E4FEFBEFCFBE8EF77EF1C517B3188CF6C20B2F24CF3FFFFC0AFBE8ACFDED6F7FEBF4B3C4F2152D2D2D5D7ED6F8996FBCF1C6ECEBFBEEBB2F99376F5EF6DEBFFCE52F57F9738ABFCEDBBEFBEE9B0FD2CE5FC5A1A99E0B0BE1ACB66D36974500756EF3FED2EF0EF463E8401DCFFCE637BFC972B075917BAECF1CB1BB2D3E73B1588C9364C91A9C58CBBE574CD747DCC7383DC637B5CF45AC3EF8E083EB74CCD517E2DE386AE56D20C5E91FFEF087E49A6BAE89653D3BDD67AC3E78E69967264F3CF144FB73175D745116B3CE37AD9371FCEA58D90CDD8B07F5EC0C5DF9A4E3EF722DCE73B6B6B6B63F8EFE268E83F979C6DA16FD476F9E0F97776A9DB57AABD139AD5267EA6C86EE927E304377564343C39E43860CD928B65B9F274022F97EF39BDF9C6CB8E186C9073EF081E42F7FF9CB0A07A557BEF295C9269B6C926CBAE9A62BB4787EA38D36CAD64D8FED6FBEF9E6E415AF7845F2EA57BF7A8516FB79E6996796DBFFA1871E9ABCE31DEF48B6DE7AEBE46D6F7B5B326DDA34574CF6A1F83BE79C73B2D879E49147B2A4FAFAEBAFEF74BB1878EDBAEBAEC9061B6C909C7DF6D9D980296F79D21383BAF8FE185CC5BECE3BEFBCE4AAABAE4AA2FFA94DDC478F1E9D6DFFDBDFFE368BBDB7BFFDEDD9F746FC744CF2635FB1EDF0E1C3577A82F88C33CEC8B69B397366B6FFA6A6A6AC6DBFFDF6D9EBDFFEF6B7DB9F8BD7EFB9E79E6CFBF3CF3F3FD97CF3CDB3AF23867FF8C31F665FBFEA55AF4AAEBCF24A5796AF614C0EEADE7247668A01F41CFD2E753B9E8913F7AF79CD6B92D7BFFEF5597BDDEB5EB7DCEB6F79CB5B92D34E3BAD5773CF7AC81157A7DD74D34D31CEBA39FD3C0BFEF5AF7F756B209F8ED3AE3CECB0C3AAE9DFF5C6F4EFBB8DB85FBF71FFD4534F255B6EB965F2A94F7D6AB9C2538CC17FFCE31FAF9331575F8B7B337407669CD6EEFB8F7FFC63FB79811D77DC312BDE767CFF51A34665AF7FE10B5F48BEF295AF64F11C8F77DA69A764BFFDF6CB0A9393264D12A7BD378E5F9B62EE1F7AB9A82B9FD4AFB5B7B83024E22C8E6DF9F9CF787CDB6DB72DB75D144C37DE78E364DCB871D9E34F7FFAD3C92EBBEC92B50F7FF8C3EDCF1F73CC31D971F4FDEF7F7FF2AE77BD2BD961871DB29C36CF6FA345BE1BC75479A7F8EF2AFE6B9F8F8BA9CCD0A54B871F7EF8DFEBE51EBA694739BB0FDF43B763B233685D1D883AB698BD78C30D3724EF7CE73BB383CCEF7FFFFB64B7DD764BDEF39EF764574AC69548B1DDECD9B3B383C671C71D979C7CF2C9C9F7BEF7BDF6168FBFF39DEF64AFE75733FEDFFFFD5F522814923163C62CD73EFEF18F6707A08E9F230E2CA79E7A6AF2CD6F7E33DBCFBA38D00CE0826E8FC45F1C3022B988936B3FF9C94FB2627D0CDEE2EF17FB8A8B02E24281FC8AB61878C5E0285E8F04E56B5FFB5AB2C71E7B6403B8ADB6DA2ABB922C9F6D1BF1F8C637BE31F9CC673E93BCE10D6FC8129CFDF7DF3F1B20DE7AEBADD93E2EB9E492EC6ADB4F7CE21359CC36363626DB6CB34D327EFCF8E4FBDFFF7EB64D147063F01703C1D8F7B7BEF5ADF66D3AB6B828210692B15D7CD6F85C871C7248D6F6DE7BEF6C809AFEDEDA9F8B02F6E5975F9E4C9D3A3539F8E08393CD36DB2C4BF4B6DB6EBBE4ACB3CE6A1FC0C6FFAFE9D3A7AFF4CA6405DDCE63B2C360AAAFDDCB31EE6BB164907BEF007D8F7E97BA1CCF44C12062A7B9B9393B791517F4C58C89C81DA34541F7B0C30ECBF2D3DECA3DEB21475C937C32CD93F739E594539E58BC78F1C295DCC76CF605175C7061FAB77D24B617F5F5338EFFDDEF7E977CE94B5FCAE2290A60E9FB677116E3EAF83AC643E25E4177A0C7697E8E222617BCFBDDEFCECE6F459CC576710E20CE31E52B7245D1F84D6F7A5376CE2A3EE35E7BED951550E2F3478BC909C71F7F7C3279F26471BA7EC7F19D1573E39EB91B76F27C4F1575E593FAB5F6167D481CC3A21F1A3C787056CC8DE35FF429F17C5C3C926F7BE4914766C5D498A014334EE33C639C33FFFAD7BF9EC5E811471C916D57A954B2E3661471D3BC2BD979E79DB39F31FAB5F7BEF7BDD90CDCD83E962F96778AFFAEE2BFF61EBA8F3DF6987BE8D2B5638F3DF6FF1E78E081BA28E8A689E05D6990CCEC63FF11674627D545B2B3CE0BBAA552294B96E34011C5B8F88C071E786072C00107649D7D3CBFC5165B64C5B1BCA09BC640563C8B643A6FF1F8A8A38E6A2FE8C63238D1994C9C3831F9D18F7E944C9830A1BD7DE8431F4AF6DC73CF6CD987CE967B886D623F279D7492826E9DC75F5C351BF1F3831FFC205BFEA86341370AF4F17ABE24730CD04E3CF1C4E4AEBBEECA064F71855A24229FFBDCE7DA974ECA5B5CC51B83B58893B8C22DAEF28A2B68631F91047DF0831FCCDE3F622FBE3F6677C7F7C495B45FFEF297B341632453F98CDC7CFF51D08DD72291E9D822E1894166245FB1744AC47AC477ECFFA31FFD68B69F4F7EF293D9E3CF7EF6B3D9450CB1D44A7CB61880C6FF9948BC2269FAD8C73E965D2917CFC5FFA998951EFFDF9C8858BD98ACB147DBA0AAA7AF90EDADC2C290B43D91B603650E401FA5DFA5EEC6337941376653454E1805DDC80BE30458CC7288D7E2A458CCD2EDADDCB31E72C435CD27D3DFD366C3860D6BB9FEFAEB17BEFCF2CB2FD40CAD5F7CF4D1477F9CBE36BBA1A161429A3FBB4D441DC57DC466ACA015CB2CC6C5D8CF3EFB6C168771C23666E2C4D7F15CBC26EE077C417740C769BC4F7E7E2B8AC423478ECC66B1C56A70F1FDF9F363C78ECDF61B9F27FE3DF7DC73B3E24CACF815C594ABAFBE3A2B7A745C3E5A9CAEF3717C57C5DC0D56F2FADA1675E593FAB5E5DA75D75D97C5564C788A8B45F2F6D39FFE347BFE8E3BEEC8B6BBF4D24BB3C2EB17BFF8C5AC501B85DCB87825FAAF78FCDAD7BE36BB4025B68D152BA3BF8A3E2FCE8BC73132CEBDC7E398681213AC62DFB366CD92778AFF2EE33F5ECBB78B63EFFA14ABB5D67E667FC13A337EFCF83BA3F0510FCE39E79CC9699094FAC87FC4955DB5B6CE0E441D5B2C1FF35FFFF55F59412E66CEC65594798BC771355124C971454F5ED08D4E228A77B1346DDE62D99B38D00C6A2BE846623EA81BCBE5C541A9E367DA7DF7DDB3D7E2C0A3A05BFFF11745D318B87556D08D84232E0E88ED62F0157112B326F2136E31688A0159B428CCC6602B962C8919B551F88F44264ECAE5C94A5CD51B2D068579EC44DC45E21257D8BEF5AD6FCD12A398B111B375E38ADF282AC7F7C709C0D83EDE23961A8918FFFCE73F9FC577B44882E28ABBD8B65AAD66DBC6678DCF18B3D2BFF18D6F64AFC5C0311EC7F3B1AFFCF710339463201A4B4E47ECC615C17120CB2F8CC8AFC4732262F562B283DE58F6A8370A0B3DB9BC14C0FAA4DFA5AEC6337941376652E505DD7CC5A15852335E8B0B4A7B33F7AC871C716DF3C9F4FD07170A8507E7CE9D3B3FFDDD4D3DE18413AE693B293458A4D75FDCC7EC9F8F7CE42359412A4E0CC7B8E7BFFFFBBFB3381E316244F675C459C4B2B81FB0055D719A7E86CB2EBB2C1BE3C7F9AB384711E703F2168F4F3FFDF4649F7DF6C9260FE43379E33C40EC33DEF3DA6BAF6D9F351CE7C3E2715EF415A7EB7C1CBFAA62EECAB65BD3A2AE7C52BFD66541375620F8F39FFFDCDE62F6ECA09A826E14506376EEA0B665DE63166E2CFB1EB3670F3FFCF0EC1C647EFCCBCF53468BE26D14696339E6EF7EF7BBD9D7318376505B4157DE29FE57B24D292FA2C604A5F5296A85F967493FF785FE8275E68C33CE38F8ECB3CFFE573D1474D30E6D7204777FFAFDAE8F25971F7FFCF1ECCAA2589EA1638BE7A34017573BD6167423A18E03C4FBDEF7BEEC0AA23800D516741F7AE8A1EC6016CBA1DD79E79DED572EC5958FBFF8C52FB2443C96C4897D761C04C4C12E12FED83EBE5741B7BEE32FEE671357A14561BFB6A01B0793B8F2EBE28B2FCEB68BA58DE2EF1E83BC888BF4009EDDA72666FCC7D56171155914546369A51800469212CB6FE72D0AC379F135622B067A6932900DDA22498A7B43C4202F929918D8454137DE2F5F7A392FE846521303B9585A2912A0487C62D66EECE3A0830ECA0675F9CF16AFC555BA118FB1EC52EC270E4EF138B6CF93A6FBEFBFBFFD1E3E9130755CD624F62FFEEAB6B8D0D38505834040BFABDF1DD0D6454137F2B29801911774A330107967E4827941B7B772CF7AC8117B229F8C134469BEDC1C9F3BFE5DCD93F3ACE371FC5FFFFAD76CE64D9C988DA56063FC157115711F2DC6D0F1B714F7C65103394EE3764C31EBED673FFB59972DF617E79D4E39E594ECB3C5EA5E3133EECD6F7E73766E2BFE8DF78E2552E36788654DC5E93ACF27BB5BCC5DD9F6AB5BD4954FEAD73A6D575C71C54A272AD59E438C156222178DE3604C3C890B4862566EE4AFB1F240BC1ECBB8471F14C5DBB8002696A18F73EC9DED3B5E9377D295F477B95F5E448DE2FEFA14174AE59F25FDFB5AE1A0DE0C1F3E7CE3B4C3F8C7D34F3FBD5E0325ED0CE3FEB98BE2F33810AD5D8BAB86F2243BBF22325ACC628CE7630DFEDA7BE846413796C38942597E15D2B6DB6EBB5C41379E8FFB8DC4E358D22112F1F83A92EFB82A29AE5A8AA5753A7E9648CCE3E017F7DF8D034F2C8D1B830205DDFA8DBFB82020FEB631D0A92DE846271E8FE36F996F1BCB1FC712799180C47D6F62BB98219E9F948B826ABE6D5C211BF7BCC95B5C759B2FAB1457D3C66CDC484C226189415F5C2CF0D5AF7E355BCA24DE270ABA71555C149A07B5157423118BCF19AFD5B658A66F50DB95BEF17A5C3D9C274DB16453FCBBEFBEFBB6C773EDF3B15D2CE514AF458274F7DD77777A9F8AB82842FCF5F860B027065B3D595888CFD51BCB9302E877F5BBC6333505DD58052666E9464137C632317E885563E2C2BEBCA0DB5BB9673DE4883D994F3AA1D637C6F18F3EFA6872F2C92767AB11C5E3FCFEA473E6CCC92E9E8EE7E2E4B1B8378E1AC871DAF6775F658B1977F17D31C32E96518D254F63C9D2B8D76EBC5F146862866EDC9F77E1C2FFDFDEBD40D955960703060A0A168B5228D40B4A8B4B2B8268B9555153BC2CA8A928B0D9B32702B960A80ACC0CFC883F72195029050ACC1914112CCA4D416BD488229339275C03A2ADCA5D22201802895C2C11C245F6BFDFFD67A7C3908464C2CC9C73E679D6FAD6CC9C73E6C2CECBF7BEDF79F7FEF622713AB6F5E49A367357F57DABDBD4554F9AD7563A624781D8C52FDE1B8FF71D23B662BE895BB5C5EF8E1349E27591DBE2A495D835204E0A898B48AA935A868E9827E3F53127C64924B1A572BC8F1E5BD6C6D5B3B14B407C7EFDF5D7E7D17B5177B232B155754747C7335523F537BFF9CDB8F4E8224F7676763E37A4A1BB997F9D2674D4514735E28C92F1D4DFDFFF8D22482E9488D67EC4BD4162C28FAB6A873E1E6747C6E3914456D4D0DD65975DCA6413C5F58A1ABA31A2388EE7634BE72A79C595BDB155C5F0BF236EF41ECFC75925F1755C21BCCEB2C6A0866E73C75F1432B1A5D2D0866E2C82620134F475471C714479766D75C6589C49569D651B4DFEB87F6DF5DA38532DDEA88B7888ED91E20CD96AD116CFC799B4F1B3AA7BEAC4E7DB6DB75DF9665EBC2E1AB371A66D347BE37745828982291687D1E88DC22A7E7E9C31173F2B5E138BC35840C656E455D114B11D5B9FCC9831A37C4DFC37C4D771557A5534DD71C71DF969A79D56C6767CBDA2A229B65459D3FB427B23629562B1B5F8255874BD548D856A11E88C5EC0BC6BDEF5C6DA28D5E60B172E2C6367EBADB72EEBC7F83C6AC8D83528DE901FDED01DADDA73BC6B44F5E4C45BC7C72D8DE2DE9FB1FDEBCF7FFEF332E6E264D5B8ED4D9CD850ADD9C5BDB89FC8711A8D91071E78207FF4D147F369D3A695277BC7D6A8F19E405C0177EFBDF7967924AE108EEF8B46CC9FFFF99F97AF8DB88CBF239A20711FDDF81B162C58E0FDA6B1AD2747DACC5DD5F7BF5853573D695E5BE5983C79F2F2ED94E384956A6BF9A83BE3968155EE8B866FCC5B71324AE4C59FFDEC67E5B6F1B18B4CC462EC6E1857EB5627BCC4AE95312FC66E8331AFC55C545D58159FC78556317FCABFAC4A4747C7ECAA917ACE39E78C4B8F2EFA37439AB903FE559AD4F4E9D3DF3E73E6CC67E38CB6F1F0ECB3CFDE5F04C8FCCECECE1D24A2F169E846311CDBE8C40DD863C4FFB4431BBA5140C7FFD071C5633C76F8E1872F6FD6C6194B9110E3CACAEA77CD9A35AB6C06C6FD53AAAD71634453AEFABED13E8B48225ABBF88BAD9587DF437765575654FFAEB12D733C16FFB6B1B5519C613674D11631149FC7E3F13DB1688BB37CA390892BCA636BA6AA708A9FB7E9A69B968BAED84A29EE8513C550DC4F37AEC08D98AC7E761463D1D0DD6BAFBDF2254B96945781C7F7477133F46F8D42290AA1B80F4F347BD759766F9DF83A1E1FBA5D49759F8AAA688A4561144A55D11467E7C5C253FCBDE48BC1B5BD62ECA5682C4C5AE7A5BFC7248079D7BC6B3D336CC4BD72A3EE8B37BA627BCEB812214E348D37E9E3F9E10DDDD1AA3DC7BB46544F4EACB88FE6536CB518F15EDD4B6F8B2DB6281B57D1348BE762FBDA787F46DC8BFB891EA755A336DE9B885DE3AA5B7BC57B05EF7BDFFBCAA6EFD0BFFBC4134F2C7779889DC7A21113BBC6C5DF134D60EF378D793D79E03A236FE65656D4D43D403D695E1BC988F92B1AAB91D3625E8A7921E697B8BF76EC32108DD4D89A3DDE2F8FB92DAEBE8D5B07C6D6CA71224BFC8CD83639E2304E26A97E6EE4C3B89237DEB39C397366D9E88D866FCC6FB153657C1EBFA3BAE581FCCBCAC4AD48AB666AE4B0B898692CC555E4071E78E0D0AB733FEA5FA5897575755D1513C17838E9A493BE5E04C9B725A29766C4D595910CE2ECC52894AB11C9659D656728C6EBAA9BB2C7D771C56D759F80B82769DCF7A43A4B3EB6D3B9F3CE3BCB338D622B88B83749F16F563E175BDA44DCFCF55FFF755974471339DE7489E65A3488637B80E18B824852F1BD7113790DDDE68ABFD8763BFEDDA24888E226FE1DE3ECB0F8F77AFDEB5F5F3E1ECF470C44DCC4E22ECED87DE52B5F59DEDBE6F8E38F2FAFA8ADFE8DABAD8EAB455B2CC2220E2396A2E08862290A962846A2291B67C455AF8FE7E34CB93851207E4F145D717652FC0D116FC3FFDBE26ADDF85BE2ACB6EA3EBBDFFFFEF75F70B2436CE337F4C4876A3B95F879D5C90EF13112675C115CCC8DE582308E456CE71C7F7F9CB51767DDC53D32C4DF4B6E6DB7015DDBC6C2AEEBFCFF338CF7F54F019877CDBB8CEE7A266EE511DB77C688F545D45C713542FCCED88233BE8EEDF0E2B5A3597B8E778DA89E9C58717FCA29A7947113EB9CEDB7DF7EF9153CD58875573C1F312EEEC5FD448ED368D6C68E5B71A140FC8CD88A34AEFC8DEFADFE8E88C9EA4AB668C84403254E108A9F17234E188A988D264B3C1F271289D331AB2787366347D2CC5D939FA39E34AFBDE838F2C823CB3921B65D8EF71577DE79E7F282A3982BD659B60341BC171AEF2B461D5ACD33F158EC20B0EFBEFB96179BC463714149DC1F3CEAD41871B56F9C4812735D9CA412CDB0D86E399AB15573ACBAD5A1FCCBAA14B132AF8A993849E9D9679F1DB31E5DFCBEEA7717E3265B6A37B92449B69C366DDA537136F458BAEDB6DBAE2A02E4F1E2F76F2311BD7457E8C63D4BA2C11567055523AEB88CC7AB866E5CB11B67BD575F0F6DBAC6BD4EE25E56D5360F31626B9BF818DB3D44F11E85795C0D198FC5163C73E6CC293F8F266E14D1439B7343477C4F14F651706BE83657FCFDE4273F29176E679C71C64A473C1F3F379AFCD5F6DB510CC5F7C736CD71DFDB5890C5BD6E87FEECD81639BE37EE5511DB3045433FCEC28D45DB8AFE965838460115F1164DDC2BAEB8A27C3CB63389E2E5E4934F7EC1F7C4994BF1FA88F3D8A669E8D5E1C347DCF37965DB85C7FF2BB1F55FFC8DB1CD54FCAEEABE18F1DF103F7BFAF4E9E5D5CBE26FD4168323BDE7CDDA3416AAEDA26CCF049877CDBB8CC17A266AC7B81A2BD6A0F1C67D5C49155745449DB6D34E3B95BB00C5C9A6F1DAD1AE3DC7B346544F4EACB88FF8A8AE3E8CAD13E30AA1D8E12A76C8AAD62F712562C4A2B817F7133D4EA38112F1154D97D34F3FBDBCB237DE7B8AAB74E3AAB9F8F9D1A48DD88DD7C67B51D100193E22BFC4050AD57B58E274CCEAC968BE1EB0CEC89BB9ABF373D493E6B5D5BED547DC4A303E8FF924E69CB8D23F1AA3D1C48DAB72E322A9788FFB97BFFC65790153B56B4CCC75F15E765C00558D68B25E78E185CFFB1DB13BC161871DF6BCD755AFAD4E52947F599522AF7D604853B58C91B110FDA4A1BF37CB32BB1DB482A2C039AC98649E18ABAD978B45FBADC5EFBCB50892FF2311191ABAE26F65633CB6E7167F4DB1181CC91563236D2CBC14DB8E029877CDBBEAC9351CA3F9E6BAF50CD6F1E25E9C1AE2B425EAC991524F9AD70CF35ADBE9E8E838B56AACC6894FD16C1D4D37DC70439C10F5DC90866EBF7F85163263C68C0B4E38E184516FEA3EFBECB3F74E9F3EBD5E04C8D912912111893FF1C74A16676B7AA6ED481A0B6B73651A8079D7BCAB9E34D493E2DE10F7E2549C8AD391D79323A19E34AF19E6B5B6145B1D0FDD7A399ABAD75D77DDA835730F3CF0C03F0D69E6DE9C24C9C6FE155A2C60A64F9FFEFDE38E3BEE7F46ABA91B57E6CE9831A311F7CD9D3A75EA8612912111893FF1C72A16836BB2485BD3C642F5F39DD10B60DE453DA99E44DC8B7B716A88D3B1AF2747FAF3D593E635C3BCD696A64C99F2BA8E8E8EBB86367563FBE597F29EBA71E5EFB02B73EF2FC61B1DFD16144DDDCECECE730E3BECB0FF79A9EFA91BF7CC5DB6CDF2D9EDDECC95882422F16728845E126BB26DD39A3416AAED999CD10B60DE453DA99E44DC8B7B716A88D3F1A927D7847AD2BC6698D7268468AE0E6DEAC638F1C413F3458B16AD557FEEE1871F2E7FCED09FAB99DB26D2343D64CA94294B2EBDF4D2479F7EFAE9B5DD62F9FE934E3AE9EB45603CDECEF7CC95882422F16788BF715D0CAE6E6361D7622C5CC719BD00E65DD493EA49C4BDB817A786381DCF7A7275A927CD6B86796D425976A5EEBCA1CDD7FDF7DF3F3FFFFCF3F3850B17AE517F2E1AC1175D74516CB1FCDCB066EECD9AB96D2449922DB32CFB4EF10FFDD8B7BFFDEDDF3CFCF0C3CFAC49A0FCFEF7BFBFA5BFBFFF1BC5CFB823B6582E3EBE4522322422F127FE1881D5D9B669751A0B932C0201CCBBA827D593887B712F4E0D71DA14F5E4EA504F9AD70CF3DA8414BBE9A6697AC6B0266C398E3EFAE8FCD24B2F2DEFB11B3BED561765C6C7050B1694F7C8FDDEF7BE971F7BECB1796767E7732BF819FDEE99DBA68AA0795B31CE2DFEE1FFE7F0C30FFFC579E79DF78B1B6FBCF1370F3CF0C01F87F46F1F8F06EEBC79F3E69E7EFAE9B30F3EF8E0D945502CCEB2EC9BC5F7ED2011191291F8137FACA5B53DC3B7FAFE7D1D4A00F32EEA49F524E25EDC8B53439CAA2731AF19E6B566B7DF7EFB7D60F8D5BA6B316ECAB2CCD6F51341DCF77659F09C5A8C4631EE29C633438261E1B2C0EA4FD374F244B84FAE442411893F43FC8DCB62708F117CDF4B7166308079D7BCAB9E34D493E2DE10F7E2D410A7EA49CC6BE635C654F4DC3A3A3A660FEBC9ADD6C8B26CA0181F8DAB7E1D4990882422F16788BFB15C0CAEC9A2AEDAE6C9F64C00E65DD493EA49C4BDB817A78638554F625E33CC6B2D6BEAD4A9AF4AD3B4232EAC5C7681E5C2610DDCF2C2CBD87537CBB28FC7AD551D3590882422F16788BFF1128BBBC5ABB1B88BD78DE44C6000CCBBD633EA49F5A4B837C4BD3835C4A97A12F39A790D4022322422F127FE58CBC5E0AA167993D659BB7BF50060DEB59E51C7A927C5BD21EEC5A9214ED59398D7CC6B0012912111893FF1C75A58D9B64DBB1563A14520807917F5A47A12712FEEC5A9214ED59398D70CF31A80442411893F43FC8DFF6270E819BCD5E2F0E30E0D807917F5A47A12712FEEC5A9214ED59398D70CF31A80442411893F43FC35CF62F0D4756CCF0460DE453DA99E44DC8B7B71DA1463C99225F92DB7DC527E5C9BC7C5A97A12F39A615E0390882422F16788BFF6B0474747471CE73D1C0A80D1B7D5565B1D5A7C30EFAA270DF5A4B837C4BD385DE988E66CD40BF1716D1E17A7EDBB8E574F22FF9AD70024224343D7BFBBF89B6096357401189B3977F6DE7BEF9D4F9A34697D47433D69A827C5BD21EEC5A9862E23F42A8700F9D7BC062011191ABA86F89B58CD05C719600CA469BA6B31E73E13F36E9665AEA8504F1AEA49716F887B71AAA10BC8BFF22F8044644844E24FFCF1E2347401C6469AA6B362CE5D366E7244D493867A52DC1BE25E9C6AE802F2AFFC0B2011191291F8137FBC280D5D8031996B77ACAECEAD469AA6931D19F5A4A19E14F786B817A71ABA80FC2BFF024844864424FEC41F2FD664709C01467FAE9D3DB4995B5DA5EB5EBAEA49433D29EE0D712F4E357401F957FE0590880C8948FC893F5EACC9E038038CEE3CFB82AB73AB9165D9471D21F5A4A19E14F786B817A71ABA80FC2BFF024844864424FEC41FAB6A3438CE00A33BCFFE7845CDDC65639E23A49E34D493E2DE10F7E2544317907FE55F0089C89088C49FF863558D06C71960F4E6D8955E9DEB5EBAEA49433D29EE0D712F4E357401F957FE0590880C8948FC893F56A7D9E038038CDE1C3B7B55CDDCEA5EBA8E947AD2504F8A7B43DC8B530D5D40FE957F0124224322127FE28F95351B1C6700F32EEA49F524E25EDC8B530D5D710AE635C3BC0620114944E2CF107F1A0B009877D593867A52DC1BE25E9C6AE88A53907FE55F8096363838280134CF78B24844CF883F43FC692C0060DE453DA99E44DC8B7B71AAA12B4EC1BC6698D7004A575F7DF5C2458B1649024D30162C58F0AD2211DD2EFE0CF1A7B100807917F5A47A12712FEEC5E9D88C254B9694CDD9F8B8368F8B5330AF19E635805153AFD7F79A3B77EE630F3DF4D013AD34692F5DBAB4ADCE288A243467CE9CDF16635FF167883F8D0500CCBB4CAC7AB2A8C7D4935847897B716A885330AFA93BCD6B002B574C7E930706066E8A6D0A62EFF9661FFFF11FFF917776762EFFFA9BDFFC661E6FD4B5C2DFBE9211C7FDF6899A845A2DFEDA704CE8F8D3580030EFA29E1CEFF1D39FFE34AFD56AF9AC59B3D4935847897B716A885330AFA93BCD6B00AD2F49928DD334BDABA3A3E389216FD2CD8E37EA264D9AB4BE2304343B8D0500F32E54F23CDFF091471E79B490CF9C39F3878E080000EA4E005A5E9AA667C49B72C57866EAD4A91B165FEF1A9FC7635996EDE10801CD4E6301C0BC0B95FBEFBFFFC27C99EBAFBF7E41B1A6F9A8A3020080BA138096D5D9D9B9434747C793CB1ABA31A6A6693A6BC8D737394A40B3D3580030EF4258B264C9DBFFF4A73F3D970FF1C52F7EF1FEA953A7BECAD1010040DD09404BEAE8E8680C69DEC6F85975756E35D2349DEC48014D3E97692C009877619D071F7CF0EE7C98C71E7BECC12953A6F4393A0000A83B016839B105C4B066EECAC64DEEA50B34338D0500F32EDC77DF7DC7E62B316BD6AC078BB8DDD151020040DD0940CB88AD1F8AC4B270351BBAB9FDFF8166A6B10060DE6562CBF37CCBA54B973EBDB237D69E7BEEB9A77A7A7A7EE544550000D49D00B48C8E8E8EFED56DE62E1BF31C35A089E7348D0500F32E13D8EF7EF7BB79F98BB8FBEEBBEFCFB2ACDBD1020040DD0940D34BD374D7E1F7C95D9DE15EBA40B3D2580030EF32B15D77DD752FF6BE5AFEE4934FCE8DD89D3A75EA868E180000EA4E009A5A96651F4FD3F4DC22A9CC8EFBE316E3FED5BD97AEA30734238D0500F32E13DB71C71DF7E9556D7D17EFAB1D7DF4D197BA520200007527002DABA3A3E30FC5784D9224DB141F27A569DAE18D3AA085E630F31580799709EE5BDFFAD69D2B7B576DFEFCF95F89DBC8B897190000EA4E005A5292241B1549E689E18F7BA30E6815E62B00F32EC4C9A9F3E7CF7F72F89B6ACF3DF7DC2D53A64CB9A588DB1D1D250000D49D00B46A02DABA4832F70C7FDC1B7540AB305F019877219C7AEAA9FDCF3DF7DC9F86BEB176DE79E77D2D4DD3331C1D0000D49D00B4AC8E8E8E77C536102B78DC1B7540ABCC63E62B00F32EAC135BDB5D71C5158BAA37D51E7BECB14B8A78BD6BEAD4A9AF72740000507702D0B2D234DDBB4836DF1DFEB837EA805661BE0230EF42E590430ED9FDD1471F5D5A8C7CE6CC9973B22CFBA8A3020080BA13809656249A4F7574747C79F8E3DEA8035A85F90AC0BC0B439D73CE393FAED56A799AA6B31C0D0000D49D00B4BC8E8E8E138B8473DC0A1EF7461DD02AF398F90AC0BC0BCBC5567711A749926CE3680000A0EE04A0E51509E7ABC598B982C7BD5107B4CA3C66BE0230EF8238050040DD09407B4AD3F40745D2F9884404289C0130EF224E010040DD0940F3259C9F767676EE2C11010A6700CCBB88530000507702D07C09E7BE2449B69288008533AD2CCFF3F5EFBEFBEE6FDF70C30D7F1A1C1CCC0706068C311E73E6CCC9AFBEFAEADF17E3E322D2BC0BE2140000752700BC7409E7A924495E2611010A675A593473AFB9E69A7CD1A245F9534F3D658CD358BC78717ED55557FD61CE9C39FB8A4AF32E88530000D49D00B0969224D9B448388F484480C299561757E66AE6364D53F7A9818181DB45A57917C4290000EA4E00584B59966D5B249CDB242240E14CAB8B6D9635539B670C0C0C3C232ACDBB204E0100507702C0DA279BF76759569788008533AD2EEEE1AA91DA540D5DFF5F9A77419C0200A0EE0480B595A6E99422E15C2C11010A675ADDEA3674973CB630BFFBA6F3F35BE79C588EF83C1ED384D5D0C5BC8B380500007527004D27CBB2238AF1EF1211A070A6D5AD4E43F7F14717E4B7FCE4D8FC97971FF9BC118FC5731AB11ABA987711A70000A0EE04A0D992CDA9699A1E2911010A675ADDEA3474EFBFF5072F68E656E377B7CED688D5D0C5BC8B380500007527004D976C2E2CC6FE1211A070A6D5AD4E43F7F6C6BFADB4A11BCF69C46AE862DE459C020080BA1380A69265D940313E2811010A675ADDEA34746F19E85D6943379ED388D5D0C5BC8B38050000752700CD966C6E9E3265CA761211A070A6D569E86AE862DE05710A0080BA1380764C368B9324D95C220214CEB4BAD569E8DE3AE7C4953674E3398D580D5DCCBB88530000507702D03466CE9CB941916C9E2E3E5D57220214CEB4BAD569E8DE75DD592B6DE8C6731AB11ABA987711A70000A0EE04A0692449F2DA22D92C9088008533ED60751ABA0F2FF8557ECB95C7BF70BBE5E2B1784E23564317F32EE2140000D49D003453A2D9B1183F9788008533ED60751ABA31EEF9D9052F68E8C6639AB01ABA987711A70000A0EE04A0A9A4693AB948363F9488008533ED60B51ABA4B97E6775D7FF60BB75B2E1E8BE73462357431EF224E010040DD0940D3C8B2ECA022D99C2711010A67DAC18B35741F7F7441FEEBEBFA577A0FDD782E5EA319ABA18B7917710A0000EA4E009A25D11C9365D917242240E14C3B58694377E9D27CE15DF5FCE62B8E5E6933B71AF19A78ADAB75357431EF224E010040DD094033249AB3D2343D44220214CEB4831535745FECAA5C57EB6AE862DE459C020080BA1380A695A6E9778A64B3AF4404289C69072B6AE8AECE55B9ABBA5A5763564317F32EE2140000D49D008C67A2B936CBB2DD242240E14C3B58514377A4CDDC6A68CC6AE862DE459C020080BA1380F14C34F39324D946220214CEB48395DE43D7D0D0C5BC8B380500007527002D9A68962449B2B14404289C69071ABA1ABA9877419C0200A0EE04A06D4423371ABA1211A070A65D68E86AE862DE05710A0080BA1380B6115B2DC796CB1211A070A65D68E86AE862DE05710A0080BA1380764A32EF29C6B51211A070A65D68E86AE862DE05710A0080BA1380B691A66952249A6F4B4480C29976A1A1ABA18B7917C4290000EA4E00DA469665871689A65F220214CEB40B0D5D0D5DCCBB204E0100507702D04E49E68B699A7E4E220214CEB40B0D5D0D5DCCBB204E0100507702D04E49E66BC5982111010A67DA8586AE862EE65D10A70000A83B01681B699A5E5E249A0F4B4480C29976A1A1ABA18B7917C4290000EA4E00DA29C9FCBCB3B3F3EF252240E14CBBD0D0D5D0C5BC0BE2140000752700ED9464162449F25A89085038D32E3474357431EF8238050040DD09405BE8EDED5DAF48324F4F9A34697D89085038D32E3474357431EF8238050040DD09405B489264F322C92C9688008533ED4443574317F32E88530000D49D00B4852CCBB62F92CCCD1211A070A645F2D64031767BB1D769E86AE862DE05710A0080BA1380B690A6E987E2CD7189085038D32AFFBE31227715396CD795BD4E43574317F32E88530000D49D00B485344D0F2892CC051211A070A655FE7D878D1FAFE88A5D0D5D0D5DCCBB204E0100507702D016B22CFB4C314E9188008533ADF2EFBBA2317C2B660D5D0D5DCCBB204E0100507702D02E09E6F4344D0F9788008533ADF2EFFB22E3C7B115B386AE862EE65D10A70000A83B016897047349313A2522A09D0A67C318ED86EE030F3CB0FCF3DFFDEE77F9638F3D56FECEABAFBE7A85AFBFE38E3BF21B6EB8215FBA7469F9F5DCB973F33BEFBC7385AFBDEFBEFBF273CF3D375FBC7871F9F5C30F3F9C3FF4D043F9A2458BF2050B16E48F3FFEF80BBEE7BAEBAECBFBFAFA56FAF7DE7EFBEDF9AC59B3CACFFFEBBFFEABFC9BE36FB9F1C61BCB9F3DDA0D5D31D9FE43F6C11B6B0000A0EE0460946459562FC6EE121100ADB2305AC9B8294DD3C993264D5A3F5E379A0DDDEF7DEF7BF9C61B6F9C5F71C515E5D7C5EFCCF7DC73CFFC9FFEE99FF28F7FFCE365737768C337C6BFFCCBBFE45B6CB145BE64C992FCD24B2F8D9C9A6FBEF9E6F96F7FFBDBE5AF993F7F7EFE9FFFF99FF929A79C523EFFE52F7F39FFE637BF994F9932A5FCBA1A871C72483E6FDEBCF26357575739DEF296B794CFC5EFA91E8BE7AFBFFEFAF2679F7DF6D9F9AB5EF5AAF2F337BCE10DF949279D547EFEB297BD2CBFE4924B5CA10B4C88FCE1280000A0EE04A05513CC6D4992BC552202A0551646AB6AE45646B3A1FBC4134FE4071F7C70BEE1861BE63366CCC837D86083FCCD6F7E73D9E4DD64934DCAE6EA9BDEF4A67CE1C285CBAF887DC52B5E919F7EFAE9E595B49B6DB659FEE94F7F3A7FDBDBDE96BFF7BDEF2DAFC08DD75D7EF9E5F9565B6D956FBAE9A6F93FFEE33FE6AF7EF5ABF3BFFBBBBFCB8B3C9DBFE73DEFC97FF4A31F954DDBF3CF3FBF6CF4AEBBEEBAE5EF8FB1D75E7B950DE2E2582C7F6CBDF5D6CB2FBAE8A2FCAAABAECAA74D9B56FE7DD14C8EBFF5D4534F2D7F67FC5DDFFDEE77F36BAEB926FFD5AF7EA5A10BB475FE70140000507702D0AA09E691244936958800689585D1B2312FCBB28F0E6FE456C6E21EBAFFFDDFFF9D9F7CF2C9E515BA71C5EBB6DB6E9BEFB8E38EE5E79FFFFCE7F346A3913FF2C8236503351AA7C71C734C79456C345763BBE3BBEFBEBB6CE06EB9E596CBAF92FDCA57BE523672634BE46818C7D5C09FFAD4A7F23DF6D8A36C026FBFFDF6E5F7FEF18F7FCC3FF399CF948DDFF7BFFFFDF94E3BED54367BDFFDEE77975FEFBEFBEEF9673FFBD9727BE6F819FBECB34FF937C4B6CCF1F7ECBCF3CEE555BCF1585C551C4DE9FEFE7E0D5DA0ADF387A3000080BA138096B3E79E7BBEBC48304B2522005A6861B4C22B72871BCD86EEECD9B3F32F7CE10BF9F1C71F5F365BDFF18E77E4EF7CE73B9F37DEFEF6B7E75FFDEA57CB6D8F8B3FA7BC9A361AB4D56B7FFDEB5FE7679D7556BECB2EBB944DDAC99327975B2DC7F31B6DB451BEC30E3B2C6FD046C338465C611B4DDCEAEF88AB84DFF8C637E6471D75547EC0010794AF8FBF27BE8EC763FBE5EAB5F1B7FCE55FFE657ED75D77950DDDBFF99BBF291BE3D1D08DEF8B66B12D978136CF1FE6210000D49D00B49E2449B62A12CC7D121100ED66341BBA71A56D5C555BFC9A725BE568A6469ECCB2AC1CF179D5783DF3CC33CBAB61E3FEB571DFDB7ABD5E7E5F34747B7B7BCBC6EBE2C58BF37BEFBDB7BC3A377ED681071EB87C7476769657E7C688AB6BA3291C57F656F7E57DED6B5F9B4F9F3EBDBC7F6FFCDCF8DDF1F56B5EF39AE50DDDB892B8BA0F6F3473876FB97CD04107B9872ED0F6AC670000507702D0AAC9659762FC542202A0DD8CF696CB71CFD9E2D7E40F3EF860FE577FF557F9AEBBEE9AEFB7DF7EE578EB5BDF9ABFEB5DEF2A5F17F7C78D7BDE464337BE8EED8FE3FB7EFFFBDF97DB326FBDF5D6CFFBB9714FDDF859D588C670B5E5F2934F3E593692AB666C346C5FF7BAD7951FF7DE7BEFF2E7C6F6C9431F8FD77DE2139F289F8BE6EDB5D75EBBC27BE8C636CE1ABA409BAF7DCC430000A83B01683D699AEE552498EF4B4400B49BB16EE846F3F4DC73CF2D475C2D5B3574637CFDEB5F5FDED08D7BEE4613353E5F514337EE9FFBCFFFFCCFE5B6C96F7BDBDBCA0671D5D08DE73FFCE10F9757F1560DDD6DB6D9A6BCD277C68C19E5DF73C41147945FFFEDDFFEEDF286EE1D77DC919F76DA69E596CBF1F58A1ABAB185F4B1C71EABA10BB42DEB190000D49D00B4A42CCB0E2E12CC39121100ED66341BBA71A5EC91471E5936506FB8E186FC4D6F7A53BEF9E69B3F6F7CF0831F7C4143F78F7FFC63BEDD76DB950DDB5535742FBAE8A2F2F3B8DA364DD3B2A1BBDB6EBB95CDDB0D36D8203FFAE8A3CBE7A3891B4DDA0F7DE843E5D5BCF1F7C415BEF1753C3E742BE5EA1EBA554377DAB4696513B76AE8F6F4F494CD630D5DA05D59CF0000A0EE04A05593CBF159969D201101D06E46B3A11B57C816BFA2BC0AF795AF7C65BECF3EFBE4871C7248D9148D8F071F7C70D91CEDEAEA2A5FFFB5AF7DAD6C9C462377DD75D7CDAFBCF2CAF2F1B892F60D6F78C30B1ABA2F7FF9CBF38D37DE385F7FFDF5CB9F1357DA4693361AB0711FDD871E7A68F955C2714FDEA1570CDF73CF3DCB1BA8D75F7F7DF9797CDC7FFFFDF3CD36DBACFC9B36DA68A3F2EF88FBFDC6EFF9C0073E50FE1D9FFBDCE7347481765EFB98870000507702D092C9E5EC344D3F291101D06E46B3A1FB8D6F7C23BFE4924BCACF2FBBECB2B2591A5B21C755B931627BE468DE7EE52B5F295F73F1C517E7EF7CE73BF3430F3D343FEBACB396FF9C33CF3C33DF7DF7DD9FF7B3B7DD76DBFC94534EC91B8D463E65CA94FC939FFC6479856E347457F537CD9D3BB7BC02F7B6DB6E7BC173D1508E2B81E3671D73CC31E5B6CFF3E7CF2F9F8BDF157FFBF4E9D3F3FBEFBF5F431768E7B58F79080000752700AD274DD3594582F998440440BB19ED7BE81A1ABA406BB19E010040DD0940AB2697795996FD83440440BBD1D0D5D005B09E010040DD09403B24977B9224D95A2202A0DD68E86AE80258CF0000A0EE04A01D92CB9349926C241101D06E3474357401AC670000507702D0D29224D9A4482E7F90880068471ABA1ABA00D6330000A83B0168694992BCB9482E774A4400B4230D5D0D5D00EB190000D49D00B47A62999465D955121100ED4843574317C07A0600007527002D2D4DD322B7747C4B2202A01D69E86AE80258CF0000A0EE04A0A56559D65D8C33252200DA9186AE862E80F50C0000EA4E005A3DB19C9CA6E967252200DA9186AE862E80F50C0000EA4E005A3DB17CBD1853252200DA9186AE862E80F50C0000EA4E005A5A9AA6576459B6874404403BD2D0D5D005B09E010040DD0940AB27965F747676EE201101D08E3474357401AC670000507702D0EA89E5C12449B694880068471ABA1ABA00D6330000A83B0168594992FC5991589E8E8F121100ED4843574317C07A0600007527002D2BAECC8D2B74252200DA9586AE862E80F50C0000EA4E005A39A9BC23EEA12B1101D0AE3474357401AC670000507702D0B2D234DDB31857484400B42B0D5D0D5D00EB190000D49D00B4AC344DA71589E57C89088076A5A1ABA10B603D030080BA1380969565D9FF2DC6BF4A4400B42B0D5D0D5D00EB190000D49D00B47252E94BD3B44B2202A05D69E86AE80258CF0000A0EE04A09593CAA5C548252200DA9586AE862E80F50C0000EA4E005A5696655715E37D121100ED4A43574317C07A060000752700AD9C54EE4C92E4CD121100ED4A43574317C07A060000752700AD9C54FE9024C926121100ED4A43574317C07A0600007527002D2949928D8AA4F2844404403BD3D0D5D005B09E010040DD09404B4A9264EB22A9DC231101D0CE06070735529B673C393030F08CA804C693F50C0000EA4E005A29A1BCAB18F3242200DAD9D5575FBD70D1A2459AA94D30162C58F0AD818181DB452530CEEB20EB190000D49D00B486344DF72E92CA77252200DA59BD5EDF6BEEDCB98F3DF4D0434F68AA8EDF95B9D1CC9D3367CE6F8BB1AFA804C693F50C0000EA4E005A4696659F2A92CA97252200DADD9C3973260F0C0CDC14DBFDC63D5C8D311F71DC6FD7CC059A81F50C0000EA4E005A29A19C98A6E971121100003081D641D6330000A83B01689984F2D562CC948800008009B40EB29E010040DD09406B48D3F4074552F988440400004C14D6330000A83B0168A584F2D3CECECE9D252200006002AD83AC670000507702D03209E5BE2449B6928800008009B40EB29E010040DD0940CB2494A792247999440400004CA07590F50C0000EA4E009A5F92249B1609E511890800009848AC670000507702D012B22CDBB64828B749440000C044623D030080BA1380564926EFCFB2AC2E11010000136C2D643D030080BA1380E697A6E99422A15C2C110100001389F50C0000EA4E005A4296654714E3DF252200006022B19E010040DD0940AB249353D3343D52220260AC1CD27FE56BBAFB1A07C5E73DFD576DD77D4663876AF4F437763CB4D6785D3C37F39CD9AFE8AA350EAEBE2F9EEBEE1FDCD31104E0255A0B59CF0000A0EE04A02592C985C5D85F220260AC749FD17863575FBDDCEEBFBB56FF654FAD7E4235BA6AF52F769D39F8DE78AEAB36F889EEFEFA67CA6FCAF3758BD7FEB0ABBF7E79F1F1DAAEB31A931D4900D6722D643D030080BA1380E69765D940313E2811013016BAFAEBFB74D71A3FE8AED5EFEDAE0D9E5B7C6C3CEF0579BE6E7CE8EDED5DAFBBAF71655CA55BBC667A575FE35FBB6A83C71C715A63B368E81E75CEC026F11A47148091B29E010040DD0940AB24939BA74C99B29D4404C058E9EA1BD8AAA76FF0C2F8BCA756BFB5BB561FA84657ADBE301EEFEE6B7CBAF8FAAEAE5AA35E7CBC201AC0C573F38A8F3717636E316E39AC6FF05D8E26006BB116B29E010040DD09404B2493C549926C2E11013056CA866EAD7159575F63B7E157E8565F1FF9A5C6963D67D5B78DAB747B7B2F7B596CBFDCD337F8B1EEBEFAE1D1C88DAB75BBCE9CB393A309C05AAC85AC670000507702D0DC66CE9CB941914C9E2E3E5D572202602C4413B7A7AFFE9DEE5A7DF1B2AB706F2CBEDEAF1AC5D7BF88D7F5F636D6EFE91B9C5DBCE6A0186543B7563FA578FE1BC5D79F2B3E5EDA531BDCD9110560A4AC670000507702D0F49224796D914C164844008C959EFEC68E711FDD6ACBE5EE5AFDA69EBEFACC6A74F5376694AFABD5DF1757EB76F7D5FF2D5EBFACA1DBD755AB1F10A3A77F705AD79973B6704401B09E010040DD09403B27921D8BF173890880B134F41EBAC3B75C1EEEF02F5DF5FAE557E8F60D7EAC7A3CB664EEEEAB9FE86802603D030080BA1380B695A6E9E42299FC50220260ACF49EDFD8B0FB8CC60EFFDBD01DFC5577AD7E4135BAFAEA179757E1F637D2D88EB9787E5677AD312546576DF0B4B86F6E5CE5DB53AB1FDD536B7CDE1105C07A0600007527006D2BCBB2838A64729E4404C058E9EEAFBF3BEEA1DBD55FFFC8B2AFCF39E2B4C666D5886D943FF9E56B5EFDA92F35364E2EBBECCFAAEF3BB4F6A39777D5EA8715AF3FB6BB6FB0B71887168FFD85230A80F50C0000EA4E00DA39911C9365D917242200006002AE87AC670000507702D0F489E4AC344D0F918800008009B81EB29E010040DD0940734BD3F43B4532D95722020000261AEB190000D49D00B44222B936CBB2DD242200006002AE87AC670000507702D0F489647E9224DB48440000C0045C0F59CF0000A0EE04A0E913C992244936968800008009B81EB29E010040DD0940F38A466E3474252200006022B29E010040DD0940538BAD9663CB65890800009888AC670000507702D0EC49E43DC5B8766D1391611886611886611846AB0E2B430000C6E0BD787527002393A6695224926F3B120000000000303A34740118B12CCB0E2D1249BF23010000000000A343431780B549225F4CD3F4738E0400000000008C0E0D5D00D626897CAD18331C090000000000181D1ABA008C589AA6971789E4C38E0400000000008C0E0D5D00D62689FCBCB3B3F3EF1D090000000000181D1ABA00AC4D12599024C96B1D090000000000181D1ABA008C486F6FEF7A4512797AD2A449EB3B1A0000000000303A34740118912449362F92C86247020000000000468F862E00239265D9F64512B9D991000000000080D1A3A10BC088A469FAA12CCB061C090000000000183D1ABA008C489AA6071449E40247020000000000468F862E00239265D9678A718A23010000000000A347431780912690D3D3343DDC91000000000080D1A3A10BC04813C825C5E87424000000000060F468E80230225996D58BB1BB23010000000000A347431780912690DB922479AB23010000000000A347431780912690479224D9D491000000000080D1A3A10BC01ADB73CF3D5F5E2490A58E0400000000008C2E0D5D00D65892245B1509E43E470200000000004697862E0023491EBB14E3A78E0400000000008C2E0D5D00D6589AA67B1509E4FB8E0400008CBF43FAAF7C4D775FE3A0F8BCA7FFAAEDBACF68EC508D9EFEC68E87D61AAF8BE7669E33FB155DB5C6C1D5F7C573DDFD837B3A820000D0DC347401586359961D5C2490731C090000187FDD6734DED8D557BFB8FCBC56FF654FAD7E4235BA6AF52F769D39F8DE78AEAB36F889EEFEFA67CA6FCAF3758BD7FEB0ABBF7E79F1F1DAAEB31A931D490000684E1ABA008C24791C9F65D9098E0400008CAFAEFEFA3EDDB5C60FBA6BF57BBB6B83E7161F1BCF7B419EAF1B1F7A7B7BD7EBEE6B5C1957E916AF99DED5D7F8D7AEDAE031479CD6D82C1ABA479D33B049BCC611050080E6A3A10BC04892C7D9699A7ED291000080F1D7D537B0554FDFE085F1794FAD7E6B77AD3E508DAE5A7D613CDEDDD7F874F1F55D5DB546BDF8784134808BE7E6151F6F2EC6DC62DC7258DFE0BB1C4D0000683E1ABA00ACB1344D671509E4638E0400008CBFB2A15B6B5CD6D5D7D86DF815BAD5D7477EA9B165CF59F56DE32ADDDEDECB5E16DB2FF7F40D7EACBBAF7E783472E36ADDAE33E7ECE468020040F3D1D0056024C9635E9665FFE0480000C0F88A266E4F5FFD3BDDB5FAE26557E1DE587CBD5F358AAF7F11AFEBED6DACDFD33738BB78CD4131CA866EAD7E4AF1FC378AAF3F577CBCB4A736B8B3230A0000CD4743178091248F7B9224D9DA91000080F1D5D3DFD831EEA35B6DB9DC5DABDFD4D3579F598DAEFEC68CF275B5FAFBE26ADDEEBEFABFC5EB973574FBBA6AF50362F4F40F4EEB3A73CE168E280000341F0D5D0046923C9E4C92642347020000C6DFD07BE80EDF7279B8C3BF74D5EB975FA1DB37B8FC362AB12573775FFD44471300009A8F862E006B2449924D8AE4F10747020000C65FEFF98D0DBBCF68ECF0BF0DDDC15F75D7EA1754A3ABAF7E7179156E7F238DED988BE76775D71A536274D5064F8BFBE6C655BE3DB5FAD13DB5C6E71D510000683E1ABA00AC912449DE5C248F3B1D090000187FDDFDF577C73D74BBFAEB1F59F6F539479CD6D8AC1AB18DF227BF7CCDAB3FF5A5C6C6C96597FD59F57D87D67EF4F2AE5AFDB0E2F5C776F70DF616E3D0E2B1BF70440100A0F968E802B0A68963529665573912000000000030FA3474015823699A16B9A3E35B8E0400000000008C3E0D5D00D6489665DDC538D391000000000080D1A7A10BC09A268E93D334FDAC23010000000000A34F431780354D1C5F2FC65447020000000000469F862E006B244DD32BB22CDBC391000000000080D1A7A10BC09A268E5F747676EEE0480000000000C0E8D3D005604D13C78349926CE9480000000000C0E8D3D00560B5F5F6F6AE1789C3300CC3300CC3300CC3300CC3300CC3308CB11B3A1400AC5153D751000000000000000000000000000000000000000000000000000000000000000000000000000000000000000000000000000000000000000000000000000000000060A2FB7F6C1A245B7744FAA50000000049454E44AE426082, 1);
INSERT INTO `ACT_GE_BYTEARRAY` VALUES ('9d23d446-1cd7-11ec-acd8-3ae4f1d3c3af', 1, 'flowContract.bpmn', '9d23d445-1cd7-11ec-acd8-3ae4f1d3c3af', 0x3C3F786D6C2076657273696F6E3D22312E302220656E636F64696E673D225554462D38223F3E0A3C646566696E6974696F6E7320786D6C6E733D22687474703A2F2F7777772E6F6D672E6F72672F737065632F42504D4E2F32303130303532342F4D4F44454C2220786D6C6E733A7873693D22687474703A2F2F7777772E77332E6F72672F323030312F584D4C536368656D612D696E7374616E63652220786D6C6E733A7873643D22687474703A2F2F7777772E77332E6F72672F323030312F584D4C536368656D612220786D6C6E733A666C6F7761626C653D22687474703A2F2F666C6F7761626C652E6F72672F62706D6E2220786D6C6E733A62706D6E64693D22687474703A2F2F7777772E6F6D672E6F72672F737065632F42504D4E2F32303130303532342F44492220786D6C6E733A6F6D6764633D22687474703A2F2F7777772E6F6D672E6F72672F737065632F44442F32303130303532342F44432220786D6C6E733A6F6D6764693D22687474703A2F2F7777772E6F6D672E6F72672F737065632F44442F32303130303532342F44492220786D6C6E733A62706D6E323D22687474703A2F2F7777772E6F6D672E6F72672F737065632F42504D4E2F32303130303532342F4D4F44454C2220786D6C6E733A64693D22687474703A2F2F7777772E6F6D672E6F72672F737065632F44442F32303130303532342F44492220786D6C6E733A64633D22687474703A2F2F7777772E6F6D672E6F72672F737065632F44442F32303130303532342F44432220747970654C616E67756167653D22687474703A2F2F7777772E77332E6F72672F323030312F584D4C536368656D61222065787072657373696F6E4C616E67756167653D22687474703A2F2F7777772E77332E6F72672F313939392F585061746822207461726765744E616D6573706163653D22687474703A2F2F666C6F7761626C652E6F72672F62706D6E222069643D226469616772616D5F666C6F77436F6E747261637422207873693A736368656D614C6F636174696F6E3D22687474703A2F2F7777772E6F6D672E6F72672F737065632F42504D4E2F32303130303532342F4D4F44454C2042504D4E32302E787364223E0A20203C70726F636573732069643D22666C6F77436F6E747261637422206E616D653D22E59088E5908CE5AEA1E689B92220697345786563757461626C653D2274727565223E0A202020203C657874656E73696F6E456C656D656E74733E0A2020202020203C666C6F7761626C653A657865637574696F6E4C697374656E6572206576656E743D22656E642220636C6173733D22636F6D2E666C6F772E64656D6F2E636F6D6D6F6E2E666C6F772E6C697374656E65722E557064617465466C6F775374617475734C697374656E6572223E3C2F666C6F7761626C653A657865637574696F6E4C697374656E65723E0A202020203C2F657874656E73696F6E456C656D656E74733E0A202020203C73746172744576656E742069643D224576656E745F3170736D697364223E3C2F73746172744576656E743E0A202020203C757365725461736B2069643D2241637469766974795F306E796C61317222206E616D653D22E59088E5908CE5BD95E585A52220666C6F7761626C653A61737369676E65653D22247B7374617274557365724E616D657D2220666C6F7761626C653A666F726D4B65793D227B2671756F743B666F726D49642671756F743B3A2671756F743B313434303935343932303334383934363433322671756F743B2C2671756F743B726561644F6E6C792671756F743B3A66616C73652C2671756F743B67726F7570547970652671756F743B3A2671756F743B444550542671756F743B7D223E0A2020202020203C657874656E73696F6E456C656D656E74733E0A20202020202020203C666C6F7761626C653A6F7065726174696F6E4C6973743E0A202020202020202020203C666C6F7761626C653A666F726D4F7065726174696F6E2069643D223136333233383839363537313222206C6162656C3D22E68F90E4BAA42220747970653D226167726565222073686F774F726465723D2230223E3C2F666C6F7761626C653A666F726D4F7065726174696F6E3E0A20202020202020203C2F666C6F7761626C653A6F7065726174696F6E4C6973743E0A20202020202020203C666C6F7761626C653A7661726961626C654C6973743E3C2F666C6F7761626C653A7661726961626C654C6973743E0A2020202020203C2F657874656E73696F6E456C656D656E74733E0A202020203C2F757365725461736B3E0A202020203C73657175656E6365466C6F772069643D22466C6F775F303063657865612220736F757263655265663D224576656E745F3170736D69736422207461726765745265663D2241637469766974795F306E796C613172223E3C2F73657175656E6365466C6F773E0A202020203C757365725461736B2069643D2241637469766974795F3175637268353222206E616D653D22E4B89AE58AA1E983A8E9A286E5AFBCE5AEA1E689B92220666C6F7761626C653A63616E64696461746547726F7570733D22247B64657074506F73744C65616465727D2220666C6F7761626C653A666F726D4B65793D227B2671756F743B666F726D49642671756F743B3A2671756F743B313434303935343932303334383934363433322671756F743B2C2671756F743B726561644F6E6C792671756F743B3A747275652C2671756F743B67726F7570547970652671756F743B3A2671756F743B444550545F504F53545F4C45414445522671756F743B7D223E0A2020202020203C657874656E73696F6E456C656D656E74733E0A20202020202020203C666C6F7761626C653A7461736B4C697374656E6572206576656E743D226372656174652220636C6173733D22636F6D2E666C6F772E64656D6F2E636F6D6D6F6E2E666C6F772E6C697374656E65722E44657074506F73744C65616465724C697374656E6572223E3C2F666C6F7761626C653A7461736B4C697374656E65723E0A20202020202020203C666C6F7761626C653A6F7065726174696F6E4C6973743E0A202020202020202020203C666C6F7761626C653A666F726D4F7065726174696F6E2069643D223136333233383839373234353522206C6162656C3D22E5908CE6848F2220747970653D226167726565222073686F774F726465723D2230223E3C2F666C6F7761626C653A666F726D4F7065726174696F6E3E0A20202020202020203C2F666C6F7761626C653A6F7065726174696F6E4C6973743E0A20202020202020203C666C6F7761626C653A7661726961626C654C6973743E3C2F666C6F7761626C653A7661726961626C654C6973743E0A2020202020203C2F657874656E73696F6E456C656D656E74733E0A202020203C2F757365725461736B3E0A202020203C73657175656E6365466C6F772069643D22466C6F775F30346B63616A632220736F757263655265663D2241637469766974795F306E796C61317222207461726765745265663D2241637469766974795F31756372683532223E3C2F73657175656E6365466C6F773E0A202020203C73657175656E6365466C6F772069643D22466C6F775F30323666766E712220736F757263655265663D2241637469766974795F3175637268353222207461726765745265663D22476174657761795F30396364787466223E3C2F73657175656E6365466C6F773E0A202020203C706172616C6C656C476174657761792069643D22476174657761795F30396364787466223E3C2F706172616C6C656C476174657761793E0A202020203C757365725461736B2069643D2241637469766974795F3133386D346E6E22206E616D653D22E5B7A5E7A88BE983A8E5AEA1E689B92220666C6F7761626C653A63616E64696461746555736572733D2261646D696E2220666C6F7761626C653A666F726D4B65793D227B2671756F743B666F726D49642671756F743B3A2671756F743B313434303935353139343939313937323335322671756F743B2C2671756F743B726561644F6E6C792671756F743B3A747275652C2671756F743B67726F7570547970652671756F743B3A2671756F743B444550542671756F743B7D223E0A2020202020203C657874656E73696F6E456C656D656E74733E0A20202020202020203C666C6F7761626C653A6F7065726174696F6E4C6973743E0A202020202020202020203C666C6F7761626C653A666F726D4F7065726174696F6E2069643D223136333233383839373831303122206C6162656C3D22E5908CE6848F2220747970653D226167726565222073686F774F726465723D2230223E3C2F666C6F7761626C653A666F726D4F7065726174696F6E3E0A20202020202020203C2F666C6F7761626C653A6F7065726174696F6E4C6973743E0A20202020202020203C666C6F7761626C653A7661726961626C654C6973743E3C2F666C6F7761626C653A7661726961626C654C6973743E0A2020202020203C2F657874656E73696F6E456C656D656E74733E0A202020203C2F757365725461736B3E0A202020203C73657175656E6365466C6F772069643D22466C6F775F307A7A307539672220736F757263655265663D22476174657761795F3039636478746622207461726765745265663D2241637469766974795F3133386D346E6E223E3C2F73657175656E6365466C6F773E0A202020203C757365725461736B2069643D2241637469766974795F30746D336D706822206E616D653D22E980A0E4BBB7E983A8E5AEA1E689B92220666C6F7761626C653A61737369676E65653D2261646D696E2220666C6F7761626C653A666F726D4B65793D227B2671756F743B666F726D49642671756F743B3A2671756F743B313434303935353139343939313937323335322671756F743B2C2671756F743B726561644F6E6C792671756F743B3A747275652C2671756F743B67726F7570547970652671756F743B3A2671756F743B444550542671756F743B7D223E0A2020202020203C657874656E73696F6E456C656D656E74733E0A20202020202020203C666C6F7761626C653A6F7065726174696F6E4C6973743E0A202020202020202020203C666C6F7761626C653A666F726D4F7065726174696F6E2069643D223136333233383839383233373722206C6162656C3D22E5908CE6848F2220747970653D226167726565222073686F774F726465723D2230223E3C2F666C6F7761626C653A666F726D4F7065726174696F6E3E0A20202020202020203C2F666C6F7761626C653A6F7065726174696F6E4C6973743E0A20202020202020203C666C6F7761626C653A7661726961626C654C6973743E3C2F666C6F7761626C653A7661726961626C654C6973743E0A2020202020203C2F657874656E73696F6E456C656D656E74733E0A202020203C2F757365725461736B3E0A202020203C73657175656E6365466C6F772069643D22466C6F775F317978716265302220736F757263655265663D22476174657761795F3039636478746622207461726765745265663D2241637469766974795F30746D336D7068223E3C2F73657175656E6365466C6F773E0A202020203C73657175656E6365466C6F772069643D22466C6F775F31323465387A332220736F757263655265663D2241637469766974795F3133386D346E6E22207461726765745265663D22476174657761795F306F79366F666C223E3C2F73657175656E6365466C6F773E0A202020203C706172616C6C656C476174657761792069643D22476174657761795F306F79366F666C223E3C2F706172616C6C656C476174657761793E0A202020203C73657175656E6365466C6F772069643D22466C6F775F3175766A3364732220736F757263655265663D2241637469766974795F30746D336D706822207461726765745265663D22476174657761795F306F79366F666C223E3C2F73657175656E6365466C6F773E0A202020203C757365725461736B2069643D2241637469766974795F3179757579696522206E616D653D22E8B4A2E58AA1E983A8E5AEA1E689B92220666C6F7761626C653A63616E64696461746547726F7570733D22313434303936343531393339353333323039362C313434303936343531393339313133373739322220666C6F7761626C653A666F726D4B65793D227B2671756F743B666F726D49642671756F743B3A2671756F743B313434303935353132373739303833333636342671756F743B2C2671756F743B726561644F6E6C792671756F743B3A747275652C2671756F743B67726F7570547970652671756F743B3A2671756F743B504F53542671756F743B7D223E0A2020202020203C657874656E73696F6E456C656D656E74733E0A20202020202020203C666C6F7761626C653A6F7065726174696F6E4C6973743E0A202020202020202020203C666C6F7761626C653A666F726D4F7065726174696F6E2069643D223136333233383930333738313422206C6162656C3D22E5908CE6848F2220747970653D226167726565222073686F774F726465723D2230223E3C2F666C6F7761626C653A666F726D4F7065726174696F6E3E0A202020202020202020203C666C6F7761626C653A666F726D4F7065726174696F6E2069643D223136333233383930343234383922206C6162656C3D22E68B92E7BB9D2220747970653D22726566757365222073686F774F726465723D2231223E3C2F666C6F7761626C653A666F726D4F7065726174696F6E3E0A20202020202020203C2F666C6F7761626C653A6F7065726174696F6E4C6973743E0A20202020202020203C666C6F7761626C653A7661726961626C654C6973743E3C2F666C6F7761626C653A7661726961626C654C6973743E0A2020202020203C2F657874656E73696F6E456C656D656E74733E0A202020203C2F757365725461736B3E0A202020203C73657175656E6365466C6F772069643D22466C6F775F316B79686E6C7A2220736F757263655265663D22476174657761795F306F79366F666C22207461726765745265663D2241637469766974795F31797575796965223E3C2F73657175656E6365466C6F773E0A202020203C757365725461736B2069643D2241637469766974795F3039386E63767722206E616D653D22E6B395E58AA1E983A8E4BC9AE7ADBE2220666C6F7761626C653A61737369676E65653D22247B61737369676E65657D2220666C6F7761626C653A666F726D4B65793D227B2671756F743B666F726D49642671756F743B3A2671756F743B313434303935353030313039333439323733362671756F743B2C2671756F743B726561644F6E6C792671756F743B3A747275652C2671756F743B67726F7570547970652671756F743B3A2671756F743B444550542671756F743B7D223E0A2020202020203C657874656E73696F6E456C656D656E74733E0A20202020202020203C666C6F7761626C653A6F7065726174696F6E4C6973743E0A202020202020202020203C666C6F7761626C653A666F726D4F7065726174696F6E2069643D223136333233383931393036363222206C6162656C3D22E5908CE6848F2220747970653D226D756C74695F6167726565222073686F774F726465723D2230223E3C2F666C6F7761626C653A666F726D4F7065726174696F6E3E0A202020202020202020203C666C6F7761626C653A666F726D4F7065726174696F6E2069643D223136333233383931393734303622206C6162656C3D22E68B92E7BB9D2220747970653D226D756C74695F726566757365222073686F774F726465723D2231223E3C2F666C6F7761626C653A666F726D4F7065726174696F6E3E0A20202020202020203C2F666C6F7761626C653A6F7065726174696F6E4C6973743E0A20202020202020203C666C6F7761626C653A7661726961626C654C6973743E3C2F666C6F7761626C653A7661726961626C654C6973743E0A2020202020203C2F657874656E73696F6E456C656D656E74733E0A2020202020203C6D756C7469496E7374616E63654C6F6F7043686172616374657269737469637320697353657175656E7469616C3D2266616C73652220666C6F7761626C653A636F6C6C656374696F6E3D2261737369676E65654C6973742220666C6F7761626C653A656C656D656E745661726961626C653D2261737369676E6565223E0A20202020202020203C636F6D706C6574696F6E436F6E646974696F6E3E247B6E724F66496E7374616E636573203D3D206E724F66436F6D706C65746564496E7374616E6365737D3C2F636F6D706C6574696F6E436F6E646974696F6E3E0A2020202020203C2F6D756C7469496E7374616E63654C6F6F704368617261637465726973746963733E0A202020203C2F757365725461736B3E0A202020203C73657175656E6365466C6F772069643D22466C6F775F3064693671613622206E616D653D22E5908CE6848F2220736F757263655265663D2241637469766974795F3179757579696522207461726765745265663D2241637469766974795F31656577743031223E0A2020202020203C657874656E73696F6E456C656D656E74733E0A20202020202020203C666C6F7761626C653A637573746F6D436F6E646974696F6E20747970653D226F7065726174696F6E22206F7065726174696F6E547970653D226167726565223E3C2F666C6F7761626C653A637573746F6D436F6E646974696F6E3E0A2020202020203C2F657874656E73696F6E456C656D656E74733E0A2020202020203C636F6E646974696F6E45787072657373696F6E207873693A747970653D2274466F726D616C45787072657373696F6E223E3C215B43444154415B247B6F7065726174696F6E54797065203D3D20276167726565277D5D5D3E3C2F636F6E646974696F6E45787072657373696F6E3E0A202020203C2F73657175656E6365466C6F773E0A202020203C6578636C7573697665476174657761792069643D22476174657761795F316D356672757A223E3C2F6578636C7573697665476174657761793E0A202020203C73657175656E6365466C6F772069643D22466C6F775F306A7976317A622220736F757263655265663D2241637469766974795F3039386E63767722207461726765745265663D22476174657761795F316D356672757A223E3C2F73657175656E6365466C6F773E0A202020203C757365725461736B2069643D2241637469766974795F316833706E787922206E616D653D22E680BBE7BB8FE79086E5AEA1E689B92220666C6F7761626C653A63616E64696461746547726F7570733D22313434303931313431303538313231333431362220666C6F7761626C653A666F726D4B65793D227B2671756F743B666F726D49642671756F743B3A2671756F743B313434303935343932303334383934363433322671756F743B2C2671756F743B726561644F6E6C792671756F743B3A747275652C2671756F743B67726F7570547970652671756F743B3A2671756F743B444550542671756F743B7D223E0A2020202020203C657874656E73696F6E456C656D656E74733E0A20202020202020203C666C6F7761626C653A6F7065726174696F6E4C6973743E0A202020202020202020203C666C6F7761626C653A666F726D4F7065726174696F6E2069643D223136333233383934343935303822206C6162656C3D22E5908CE6848F2220747970653D226167726565222073686F774F726465723D2230223E3C2F666C6F7761626C653A666F726D4F7065726174696F6E3E0A202020202020202020203C666C6F7761626C653A666F726D4F7065726174696F6E2069643D223136333233383934353238353022206C6162656C3D22E68B92E7BB9D2220747970653D22726566757365222073686F774F726465723D2231223E3C2F666C6F7761626C653A666F726D4F7065726174696F6E3E0A20202020202020203C2F666C6F7761626C653A6F7065726174696F6E4C6973743E0A20202020202020203C666C6F7761626C653A7661726961626C654C6973743E3C2F666C6F7761626C653A7661726961626C654C6973743E0A2020202020203C2F657874656E73696F6E456C656D656E74733E0A202020203C2F757365725461736B3E0A202020203C73657175656E6365466C6F772069643D22466C6F775F31663879786F7622206E616D653D22E5908CE6848FE4BABAE695B0E5A4A7E4BA8E3430252220736F757263655265663D22476174657761795F316D356672757A22207461726765745265663D2241637469766974795F316833706E7879223E0A2020202020203C636F6E646974696F6E45787072657373696F6E207873693A747970653D2274466F726D616C45787072657373696F6E223E3C215B43444154415B247B6D756C74694167726565436F756E74202F206E724F66496E7374616E636573203E20302E347D5D5D3E3C2F636F6E646974696F6E45787072657373696F6E3E0A202020203C2F73657175656E6365466C6F773E0A202020203C656E644576656E742069643D224576656E745F3132616A6F3364223E3C2F656E644576656E743E0A202020203C73657175656E6365466C6F772069643D22466C6F775F31613371636C6D22206E616D653D22E5908CE6848F2220736F757263655265663D2241637469766974795F316833706E787922207461726765745265663D224576656E745F3132616A6F3364223E0A2020202020203C657874656E73696F6E456C656D656E74733E0A20202020202020203C666C6F7761626C653A637573746F6D436F6E646974696F6E20747970653D226F7065726174696F6E22206F7065726174696F6E547970653D226167726565223E3C2F666C6F7761626C653A637573746F6D436F6E646974696F6E3E0A2020202020203C2F657874656E73696F6E456C656D656E74733E0A2020202020203C636F6E646974696F6E45787072657373696F6E207873693A747970653D2274466F726D616C45787072657373696F6E223E3C215B43444154415B247B6F7065726174696F6E54797065203D3D20276167726565277D5D5D3E3C2F636F6E646974696F6E45787072657373696F6E3E0A202020203C2F73657175656E6365466C6F773E0A202020203C73657175656E6365466C6F772069643D22466C6F775F306C6C6F79353622206E616D653D22E68B92E7BB9D2220736F757263655265663D2241637469766974795F3179757579696522207461726765745265663D2241637469766974795F306E796C613172223E0A2020202020203C657874656E73696F6E456C656D656E74733E0A20202020202020203C666C6F7761626C653A637573746F6D436F6E646974696F6E20747970653D226F7065726174696F6E22206F7065726174696F6E547970653D22726566757365223E3C2F666C6F7761626C653A637573746F6D436F6E646974696F6E3E0A2020202020203C2F657874656E73696F6E456C656D656E74733E0A2020202020203C636F6E646974696F6E45787072657373696F6E207873693A747970653D2274466F726D616C45787072657373696F6E223E3C215B43444154415B247B6F7065726174696F6E54797065203D3D2027726566757365277D5D5D3E3C2F636F6E646974696F6E45787072657373696F6E3E0A202020203C2F73657175656E6365466C6F773E0A202020203C757365725461736B2069643D2241637469766974795F3165657774303122206E616D653D22E6B395E58AA1E983A8E5AEA1E689B92220666C6F7761626C653A63616E64696461746547726F7570733D22313434303936343338373937393339393136382220666C6F7761626C653A666F726D4B65793D227B2671756F743B666F726D49642671756F743B3A2671756F743B313434303935353030313039333439323733362671756F743B2C2671756F743B726561644F6E6C792671756F743B3A747275652C2671756F743B67726F7570547970652671756F743B3A2671756F743B504F53542671756F743B7D223E0A2020202020203C657874656E73696F6E456C656D656E74733E0A20202020202020203C666C6F7761626C653A6F7065726174696F6E4C6973743E0A202020202020202020203C666C6F7761626C653A666F726D4F7065726174696F6E2069643D223136333233383933333730323422206C6162656C3D22E4BC9AE7ADBE2220747970653D226D756C74695F7369676E222073686F774F726465723D2230223E3C2F666C6F7761626C653A666F726D4F7065726174696F6E3E0A202020202020202020203C666C6F7761626C653A666F726D4F7065726174696F6E2069643D223136333233383933343139303122206C6162656C3D22E58AA0E7ADBE2220747970653D226D756C74695F636F6E7369676E222073686F774F726465723D2231223E3C2F666C6F7761626C653A666F726D4F7065726174696F6E3E0A20202020202020203C2F666C6F7761626C653A6F7065726174696F6E4C6973743E0A20202020202020203C666C6F7761626C653A7661726961626C654C6973743E3C2F666C6F7761626C653A7661726961626C654C6973743E0A2020202020203C2F657874656E73696F6E456C656D656E74733E0A202020203C2F757365725461736B3E0A202020203C73657175656E6365466C6F772069643D22466C6F775F307A6D736E33782220736F757263655265663D2241637469766974795F3165657774303122207461726765745265663D2241637469766974795F3039386E637677223E3C2F73657175656E6365466C6F773E0A202020203C73657175656E6365466C6F772069643D22466C6F775F3176737269766222206E616D653D22E5908CE6848FE4BABAE695B0E5B08FE4BA8E3430252220736F757263655265663D22476174657761795F316D356672757A22207461726765745265663D2241637469766974795F306E796C613172223E0A2020202020203C636F6E646974696F6E45787072657373696F6E207873693A747970653D2274466F726D616C45787072657373696F6E223E3C215B43444154415B247B6D756C74694167726565436F756E74202F206E724F66496E7374616E636573203C3D20302E347D5D5D3E3C2F636F6E646974696F6E45787072657373696F6E3E0A202020203C2F73657175656E6365466C6F773E0A202020203C73657175656E6365466C6F772069643D22466C6F775F316D323430366622206E616D653D22E68B92E7BB9D2220736F757263655265663D2241637469766974795F316833706E787922207461726765745265663D2241637469766974795F306E796C613172223E0A2020202020203C657874656E73696F6E456C656D656E74733E0A20202020202020203C666C6F7761626C653A637573746F6D436F6E646974696F6E20747970653D226F7065726174696F6E22206F7065726174696F6E547970653D22726566757365223E3C2F666C6F7761626C653A637573746F6D436F6E646974696F6E3E0A2020202020203C2F657874656E73696F6E456C656D656E74733E0A2020202020203C636F6E646974696F6E45787072657373696F6E207873693A747970653D2274466F726D616C45787072657373696F6E223E3C215B43444154415B247B6F7065726174696F6E54797065203D3D2027726566757365277D5D5D3E3C2F636F6E646974696F6E45787072657373696F6E3E0A202020203C2F73657175656E6365466C6F773E0A20203C2F70726F636573733E0A20203C62706D6E64693A42504D4E4469616772616D2069643D2242504D4E4469616772616D5F666C6F77436F6E7472616374223E0A202020203C62706D6E64693A42504D4E506C616E652062706D6E456C656D656E743D22666C6F77436F6E7472616374222069643D2242504D4E506C616E655F666C6F77436F6E7472616374223E0A2020202020203C62706D6E64693A42504D4E53686170652062706D6E456C656D656E743D224576656E745F3170736D697364222069643D2242504D4E53686170655F4576656E745F3170736D697364223E0A20202020202020203C6F6D6764633A426F756E6473206865696768743D2233362E30222077696474683D2233362E302220783D2239322E302220793D223331322E30223E3C2F6F6D6764633A426F756E64733E0A2020202020203C2F62706D6E64693A42504D4E53686170653E0A2020202020203C62706D6E64693A42504D4E53686170652062706D6E456C656D656E743D2241637469766974795F306E796C613172222069643D2242504D4E53686170655F41637469766974795F306E796C613172223E0A20202020202020203C6F6D6764633A426F756E6473206865696768743D2238302E30222077696474683D223130302E302220783D223138302E302220793D223239302E30223E3C2F6F6D6764633A426F756E64733E0A2020202020203C2F62706D6E64693A42504D4E53686170653E0A2020202020203C62706D6E64693A42504D4E53686170652062706D6E456C656D656E743D2241637469766974795F31756372683532222069643D2242504D4E53686170655F41637469766974795F31756372683532223E0A20202020202020203C6F6D6764633A426F756E6473206865696768743D2238302E30222077696474683D223130302E302220783D223334302E302220793D223239302E30223E3C2F6F6D6764633A426F756E64733E0A2020202020203C2F62706D6E64693A42504D4E53686170653E0A2020202020203C62706D6E64693A42504D4E53686170652062706D6E456C656D656E743D22476174657761795F30396364787466222069643D2242504D4E53686170655F476174657761795F30396364787466223E0A20202020202020203C6F6D6764633A426F756E6473206865696768743D2235302E30222077696474683D2235302E302220783D223530352E302220793D223330352E30223E3C2F6F6D6764633A426F756E64733E0A2020202020203C2F62706D6E64693A42504D4E53686170653E0A2020202020203C62706D6E64693A42504D4E53686170652062706D6E456C656D656E743D2241637469766974795F3133386D346E6E222069643D2242504D4E53686170655F41637469766974795F3133386D346E6E223E0A20202020202020203C6F6D6764633A426F756E6473206865696768743D2238302E30222077696474683D223130302E302220783D223636302E302220793D223136302E30223E3C2F6F6D6764633A426F756E64733E0A2020202020203C2F62706D6E64693A42504D4E53686170653E0A2020202020203C62706D6E64693A42504D4E53686170652062706D6E456C656D656E743D2241637469766974795F30746D336D7068222069643D2242504D4E53686170655F41637469766974795F30746D336D7068223E0A20202020202020203C6F6D6764633A426F756E6473206865696768743D2238302E30222077696474683D223130302E302220783D223636302E302220793D223339302E30223E3C2F6F6D6764633A426F756E64733E0A2020202020203C2F62706D6E64693A42504D4E53686170653E0A2020202020203C62706D6E64693A42504D4E53686170652062706D6E456C656D656E743D22476174657761795F306F79366F666C222069643D2242504D4E53686170655F476174657761795F306F79366F666C223E0A20202020202020203C6F6D6764633A426F756E6473206865696768743D2235302E30222077696474683D2235302E302220783D223835352E302220793D223330352E30223E3C2F6F6D6764633A426F756E64733E0A2020202020203C2F62706D6E64693A42504D4E53686170653E0A2020202020203C62706D6E64693A42504D4E53686170652062706D6E456C656D656E743D2241637469766974795F31797575796965222069643D2242504D4E53686170655F41637469766974795F31797575796965223E0A20202020202020203C6F6D6764633A426F756E6473206865696768743D2238302E30222077696474683D223130302E302220783D22313030302E302220793D223239302E30223E3C2F6F6D6764633A426F756E64733E0A2020202020203C2F62706D6E64693A42504D4E53686170653E0A2020202020203C62706D6E64693A42504D4E53686170652062706D6E456C656D656E743D2241637469766974795F3039386E637677222069643D2242504D4E53686170655F41637469766974795F3039386E637677223E0A20202020202020203C6F6D6764633A426F756E6473206865696768743D2238302E30222077696474683D223130302E302220783D22313336302E302220793D223239302E30223E3C2F6F6D6764633A426F756E64733E0A2020202020203C2F62706D6E64693A42504D4E53686170653E0A2020202020203C62706D6E64693A42504D4E53686170652062706D6E456C656D656E743D22476174657761795F316D356672757A222069643D2242504D4E53686170655F476174657761795F316D356672757A223E0A20202020202020203C6F6D6764633A426F756E6473206865696768743D2235302E30222077696474683D2235302E302220783D22313531352E302220793D223330352E30223E3C2F6F6D6764633A426F756E64733E0A2020202020203C2F62706D6E64693A42504D4E53686170653E0A2020202020203C62706D6E64693A42504D4E53686170652062706D6E456C656D656E743D2241637469766974795F316833706E7879222069643D2242504D4E53686170655F41637469766974795F316833706E7879223E0A20202020202020203C6F6D6764633A426F756E6473206865696768743D2238302E30222077696474683D223130302E302220783D22313637302E302220793D223239302E30223E3C2F6F6D6764633A426F756E64733E0A2020202020203C2F62706D6E64693A42504D4E53686170653E0A2020202020203C62706D6E64693A42504D4E53686170652062706D6E456C656D656E743D224576656E745F3132616A6F3364222069643D2242504D4E53686170655F4576656E745F3132616A6F3364223E0A20202020202020203C6F6D6764633A426F756E6473206865696768743D2233362E30222077696474683D2233362E302220783D22313836322E302220793D223331322E30223E3C2F6F6D6764633A426F756E64733E0A2020202020203C2F62706D6E64693A42504D4E53686170653E0A2020202020203C62706D6E64693A42504D4E53686170652062706D6E456C656D656E743D2241637469766974795F31656577743031222069643D2242504D4E53686170655F41637469766974795F31656577743031223E0A20202020202020203C6F6D6764633A426F756E6473206865696768743D2238302E30222077696474683D223130302E302220783D22313139302E302220793D223239302E30223E3C2F6F6D6764633A426F756E64733E0A2020202020203C2F62706D6E64693A42504D4E53686170653E0A2020202020203C62706D6E64693A42504D4E456467652062706D6E456C656D656E743D22466C6F775F316D3234303666222069643D2242504D4E456467655F466C6F775F316D3234303666223E0A20202020202020203C6F6D6764693A776179706F696E7420783D22313732302E302220793D223337302E30223E3C2F6F6D6764693A776179706F696E743E0A20202020202020203C6F6D6764693A776179706F696E7420783D22313732302E302220793D223534302E30223E3C2F6F6D6764693A776179706F696E743E0A20202020202020203C6F6D6764693A776179706F696E7420783D223231302E302220793D223534302E30223E3C2F6F6D6764693A776179706F696E743E0A20202020202020203C6F6D6764693A776179706F696E7420783D223231302E302220793D223337302E30223E3C2F6F6D6764693A776179706F696E743E0A20202020202020203C62706D6E64693A42504D4E4C6162656C3E0A202020202020202020203C6F6D6764633A426F756E6473206865696768743D2231342E30222077696474683D2232322E302220783D223935342E302220793D223532322E30223E3C2F6F6D6764633A426F756E64733E0A20202020202020203C2F62706D6E64693A42504D4E4C6162656C3E0A2020202020203C2F62706D6E64693A42504D4E456467653E0A2020202020203C62706D6E64693A42504D4E456467652062706D6E456C656D656E743D22466C6F775F31767372697662222069643D2242504D4E456467655F466C6F775F31767372697662223E0A20202020202020203C6F6D6764693A776179706F696E7420783D22313534302E302220793D223330352E30223E3C2F6F6D6764693A776179706F696E743E0A20202020202020203C6F6D6764693A776179706F696E7420783D22313534302E302220793D223133302E30223E3C2F6F6D6764693A776179706F696E743E0A20202020202020203C6F6D6764693A776179706F696E7420783D223233302E302220793D223133302E30223E3C2F6F6D6764693A776179706F696E743E0A20202020202020203C6F6D6764693A776179706F696E7420783D223233302E302220793D223239302E30223E3C2F6F6D6764693A776179706F696E743E0A20202020202020203C62706D6E64693A42504D4E4C6162656C3E0A202020202020202020203C6F6D6764633A426F756E6473206865696768743D2231342E30222077696474683D2238392E302220783D223834312E302220793D223131322E30223E3C2F6F6D6764633A426F756E64733E0A20202020202020203C2F62706D6E64693A42504D4E4C6162656C3E0A2020202020203C2F62706D6E64693A42504D4E456467653E0A2020202020203C62706D6E64693A42504D4E456467652062706D6E456C656D656E743D22466C6F775F307A6D736E3378222069643D2242504D4E456467655F466C6F775F307A6D736E3378223E0A20202020202020203C6F6D6764693A776179706F696E7420783D22313239302E302220793D223333302E30223E3C2F6F6D6764693A776179706F696E743E0A20202020202020203C6F6D6764693A776179706F696E7420783D22313336302E302220793D223333302E30223E3C2F6F6D6764693A776179706F696E743E0A2020202020203C2F62706D6E64693A42504D4E456467653E0A2020202020203C62706D6E64693A42504D4E456467652062706D6E456C656D656E743D22466C6F775F306C6C6F793536222069643D2242504D4E456467655F466C6F775F306C6C6F793536223E0A20202020202020203C6F6D6764693A776179706F696E7420783D22313035302E302220793D223337302E30223E3C2F6F6D6764693A776179706F696E743E0A20202020202020203C6F6D6764693A776179706F696E7420783D22313035302E302220793D223530302E30223E3C2F6F6D6764693A776179706F696E743E0A20202020202020203C6F6D6764693A776179706F696E7420783D223233302E302220793D223530302E30223E3C2F6F6D6764693A776179706F696E743E0A20202020202020203C6F6D6764693A776179706F696E7420783D223233302E302220793D223337302E30223E3C2F6F6D6764693A776179706F696E743E0A20202020202020203C62706D6E64693A42504D4E4C6162656C3E0A202020202020202020203C6F6D6764633A426F756E6473206865696768743D2231342E30222077696474683D2232322E302220783D223632392E302220793D223438322E30223E3C2F6F6D6764633A426F756E64733E0A20202020202020203C2F62706D6E64693A42504D4E4C6162656C3E0A2020202020203C2F62706D6E64693A42504D4E456467653E0A2020202020203C62706D6E64693A42504D4E456467652062706D6E456C656D656E743D22466C6F775F31613371636C6D222069643D2242504D4E456467655F466C6F775F31613371636C6D223E0A20202020202020203C6F6D6764693A776179706F696E7420783D22313737302E302220793D223333302E30223E3C2F6F6D6764693A776179706F696E743E0A20202020202020203C6F6D6764693A776179706F696E7420783D22313836322E302220793D223333302E30223E3C2F6F6D6764693A776179706F696E743E0A20202020202020203C62706D6E64693A42504D4E4C6162656C3E0A202020202020202020203C6F6D6764633A426F756E6473206865696768743D2231342E30222077696474683D2232332E302220783D22313830352E302220793D223331322E30223E3C2F6F6D6764633A426F756E64733E0A20202020202020203C2F62706D6E64693A42504D4E4C6162656C3E0A2020202020203C2F62706D6E64693A42504D4E456467653E0A2020202020203C62706D6E64693A42504D4E456467652062706D6E456C656D656E743D22466C6F775F31663879786F76222069643D2242504D4E456467655F466C6F775F31663879786F76223E0A20202020202020203C6F6D6764693A776179706F696E7420783D22313536352E302220793D223333302E30223E3C2F6F6D6764693A776179706F696E743E0A20202020202020203C6F6D6764693A776179706F696E7420783D22313637302E302220793D223333302E30223E3C2F6F6D6764693A776179706F696E743E0A20202020202020203C62706D6E64693A42504D4E4C6162656C3E0A202020202020202020203C6F6D6764633A426F756E6473206865696768743D2231342E30222077696474683D2238392E302220783D22313537332E302220793D223331322E30223E3C2F6F6D6764633A426F756E64733E0A20202020202020203C2F62706D6E64693A42504D4E4C6162656C3E0A2020202020203C2F62706D6E64693A42504D4E456467653E0A2020202020203C62706D6E64693A42504D4E456467652062706D6E456C656D656E743D22466C6F775F306A7976317A62222069643D2242504D4E456467655F466C6F775F306A7976317A62223E0A20202020202020203C6F6D6764693A776179706F696E7420783D22313436302E302220793D223333302E30223E3C2F6F6D6764693A776179706F696E743E0A20202020202020203C6F6D6764693A776179706F696E7420783D22313531352E302220793D223333302E30223E3C2F6F6D6764693A776179706F696E743E0A2020202020203C2F62706D6E64693A42504D4E456467653E0A2020202020203C62706D6E64693A42504D4E456467652062706D6E456C656D656E743D22466C6F775F30646936716136222069643D2242504D4E456467655F466C6F775F30646936716136223E0A20202020202020203C6F6D6764693A776179706F696E7420783D22313130302E302220793D223333302E30223E3C2F6F6D6764693A776179706F696E743E0A20202020202020203C6F6D6764693A776179706F696E7420783D22313139302E302220793D223333302E30223E3C2F6F6D6764693A776179706F696E743E0A20202020202020203C62706D6E64693A42504D4E4C6162656C3E0A202020202020202020203C6F6D6764633A426F756E6473206865696768743D2231342E30222077696474683D2232332E302220783D22313133342E302220793D223331322E30223E3C2F6F6D6764633A426F756E64733E0A20202020202020203C2F62706D6E64693A42504D4E4C6162656C3E0A2020202020203C2F62706D6E64693A42504D4E456467653E0A2020202020203C62706D6E64693A42504D4E456467652062706D6E456C656D656E743D22466C6F775F316B79686E6C7A222069643D2242504D4E456467655F466C6F775F316B79686E6C7A223E0A20202020202020203C6F6D6764693A776179706F696E7420783D223930352E302220793D223333302E30223E3C2F6F6D6764693A776179706F696E743E0A20202020202020203C6F6D6764693A776179706F696E7420783D22313030302E302220793D223333302E30223E3C2F6F6D6764693A776179706F696E743E0A2020202020203C2F62706D6E64693A42504D4E456467653E0A2020202020203C62706D6E64693A42504D4E456467652062706D6E456C656D656E743D22466C6F775F3175766A336473222069643D2242504D4E456467655F466C6F775F3175766A336473223E0A20202020202020203C6F6D6764693A776179706F696E7420783D223736302E302220793D223433302E30223E3C2F6F6D6764693A776179706F696E743E0A20202020202020203C6F6D6764693A776179706F696E7420783D223838302E302220793D223433302E30223E3C2F6F6D6764693A776179706F696E743E0A20202020202020203C6F6D6764693A776179706F696E7420783D223838302E302220793D223335352E30223E3C2F6F6D6764693A776179706F696E743E0A2020202020203C2F62706D6E64693A42504D4E456467653E0A2020202020203C62706D6E64693A42504D4E456467652062706D6E456C656D656E743D22466C6F775F31323465387A33222069643D2242504D4E456467655F466C6F775F31323465387A33223E0A20202020202020203C6F6D6764693A776179706F696E7420783D223736302E302220793D223230302E30223E3C2F6F6D6764693A776179706F696E743E0A20202020202020203C6F6D6764693A776179706F696E7420783D223838302E302220793D223230302E30223E3C2F6F6D6764693A776179706F696E743E0A20202020202020203C6F6D6764693A776179706F696E7420783D223838302E302220793D223330352E30223E3C2F6F6D6764693A776179706F696E743E0A2020202020203C2F62706D6E64693A42504D4E456467653E0A2020202020203C62706D6E64693A42504D4E456467652062706D6E456C656D656E743D22466C6F775F31797871626530222069643D2242504D4E456467655F466C6F775F31797871626530223E0A20202020202020203C6F6D6764693A776179706F696E7420783D223533302E302220793D223335352E30223E3C2F6F6D6764693A776179706F696E743E0A20202020202020203C6F6D6764693A776179706F696E7420783D223533302E302220793D223433302E30223E3C2F6F6D6764693A776179706F696E743E0A20202020202020203C6F6D6764693A776179706F696E7420783D223636302E302220793D223433302E30223E3C2F6F6D6764693A776179706F696E743E0A2020202020203C2F62706D6E64693A42504D4E456467653E0A2020202020203C62706D6E64693A42504D4E456467652062706D6E456C656D656E743D22466C6F775F307A7A30753967222069643D2242504D4E456467655F466C6F775F307A7A30753967223E0A20202020202020203C6F6D6764693A776179706F696E7420783D223533302E302220793D223330352E30223E3C2F6F6D6764693A776179706F696E743E0A20202020202020203C6F6D6764693A776179706F696E7420783D223533302E302220793D223230302E30223E3C2F6F6D6764693A776179706F696E743E0A20202020202020203C6F6D6764693A776179706F696E7420783D223636302E302220793D223230302E30223E3C2F6F6D6764693A776179706F696E743E0A2020202020203C2F62706D6E64693A42504D4E456467653E0A2020202020203C62706D6E64693A42504D4E456467652062706D6E456C656D656E743D22466C6F775F30323666766E71222069643D2242504D4E456467655F466C6F775F30323666766E71223E0A20202020202020203C6F6D6764693A776179706F696E7420783D223434302E302220793D223333302E30223E3C2F6F6D6764693A776179706F696E743E0A20202020202020203C6F6D6764693A776179706F696E7420783D223530352E302220793D223333302E30223E3C2F6F6D6764693A776179706F696E743E0A2020202020203C2F62706D6E64693A42504D4E456467653E0A2020202020203C62706D6E64693A42504D4E456467652062706D6E456C656D656E743D22466C6F775F30346B63616A63222069643D2242504D4E456467655F466C6F775F30346B63616A63223E0A20202020202020203C6F6D6764693A776179706F696E7420783D223238302E302220793D223333302E30223E3C2F6F6D6764693A776179706F696E743E0A20202020202020203C6F6D6764693A776179706F696E7420783D223334302E302220793D223333302E30223E3C2F6F6D6764693A776179706F696E743E0A2020202020203C2F62706D6E64693A42504D4E456467653E0A2020202020203C62706D6E64693A42504D4E456467652062706D6E456C656D656E743D22466C6F775F30306365786561222069643D2242504D4E456467655F466C6F775F30306365786561223E0A20202020202020203C6F6D6764693A776179706F696E7420783D223132382E302220793D223333302E30223E3C2F6F6D6764693A776179706F696E743E0A20202020202020203C6F6D6764693A776179706F696E7420783D223138302E302220793D223333302E30223E3C2F6F6D6764693A776179706F696E743E0A2020202020203C2F62706D6E64693A42504D4E456467653E0A202020203C2F62706D6E64693A42504D4E506C616E653E0A20203C2F62706D6E64693A42504D4E4469616772616D3E0A3C2F646566696E6974696F6E733E, 0);
INSERT INTO `ACT_GE_BYTEARRAY` VALUES ('9edcf5f7-1cd7-11ec-acd8-3ae4f1d3c3af', 1, 'flowContract.flowContract.png', '9d23d445-1cd7-11ec-acd8-3ae4f1d3c3af', 0x89504E470D0A1A0A0000000D4948445200000774000002260806000000AB78BB71000069854944415478DAECDD07981D55D938F05014AC34FB5F6CE0A7D83F15151B114114145009D98426862F8496DD0D298A88A11B5BB27743899F48533F0145098A81ECBD1702482F22016921B484D02142820AF39F77D859EE6E76934DB26576F7F77B9EF3E496B96577DF9C79CF79E7CC0C1B06000000000000000000000000000000000000000000000000000000000000000000000000000000000000000000000000000000000000000000000000000000000000000000000000000000000000000000000000000000000000000000000000000000000000000000000000000000000000000000000000000000000000000000000000000000000000000000000000000000000000000000000000000000000000000000000000000000000000000000000000000000000000000000000000000000000000000000000000000000000000000000000000000000000000000000000000000000000000000000000000000000000000000000000000000000000000000000000000000000000000000000000000000000000000000000000000000000000000000000000000000000000000000000000000000000000000000000000000000000000000000000000000000000000000000000000000000000000000000000000000000000000000000000000000000000000000000000000000000000000000000000000000000000000000000000000000000000000000000000000000000000000000000000000000000000000000000000000000000000000000000000000000000000000000000000000000000000000000000000000000000000000000000000000000000000000000000000000000000000000000000000000000000000000000000000000000000000000000000000000000000000000000000000000000000000000000000000000000000000000000000000000000000000000000000000000000000000000000000000000000000000000000000000000000000000000000000000000000000000000000000000000000000000000000000000000000000000000000000000000000000000000000000000000000000000000000000000000000000000000000000000000000000000000000000000000000000000000000000000000000000000000000000000000000000000000000000000000000000000000000000000000000000000000000000000000000000000000000000000000000000000000000000000000000000000000000000000000000000000000000000000000000000000000000000000000000000000834CE389D52D1B7FF6D757AC6ABBC9D32E7FCD4127565FDDDDE7279D587D93DF2E000000000000402A8AA9F5A5CA5F56D6F2826B7A7B7C6373F93BD11A9ACBB736942A67B4DD2F951B3A7BFFC6E66A7D7DA97A40C7C70F3CE9B24D1A9A2BA7C7EBEA9BAB7BA5EFF5C7A953A7AE9B3E76F7CABE6FFD8CF2E7D36D4FE9ECB9F4BDFEB7CB9FA3A9F2B3EEFE4EE27B747CECD0D2851BACF858F5AD63675DF7325104000000000000F48AD6C2EA8D8DCD977EB0B316CFC536B16D43A9B2736373A5B1A154BEB9A1B9BA5BD64A953BD3FB07C6739DBD7F7DA932A9B1A9BA6FC7C763756F1466EB9BAA273496AACDF5A5F2110DD3E7BD397DEC9186A6F2D4688DA5F22756785DA9B26D146E3BFBAC6CD570FEBD9BCA13E3FDF3FB8796CA5B74DC7ECAACB91BA5DBDC54DF5C1D993D9024EBA4F74F4ADBC28652F5C2F83EAD3FC3F8F899D3CFBE62C439E7AC973DD65CD9B1A1A97A717E1F000000000000A0C76505DD52E5F286A6CA842850B66F5951F4F2D8A6B1A9B247AC9E6D2C5516A48FDD17B75BDB03F9EDC6A66A5DC7F7AF6FAA9E5C5FAA4EE9F8F884A6CA4EE9FBDC92B6246D8BE273D2CF189BFE5B6E2D10DF7E68A9E57DB16DAC988DEDE3766D4137FD8EDF1B3BEB825776F67365DFB7A97274573FF7D4D3AA1B3694AAF3E2F30F69BEF49DADEF77707A7F4EB652B8A9F2DD585D9C1579D39FB1F16773364D9F9B3BBEA9FA81F14D97BE3BBD7DFDC1335B36134100000000000040AFC90BBA71EDDAFA1995F7B46F2D6FCC0BBAB16DC3F44BB74AEFFFAAA1543EADB6353695CFCA8BAF1DC5AAD6F435F7765CC97A48F3C56FA92F956F489F3B3BDDE6BAACF0DB54F9657ABBE5B099E5B7C7E7BCF41E2D9F8BC75BDFEFA5826E9CF2B9A932F6C5EF56DD380AB3794BDFFB90F4F999B58FC536B1EDD4A9D5F51B4AD5D9E9F3A7A6EDE1EC435E2CDCDE1D9F1577EB9B2BBB3496AAE7642B899BCBB7B6AEE65D38F1E48BDE90BEF69AF477F321D103000000000000F4AABCA03B79DAE5AF7971A56C143AB362E7A22880B62BE83697B78B226CDA7E52DB62B56A3CD7F1BDA3E819AB70EB9BABE7D53757BE59FB5CEB299B87D7972AC74D28553F35E1C44B374FB7AD66AB669BAAFB37962A47E5DBA6B79BD2F718D37ABBADA09BBEFFD6F1FED9ED99D5AF66D7E47DA95D9A3EF7B7768FC569A15F2CDCA6B7ABD3E33B3436952F88D71FD65C7D6F149EDBBE5F536542FA593FCA3EB3B9FC9DF8191A4BE5AFC5B57ED3D7EE9EBEC767C63755BEE81ABA00000000000040AFC90BBA87962E7C6D1453F3C7A3B89A3F575BD06D68AE5C15C5D6DA966E7375C7826E9CB6B8BEB9F2E76C75ED89D52DA3C01A2B63F3E71B4BE52FA5AFBB287DFDE3E9BFBF8FCF8EE26876AAE452E5A986E9D58FC476F54D73DF969DD6B975756DC76BE8C6678F6F2A7FBAE3CFD5D529971B9BCBE3D2D73C9D1574E354D3A5CAF5F533CA9F6F2DD6FEA9F6E78FF768F7DA52F598F4E73C36AEB91B2B86E37B64A76506000000000000E80DED0BBA95875E3A9572E5A18E05DDFA52657CACAACD56ACA6B763E56C763DD9E6F257EA9BAB7BD5BE6F3CD758AA36E7F71B9A2BC7A7AFF9CB4127565FFDD236D5735EBC5E6EB9A1A1A93CB575BBCFA49FF9EFC6E92DEFCAEE972A3F6D6CAE1C54F3BEED0BBA4DE5BDD336A3E3CFD5554137BEEF84A6962F448BEBF4A6AF3D344EA3DC5A38BE2ABB7E6EFAF3E4B7DB3E2756E596AAB363856FFADEBF8B4275FAF34C8ADF8528020000000000007A455EB48DDBD929966B5A142FE314CBD93633CB1F4DB7BBECD052798B28764EFCF145AFCAAE7B3BB3658728A8C6E98DE314C88D3F9BB36943A9FC87B87E6DED8ADCECFD63756B5C3777FABC3767F7A3185BAA2C4FDB7FEA4BD50362556E5CAF367DFDA8EC74C9E97687962EDCA0B6B01A85E3C652E5E7F9FD58D53B76D605AFECF8734511B8F6B4CD1DBD781DDDCAD238D574DB6B4AD5E6F4B3EF8855BBB5D7046E3D75F4B551F4CEEE972A47A6F77F9BFE7B5B5C0B581401000000000000BD62CAACB91BD59E6A3917D79BCDAE7F5B2ADF90AD4A2D55B78FD5B1AD85D039F5A5CA9551088E7F273455769A50AA7CB86166CB3651EC8CE26C579FD7D854199B3E3F2556C6C6F568E3D4CB07CF6CD92C5E97ADD8CD4FB53CB36587FAA6EA096DAF9BDEF2AE28A0468BD32377F9FECDD58F67A7802E55FE1EA7525EDDDF47ED0AE2B6DFC5F44BB7EA58B88D9FB7B6180C00000000000000000000000000000000000000000000000000000000000000000000000000000000000000000000000000000000000000000000000000000014445D5D5DA2699AA6699AA6699AA6699AA6699AD6D3CDEC2B00400F1574FD1600000000809E64DE1100406205000000001494794700008915000000005050E61D0100245600000000404199770400905801000000000565DE1100406205000000001494794700008915000000005050E61D0100245600000000404199770400905801000000000565DE1100406205000000001494794700008915000000005050E61D0100245600000000404199770400905801000000000565DE1100406205000000001494794700008915000000005050E61D0100245600000000404199770400905801000000000565DE1100406205000000001494794700008915000000005050E61D0100245600000000404199770400905801000000000565DE1100406205000000001494794700008915000000005050E61D0100245600000000404199770400905801000000000565DE1100406205000000001494794700008915000000005050E61D0100245600000000404199770400905801000000000565DE1100406205C0109424C9CB172C5870CE95575EF9AF72B99CCC9D3B57EBE396FEDE5F98376FDEA24AA5B2AB88040000BA62DE1100406205C010B460C18273E7CD9B972C59B22459B66C59F2DC73CF697DDCE2F71EBFFF4B2EB9E4A9B973E7EE2C2A010080CE987704009058013004C5CADC28262AACF67F5BBC78F1A373E7CEBD46540200009D31EF080020B10260088AD32C5B995B9C95BA73E7CE5D2E2A010080CE987704009058013004C5355C15538BD3E2EF212A010080CE98770400905801300475B7A0FBCF2717270BAE3D2D99DF7274D6E2763CA608ABA00B0000F40DF38E0000122B0086A0EE1474973EF16072CB45DF4FFEF6E749ED5A3C16CF29C42AE8020000BDCFBC230080C40A8021A83B05DDFBE7CF5EA1989BB707E65FA010ABA00B0000F401F38E0000122B0086A0EE14746FAB4EEBB2A01BCF29C42AE8020000BDCFBC230080C40A8021A83B05DD5BE64EEDB2A01BCF29C42AE8020000BDCFBC230080C40A8021484157411700001818CC3B020048AC001882BA53D09DDF72749705DD784E215641170000E87DE61D01002456000C41DD29E8DE79C5CC2E0BBAF19C42AC822E0000D0FBCC3B020048AC001882BA53D07DECC19B935B2EFEC18AA75B4E1F8BE714621574010080DE67DE1100406205C010D49D826EB47BAE3B7385826E3CA608ABA00B0000F40DF38E0000122B0086A06E1574972F4FEEFCEBC92B9E6E397D2C9E538855D00500007A9F7947000089150043D0AA0ABA4B9F7830B9E38AE62EAFA11BCFC5368AB10ABA000040EF32EF080020B1026008EAB2A0BB7C79B2F8CE4AF2F739877759CCCD5B6C13DB5AADABA00B0000F41EF38E0000122B0086A0CE0ABAAB5A956BB5AE822E0000D0F7CC3B020048AC0018823A2BE8766755EECA56EB2ACC2AE80200003DCFBC230080C40A8021A8B382EE9A1673F3A630ABA00B0000F43CF38E0000122B0086A02EAFA1AB29E80200008562DE1100406205C010A4A0ABA00B00000C0CE61D01002456000C410ABA0ABA0000C0C060DE1100406205C010A4A0ABA00B00000C0CE61D01002456000C410ABA0ABA0000C0C060DE1100406205C010A4A0ABA00B00000C0CE61D01002456000C410ABA0ABA0000C0C060DE1100406205C010A4A0ABA00B00000C0CE61D01002456000C410ABA0ABA0000C0C060DE1100406205C010A4A0ABA00B00000C0CE61D01002456000C410ABA0ABA0000C0C060DE1100406205C010A4A0ABA00B00000C0CE61D01002456000C410ABA0ABA0000C0C060DE1100406205C010A4A0ABA00B00000C0CE61D01002456000CAEFD51356DC357B59D82AE822E00003060C679C60B0000122B0006D3FEA8B5ADB4B0ABA0ABA00B00000C9C719EDF020080C40A8041B43FEAD03A2DEC2AE82AE802000003679CE7B7000020B1026010ED8FBA68ED0ABB0ABA0ABA0000C0C019E7F92D000048AC001844FBA355B4ACB0ABA0ABA00B00000C9C719EDF020080C40A1862FD95A615B1A0BB6CD9B264E9D2A5ABDC6ED1A245C96DB7DDB65AEFBD64C992E4CA2BAFECF2F9471E7924993F7F7E767BE1C285C9934F3E997D9F7FFCE31FDDFA4E6BDBC4E4E06FF63E000098770400905801E8AF28CC2997CF3AEBACE4A73FFD6997EDF4D34FCFB6BBFCF2CB937DF7DD37F9D8C73E96BCE215AF480E3AE8A0E4FDEF7F7FF2BEF7BDAF5D5BBE7C79B278F1E2E4B2CB2E4B76DB6DB7E4831FFC60763BDAF7BFFFFD76DBC6674771F684134E686B3BEFBC73B2EEBAEB26C71E7B6CBBC7EFBCF3CEEC7BFCFAD7BF4E5EFFFAD767B737DA68A3E4ECB3CF4E1E7CF0C1F8BF925C77DD7556E8A2DF0500403E090020B102D05FD1337FDF95157273BD5DD0DD6FBFFD92ADB7DE3A6B1FF8C007B2C268FC9B3F16DF2DB6AB56ABC92EBBEC92ACB3CE3AC911471C915C73CD35D9B651F43DEFBCF392638E3926BB1FAB65CF3CF3CCEC76C7B6CF3EFB249FFDEC67931FFFF8C7D9FDD9B36727E79E7B6EB2FEFAEB275FFEF297BB6CB1ED85175E98DC7DF7DDC9E4C993938D37DE382997CB0ABAE8770100904F020048AC00F457F4DEDF776585DC5C5F9E72394E5B9C7E6472F3CD3777FADCF9E79F9FAD9E3DFEF8E3936BAFBD36DBF6C0030F4C8E3BEEB8E480030E682BE8C6F651783DFAE8A3B315BBDB6DB75D72EAA9A726DFFEF6B793BDF6DA2BF9D18F7E94ADB27DE69967928B2EBA285BE97BCF3DF7642D4EB71CEF138FE78F7DF8C31F4EAEB8E28A64FAF4E9C9061B6C901595DFFBDEF76605DD33CE3823DB265E3375EAD4649B6DB6E9F4FB2BE8A2DF0500403E090020B102D05FB13A7FDF951672734529E8C64ADC57BDEA55D9F3AF7DED6B939FFCE427C937BEF18D766DF7DD77CF0AB877DC714756E07DC73BDE91ADC08DD79C72CA29593137DA873EF4A1AC109CBF779C467958272B7AF3169F5DBB6DED2997E3F9CF7DEE73D9BFF1FDC68D1B977DBE822EFA5D0000E4930000122B00FD15BDAE2805DD6853A64CC99E9F38716252A954B2026EC7162B69C78F1FDF696176871D7648468D1A956CB5D55659C1B7B648BBE9A69B26D75F7F7D766AE5D8360AC1717F8B2DB658A1A01B05E538CD731474E35ABB717DDF784D7CB6532EA3DF0500403E090020B102D05FD1678A52D08D55AF1B6EB861F6FCCB5EF6B2AC307BF8E18767D7C58DC71A1B1BB3FB37DD7453B64A77D6AC59C949279DD4D62EB8E082B6532E5F7DF5D5C9CB5FFEF2E4BEFBEE5BAD15BA71BDDC38FD723CF695AF7CC53574D1EF0200209F0400905801E8AFE85F4529E846E176E79D774ED65B6FBDE4A8A38ECA56C8C6E98D77D96597EC3563C68C490E3AE8A0B6ED63BBCD37DF3CBBD6EDC61B6F9C1560F3826E3C1FD7CD9D366D5A5B4177934D3649AEBAEAAA64F6ECD9D9FBFDE637BFC9EED7AED08D6BF86EBFFDF6C9EB5EF7BAB6532E772CE8FEF39FFF54D045BF0B00807C1200406205A0BFA26F14A5A07BDC71C76505D328D456ABD5E4E1871FCE0ABABBEDB65BF69AFDF6DB6F8582EE9C3973B2DB871C72485B4177DB6DB74D264F9E9C6CB6D9665931766DAFA1DBB1A0BBC71E7BB4DB5E4117FD2E0000F2490000891580FE8A5ED39B05DDD34F3F3D2BB0E66DEBADB7CE0AA39FF8C427DA3DFECB5FFE3279F6D967DB0AB551D08D42EA8C193392830F3E387BCD09279C90DDCFBF6F6CB7DD76DB257BEEB967F29EF7BCA7ADA01BD7D9FDC217BE9015831F7BECB16CDB2BAFBC323B6573ACAEBDF3CE3BB3F7BBF6DA6BB3FBF1BE2D2D2DD9760F3DF450B63A380ABAF17C7CC6473EF29164D75D77CD5E3373E6CCE4DDEF7E77D2D4D4A4A08B7E170000F9240080C40A407F45EFEBCD82EE25975C921C79E491AB6C7941B5B6A01BA758FEE4273FB9423BFEF8E3DBB6FBEA57BF9A156EE3F4CA1D4FB9DC555BB87061569CBDF1C61B5778EE17BFF845F6DCD7BFFEF5EC9ABC6F7DEB5BB3F72F97CB59113A9E7BCB5BDE92CC9F3F5F4117FD2E0000F2490000891580FE8ADED797A75CEE4EBBF7DE7BBB759DDABBEEBA2B59BA7469DBCADA458B16258B172FCEFE5DD9EB9E79E699E49A6BAE697B6D6D8BCF8DF788DBCB972F5FE1F9A79E7AAAD3C71574D1EF0200209F0400905801E8AFE815452BE80EF5A6A0ABDF050000F9240080C40A407F451B055D055DF4BB0000C8270100245600FA2B0A4A41574117FD2E0000F2490000891580FE8A8252D055D045BF0B00807C1200406205A0BFA2A014741574D1EF0200209F0400905801E8AF2828055D055DF4BB0000C8270100245600FA2B0A4A41574117FD2E0000F2490000891580FE8A8252D055D045BF0B00807C1200406205A0BFA2A014741574D1EF0200209F0400905801E8AF2828055D055DF4BB0000C8270100245600FA2B0A4A41574117FD2E0000F2490000891580FE8A8252D055D045BF0B00807C1200406205A0BFA2A014741574D1EF0200209F0400905801E8AF2828055D055DF4BB0000C8270100245600FA2B0A4A41574117FD2E0000F2490000891580FE8A8252D055D045BF0B00807C1200406205A0BFA2A014741574D1EF0200209F0400905801E8AF2828055D055DF4BB0000C8270100245600FA2B0A4A41574117FD2E0000F2490000891580FE8A8252D055D045BF0B00807C1200406205A0BFA2A014741574D1EF0200209F0400905801E8AF2828055D055DF4BB0000C8270100245600FA2B0A4A41574117FD2E0000F2490000891580FE8A8252D055D045BF0B00807C1200406205A0BFA2A014741574D1EF0200209F0400905801E8AF28A872B9FCC2B265CB14530BD0D2BFC3A2B973E72E1795FA5D0000904F020048AC00F45764E6CD9BB768C992250AAA0568F7DE7BEF6FE7CE9D7B8DA8D4EF0200807C1200406205A0BF2253A95476BDE4924B9E5ABC78F1A356EAF6DBCADCC50B172EFCCDDCB973EF4BDBCEA252BF0B0000F2490000891580FE8A3651448C95A1697B2EAEE1AAF5797BAEF5F7AF98ABDF050000F9240080C40A407F05A0DF0500403E090020B102D05F01A0DF0500403E090020B102D05F01E8770100904F020020B102F45700E8770100904F020048AC00F45700FA5D0000904F020048AC00FD1500FA5D0000E4930000122B00FD15807E170000E4930000122B00FD15807E170000F9240000122B407F05807E170000F9240080C40A407F05A0DF0500403E090080C40AD05F01A0DF0500403E090020B102D05F01E8770100403E090020B102D05F01E8770100904F020048AC00F45700E8770100904F020048AC00F45700FA5D0000E493000048AC00FD1500FA5D0000E4930000122B00FD15807E170000E4930000122B407F05807E170000F9240080C40A407F05A0DFF55B0000403E090020B102D05F01E8770100904F020020B102F45700E8770100904F020048AC00F45700FA5D0000E493000048AC00FD1500FA5D0000E4930000122B00FD15807E170000E4930000122B00FD15807E170000F9240000122B407F05807E170000F9240080C40A407F05A0DF0500403E090080C40AD05F01A0DF0500403E090020B102D05F01E8770100403E090020B102F457FA2B00FD2E0000F2490000891580FE0A00FD2E0000F2490000891580FE0A40BF0B00807C1200008915A0BF0240BF0B00807C1200406205A0BF02D0EF0200209F944F020048AC00FD1500FA5D0000E4930000122B00FD15807E170000E4930000122B00FD15807E170000F9240000122B407F05807E170000F9240080C40A407F05A0DF0500403E0900C0AA93A86A2452AB6855BF29C0401000FD2E0000F2490080BE4FA28677A3A03BDC6F0A30100440BF0B00807C1200A07F12A9AAD5B980812000FA5D0000E4930000C54CA4865B9D0B180802A0DF0500403E090050DC64AA6A752E602008807E170000F92400403193A9E156E702068200E8770100904F02001437A1AA5A9D0B180802A0DF0500403E090050CC846AB8D5B980812000FA5D0000E4930000C54DAAAA122BC0401000FD2E0000F2490080622655C3255680812000FA5D0000E49300C0A09324C9CB172C5870CE95575EF9AF72B99CCC9D3B7740B648AC06EA774F7FEF2FCC9B376F51A552D955FCCDD5C49F812000FA5DE493F249C4BDB817A79A38954FA25FD3F46B00B97427746EDA09264B962C49962D5B963CF7DC735A1FB7F8BDC7EFFF924B2E792ADD31ED2CFE34F1672008807E17F9A47C12712FEEC5A9264EE593E8D734FD1A40268E288A4ED00EA1FFDBE2C58B1F4D7744D7883F4DFC190802A0DF453E299F44DC8B7B71AA8953F924FA354DBF069089D34338A2A8384718A53BA2E5E24F137F068200E877914FCA2711F7E25E9C6AE2543E897E4DD3AF0164E2DCF37602C569F1F7107F9AF833100440BF8B7C523E89B817F7E25413A7F249F46B9A7E0D60B57644FF7C7271B2E0DAD392F92D47672D6EC763761E7644E24FFC61200850A03EB61AFDEC2A5AD56F4A3E299F944F8A7B4DDC8B53718A713CFA35FD1AC0A0DA112D7DE2C1E4968BBE9FFCEDCF93DAB5782C9EB303B123127FE20F03418082F4B1C3BB51D01DEE37259F944FCA27C5BD7815F7E2549C621C8F7E4DBF0630A87644F7CF9FBDC24E286F0FCCBFC00EC48E48FC893F0C04018AD4CF56ADCE954FCA27E593E25EDC8B7B71AA8953E378F46BFA358021B523BAAD3AADCB1D513C6707624724FEC41F06820005EA67875B9D2B9F944FCA27C5BDB817F7E25413A7C6F1E8D7F46B00436A4774CBDCA95DEE88E2393B103B22F127FE30100428585F5BB53A573E299F944F8A7B712FEEC5A9264E8DE3D1AFE9D700EC88EC88EC88C49FF8C34010A0987DED70AB73E593F249F9A4B817F7E25E9C6AE2D4381EFD9A7E0D60C8EC88E6B71CDDE58E289EB303B123127FE20F03418002F6B755AB73E593F249F9A4B817F7E25E9C6AE2D4381EFD9A7E0D6048EC88EEBC6266973BA278CE0EC48E48FC893F0C04010AD8DF0EB73A573E299F944F8A7B712FEEC5A9264E8DE3D1AFE9D70086C48EE8B1076F4E6EB9F8072B9E26227D2C9EB303B123127FE20F03418082F6B955FDAE7C523E299F14F7E25EDC8B53712A4E8DE3D1AFE9D70006FD8E28DA3DD79DB9C28E281EB3F3B023127FE20F03418002F7B9C3478C18A1DF954FCA27E593E25EDC8B7B712A4E318E47BFA65F0318E43BA2E5CB933BFF7AF28AA789481F8BE7EC40EC88C49FF8A3DBB66D1D086EEB5701D037FDEE861B6EA8DF954FCA27E593E25EDC8B7B712A4E318E47BFA65F0318BC3BA2A54F3C98DC71457397E7FE8FE7621B3B113B22F127FE58F520306D4BD236B1F55F834100FD2EF249F924E25EDC8B53712A4EE593E8D734FD1AC01AEE88962F4F16DF5949FE3EE7F02E7742798B6D625B4719D911893FF1C72A0781DB76711F00FD2EF249F924E25EDC8B53712A4EE593E8D734FD1A40F77644AB3A9AC851467644E24FFCB15683C0553D0E807E17F9A47C12712FEEC5A93815A7F249F46B9A7E0DA0EB1D51778E265AD9514676287644E24FFCD1EDC19EC120807E17F9A47C12712FEEC5A93815A7F249F46B9A7E0D60F576446BBA13CA9B1D8A1D91F8137FACD620CF601040BF8B7C523E89B817F7E2549C8A53F924FA354DBF06D0FD1D91664724FEC41F7D3608341804D0EF229F944F22EEC5BD38D5C4A97C12FD9AA65F1B34BEF5AD6F6D5C5757B7FBC891234BE9BFE5B4DD93B667D396B4FE1BF7CBADCFEF1EDBFBAD0D414F3DF5D4A6B367CF3E7AE6CC997F3BEAA8A31E9D3265CAB2030F3CF085089471E3C6FD7BE2C4894F7FEF7BDFBBEFE8A38FBE60D2A4495F4E5FB28E1D911D801D91F8D32442FD3808341804D0EF229F944F1640E389D52D1B7FF6D757887BCD384A9C8A53F9E460C927BBBB6F9B3CEDF2D71C7462F5D5DD7D7ED289D537ADECFD0E2D5DF8DA29B3E66EA45FD3F46B033FF75C1DA3468DDAA1AEAEEEBCB43DD75ABCED6E8BEDCF8BD7DB250D01575F7DF5B81933663C78C001072453A64C49CE3DF7DCE4FAEBAF4FEEBEFBEEE4B1C71E4B42FC1BF7E3F1787EF2E4C92F8C1933E6B94993265D347AF4E87749B0353B22F127FEE8A741A0E202807E17F9A47CB287C484737DA9F29795B57C523ABD3DBEB1B9FC9D680DCDE55B1B4A9533DAEE97CA0DE25E338E12A7E2543E59847CB2B7F76D8DCDD5FAFA52F5808E8F1F78D2659B3434574E8FD7D53757F74ADFEB8F53A74E5D377DECEE957DDFF80EF5A5F2219D3D97BED7FF76F97334557ED6DDDF497C8F8E8F1D5ABA7083151FABBE75ECACEB5EA65FD3AFC93D7BCFA851A3B6A9ABABBB6A358BB85DB5ABE2FDEC9E06A19B6FBE79A7934E3A69D1D8B16393DFFFFEF7C9238F3C92AC8ED83E5E3766CC987F3536369E9306CAEB24D89A1D91F8137FF4D2202EA9698A0B00FA5DE493F2C95ED03AF97C6363F3A51FECACC573B1CD8B93CA959D1B9B2B8D0DA5F2CD0DCDD5DDB256AADC99DE3F309E13F79A71943815A7433E9FECCBF7E9B77D5B7DA932A9B1A9BA6FC7C763F560FA9A53EA9BAA273496AACDF5A5F2110DD3E7BD397DEC9186A6F2D4688DA5F22756785DA97278637379BFCE3E2B5B95987FEFA6F2C478FFFCFEA1A5F2161DB78F95BEE93637D5375747BE98E127EBA4F74F4ADBC28652F5C2F83EAD3FC3F8F899D3CFBE62C439E7AC973DD65CD9B1A1A97A717E5FBFA65F937BF6AC6F7DEB5B1B8E1C39F2C4BABABA173A16661B1A1A925FFFFAD72B5D7819CFC7769D14755F88F78DF7B7AB1A04D2BFFB7A175E78E1EC28E49E71C619C9D2A54B93B511AF8FF74903E4D9BDF6DA6B3709B626C1167FE28F5E18BC75A7B0A0B800A0DF453E299F5CDB49B552E5F286A6CA8498C46DDFB289E3CB639BC6A6CA1EB1C2A8B15459903E765FDC6E6D0FE4B71B9BAA75E25E338E12A7E27448E793FDF57E7DBA6FAB6FAA9E5C5FAA4EE9F8F884A6CA4EE9FBDC92B6246D8BE273D2CF189BFE5B6E2D40DD7E68A9E57DF54D73DFD6582A7F296FE9E3673796AAC7D43E76D8CCF2DB3BBE7FF67D9B2A4777F5734F3DADBA6143A93A2F3EFF90E64BDF198FA53FF3C1E9FD39D94AE1A6CA7763757156E44D7FC6C69FCDD9347D6EEEF8A6EA07C6375DFAEEF4F6F507CF6CD94CBFA65F937BF6BCBABABACD478D1AF5B7DA42ECE8D1A39359B366250F3CF0C06AD5E762FB785DBCBE4361F7A6F81CBBAC012CFDFB6E7CD65967DD71F0C107270B162C487A52BCDFD8B163978D1933E62809B626C1167FE28F1E1EB475B7B0A0B800A0DF453E299F5CCB49B5B8BE5FFD8CCA7BDAB79637E6936AD9A4F0F44BB74AEFFFAAA1543EADB6353695CF8A096A71AF19478953713AE4F3C922BC6FAFEFDB62556BFA9A7B3BAE643DA4F9E2B7D497CA37BC58A0AD5C97157E9B2ABF4C6FB74481363EE7C5D7B77CAEA1A932ADAD952A8F6545AB9AC7D2D77EB6617A75E328CCE62D4ECB9C6E3BB3F6B1D826DE73EAD4EAFA0DA5EAECF4F953D3F6706B61609D170B622D9F8BBBF5CD955D1A4BD573B295C4CDE55B5B57F32E9C78F2456F485F7B4DFABBF9907E4DBF26F7EC79A3468D7A6FDA1EAC2DBE4E9B362DB9FFFEFBD7AA3E17AF8FF7E950D4BD3F3ECFAE6B008A626EA9547AE288238E489E78E289A437C4FB4E9932E5D97DF6D9E74C09B626C1167FE28F1E1CACAD4E6141710140BF8B7C523EB916936A93A75DFE9A175713C564703621BC282689DB4DAA3597B78B89EAB4FDA4B6C58A9E784EDC6BC651E2549C0EF97CB210EFDF9BFBB6287AC62ADCFAE6EA79F5CD956FD63ED77A4AD8E1F5A5CA71134AD54F4D38F1D2CDD36DABD9AAD9A6EAFE8DA5CA0A8BA226942EFDEF749BBBD26DFE1AA7576EF75933AB5FCDAEC9FB52BB34DDF66FED1E8BD3CEBE58B84D6F57A7C777686C2A5F10AF3FACB9FADE283CB77DBFA6CA84F43BFC286EC73548E367682C95BF16D7FA4D5FBB7BFA1E9F19DF54F9A26BE8EAD7E49E3DA77565EE83B5AB7267CF9EDDA335BA78BF0EAB75EFB752778089D32C9F75D65977463137FED3F6A678FF8913273EB9E79E7B7E4F82AD49B0C59FF8A3870669AB5B58505C00D0EF229F944FAEE1A4DAA1A50B5F1B13CE6D93BEA54A357FAE7652ADA1B972554C48D7B6749BAB157435E328712A4E07753EB94EDAF66DFD776D74F63E3D9E4FF6D6BE2D4E5B5CDF5CF973AC788DE26B145863656CFE7CEBE9932F4A5FFF78FAEFEFE3B3A3389A9D3AB65479AA617AF5231DBF6BAC98CD4E3DDB5CF94C145857F6737575CAE5C6E6F2B8F4FD9FCE0ABA712ADB52E5FAFA19E5CFB7166BFF54FBF3C77B74F8FC63D29FF3D8B8E66EAC246E2895FF373B2DB37E4DBF26F75C6B714DDBDAD32CEFB7DF7EC98D37DED82B35BA78DF78FFDAD32FBBA6EE0012D7CC3DE490437A6D656E672B75F7DF7FFFA7D340D94582AD49B0C59FF8A30706676B5258505C00D0EF229F944FAEF1A45AE5A1974E675779A8E3A45A7DA9323E561E65AB7AD2DB8DA54A5376CDBDE6F257EA9BAB7B897BCD384A9C8AD341994F46F1F5D4D61CF1D4616B5ED45DD9FBF4683ED95BFBB678AEB1546DCEEF3734578E4F5FF397834EACBEFAA56DAAE7BC78BDDC72434353796AEB769F493FF3DF8DD35BDED5EEFD9AAA7551C4CA4FDD1CA7914D3FE3F0AE7EAEAE0ABAF17D2734B57C215A5CA737FDDC43E334CA71ADDE288665D7CF4D7F9EFC76DBF78F55B9A5EAEC58E19BBEF7EFA2509DFE3C93E277A15FD3AFC93DD7DEC891234FAC5D99DB5BC5DCDAA26EED4ADDF87CBBB30120FDC3ED3C76ECD81EBF666E77AEA9BBD75E7B3D3162C488D74BB03509B6F8137FACE5A06C4D0B0B8A0B807E57BF8B7C523EB99A936AD9C46E9CE6AEA6C5046F9CE62EDB6666F9A3E976971D5A2A6F1113C2137F7CD1ABB26B03CE6CD9A1A1A93C234E01593FA3656B71AF19478953713AE8F2C97D3BE4896B52D4AD2DE6E66D9FDECA277B7ADFD6F8B3399B3694CA7F88EBD7D6AEC8CDDE3F56B7C67573A7CF7B7376BFA9BC77BADDF2B4FDA7BE543D2056E5C6F56AD3D78FCA4E979C6E17AB76D3CF2BA58FDD91BF2E4C9D7ACECB5B4FA3FCDBB1B32E7865C79FABB1B9725067A76D7EE9F5711DDDCAD238956DDB6B4AD5E6EC734A95EB6BAF39DA7AEAE86BA3A896DD2F558E8CCF4DFFBD2DAE05AC5FD3AFC93DD7CEA851A3B6A9ABAB7B3E2FAE5E70C1057D52A38BCFA959A5FB7C7C0F9956C19D74D2498BCE38E38CA43F9C7CF2C98BD2406992606B126CF127FE1415D67230B6368505C50540BFABDF453E299FEC8629B3E66E547BBABBB609EA5265E7EC1A81A5F20DD9CA9D5275FBC65265DBD6C9E239F5A5CA95311917FF4E68AAEC34A154F970C3CC966DC4BD661C254EC5E9A0CB273B2BC6AE4E51B7B3D7FFA28BD7F7483ED9D3FBB628764671B6ABCF6B6CAA8C4D9F9F122B63E37AB471EAE58367B66C16AFCB56ECB69E6A390A51F54DD5131A9A2B93D3ED4E8D025567EFD7D054F96EED698FD3DB1FCF4E315BAAFC3D4EA5BCBABF8FDA15C46D9F31FDD2AD3A166EE3E7AD2D06EBD7F46B72CF3557575777555E589D366D5A9FD6E8E2F36A8ABA57C9B40AECEAABAF1E17AB739F7EFAE97E29E8C6E7EEBDF7DE4F8D1E3DFA5D126C4D822DFEC49F41E05ABCC7DA1616141700FDAE7E17F9A47C52DC8B37712F4E3571BAF679DC9A167557A7983B74F2C9245947BFA6E9D706AF3DF6D863FBDA532DDF7FFFFD7D5AA38BCFAB3DF5727C1F7F95829A3163C683E79D775ED29FCE3CF3CCBBD340996547A4D911893FF16710D8CF8505C50540BFABDF453E299F14F79AB817A79A385DFBFC6D758BBA6B52CC954FEAD734FDDA80575757775E5E4C9D356B56BFD4E8E2736B56E99EE7AF52404F3FFDF466E3C68D4B1E7EF8E17E2DE8A69FFF9FD1A3472FA9BDC8BA1D91664724FEC49F41603F15160C0601FDAE7E17F9E480CB2707DB785ADC6BC651E2549C0E8A7CB2BB45DDB529E6CA27F56B9ABC73C01A3D7AF426757575CFE5C5D4BE5E9D5BBB4AB7A6A0FB5C7C2F7F9D82F9D39FFE74D49429539222D87FFFFD17A681F2E981F07B4BBF67356DC3ED8824D8E24F33C0EB7E4CF6C160AB270B0B0683C0509F7CD3EF0E62F2C9C1954F3EF4D043EFBCEFBEFB6EB9E1861B9E3BF2C8238F1F3E7CF8FAA25CDC1B4789534D9C16681CBFAAA26E4F1473E593FA354DDE3920E33F7D7EF7BC90DAD0D0D0AF35BAF8FC9AA2EEEEFE8205D3DCDCFCF773CF3DB71005DD534E39E5A634487E3840FE23E641BDD2FF907644126CF1A70D91826EB762B20F06593D5D583018040613FD2EF2C941964FA6C3E8F5EEB8E38EE9CB972F7F3E1F57A7DBFDFBECB3CF7E70BFFDF6FBB44817F7C651E25413A7051AC77755D45D7758CF1573E593FA354DDE39E0E23F7DBC39DFEE57BFFA55BFD6E8E2F36BBE73B3BF60C11C75D4518F5E7FFDF58528E8CE9B37EFE6912347CE1E60FF1157FA1FD28E48822DFEB42156D0EDEE80B0B70657BD51583018040603FD2EF2C941964FDE73CF3DDB2E59B2A4CB6B272D5CB8F05FD3A64D3B77C488111B8978716F1C254E35715A90717C6745DDDB87F56C31573EA95FD3E49D032AFE478D1A55C99FBFEEBAEBFAB546179F9F7F97F85EFE82053379F2E4650B162C284441F7F6DB6F8F532E5F3B40FF2376FA1FD28E48822DFEB4215AD05D5992DE9B83AADE2A2C180C0203997E17F9E420CA2753AFB9EBAEBBFEFCFCF3CFAF728CFD422A7DCDD2C6C6C67D45BDB8378E12A79A382DC838BEB3A26E4F1773E593FA354DDE3960E23FFDF7BEFCF1FEAED5C5E7D77CC7FBFC050B66DCB8712F3CFEF8E38528E83EF6D8634BD320797080FF476CF71FD28E48822DFEB4215ED0ED98A47467309514A0190C0283857E17F9E4206A575E7965F2D4534F2D5BDDB1F6134F3CF1AF534E39E5FA112346BC53DC8B7BE32871AA89D35E18C7AFAE38CD72C795B9B7B73EDE1FF930FA354DDED99FF1FF4C7EBFBF6B75F1F9352B749FF6172C98BDF7DE3BF9F7BFFF5D88826EFA3D9EEE46800FA8D6DF3BA2679E7926EB7CE3DFFEF8FCA79F7E3A3AFEC2EC88065B7CF566FCC5DFEDFEFBEFCF6EDF7BEFBD2BFD3BC6913B0F3CF0C02ADF73D1A245C96DB7DDD6ADCF8FF77BF8E1877B2D16962C5992FDDFE8EAF9471E7924993F7F7E767BE1C285C9934F3E992C5BB62CF9C73FFE912C5DBA54FCAD414B13B964C30D378C41DAC455EC9A8A5C5818D6FAFD6330F84A59045070AF6CEDAF067CBF3BD4F7A143753C1379D7E2C58BFB24F7ECCF1CB1BB2D7E9E9FFCE427C9A38F3EBADA63ED784DBC564C1723EE9F7DF6D9151EBBFBEEBB93871E7AA84FC75C0321EE8DA356DE86529CAE6A7EEB89279E58E1B3632E23E6A5CC37F5C9387E75AC6C85EEA9C37A7685AE7CD2FE7785D6B1FFB9E69A6B92E5CB97AFB0DD3DF7DCD3ABDF43DEA975D6FABB56179F5FF37DFE635AA5600E38E0807F1765856EDA49DD350856E816E65411D1C97FE52B5FC912A29D76DA29BBDF31B17DCF7BDEB3CA9617F5E2FCE95B6EB965A7EDC4134FECF43B6CBBEDB6C997BEF4A5E49FFFFCA723260758FCFDE637BF495EF39AD764B737D86083E4DC73CFED74BB18CCBDF9CD6F4E3EFAD18F26BFFEF5AFDBB5D881C736311177D9659725BBEDB65BF2C10F7E30BB1DEDFBDFFF7EF2BEF7BDAFAD9D75D6596D83C04D36D924F9AFFFFAAFEC3DB6D9669B76DB456B6E6ECEB6FDF18F7FBCC273B52D4F7022013AE18413DADACE3BEF9CACBBEEBAC9B1C71EDBEEF13BEFBC33DB3EBEFFEB5FFFFAECF6461B6D949C7DF6D9C9830F3E98FD7F8AFF0B8E2C5FB3981C66A518405FD3EF52D8F14C4C9ED5E66DEF7FFFFBB349AAFCF9FFFEEFFF4E66CC98D1ABB9671172C4D569E79D775EB2FFFEFB5F5CA9541E79E185179EEFC630FB3FE9EFE3B7DFFEF6B7FF9EFE5D2FB442B7FFE33E62EEAD6F7D6B72FEF9E7B77BFCBDEF7D6FF2C31FFEB04FC65C032DEEADD01D9A71DAB158BBE38E3B663117FFC63C66C7CF9F3C7972B2CE3AEB24A79D765AF6995124D9628B2D92CF7FFEF36DDFE3861B6E10A7BD378E5F9B62EEEDBD5CD4954FEAD7DADA05175C90BCEC652F6B2BA4461F147177D14517B5DBEEEF7FFF7BD6A7C4F3D1AF44DF56DBA64D9BD6969B8D1F3FBEAD1D70C0019DCE4FC60131F24EF1DF55FCC74A582B74E996C30E3BECE9A25C43F7D65B6FBD6E005F43B75017738F24F9B39FFD6CF28E77BC239933674EF2F6B7BF3DBB1F47FEE4DBDC75D75DD90EE088238E4866CE9CB9423BFCF0C3B3E763BBFCA8A05FFDEA57C9E9A79FDEAEBDE52D6F498E3BEEB84EBFC75FFFFAD7E495AF7C653269D22405DD01127FF951B8DD29E8C6D1AF51B48F3879E73BDF99B588B9B8BFFEFAEB67C94A6C77E69967763A79BBCF3EFB64711945D9B83F7BF6EC6C122FDEF3939FFC64F2C52F7E31D975D75DB3D79F7AEAA9592C8D1D3B36BB9D272E13274ECC0ABF31E0AB6DDFFDEE77B3F7CC8FC68DEF1FDFE9CB5FFE72972DB6BFF0C20BB3EF1D83C18D37DE382997CB0ABA3D18937D3098722D4700FD2E03643C73C9259724AF7AD5AB92E9D3A76793F91147318E89D510D1B6DA6AAB64EAD4A96D676DE98DDCB30839E29AE493A3468DDA23FD9DA5C3BB250F7735BE7EFEF9E76F9C366DDAB9E9DFF581D85ED41723EE63BCF5ED6F7F3B8BBB18D7444C45DB6CB3CDB2F8CEEFC7CA1871AFA03B94E334FF2EF7DD775FF2894F7C225B4C103F731469E37EED6ADC58B010F3059B6FBE79561C897FE3A0A078AF982F887F63C142A95412A7FD3B8EEFAC981BD7CC5DB793C77BAAA82B9FD4AFB53BF0248AB3EF7EF7BBB3A26CDCDE7AEBAD93B7BDED6DD9EDDA33101C7AE8A1C9C73FFEF1ECF6D5575F9D1D64182DCE761A31FAF39FFF3C7BEE97BFFC65F2A94F7D2AEBEBF6D8638F6C6153CC67467137F69DF17C6C1FAB82E59DE2BFABF8770D5DBAED88238EB8FFFAEBAF2F4441B7A5A5A53C72E4C8D903EC3FE2CA929D7E29E8C60E288EDE89A4353F3544FC478C9DD51BDFF8C6B6231DF3826E9C02218A671D5B9E48E705DDFC68CCCE92EFAE0ABAD17EFAD39F661335DD39ED8E8160FFC6DF8D37DE98C54E14413B2BE8C6113AF1FC2DB7DC92155E6340F4A637BD2979C52B5E916CB7DD7659C2317CF8F064D34D375DE1C8B648428E3EFAE8EC1426B16D0C0A6380B8D75E7B253FFAD18FB2F78D53271D7FFCF1D9E7C6F67FF8C31FB2F78ACF89E42A622DB68BDBF9CF1605DD612B59F1931774E3FBC4AA8F7C82308EC41BD67A045EFED8873FFCE1E48A2BAEC82615E3678E23F122E623693AE38C33B26DE23531B118AB866FBEF9661311AB19937D30A8EAADC282412030D0E97729DC78260ABA3149B5E79E7BC6D1FF6D93FA1DF3B9830F3EB8D772CF22E4886B9A4F8E183162A3F47777729AB73FF99FFFFCE7D99AA1F5D3D75D77DDE9E9730FA47FDB93623B115F9CB88F03A5A358F5FBDFFF3E99376F5E7656AD68AF7EF5ABB3B8CAEFC744AEB81FF205DD211DA751548EF88B988BD5BCF9D9E3A2C0FB810F7C203BAB57535353F6F9279D7452566C8E79A71D76D8215B2117FFC6FBC79C40ED5C9838EDB7717C57C5DC7556F2FCDA1675E593FAB5762D8AA0115B7160481C3898B798331F5653248DB35C461FF3BBDFFD2E3B80E4B7BFFD6DF6F8B5D75E9BF56B71C048ED299AE360957C0E75DF7DF7CD0E6889D7BDFCE52F4FBEF6B5AFB51574E59DE2BFABF81F356A5425DF2EE2B03FC5E7D7ACD0ADF80B164CFA9FFF8228D414C1B1C71E7B5E1A283F1C20FF11BB95ECF47541F7C0030FCC3AF548B2DFF08637B4DB3945721D3B9778BEB1B1B1ADA01BA74FE86C856EECB486B51674E368C7889358911B4716D5B638A54E4CC2C4F3713EFF8EDF294EA513EFD3D0D0A0A05BF0F88B5363478CFCE94F7FEAB4A0FBC73FFE311B08E5A7C28B23C462703761C28476936EDFFBDEF7B25393E4C9CD1D77DC910DA822A189F7896D4E39E5946CC016ED431FFA5016BBF9299423AEA64C99920DDAE2678855B971C45C0CFCE200814888E2142979413756895F7AE9A5C955575DD5AEC50AF1389AEEFFFEEFFFDA4E55326C25C5DF78EFFC77D1F1B426F1FCE73EF7B9ECDF384061DCB871D9CF652262F562B20F0657BD5158300804060BFD2E851ACF7456D08D2242ACD2CDCF1614078EC6A9367B2BF72C428EB8B6F9E4C891233F555F5F7F6BEAA1C71F7FFCB2F4F71313427F8BC7457AF1E23E0A4FB18230C63CDD3995ADB81F92055D719A6E3B66CC98ECF9287EC41C40EC2FF216D774CD0B30071D7450DB2AE158CCF03FFFF33FD9F651CC8D9F21560EC7FC96F9A67E1DC7AFAA98BBB2EDD6B4A82B9FD4AF7559D08D79EE8E97251C5653D0FDCE77BE93DDFFC8473E92EDF7E23221B1AF8BF9D1E807D75B6FBD6CDE320E3E89BE27F2D6384B40A552C90E4E8C8552A3468DCAE655A3F03AACB5A02BEF14FF2BD9A6392FA2C61952FB537C7E4D11BAD95FB060D2CE67C7C99327BF50807AEEBF478F1E7D731A249F1E4CBFDFBE2EE846121D45D738C2274E25D3B1C5E3B182370A5D7941F7A69B6ECAFE83C64E2A6F23468CC81E1FD65AD0FDCB5FFE929D3227AEA112FF46012D9E8B9592713F7668F16F5E64ABBDC87C24D0F94EAF76B5AF826E31E36F975D76C906449D157463601583A3782C8E847DDDEB5E97C5416C174785C5EA8938A5485C1B221E8FA3D96205783CD659921247CC468213071CC4A02E3F0A2E068F91C0449214D7CA8D09BEF85E710AA6386237066F79AC453CC7D16A5D254291F044BCE789501C49176725882386E3F9F8B9E27E1C9DD731697AED6B5F9B1DF010EF11D7B3B8FCF2CBB3D7C49172E2AFB093F63D5D58300804F4BBFADD21ADAF0BBAB1222B5653C541A3717DB3FC1ABABD957B162147EC897C72F8F0E1EBA73FDBE4745CF748FC1BF7456F71C7F17149A258DDB8DF7EFB65A7668C1613B37196ADFC7EC4A0B8378E1ACA711A0769476CC6E945E3A0F38E2D56ECC62AE298BB8A224A7CD728B2C425C7E260F458C91B67FDFA7FFFEFFF659F110596983313A77D9EAF75B798BBB2ED57B7A82B9FD4AFADB4A01BF39BD1C7E52DE6AD87D51474E37BE407A8C4B572E394CA71204ABE6024E64CA3801BFBCA934F3EB95D7F1607A7C42ADBB83E6E9CB5E090430E59A1A02BEFA4A3F477B97B5E448D4571FDA9BEBEFE859A82EEEEFE3A053375EAD475D3C1F373715DA2FEF4C0030F5C9106C8E2F83E76446BD7E2C2E9F9D18D9DB5FCC2EAB505DD28E28E1E3D3A3B75431C49142B236B0BBAB17D5C943D4E2911473C46812C9E8BA390E2A88D986C89A26FC7EF123BC4D8E9C5ED8F7DEC63D9648D826EB1E32F56674771BE634137928818A4FDF9CF7FCE1E9B3F7F7E56F88D98895335C7B525E2344B71F46DB4385D48C44C9C9E398EC69D356B5656A8CD5B1464F3D32AC5B528E208DA187045CB0F2C8855E551AC8DB889826E0CC06210981774E328B4486062B0164955DE2226E3144C91E8445CE631DCDDA3E0E29A14917CC5633128740DDD01555CE8C9C2824120A0DFD5EF9A58EB8382EEEEBBEFDE36911605DDB804473C16638FBCA0DB5BB9671172C49ECC2707DB787A308FE36312374E3B1B13C6F9E96AE376DE5A5A5AC4BD71D4908ED3D81F44D1388ABD2B6B7110508CFB77DA69A764D75D77ED349EBFFAD5AF263BEEB863DB7C8638EDB37C72758BB92B7B5D778BBAF249FD5A972DE607637E316F7156BFE83BF2FBB5AB5D639E3C169AC4429238702572D5FAFAFAB616B96A7EF681DA532E478137FAB3CF7CE633D9FC653E1F1FFB4D79275D49E36D93BABABAE7F2426A1CB4D41FE2736B8AB9CFC5F7F2D729A04993265D14477AF4A7638E39E6376990CCB2235AFB16097074EC71947BEC6CF21609723C1ECF7756D08D899328EC47A2DD5941374E7D16D740896DE3A8C9782EB68B626EEDD143B5897FECB8A2D816F723C18ED5BA7194A5826E71E32F0AFEF1B7FDC10F7ED0AEA01B1D794CB8C56999F36DF3235DBB6A471C7144DBB671A4ECE69B6F9E2543F13E918CE483B6783E4EA31447BDC5ED5B6FBD358BC558911BDBC4D16C9160C5D1C0175F7C715B41B7B36BAC75D6E288E23C698A23832306E348DE782E0AD771BFF628B8F3CF3F3FD97EFBEDB302767E5A938E4953EDEF41FC15AAB8D0538505834040BFABDF6558DF147463E23F0E2A1CD6BA42214E2D17078ED616747B33F7ECEF1C513E39F4C6F1F901D2718ADA38CD78C4685C7A262E611463ECDA31B3B817F743354EE3524F871D7658D6E2D24FF119713BE6B7629570DC8E4B30C5294FF3B37DEDBDF7DED92AB7D8774401378ABD71EDCB28D4E4DB89D33ECB27D7B498BBB2D7AFAAA82B9FD4AFADB4C5A5DC629F17FD4DB55ACD56BFFEFCE73FCF9E8B53287FEB5BDFCA6EFFE217BF688BBB583012796A1C1812B9692C3C89DBDFF8C637DA5D433756ECC6D903E27ADD71204C5C82302E8918B7A3DD7EFBEDF6BFAC545D5DDD797931350E7EEA0FF1B93505DDF3FC550A6AF4E8D1EF1A3366CCBF22D1E90F4F3CF1C43569803C1CDFC38EA8E70ABA8F3FFE78BBC7E3FEB09514746B93A4CE0ABA0F3DF4505B012D12EE61ADE7EDDF6CB3CDB29D51EDC5E0E300812802C6D194B5DF217644714467BCB7826E71E32F8E5A8D84A6B6A01BAB5EF3D8C95B1C311B2D56CD464213AFCB1F8B6BDEC660AF76D03667CE9CEC761468F3415B5CCF2612AA88A3484CE2F94F7FFAD3D9445E9C82241295E9D3A7275FFCE217B3EF112B70E328DC485CA2CF7AECB1C7B2442B2602E3F425713F6235E2330E2688FBB1DDDA5EA7A263D2B4C71E7B747A2083F8EBF7C9FC9E282C180402FA5DFD2E7D309E89DC2A563C449E181359C71C734C7600DFA9A79E9A3DDFB1A0DB5BB9677FE788F2C9A1378E8F49B298208EDB471E796416538F3EFA68763FC6D85FFFFAD7C5BDB817A7ADDB4781245E93FFBCB12A381616445C76FCCEF159B14238B65D7FFDF5B3B981B8966E9CFAD47C539FE793FB0E5BF3626EAEB3A2EE3EF249FDDA9AB4587D1BFD532C14897FE394ECD10745DF13972F8CDBD16FDC73CF3DD94293782CE64163FF16672288F788B9D128D2D6BE6F1C8C985FD736FAAF38D824E6BFA3FF8C330EC4ED68711D5EFB5F5626FD7B6E9F17536385785FAFD28DCF1B356A54DBE996E3FBF8AB14586363E339717A94FE907EF6D9699034D911F56C41F79BDFFC66ED1115D9A920867551D08D9D415C003E6F7124661C5D14CFC72996E37A24B103D972CB2DB3CE3C767EC35A4FB91CA7998895B7FFBFBD7B01B2ABAE0F072E8F2AA01544B04E112B288DC58A967690581DA3680B858A74389C3D09221A0151C8EE461E02A504860E0F11D8DD84470B96E2C08838541019FC6FF65E12B1415E02F29077082621101E2148122A9CFFF91E73334BD8BC36DCDD7BEE7E3E33DFD9DD7BEF3E38F9F2FB7E7FF77BCFB97139DC287031708BE63A5E01D918A435225ED519979C885717350A99816EEBE45FBC3AADF1CAB1680AA2F188CFA3D189F7B369DC178F8B8D59BC5A2C365FD1F0C4136F313C7DF4D147CBF7A58957B935DE5BA2B1698B8D545C3E3986AF8D4D5BE4E5673FFBD9F255B6F1FDF1D878C56FBCE236DEAB397E5EBCF7F32EBBEC5236409167F1FD8D4B8545C4ABDCE27D72E2318B162D2ABF3FF2332EED34F8BF2F7E4EB1DE94AF606B9C897CDB6DB7955FC799E9B1316CBC78E1D4534F2D733EEE8FBF3D5EF4D0B87C53BC322F7E573C0129FF5A6EB8B0B183059B40C0BA6BDD6584F6337169CE9D77DE39DF7DF7DDCB27D3E22D5AA2BF8A5E2C2ED319BD60A3DF6A66EF39DA3DA27E726CE57D3C511CFBE5C89338F331F65CF1E285344DCB4B2BC68B58637F7DCF3DF7C87B793FE6F3349EBF8AF7548FDF1DC3E218F8C615B8DEF39EF794EF4DD9384B78C18205E573585FF9CA57CA2B7DC5202686BBF1364CF17C46FCCCB83F9EAC96A723D64F0E1EC60E6798BB213F473F695D5B679C78E289E5D501E284A45887E28CDCF87D71C598B81265D4C4380969DAB469E55501A3378D752EAE1A106B4FD4C6786E34D6C3F83C22DE06EEA28B2E2AD798B85265AC4571824C449CEDDB380338A25157D55FD6A6A3A3E396C62C27AE563192E2F70D9A25DDE25FA3C52549B27DB1D0BC1CC3BB9174FBEDB7C7A5969F8EDFAF10BDB903DDC30F3FBC7C1F93461C76D8616B1CE8AEFE33A2B98EFBE2520F51E8EEBEFBEEF2558E71099B934E3AA9BC2F9E60699C951B85250A4A5C96394ECD8FC63C9AFAA1FEBEE79F7FBE1CCC35F3BD4B14A2E1E55F6CBCC68F1FBFCE88C7C5ABC2A29988C17D343F8D57CA466EC4C6EF9FFFF99FCB01FEE04D5B5C92249A9C688656BFACD2EA1103DBB80453BCA74EE461FC9EB82D9AA368B462B0BCFAFB60C4654D8E38E288557F436C20D7F4DFDA18FAC61389ABDFD7B8B44ABCE2389AB8F7BDEF7DE5DF1D9BD13DF6D86355FE375EA127FF5A6AB8B03183059B40C0BA6BDD6504F733F1FE8B7BEEB967D9B3C50B45A3CF8C3322E26A3F9153F12458E3C9FA66F79EA3D923EA27C756DE47EE449E44BEC6BE2AAE8E153975ECB1C7967BE9C8A75D77DDB53C2352DECBFBB19EA771E65B9C58102FEC8EEF993C7972F93BBFFFFDEF976FCB14CF7B350624F1A2F075450CA7E5E988F693317C3DE42DC31FE6AECFCFD14F5AD7D62BE28CD6783FDCF83C5E9C122FF668EC6362681A2733C573E431588DB35EE3B9F4461F9A2449F97EBBAB479C1C37F877FCF6B7BF2D9FC31C2AE28428F59775C9B26C7C4747C7AB8DC16AFCDB8F84F83D8386B9AFC6DFE15FA3028AE6E94B471C71C4B218B88D84A79F7E7A5691204F14F14585E8CD8B785F90386371F02590079FC9B874E9D2558F8B274C1A5F0F8E38CB3186FB430D65A3118F57CC479E8CD67BE12A44AD917F7166F75003FBA1722306AE8D5C8B5799C560365E00101FD7F4F31B6778473EAE9E9F6BFB9BE23D73D6F69846FEC759E243E57F346FF1B7C5E743FD7FB464C992216F977F2D315C18EE60C12610B0EE5A7719E17E327AAAA1DEFB2BFAACB86FF5BD48B37BCFD1EA11F593636F1F15EF0DBAB6FB07E7A9BC97F7F274CD35C4F34D6DD34F56E5F7D146CFA3C71AD7B834FC68AD1BEA2F4349D374C6E04B2FC7C0BF99E2E70FBED472FC7EFF0A153279F2E4538F3FFEF897E37FDA662A169CFB8B84BCAD4896131422A1C1967FF28F376973369CC1824D20807517FDA47E12792FEFE5A990A7A3D34FB6F2EFC1BA665D63441D7AE8A15B747474DCD518B0C65B0D346BA81B3FB7F87DAF0E3A3BF7AEF8FDFE152AE690430EB9FC98638E79A15967EA3EFDF4D337C530B748904B1422A110C93FF9C79BB849DBD0C1824D20807517FDA47E12792FEFE5A990A7A3D74FB6DACFC7BA26AC6BA3AAA3A363C7229E1C7CA6EE75D75DF7A6CEE8E2E70D3E3377E5EFDBD1D1AFA84993269D3479F2E417DFECF7D45DF99EB9F3DAFDCC5C854821927F4223342A9BB50D192CD804025877D14FEA2791F7F25E9E0A793ABAFD642BFC5CAC6BC2BAD652B22CFBF0E0A16EC459679D953FF9E4931B359F8BEF8F9F33F8E7C6EF89DFE7A8575CBCB7EDC1071FFCFC85175EB820AEE5BE315E78E1855F7577775F55FCCCA7DBF93D7315228548FE09F937AA9BC1F51D2CD804025877D14FEA2791F7F25E9E0A793AFAFDE468FD3CAC6BC2BAD6D2569EA97BD7E0E16B9CAD7BF1C517E7BFFBDDEF36683E178F8FEF5BEDACDC7CE5CF77666EBB28FE81B72BFE417BBEFCE52F2FB9ECB2CB1E7DE69967FE6F03F2E4FFE6CF9FFFCB534F3DF5CA9583DC9EF8790A915088E49FFCA3499BB7F5192CD804025877D14FEA2791F7F25E9E0A79DA1AFDE448FE1CAC6BC2BA5629F19EB6699ACEE8E8E8587D109B777575E5575C71457EC71D77E48F3EFA68FEECB3CF9643B9F8185FC7ED717F6767E71BBE377E5EFC5CEF99DBA6264E9CB873F18F7C7196654F1F76D8614F5C74D145BF9E3D7BF63D0F3EF8E0BCC58B17BF54E4C9D2A79F7EFAB1FBEEBBEFF6E27FF6FED34F3FFD9AE27BEE29BEE7A9F8BEF87E85482844F24FFE31CA9B389B4000EB2EFA49FD24F25EDECB53214FF59358D78475AD32B22C1BDFD1D171CB1083D9E1C42DF1F31CD5B16193830E3AE8EF8B7FF033D234BDAEF8C7BF75D0B5BCE3E3AD717BDC1F8F8BC72B440A804224FF8446A8053683368100D65DF493FA49E4BDBC97A7429EEA27B1AE09EB5A256559F6858E8E8E6B8A58B18143DC78FC35F1FD8E2228440A91FC13F2AF953783368100D65DF493FA49E4BDBC97A7429EEA27B1AE09EB5AE51D7AE8A1DB7474741C98A6696FF171A088C78B7879E5F0F6E5955F0FACBCFFC078BCA3060A914224FF84FC6BF5CDA04D20807517FDA47E12792FEFE5A990A7FA49AC6BC2BA06A0102944F24FC8BF16DC0CDA04025877D14FEA2791F7F25E9E0A79AA9FC4BA26AC6B000A914224FF84FC6BC1CDA04D20807517FDA47E12792FEFE5A990A7FA49AC6BC2BA06A0102944F24FC8BF16DC0CDA04025877D14FEA2791F7F25E9E0A79AA9FC4BA26AC6B000A914224FF84FC6BC1CDE031368100D65DF493FA49E4BDBC97A7AD112FBDF4527EEFBDF7961F37E67679AA9FC4BA26AC6B000A914224FF84FC6B93CD604747476E13083032C68D1BD7B9C5165B5877F593423F29EF85BC97A76B8C18CE167F72F971636E97A7EDBB8F7F8B612EEAAF750D40211206BAFEDDE5DFD8B272A00BC0C8ACB9F52449ACBBFA49A19F94F742DECB53035D36C6560E01EAAF750D40211206BA42FE8DADE182E30C3032EBED84587357C60447443F29F493F25EC87B796AA00BA8BFEA2F8042241422F927FF589F0183E30C3032EB6D7DD040B7EE88E827857E52DE0B792F4F0D7401F557FD055088844224FFE41FEB3360709C019ABFD60E3E3BD759BAFA49A19F94F742DECB53035D40FD557F011422A110C93FF9C77A0F191C6780E6AFB5F52106BACED2D54F0AFDA4BC17F25E9E1AE802EAAFFA0BA010098548FEC93FD63964709C019ABBCE0E7576AEB374F593423F29EF85BC97A706BA80FAABFE0228444221927FF28FF51A3438CE00CD5D67EB6B19E83A4B573F29F493F25EC87B796AA00BA8BFEA2F8042241422F927FF58EBA0C1710668DE1ABBB6B3739DA5AB9F14FA49792FE4BD3C35D005D45FF5174021120A91FC937FAC73D8E03803346F8DADAFC740D759BAFA49A19F94F742DECB53035D40FD557F011422A110C93FF9C71A870D8E33807517FDA47E12792FEFE5A981AE3C05EB9AB0AE0128440A91FC13F2CF600100EBAE7E52E827E5BD90F7F2D440579E82FAABFE0254DAC0C0C06BCB962D53045A208A7F870545215A2EFF84FC335800C0BA8B7E523F89BC97F7F2D440579E82754D58D7004AB367CF5EB068D12285A005E289279EF86151886E957F42FE192C0060DD453FA99F44DECB7B793A32F1D24B2F95C3D9F8B831B7CB53B0AE09EB1A40D3D46AB5FD6FBAE9A6250B172E5C5CA557182D5FBEBC9D5E51B470EEDCB9571645685E11FBCA3F21FF0C1600B0EE32B6FAC9050B16E827B18F92F7F254C853B0AEE93BAD6B006B168B5FBCA2A5881571EDF9568FFFFCCFFFCC274D9AB4EAEBCB2FBF3C8F27EAAAF0B7AF2156AC3CFEFBCABFFE5CC83F830500ACBB8CA57E72CE9C39F939E79C935F73CD35FA49ECA3E4BD3C15F214AC6BFA4EEB1A40F52549F28E8E8E8EF9699AFE7ED09374754FD4015561BD02B0EE42439EE7EF58B264C9B2C58B17E793274FFEB923020080BE1380CAEBE8E838379E942BE20F871E7AE816C5C7092BBF8E98E008011558C70C1600ACBB507AE491477E96AF54ABD59EC9B2EC20470500007D27009595A6E9EE31C86D0C708BAF2735CECE5D197547096875060B00D65D088F3FFEF8675E7DF5D5C6F36AF96BAFBDF6EAC9279FBC284992AD1D1D0000F49D0054CEB469D336EDE8E8B875D0F036CFB2ECCEC15F3B4B17A802830500EB2EE479BED9A2458B9ECE5713B74D9A34E942470800007D2700959365D9D1430C6F870A67E9022DCD6001C0BA0B0F3DF4D079F91A5C79E5952FA469BAA7A3040080BE1380CA489264878E8E8E25EB39D075962ED0D20C1600ACBB8C6D0B172EFCC0F2E5CB5F5DD3136B7FF8C31F5E9E3265CAFD13264CD8DCD1020040DF094025A469FAE30D18E63A4B176869060B00D65DC6B679F3E6DD9BAFC3FDF7DFFF549665C7395A0000E83B016879699AEEB781C35C67E9022DCD6001C0BACBD89524C96677DE79E78A753DB1F6DC73CFFDA2C8DD67E2F18E1A0000FA4E005A5A514C0E2BE2BFD234BDB1F87867114F3A4B17A8F8BA66B00060DD650C3BF9E493FF7DC58A15FFB796E7D55EECEEEEAE39530200007D27009515EFA77BF0C1078F4BD3F463071D74D0E78B8F933C510754680DB35E01587719C3E23DCAAEBAEAAAF96B7A56EDF6DB6FBFACC8DBBBBD97190000FA4E002A2949922D8B22F3F2EAB77BA20EA80AEB15807517BEFAD5AF7E72EEDCB9AFACFEA4DAABAFBEFAEB499326FD2E4DD33D1D250000F49D00545292243B7574743CBEFAED9EA803AAC27A0560DD8570D659675DFD5A61D0F36A7F88DB8A9CBDC0D1010040DF0940651545E69345CC19E2764FD4015559C7AC5700D65D8817AB6EDDDFDFBFB4F1ACDAC2850B7F58E4EBEFE276470700007D27009595A6E9BF14C5E69AD56FF7441D5015D62B00EB2E347476761EF2FCF3CFBFB278F1E2FC6B5FFBDA6FB22C3BC851010040DF0940A51585E69B435D0AC21375405558AF00ACBB30D845175D74C739E79C9317B97A83A3010080BE1380CA2B8ACD69699AFEDB10B77BA20EA8CA3A66BD02B0EEC22A4992EC14791A1F1D0D0000F49D00545E5170FEA388C387B8DD13754055D631EB15807517E4290000FA4E00DA539AA6D71545E78B0A11A07106C0BA8B3C0500007D2700AD57706E9D3871E21E0A11A07106C0BA8B3C0500007D2700AD5770E62549F27E8508D0385365799EBFF5B1C71EFBD19C39735E191818C8FBFBFBC5084771DC5F9B3D7BF6825AADB6BF8CB4EE823C050040DF09006F5EC1599124C95B152240E34C953DF6D86357CF9E3D3B5FB46851BE6CD9B27CC58A156284238E7B1CFF9B6EBA69497F7FFFBEB2D2BA0BF21400007D27006CA42449B62D0ACE730A11A071A6EAE2CCDC18261AAC8E7E2C5CB870717F7FFFADB2D2BA0BF21400007D27006CA42CCB3E52149CFB152240E34CD5C565969D99DB3A67EAF6F7F72F9795D65D90A70000E83B0160E38BCD5E5996D5142240E34CD5C57BB81AA6B64EC4BF87ACB4EE823C050040DF09001B294DD34945C1B942210234CE54DDFA0E745F7A6161FED86DFF95DF37F3B432E2F3B8CD10D64017EB2EF2140000F49D00B49C2CCBBE5DC4F7142240E34CD5ADCF4077E9F3F3F37B7F7E727EF7CF8E7D5DC46D719F41AC812ED65DE4290000E83B0168B562F3DD344D8F5588008D3355B73E03DD27EFBBEE0DC3DC46FCEEBE9F1AC41AE862DD459E020080BE1380962B363F28E2CB0A11A071A6EAD667A0FB40FDAC350E74E33E8358035DACBBC8530000D07702D052B22CEB2FE20B0A11A071A6EAD667A07B6FFFB4350E74E33E8358035DACBBC8530000D07702D06AC5E63793264DFAA84204689CA93A035D035DACBB204F0100D07702D08EC5E6992449B65788008D3355B73E03DDFB669EB6C6816EDC67106BA08B7517790A0000FA4E005AC6E1871FFE2745B179A5F874138508D0385375EB33D07DF897D3D738D08DFB0C620D74B1EE224F010040DF0940CB48926487A2D8CC5788008D33ED607D06BACFCEBF27BFF7FF9DF2C6CB2D17B7C57D06B106BA587791A70000A0EF04A0950ACDDF1571874204689C6907EB33D08D78FCF6CBDF30D08DDB0C610D74B1EE224F010040DF09404B49D374BFA2D85CAF10011A67DAC17A0D74972FCF1FFEDF0BDF78B9E5E2B6B8CF20D64017EB2EF2140000F49D00B48C2CCBBE5E149B4B142240E34C3B58D74077E9F3F3F3877ED9B7C6F7D08DFBE23186B106BA587791A70000A0EF04A0550ACDBF665976BA4204689C69076B1CE82E5F9E2F7CB896FFE6C613D738CC6D443C261EEB6C5D035DACBBC8530000D07702D00A85667A9AA647294480C6997630D440775D67E53A5BD74017EB2EF2140000F49D00B4AC344D7F5C149B03152240E34C3B186AA0BB3E67E5AEED6C5D8359035DACBBC8530000D07702309A85E6E62CCB3EA510011A67DAC15003DDE10E731B61306BA08B7517790A0000FA4E0046B3D03C9224C987142240E34C3B58E37BE80A035DACBBC8530000D0770250D142F3529224EF5088008D33EDC040D74017EB2EC8530000F49D00B48D18E4C64057210234CEB40B035D035DACBB204F0100D07702D036E252CB71C9658508D038D32E0C740D74B1EE823C050040DF09403B15994F1771B34204689C691706BA06BA5877419E0200A0EF04A06DA4699A1485E66A8508D038D32E0C740D74B1EE823C050040DF0940DBC8B2ECE8A2D0F4294480C6997661A06BA08B7517E4290000FA4E00DAA9C8FC7B9AA627294480C6997661A06BA08B7517E4290000FA4E00DAA9C85C5AC4648508D038D32E0C740D74B1EE823C050040DF0940DB48D3F46745A1D957210234CEB40B035D035DACBB204F0100D07702D04E45E68E891327FEAD4204689C691706BA06BA5877419E0200A0EF04A09D8ACCFC2449765088008D33EDC240D74017EB2EC8530000F49D00B48569D3A66D5A149957264C98B0B94204689C691706BA06BA5877419E0200A0EF04A02D2449B27D51649E5188008D33EDC440D74017EB2EC8530000F49D00B4852CCB762B8ACC6F142240E34C45FE7DEB454C58D7E30C740D74B1EE823C050040DF09405B48D3F41FB22CEB5788008D3355F9F75D196B1DEC1AE81AE862DD05790A0080BE1380B690A6E9214591B95C210234CE54E5DF77B51872B06BA06BA08B7517E4290000FA4E00DA429665C71571B64204689CA9CABFEF1AE275835D035D035DACBB204F0100D07702D02E05E6DC344DA72A4480C699AAFCFBAE23CAC1AE81AE812ED65D90A70000E83B01689702736511131522A09D1A67219A3DD05DB264C91B6E5BB46851FEC8238F0CF9F8279F7CF2755F3FF1C413F90B2FBC30E463172C58903FF0C0031BF4F7C4EF9E3367CE1AEF7FE69967F2FBEEBBAFFC7CEEDCB9E5EF5EB66C59FEDBDFFE365FBA7469D307BA72B2FD43F5C1136B0000A0EF04A049B22CAB15F139850880AA6C8C46FB92CB3104DD6EBBEDF2EBAEBBAEFC7AC68C19F917BFF8C5BCA7A727DF7DF7DDDFF0F8DFFFFEF7F94E3BED944F9D3AB5FCFAFAEBAF8F9A9A7FE10B5F78DDE3162E5C98FFE217BFC8BFF4A52FE51FFDE847CBCF234E3EF9E47CD75D775D153FF8C10FCAE1EC19679CB12AF6DD77DF7CD34D37CD4F3FFDF4D7DDFEF0C30F973FFB8A2BAEC8B7DF7EFBF2F3ADB7DE3ABFEAAAABF2F9F3E7977FC7EDB7DFEE0C5D604CD40F470100007D2700552D30F72749B2AB4204405536466B1BE43634FB0CDD18CEBEF5AD6FCD67CE9C590E6B8B5F996FBEF9E6E5C72DB6D822FFF33FFFF3558FBDF0C20BCBDB7FFEF39FE78B172FCE77DC71C7FC2B5FF94AFEA77FFAA7E510B8F1B8CB2FBFBC7CDCEA71C82187E49FFAD4A7F2EF7EF7BBE5D73148BEFAEAABCBDFB7F7DE7BAF31E2B137DC7043FEE8A38FE6C71D775CBECD36DBE403030306BAC098AD1F8E020000FA4E00AA5A609E4B92645B850880AA6C8CD636C86D1889F7D0FDFEF7BF9FDF7CF3CDF9565B6D95FFE4273FC93B3B3BF371E3C69567D5362E7F1C97338E01EEBBDFFDEEFCA9A79E2A07B371F66DDC7EC925979467D59E75D659AB7E660C5E4F3BEDB47CF9F2E5F9E73EF7B9FCD24B2FCDBFF6B5AFE5071F7C707EF6D9679767D9C619BF311CFEC8473E923FFEF8E365C4EF7BCBCAA171E3B68F7DEC63F92F7FF9CBFCBCF3CECBDFF6B6B7E59B6CB249FEE10F7FB81CE8FEF77FFF77F998F89E69D3A6E5E3C78FCFEFB9E71E035DA0ADEB87A3000080BE1380CAD9679F7DDE561498E50A110015DA18AD7590DBD0CC816E0C4D4F39E5943262581AC3DABFFCCBBF2C87AD71766E7C1E71FEF9E79767E0167F4EFEAE77BDABBC5CF2DBDFFEF6BCAFAFAFFC39F7DE7B6F7EC001079443DD134F3C317FE8A187F2238E3822FFC0073E509E811BDF77D1451795C3DC88DD76DB2D3FF2C82357FD1D7119E5B70C71466F23BEF7BDEFBDEEB1832FB91CF77FFAD39F2E3FC6DFF48D6F7CA3FCFD06BA401BD70FEB100000FA4E00AA274992F71705669E420440BB69E64037CE9ADD6BAFBD565DD2F8DC73CF2D07B28323CEBABDFBEEBBF32CCBF2F7BCE73DE525988F39E698F27BE352C9F1734E3AE9A4F22CDC6BAEB9A63C9376CA9429430E66E3BD76E3E7FCD55FFD5539F01D3CA4DD76DB6DF33BEEB8A3FC3BE2B131088EAF3FF8C10FBE61A0FBCE77BEB3FC5D31D08DF7DA8DB38BE37BE277BBE432D0EEEC670000D0770250D5E2F289226E5588006837CDBEE4F2C2850BCB61E8C30F3F5C9E35FB962186B0F1B818AEC659BA8DF7D48DF7BF8DF7DE1D3CD06DFCCCB8CCF2C5175F9C5F70C105ABE2A73FFDE9AA4B2EFFEA57BF2ABF77DEBC791B74866EBC5F6E5C7E396EDB679F7DBC872E3056F73ED6210000F49D00544F9AA6FB1705E65A8508807633D203DD2449CAF7B68D38E18413560D7423A64F9FBE6AA01B97688ECB310F35D08DD86CB3CDCAF7DC8DF7BADD669B6DCA016C63A01BF7C7FBE636DE733706BA7129E75B6EB9A51C14C7DF73E59557965F0F3E43F7DA6BAFCD3FFFF9CFE7DB6DB7DDAA4B2EAF3ED07DE9A5970C7481B6663F030080BE13804ACAB2EC88A2C05CAC1001D06E9A3DD08DCB2917BF26BFEBAEBBCA816E9C39FB677FF667656CB5D5566B1CE87EFDEB5FCFF7DF7FFFB50E746FBCF1C6F2F3A38E3A6AD540F7339FF94C7EDC71C795EFD71BC3D88D7D0FDDD507BA071D74D0EB1E6FA00BB41BFB190000F49D0054B5B89C9265D9A90A1100EDA69903DD1884EEB0C30EE519B43BEFBC73F9BEB69D9D9DF9F1C71F5F9E9DFB9DEF7C273FF3CC33CBCB2D0F1EE83EF0C003F9965B6E595E82796D03DDB86DD2A449F9B871E3560D740F3CF0C0FCB39FFD6CFE8D6F7C237FF6D967CBC7CE993327EFEEEE2ECFAE8D33858BFFECFCB6DB6E2BBF3EE38C33F2993367968F7BEAA9A7F2534F3DB51CE8C6FDF13B3EFEF18F9783E5F89EF8FB76D96597557F97812ED0A67B1FEB100000FA4E002A595C2E4CD3F44885088076D3CC816E9CED1AC3D6175E78A1BC84725C1E79DB6DB7CDDFFEF6B7E75B6CB1C5AA98366DDAEB06BA31308D41EACB2FBFBC6AA0BBD75E7BBD61A0BBDF7EFB9583DBB8BCF2EA975C5E53CC9D3BB71CCEFEFAD7BF7EC37D975C724979DF01071C50BE27EFFBDEF7BEF2E70F0C0CE47BECB147795FFC7DF7DD779F812ED0CE7B1FEB100000FA4E00AA274DD3FF290ACC010A1100EDA6D9975C5EB468D17A3F76C99225E559B2AB7F5F9C49FBE28B2FBEEEB18F3CF248BE74E9D25567D62E58B0A07CBFDEF8B8B6DF11EFDD7BEBADB7AEFADEC111BF277E467CBE7CF9F221FFBEA16E37D005DA89FD0C0000FA4E00AA5A5CE66459365E2102A0DD347BA02B0C7481CAED7DAC430000E83B01A86471793C49929D142200DA8D81AE812E80FD0C0000FA4E00DAA1B82C4B92644B8508807663A06BA00B603F030080BE13804A4B9264EBA2B82C518800684706BA06BA00F6330000E83B01A8B42449C615C5E5418508807664A06BA00B603F030080BE1380AA1796095996CD528800684706BA06BA00F6330000E83B01A8B4344D8BDAD2F1438508807664A06BA00B603F030080BE13804ACBB2ACAB88F3152200DA9181AE812E80FD0C0000FA4E00AA5E58CE4CD3F43B0A1100EDC840D74017C07E0600007D2700552F2C971571A84204403B32D035D005B09F010040DF0940A5A5697A6396657B2B4400B423035D035D00FB190000F49D0054BDB0DC3571E2C48F2B4400B423035D035D00FB190000F49D0054BDB03C9524C97B152200DA9181AE812E80FD0C0000FA4E002A2B4992CD8AC2F24A7C548800684706BA06BA00F6330000E83B01A8AC383337CED0558800685706BA06BA00F6330000E83B01A87251F99B780F5D8508807665A06BA00B603F030080BE1380CA4AD3749F226E548800685706BA06BA00F6330000E83B01A8AC344DBF5A1496FF528800685706BA06BA00F6330000E83B01A8AC2CCB4E28E20C8508807665A06BA00B603F030080BE13802A17959E344D3B152200DA9581AE812E80FD0C0000FA4E00AA5C54AE2A22558800685706BA06BA00F6330000E83B01A8AC2CCB6615F1198508807665A06BA00B603F030080BE13802A179507932419A71001D0AE0C740D7401EC670000D0770250E5A2B2244992AD152200DA9581AE812E80FD0C0000FA4E002A2949922D8BA2F2B24204403B33D035D005B09F010040DF0940252549B25351541E5788006867030303AF2D5BB6CC30B505A2F87758D0DFDFBF5C5602A3C97E0600007D2700552A289F2C628E4204403B9B3D7BF682458B1619A8B6403CF1C4133FECEFEFBF555602A3BC0FB29F010040DF094035A469FA2F4551B9462102A09DD56AB5FD6FBAE9A6250B172E5CEC4CDD513B3377E1DCB973AFECEFEF9F57C4BEB212184DF6330000E83B01A88C2CCBBE5914950B142200DA5D0C11E3CCD02256C47BB88A118F152B8FBF612E30EAEC670000D0770250A582725A9AA6FFA61001000063681F643F030080BE1380CA1494FF28E270850800001843FB20FB190000F49D0054439AA6D71545E58B0A1100003056D8CF0000A0EF04A04A05E5D6891327EEA11001000063681F643F030080BE1380CA1494794992BC5F21020000C6D03EC87E0600007D27009529282B922479AB420400008CA17D90FD0C0000FA4E005A5F9224DB1605E53985080000184BEC670000D07702500959967DA42828F72B440000C058623F030080BE1380AA1493BDB22CAB29440000C018DB0BD9CF0000A0EF04A0F5A5693AA928285728440000C058623F030080BE13804AC8B2ECDB457C4F21020000C612FB190000F49D0054A5987C374DD363152200464AF2A31F6DF6ED73EADBADF38179BEC9D1BD37BCB3F1E53767D4DFE1E801F026EE85EC670000D07702508962F28322BEAC10013052BACF1DD8A1ABB77E5D7CDED5533BADABB776EDE0E8EEA9EF5DDED7579FD0DD53FB71E3FB3A7B07EEEC9A3E73FCF117F76F3D6D5A7D734712808DDC0BD9CF0000A0EF04A0F56559D65FC41714220046C2B133EAEFEDECABFD63575F6DD6949EFA5F77F5D606E2EBA9BDB58F35E2C80B7EF1AE786CF198CBBAFAEA5F8ACFA7F6D4FEA9AB77E0A1E2F1D717B1B4B8EFEF1D4D003686FD0C0000FA4E00AA524C7E3369D2A48F2A44008C84CEDEDA2145CCE9EAAD2DEEECAB5FD3DD5B9B39B5B7BE67D779F50F447C7BFAC05FC4E3E2F2CA5DBD03F7744EAFEFD7D9539B513CFEC1F231D3678E8F21B02309C09BB017B29F010040DF0940258AC93349926CAF10013052065F723906BA5DBD0357FFF16CDC227A6BCF94B7F7D53B3B7B6B0FC459B99DBD038715B7BFD8D957FB590C8263A05BC47C4712808DDC0BD9CF0000A0EF04A0B51D7EF8E17F521493578A4F375188001829E5A596FB6A8F96EF97DB5B9B1903DEC67DF13EB9F1B1FBDC1BB72D3E3FAAB8FFECF8BA78EC6DE5C7BEDAACC15F03C070D9CF0000A0EF04A0E52549B243514C867D86934204C086EAEAAB9DDCD55BFFDFB8EC725C56F98F67E8D62E2D3EF644149F3F158F3BBA77E083C5631676F70E9CD9DD57EB2E6EBF3BCEEA2D3ECE5BF971AEA309C0C6B09F010040DF0940150AC9DF1571874204C0481A7CC9E5F2F2C97DF5099DE7D7C6454CE999B54BDC3EA567E0935D3DF56F759E3F73B7A37B6F78E7EA67E41ED5376BA7E2F19F703401B09F010040DF0940DB4AD374BFA2985CAF100130923A7BFADF3FF83D74BB7B07F6983A63D68E8DE83AAFBE4DF78CFA87BAFAEAA7C499BC5D3D03E7C7A598E332CC8D9FD1D5533FA9B86F8AA30980FD0C0000FA4E00DA5696655F2F8AC9250A110023656AEFACBFE9EAADDD15C3DAF8BAABA7765AF1F54F0647676FFD88AEBE817DBA7AEB9362B8BBF2712714F7FDAA71B9E6E2F32BBF357DE6BB1D5100EC670000D07702D0CE85E45FB32C3B5D21020000C6E07EC87E0600007D27002D5F48A6A7697A94420400008CC1FD90FD0C0000FA4E005A5B9AA63F2E8AC9810A11000030D6D8CF0000A0EF04A00A85E4E62CCB3EA51001000063703F643F030080BE1380962F248F2449F221850800001883FB21FB190000F49D00B47C21792949927728440000C018DC0FD9CF0000A0EF04A075C5203706BA0A1100003016D9CF0000A0EF04A0A5C5A596E392CB0A1100003016D9CF0000A0EF04A0D58BC8A78BB879630B91104208218410425435EC0C01001881E7E2F59D000C4F9AA6495148AE76240000000000A0390C740118B62CCB8E2E0A499F23010000000000CD61A00BC0C614917F4FD3F424470200000000009AC34017808D2922971631D991000000000080E630D00560D8D234FD595148F675240000000000A0390C7401D8982272C7C48913FFD691000000000080E630D00560638AC8FC24497670240000000000A0390C7401189669D3A66D5A149157264C98B0B9A3010000000000CD61A00BC0B02449B27D51449E71240000000000A0790C740118962CCB762B8AC86F1C090000000000681E035D0086254DD37FC8B2ACDF91000000000080E631D0056058D2343DA42822973B120000000000D03C06BA000C4B9665C71571B623010000000000CD63A00BC0700BC8B9699A4E75240000000000A0790C7401186E01B9B288898E040000000000348F812E00C3926559AD88CF39120000000000D03C06BA000CB780DC9F24C9AE8E040000000000348F812E00C32D20CF2549B2AD23010000000000CD63A00BC006DB679F7DDE561490E58E0400000000003497812E001B2C4992F71705649E23010000000000CD65A00BC0708AC7278AB8D591000000000080E632D0056083A569BA7F5140AE7524000060F4253FFAD166DF3EA7BEDD3A1F98E79B1CDD7BC33B1B5F7E7346FD1D8E1E0000B43E035D0036589665471405E46247020000465FF7B9033B74F5D6AF8BCFBB7A6AA775F5D6AE1D1CDD3DF5BDCBFBFAEA13BA7B6A3F6E7C5F67EFC09D5DD3678E3FFEE2FEADA74DAB6FEE480200406B32D0056038C5E3942CCB4E7524000060741D3BA3FEDECEBEDA3F76F5D5664DE9A9FF75576F6D20BE9EDA5BFB58238EBCE017EF8AC7168FB9ACABAFFEA5F87C6A4FED9FBA7A071E2A1E7F7D114B8BFBFEDED1040080D664A00BC0708AC785699A1EE9480000C0E8EAECAD1D52C49CAEDEDAE2CEBEFA35DDBDB599537BEB7B769D57FF40C4B7A70FFC453C2E2EAFDCD53B704FE7F4FA7E9D3DB519C5E31F2C1F337DE6F818023B920000D0BA0C7401D860699AFE4F51400E7024000060F40DBEE4720C74BB7A07AEFEE3D9B845F4D69E296FEFAB7776F6D61E88B3723B7B070E2B6E7FB1B3AFF6B31804C740B788F98E240000B426035D0086533CE6645936DE91000080D1575E6AB9AFF668F97EB9BDB59931E06DDC17EF931B1FBBCFBD71DBE2F3A38AFBCF8EAF8BC7DE567EECABCD1AFC350000D07A0C7401184EF1783C49929D1C090000185D5D7DB593BB7AEBFF1B975D8ECB2AFFF10CDDDAA5C5C79E88E2F3A7E27147F70E7CB078CCC2EEDE8133BBFB6ADDC5ED77C759BDC5C7792B3FCE75340100A03519E802309CE2B12C49922D1D090000187D832FB95C5E3EB9AF3EA1F3FCDAB888293DB37689DBA7F40C7CB2ABA7FEADCEF367EE7674EF0DEF5CFD8CDCA3FA66ED543CFE138E260000B41E035D00364892245B17C5638923010000ADA1B3A7FFFD83DF43B7BB77608FA93366EDD888AEF3EADB74CFA87FA8ABAF7E4A9CC9DBD533707E5C8A392EC3DCF8195D3DF5938AFBA6389A0000D07A0C7401D82049928C2B8AC7838E0400008CBEA9BDB3FEA6ABB776570C6BE3EBAE9EDA69C5D73F191C9DBDF523BAFA06F6E9EAAD4F8AE1EECAC79D50DCF7ABC6E59A8BCFAFFCD6F499EF76440100A0F518E802B0A18563429665B31C090000000000683E035D0036489AA645EDE8F8A123010000000000CD67A00BC006C9B2ACAB88F31D090000000000683E035D0036B4709C99A6E9771C090000000000683E035D0036B4705C56C4A18E040000000000349F812E001B244DD31BB32CDBDB91000000000080E633D00560430BC75D13274EFCB823010000000000CD67A00BC086168EA7922479AF23010000000000CD67A00BC07A9B366DDAA6513884104208218410420821841042083172614201C0060D751D050000000000000000000000000000000000000000000000000000000000000000000000000000000000000000000000000000000000000000000000000000000000C6BAFF0FC6E57D9A0AC9FE2D0000000049454E44AE426082, 1);
INSERT INTO `ACT_GE_BYTEARRAY` VALUES ('a9040623-5e3a-11ec-8bee-f20bcee4e113', 1, 'flowConSign.bpmn', 'a9040622-5e3a-11ec-8bee-f20bcee4e113', 0x3C3F786D6C2076657273696F6E3D22312E302220656E636F64696E673D225554462D38223F3E0A3C646566696E6974696F6E7320786D6C6E733D22687474703A2F2F7777772E6F6D672E6F72672F737065632F42504D4E2F32303130303532342F4D4F44454C2220786D6C6E733A7873693D22687474703A2F2F7777772E77332E6F72672F323030312F584D4C536368656D612D696E7374616E63652220786D6C6E733A7873643D22687474703A2F2F7777772E77332E6F72672F323030312F584D4C536368656D612220786D6C6E733A666C6F7761626C653D22687474703A2F2F666C6F7761626C652E6F72672F62706D6E2220786D6C6E733A62706D6E64693D22687474703A2F2F7777772E6F6D672E6F72672F737065632F42504D4E2F32303130303532342F44492220786D6C6E733A6F6D6764633D22687474703A2F2F7777772E6F6D672E6F72672F737065632F44442F32303130303532342F44432220786D6C6E733A6F6D6764693D22687474703A2F2F7777772E6F6D672E6F72672F737065632F44442F32303130303532342F44492220786D6C6E733A62706D6E323D22687474703A2F2F7777772E6F6D672E6F72672F737065632F42504D4E2F32303130303532342F4D4F44454C2220786D6C6E733A64633D22687474703A2F2F7777772E6F6D672E6F72672F737065632F44442F32303130303532342F44432220786D6C6E733A64693D22687474703A2F2F7777772E6F6D672E6F72672F737065632F44442F32303130303532342F44492220747970654C616E67756167653D22687474703A2F2F7777772E77332E6F72672F323030312F584D4C536368656D61222065787072657373696F6E4C616E67756167653D22687474703A2F2F7777772E77332E6F72672F313939392F585061746822207461726765744E616D6573706163653D22687474703A2F2F666C6F7761626C652E6F72672F62706D6E222069643D226469616772616D5F666C6F77436F6E5369676E22207873693A736368656D614C6F636174696F6E3D22687474703A2F2F7777772E6F6D672E6F72672F737065632F42504D4E2F32303130303532342F4D4F44454C2042504D4E32302E787364223E0A20203C70726F636573732069643D22666C6F77436F6E5369676E22206E616D653D22E5A49AE5AE9EE4BE8BE58AA0E7ADBE2220697345786563757461626C653D2274727565223E0A202020203C657874656E73696F6E456C656D656E74733E0A2020202020203C666C6F7761626C653A657865637574696F6E4C697374656E6572206576656E743D22656E642220636C6173733D22636F6D2E666C6F772E64656D6F2E636F6D6D6F6E2E666C6F772E6C697374656E65722E557064617465466C6F775374617475734C697374656E6572223E3C2F666C6F7761626C653A657865637574696F6E4C697374656E65723E0A202020203C2F657874656E73696F6E456C656D656E74733E0A202020203C73746172744576656E742069643D224576656E745F3077706B6A3665223E3C2F73746172744576656E743E0A202020203C757365725461736B2069643D2241637469766974795F31786B376A346E22206E616D653D22E5BD95E585A52220666C6F7761626C653A61737369676E65653D22247B7374617274557365724E616D657D2220666C6F7761626C653A666F726D4B65793D227B2671756F743B666F726D49642671756F743B3A2671756F743B313434303934353431313335343236373634382671756F743B2C2671756F743B726561644F6E6C792671756F743B3A66616C73652C2671756F743B67726F7570547970652671756F743B3A2671756F743B41535349474E45452671756F743B7D223E0A2020202020203C657874656E73696F6E456C656D656E74733E0A20202020202020203C666C6F7761626C653A6F7065726174696F6E4C6973743E0A202020202020202020203C666C6F7761626C653A666F726D4F7065726174696F6E2069643D223136333233383936323633313922206C6162656C3D22E68F90E4BAA42220747970653D226D756C74695F7369676E222073686F774F726465723D2230223E3C2F666C6F7761626C653A666F726D4F7065726174696F6E3E0A202020202020202020203C666C6F7761626C653A666F726D4F7065726174696F6E2069643D223136333233383936333333373322206C6162656C3D22E58AA0E7ADBE2220747970653D226D756C74695F636F6E7369676E222073686F774F726465723D2231223E3C2F666C6F7761626C653A666F726D4F7065726174696F6E3E0A20202020202020203C2F666C6F7761626C653A6F7065726174696F6E4C6973743E0A20202020202020203C666C6F7761626C653A7661726961626C654C6973743E3C2F666C6F7761626C653A7661726961626C654C6973743E0A2020202020203C2F657874656E73696F6E456C656D656E74733E0A202020203C2F757365725461736B3E0A202020203C73657175656E6365466C6F772069643D22466C6F775F3131316B7970732220736F757263655265663D224576656E745F3077706B6A366522207461726765745265663D2241637469766974795F31786B376A346E223E3C2F73657175656E6365466C6F773E0A202020203C757365725461736B2069643D2241637469766974795F3030366736716F22206E616D653D22E4BC9AE7ADBE2220666C6F7761626C653A61737369676E65653D22247B61737369676E65657D2220666C6F7761626C653A666F726D4B65793D227B2671756F743B666F726D49642671756F743B3A2671756F743B313434303934353431313335343236373634382671756F743B2C2671756F743B726561644F6E6C792671756F743B3A747275652C2671756F743B67726F7570547970652671756F743B3A2671756F743B41535349474E45452671756F743B7D223E0A2020202020203C657874656E73696F6E456C656D656E74733E0A20202020202020203C666C6F7761626C653A6F7065726174696F6E4C6973743E0A202020202020202020203C666C6F7761626C653A666F726D4F7065726174696F6E2069643D223136333233383937333336303022206C6162656C3D22E5908CE6848F2220747970653D226D756C74695F6167726565222073686F774F726465723D2230223E3C2F666C6F7761626C653A666F726D4F7065726174696F6E3E0A20202020202020203C2F666C6F7761626C653A6F7065726174696F6E4C6973743E0A20202020202020203C666C6F7761626C653A7661726961626C654C6973743E3C2F666C6F7761626C653A7661726961626C654C6973743E0A2020202020203C2F657874656E73696F6E456C656D656E74733E0A2020202020203C6D756C7469496E7374616E63654C6F6F7043686172616374657269737469637320697353657175656E7469616C3D2266616C73652220666C6F7761626C653A636F6C6C656374696F6E3D2261737369676E65654C6973742220666C6F7761626C653A656C656D656E745661726961626C653D2261737369676E6565223E0A20202020202020203C636F6D706C6574696F6E436F6E646974696F6E3E247B6E724F66496E7374616E636573203D3D206E724F66436F6D706C65746564496E7374616E6365737D3C2F636F6D706C6574696F6E436F6E646974696F6E3E0A2020202020203C2F6D756C7469496E7374616E63654C6F6F704368617261637465726973746963733E0A202020203C2F757365725461736B3E0A202020203C73657175656E6365466C6F772069643D22466C6F775F306374327969642220736F757263655265663D2241637469766974795F31786B376A346E22207461726765745265663D2241637469766974795F3030366736716F223E3C2F73657175656E6365466C6F773E0A202020203C757365725461736B2069643D2241637469766974795F3070376F6D646D22206E616D653D22E5AEA1E689B92220666C6F7761626C653A61737369676E65653D2261646D696E2220666C6F7761626C653A666F726D4B65793D227B2671756F743B666F726D49642671756F743B3A2671756F743B313434303934353431313335343236373634382671756F743B2C2671756F743B726561644F6E6C792671756F743B3A747275652C2671756F743B67726F7570547970652671756F743B3A2671756F743B41535349474E45452671756F743B7D223E0A2020202020203C657874656E73696F6E456C656D656E74733E0A20202020202020203C666C6F7761626C653A6F7065726174696F6E4C6973743E0A202020202020202020203C666C6F7761626C653A666F726D4F7065726174696F6E2069643D223136333233383936383238393522206C6162656C3D22E5908CE6848F2220747970653D226167726565222073686F774F726465723D2230223E3C2F666C6F7761626C653A666F726D4F7065726174696F6E3E0A202020202020202020203C666C6F7761626C653A666F726D4F7065726174696F6E2069643D223136333233383936383639333922206C6162656C3D22E68B92E7BB9D2220747970653D22726566757365222073686F774F726465723D2231223E3C2F666C6F7761626C653A666F726D4F7065726174696F6E3E0A20202020202020203C2F666C6F7761626C653A6F7065726174696F6E4C6973743E0A20202020202020203C666C6F7761626C653A7661726961626C654C6973743E3C2F666C6F7761626C653A7661726961626C654C6973743E0A2020202020203C2F657874656E73696F6E456C656D656E74733E0A202020203C2F757365725461736B3E0A202020203C73657175656E6365466C6F772069643D22466C6F775F3035326B767A682220736F757263655265663D2241637469766974795F3030366736716F22207461726765745265663D2241637469766974795F3070376F6D646D223E3C2F73657175656E6365466C6F773E0A202020203C656E644576656E742069643D224576656E745F3165356D6D7870223E3C2F656E644576656E743E0A202020203C73657175656E6365466C6F772069643D22466C6F775F316E673571703722206E616D653D22E5908CE6848F2220736F757263655265663D2241637469766974795F3070376F6D646D22207461726765745265663D224576656E745F3165356D6D7870223E0A2020202020203C657874656E73696F6E456C656D656E74733E0A20202020202020203C666C6F7761626C653A637573746F6D436F6E646974696F6E20747970653D226F7065726174696F6E22206F7065726174696F6E547970653D226167726565223E3C2F666C6F7761626C653A637573746F6D436F6E646974696F6E3E0A2020202020203C2F657874656E73696F6E456C656D656E74733E0A2020202020203C636F6E646974696F6E45787072657373696F6E207873693A747970653D2274466F726D616C45787072657373696F6E223E3C215B43444154415B247B6F7065726174696F6E54797065203D3D20276167726565277D5D5D3E3C2F636F6E646974696F6E45787072657373696F6E3E0A202020203C2F73657175656E6365466C6F773E0A202020203C73657175656E6365466C6F772069643D22466C6F775F3030397037687922206E616D653D22E68B92E7BB9D2220736F757263655265663D2241637469766974795F3070376F6D646D22207461726765745265663D2241637469766974795F31786B376A346E223E0A2020202020203C657874656E73696F6E456C656D656E74733E0A20202020202020203C666C6F7761626C653A637573746F6D436F6E646974696F6E20747970653D226F7065726174696F6E22206F7065726174696F6E547970653D22726566757365223E3C2F666C6F7761626C653A637573746F6D436F6E646974696F6E3E0A2020202020203C2F657874656E73696F6E456C656D656E74733E0A2020202020203C636F6E646974696F6E45787072657373696F6E207873693A747970653D2274466F726D616C45787072657373696F6E223E3C215B43444154415B247B6F7065726174696F6E54797065203D3D2027726566757365277D5D5D3E3C2F636F6E646974696F6E45787072657373696F6E3E0A202020203C2F73657175656E6365466C6F773E0A20203C2F70726F636573733E0A20203C62706D6E64693A42504D4E4469616772616D2069643D2242504D4E4469616772616D5F666C6F77436F6E5369676E223E0A202020203C62706D6E64693A42504D4E506C616E652062706D6E456C656D656E743D22666C6F77436F6E5369676E222069643D2242504D4E506C616E655F666C6F77436F6E5369676E223E0A2020202020203C62706D6E64693A42504D4E53686170652062706D6E456C656D656E743D224576656E745F3077706B6A3665222069643D2242504D4E53686170655F4576656E745F3077706B6A3665223E0A20202020202020203C6F6D6764633A426F756E6473206865696768743D2233362E30222077696474683D2233362E302220783D223130322E302220793D223330322E30223E3C2F6F6D6764633A426F756E64733E0A2020202020203C2F62706D6E64693A42504D4E53686170653E0A2020202020203C62706D6E64693A42504D4E53686170652062706D6E456C656D656E743D2241637469766974795F31786B376A346E222069643D2242504D4E53686170655F41637469766974795F31786B376A346E223E0A20202020202020203C6F6D6764633A426F756E6473206865696768743D2238302E30222077696474683D223130302E302220783D223139302E302220793D223238302E30223E3C2F6F6D6764633A426F756E64733E0A2020202020203C2F62706D6E64693A42504D4E53686170653E0A2020202020203C62706D6E64693A42504D4E53686170652062706D6E456C656D656E743D2241637469766974795F3030366736716F222069643D2242504D4E53686170655F41637469766974795F3030366736716F223E0A20202020202020203C6F6D6764633A426F756E6473206865696768743D2238302E30222077696474683D223130302E302220783D223335302E302220793D223238302E30223E3C2F6F6D6764633A426F756E64733E0A2020202020203C2F62706D6E64693A42504D4E53686170653E0A2020202020203C62706D6E64693A42504D4E53686170652062706D6E456C656D656E743D2241637469766974795F3070376F6D646D222069643D2242504D4E53686170655F41637469766974795F3070376F6D646D223E0A20202020202020203C6F6D6764633A426F756E6473206865696768743D2238302E30222077696474683D223130302E302220783D223531302E302220793D223238302E30223E3C2F6F6D6764633A426F756E64733E0A2020202020203C2F62706D6E64693A42504D4E53686170653E0A2020202020203C62706D6E64693A42504D4E53686170652062706D6E456C656D656E743D224576656E745F3165356D6D7870222069643D2242504D4E53686170655F4576656E745F3165356D6D7870223E0A20202020202020203C6F6D6764633A426F756E6473206865696768743D2233362E30222077696474683D2233362E302220783D223637322E302220793D223330322E30223E3C2F6F6D6764633A426F756E64733E0A2020202020203C2F62706D6E64693A42504D4E53686170653E0A2020202020203C62706D6E64693A42504D4E456467652062706D6E456C656D656E743D22466C6F775F30303970376879222069643D2242504D4E456467655F466C6F775F30303970376879223E0A20202020202020203C6F6D6764693A776179706F696E7420783D223536302E302220793D223238302E30223E3C2F6F6D6764693A776179706F696E743E0A20202020202020203C6F6D6764693A776179706F696E7420783D223536302E302220793D223233302E30223E3C2F6F6D6764693A776179706F696E743E0A20202020202020203C6F6D6764693A776179706F696E7420783D223234302E302220793D223233302E30223E3C2F6F6D6764693A776179706F696E743E0A20202020202020203C6F6D6764693A776179706F696E7420783D223234302E302220793D223238302E30223E3C2F6F6D6764693A776179706F696E743E0A20202020202020203C62706D6E64693A42504D4E4C6162656C3E0A202020202020202020203C6F6D6764633A426F756E6473206865696768743D2231342E30222077696474683D2232322E302220783D223338392E302220793D223231322E30223E3C2F6F6D6764633A426F756E64733E0A20202020202020203C2F62706D6E64693A42504D4E4C6162656C3E0A2020202020203C2F62706D6E64693A42504D4E456467653E0A2020202020203C62706D6E64693A42504D4E456467652062706D6E456C656D656E743D22466C6F775F316E6735717037222069643D2242504D4E456467655F466C6F775F316E6735717037223E0A20202020202020203C6F6D6764693A776179706F696E7420783D223631302E302220793D223332302E30223E3C2F6F6D6764693A776179706F696E743E0A20202020202020203C6F6D6764693A776179706F696E7420783D223637322E302220793D223332302E30223E3C2F6F6D6764693A776179706F696E743E0A20202020202020203C62706D6E64693A42504D4E4C6162656C3E0A202020202020202020203C6F6D6764633A426F756E6473206865696768743D2231342E30222077696474683D2232332E302220783D223633302E302220793D223330322E30223E3C2F6F6D6764633A426F756E64733E0A20202020202020203C2F62706D6E64693A42504D4E4C6162656C3E0A2020202020203C2F62706D6E64693A42504D4E456467653E0A2020202020203C62706D6E64693A42504D4E456467652062706D6E456C656D656E743D22466C6F775F3035326B767A68222069643D2242504D4E456467655F466C6F775F3035326B767A68223E0A20202020202020203C6F6D6764693A776179706F696E7420783D223435302E302220793D223332302E30223E3C2F6F6D6764693A776179706F696E743E0A20202020202020203C6F6D6764693A776179706F696E7420783D223531302E302220793D223332302E30223E3C2F6F6D6764693A776179706F696E743E0A2020202020203C2F62706D6E64693A42504D4E456467653E0A2020202020203C62706D6E64693A42504D4E456467652062706D6E456C656D656E743D22466C6F775F30637432796964222069643D2242504D4E456467655F466C6F775F30637432796964223E0A20202020202020203C6F6D6764693A776179706F696E7420783D223239302E302220793D223332302E30223E3C2F6F6D6764693A776179706F696E743E0A20202020202020203C6F6D6764693A776179706F696E7420783D223335302E302220793D223332302E30223E3C2F6F6D6764693A776179706F696E743E0A2020202020203C2F62706D6E64693A42504D4E456467653E0A2020202020203C62706D6E64693A42504D4E456467652062706D6E456C656D656E743D22466C6F775F3131316B797073222069643D2242504D4E456467655F466C6F775F3131316B797073223E0A20202020202020203C6F6D6764693A776179706F696E7420783D223133382E302220793D223332302E30223E3C2F6F6D6764693A776179706F696E743E0A20202020202020203C6F6D6764693A776179706F696E7420783D223139302E302220793D223332302E30223E3C2F6F6D6764693A776179706F696E743E0A2020202020203C2F62706D6E64693A42504D4E456467653E0A202020203C2F62706D6E64693A42504D4E506C616E653E0A20203C2F62706D6E64693A42504D4E4469616772616D3E0A3C2F646566696E6974696F6E733E, 0);
INSERT INTO `ACT_GE_BYTEARRAY` VALUES ('a90fed04-5e3a-11ec-8bee-f20bcee4e113', 1, 'flowConSign.flowConSign.png', 'a9040622-5e3a-11ec-8bee-f20bcee4e113', 0x89504E470D0A1A0A0000000D49484452000002CE000001720806000000E50C5CBF00001E104944415478DAEDDD0BB45575BD2F702D2B2B475959A78795958D1CD919DAB8D6B0A3953D4675CBCA5312029A040929C8DE4B5393D40B5CF19108ECB5E12845C3CA6E8A2F3CE21BF65A3CD2AD796F79101F8592F110C107062888C0BCFFDF1C7B71165B90F7DE6BADFDF98CF11B7BEFB5D6565C7C9DBFDF9AF33FE7DC6B2F0000000000000000000000000000000000000000000000000000000000000000000000000000000000000000000000000000000000000000000000000000000000000000000000000000000000000000000000000000000000000000000000000000000000000000000000000000000000000000000000000000000000000000000000000000000000000000000000000000000000000000000000000000000000000000000000000000000000000000000000000000000000000000000000000000000000000000000000000000000000000000000000000000000000000000000000000000000000000000000000000000000000000000000000000000000000000000000000000000000000000000000000000000000000000000000000000000000000000000000000000000000000000000000000000000000000000000000000000000000000000000000000000000000000000000000000000000000000000000000000000000000000000000000000000000000000000000000000000000000000000000000000000000000000000000000000000000000000000000000000000000000000000000000000000000000000000000000000000000000000000000000000000000000000000000000000000000000000000000000000000000000000000000000000000000000000000000000000000000000000000000000000000000000000000000000000000000000000000000000000000000000000000000000000000000000000000000000000000000000000000000000000000000000000000000000000000000006830435BEF7E7F734BF9C7F17DA175D6BF368F2B1F5EA9426BF988D38BE503E3B94193A6BDA5A9581E5CF9BD78AEB9B5ED7F7A070100E811D2807C50534BE9FFE4DF174BFF5528964656AAA9581ADD34BEED0BF15C53B1ED94E6D6D2D9F92F65D9DEE9B5B736B5966E4B5FFFD834A17CAC77120080869506DFEF3717CBB7A4E1F7C9E662DBAFD2D7F2662F4803727C193162C4EB9A5BCA77C75EE7F49A014D2DE58BD3207DDE9963CA07C4E07CCEA4E96F8FD77847010068DCE1B965FA870A2D6D57C7F78562E9E134084FAF5453B1B4341E4F43F390F4F3FCA662B994BEFE2E06EDF45C7BFAFA50AA99A9E60D6B69FB37EF2600008D3D3817CBD735B5948FEEBCC7B9F2F35913CBEF2D4C281D1A7B9D478CB8EE8DB16C230DDBFFDEDC523A2306E6D8FBDC347EC667BC9B000034E8D05C3EBAD052BA210DC8CF74EC55BE3FFDFC834AA59F1F8CD78D1851DE270DCAD3E224C2A87C702E967E919EFF6DFAF9E7E9EB9442B1EDB3DE5100001A525C1923D63957966AA401F88134300FAA54536B7960FEBA62E98BB1F7B9B9A57469BCBE63706E692A967E1855686DFB51D3F819FFE21D0500A06155AF717ED5C9819D9C3171D60737ED716E69FBF7CAE3B194230DD5A3BC9B000034A4115795F7CDAFD7BC69706E9BDB71F25F5E7199BA7CAF726BB9772CE348CF4F6D2E96FB45A5E1794CAC6B8EBDD685626978A158FEDFDE5100001A52736BE9A858E3DCD45AFA4EC7CF93E21273958AE517A7FEC79C779C36B1BC5FAFEBAE7B7DE5F74E2FDEFEA634500F4BAF3FBFB9A56D44AAD3D3636FF38E020000000000000000000000000000000000000000000000D4B0134E3821534AA99E5ABA00003B34387B1700DB3F00D038006CFF00D038006CFF00D038006CFF00D038006CFF00D038006CFF00D038006CFF00D038006CFF0040E300B0FD0340E300B0FD0340E300B0FD0340E300B0FD0340E300B0FD0340E300B0FD0340E300B0FD03008D03B0FD03008D03C0F60F008D03C0F60F008D03C0F60F008D03C0F60F008D03C0F60F008D03C0F60F008D03C0F60F00340E00DB3F00340E00DB3F00340E00DB3F00340E00DB3F00340E00DB3F00340E00DB3F00340E00DB3F00D038006CFF00D038006CFF00D038006CFF00D03800BACCB265CBBE5F2C16B3B40D3CC8BB0180C119600BB22CDBF7F9E79F5F916483060DBAD53B0280C119600B162D5A7475D6E1DE7BEF5DD2A74F9FE3BC2B00189C01AAAC5EBDFAB00D1B366CCCAA8C1E3D7A51FFFEFDF7F7EE00607006E8F0F4D34F2FC83A79E185179EEED7AF5F8B770700833340B270E1C2F3B3AD983A75EAD3697B7884770980CA903C2D06E56DD403DE29A0D1A4D9F8BD6BD7AE5DB7B5C179E3C68D2F170A85B9C71C73CC3EDE2D0062703E22D52BAF3538F7EEDDFB58EF14D068162F5EDC9E6DC382050B16F5E9D3A7D9BB05406578BEE33506E7767B5B804674CF3DF76C6B6ECED6AC593333B685FDFBF7DFD73B064065AFF31607679764021AD505175C30E4B5966AC4DC3C7CF8F029F63803D07978DED25AE707EC6D061AD9B5D75EFBD7AD4DCD8F3FFEF8958EBA01B0A5C1F9556B9DAD6D061A5DAF5EBD0E4E03F29A2D9C1838AF5FBF7EF35C5503802D4A83F2547B9B819EE6B2CB2E6B4D83F286EAC179F2E4C9BF4EDBC471DE1D00B636381F59B5B6F91BDE11A027889D0477DE79E7F2AA9B9FFC216D07E7BB732000AFA9B2D6D9DE66A027193A74E89757AC58B136553668D0A0194E8C06607B06E723DC3910E889264D9A7447B1588CF33BA67A3700F6B02CCBF659B060C1F5F7DD77DF86B6B6B66CFAF4E975593138D7EB9F7DC68C19D9ECD9B39F4D75A2FC4D57F2277F3B50B7DD765BBEFDBBF1C61BE50F604F8BA63167CE9C6CF9F2E5D9CB2FBFACBAA99E79E6996CD6AC59FF4C4DE478F953F2277F3B524B962C913F80AE107B5A0C2D35D33C5E9E3E7DFAA3F2A7E44FFEE40FA006C5E1491BEDDAA9D4385E913F257FF2277F003528D698D960D754E3C8E44FC99FFCC91F401D378ED52F2CCD163C7055F6F08C5179C5F7F1988DBDC6217FF2277F4AFE008DA3A356AD5892CDBBEBFCECBF6E3B6BB38AC7E2391B7C8D43FEE44FFE94FC011A47AA450FDFF2AAA651A9C50F4FB3C1D738E44FFEE44FC91FA071443D5ABE74AB8D239EB3C1D738E44FFEE44FC91FA071A49A377DC4561B473C6783AF71C89FFCC99F923F40E3D038340EF9933FF9933FF903D8BEC61167916FAD71C47336F81A87FCC99FFC29F903348E54F3EF99B0D5C611CFD9E06B1CF2277FF2A7E40FD038523DB7646E36EFEEFFF5EAC394E9B178CE065FE3903FF9933F257F80C6D1517FFFBFBF7B55E388C76CEC350EF9933FF953F207681C955ABB369B7FEF15AF3E4C991E8BE76CF0350EF9933FF953F207F4F8C61177C6FADB3DAD5B5DE317CFB97B96C6217FF2277F4AFE809EDB38D6AECD96CE2F650FDD397CAB4DA352F19A78ADBD2F1A87FCC99FFC29F9037A54E3D8D65E167B5F340EF9933FF9933FF9030CCEA9B6672FCB6BED7DD100340EF9933FF953F207F488C6B1B34DA3521A80C6217FF2277F4AFE801ED13894C6217FF2277F4AFE6A53FFFEFDF73FE184138E4FD59AAA3DD5D2545955C5CFEDBD7BF7FE559F3E7D4E4C7580778DAD5ABC78F16153A74E1D3F71E2C479E79D77DEAAA143876EE8D7AFDFA6409D72CA29EBCE3CF3CCE7468E1C397BCC98313F4901DCD7E06C83AD71C89F923FD558F91B3162C4EB9AC7950F2F4C281DBAA58AE77A5D77DDEB3BFF5EA1B5D477584BE92BB596D734081F9BE6986969105EDF6950DE66A5DF999EEAB8638E39661F93227B6559B64F7B7BFBD9C56271691A8CB38B2FBE38BBE9A69BB2071F7C305BB26449B67EFDFAACE2B9E79ECBE6CE9D9BDD7CF3CDD9840913B23438AF3FEBACB3EE1D3060C06106676570913FF9933FD518F9FBE96577BDB5B9585AD8DCDA76E196AA502C2D48C3F3FEF1DAE6D6D2458562F9BAA662E9D1F43B37FEF7F76DD737B7B48DEFCE9CA6C1F78834F4DEB7A3C3F256EA81F4CFFA86C9B1079B356BD68071E3C6AD3AEDB4D3B2EBAFBF3E5BBA7469B62356AC5891FFCF3A64C89057860D1B764F0AD5411A8732B8C89FFCC99FAAEFFC9D5EBCFD4D69082E3715CB839B8BE5719B554BDB4F9B5BCA779F36B1BCDFB096B67F6B6E299D9B06E5B3D2EB97C4D7F43BE7A4EF97E58FB596CE6E1ADFF685AECE67EC1D4E43EEC55BDAC37CCE39E7E433CF3DF7DC932D5CB8305BB3664D3ED3AC5BB72EFFF9BEFBEECB77209E7FFEF95B1BA05B7BFA11F71EB99779CA94290F0D183020BBE69A6B36856667C55EE9D80B7DD24927BD3270E0C073340E6570913FF9933F55FF83F3E9C5D9EFFEE91577BDA7735506E778BE509CF1F934245F10037475E58FB5968E6A1A3FE35FBA329BFDFAF53BB0F35EE6349F64575D75D50EEF207CF2C927B3C99327C711F6CEC3F343F1EF3151F600293407B5B6B62E6F6E6ECE03B13BC53FAF5028AC39E594537EDF133E8D691C0617F953F2A71A79708EEFD3D7079B5A4BB7453517DBE6E6EB9F3B06E7787E584BE97F3417CBB7175A4A83AA2BFDDE5D85D659FFDA95B94C03F3217DFBF67DAA7AC88D25A8CB972FDFA5F92696AA8E1A35AAF3F0BCA8A71D69EF9143732CCD88C30FB1CC624F88BDD7A3478F7E71E0C0817734FA427A8DC3E0227F4AFE540F189CEFAA3C5E289666E48F550DCE71A2607ACD03CDADA5E266552CFDBF3891B02BF734570FCDB19779E6CC999B9DABB5ABE6CC9993FF730DCF3D647946EC698EA1795797666CCFD28D0B2FBC70650AD7648D43195CE44FFEE44FD5F1E0DC5ABAAF79C28CCFE59506E4CE83F319C5D261F19AA6D6B66B0A2DA51BE26B54BCB6AB06E78E35CD9B9667C415C11E7BECB13D32E3C41AE84E4B371EEAD5ABD77E26CD06136B9A6379C6CA952BB3AE10C3F9B061C356A6F09EAD7128838BFCC99FFCA9BA1D9C9F4883F2CFF36A2D9DBF5796EDBDD91EE796B6D30B2DE56FC415340AC5D2F0A662DBD053FF63CE3BE2E4C0426BE9B42E5AA27171F59EE63D3534570FCFD597EB8D13064D9A0D64F6ECD9A7C48980BB7B4DF3F6AC794EC15A933E891DAC7128838BFCC99FFCA93AB98EF355E57DD3903C2B86E442B1EDDB95C763EF72C79AE63F0D9A34ED2D8589E58363CFF2E9C5F2816950BE6368EBDDEF6F6E298D4ACFF74F43F4C8F4DC7F36B7968FD99359ECB8E4DCA6AB67C4F28CAE10CB363A5DEFD9A5EA1A6589C6E5975FBE3AAE9ED11D6EBAE9A617D2F07C93C6A10C2EF2277FF2A7EA237FB137B9502CBF6A2F6A1A828FCBAFE3DC521A5419A4A3E2FB8E4BD24D884ADF8F2E8C6DFB405C75A3A965FA87F6F0DEE6FBAA4F04DC9D6B9AB7A5D309830FB8494A03889B9BC4759AF7F4BAE6D75AEF3C60C080657DFBF63D5CE3500617F9933FF953F2B7BB74DC1170D3128D5DBD7AC6CE5C6DA37ABD73DC61D0E459E7C68E1DBB342EF4DD9DA64D9B16679D5EAD71288D43FEE44FFE94FCEDC6651AD32A436B5CA7B93BFCFEF7BFDFECF6DC26CF3AB678F1E2C3E236DA3B7AC1EFDD2D2E7DD7B76FDFE71BEDDACE1A87C6217F4AFE543DE4AF119710A49962FFEAB5CDDD35EBC45EEEEA1305D39FE90013689D9A3A75EAF85FFCE217592D38F7DC731F88432AF5F0BEC527C654476B1C0617F953F2277FF59CBFD47EDFBB78F1E2F6B8BDF479E79D7766BD0CD0DB93C334A41E5F7D1BEDEE547D7BEEF4E73ED1045AA78AC5E2C371BFF55AF09BDFFCE6A17AB95C4BF5219734EC1FA971185CE44FC99FFCD55BFE162E5C78FE9A356B5EA9F4E1B56BD7AEBBF6DA6BE70F1932E4D046C861CC1495D775F792D498B52A7F96F4E7FD9509B44EA54F97AB1E7CF0C19A189CFFFCE73FCF4F816AAFA7C65155776CE993AFC66170913F257FAAD6F2B77AF5EAC3962D5BB6D5EBCFFEFDEF7F5F73C925975C59CBCB27B727873153549E8F3DEADD29AEEB5CF5676D3781D6A9A143876EE8EEF5CD15CF3EFBECEA14A6A575DA38367DF2ADFE1F57E330B8C89F923F552BF94BF65DB468D1D51B366CD8B8AD9EBC71E3C60D77DE79E7B38542E1DBF59AC398292A8F2F5CB8B05B679C254B9654FF39979A40EB542C56EFCAEB196E4B04AA9E1B47F527DF3874A471185CE44FC99FAA85FAD39FFE94BDF0C20BFFDC8993F7D75E71C5156DB57642DBF6E4B0FAE775EBD675EB7C13FFFEEA3F8F09B48E3780B5643BFE47A8ABAAF5C6B176EDDA1ED5381A2D5FF59EBFEAFAEB5FFF9A4D9932250E116FF1F938321627322F5AB468D36393274F8E255EF2277FBBA5E2507E4B4BCB569F7FF4D147B3A953A7E6DF47EE162F5E9C6F43EFBFFFFE6CD9B26535FDDF167B3B8BC5627E05AB9DB9EA55FC6EBDE7B1D6661C13A83DCEBBC3AA06D8E39C5F19A4725672AD378E5B6FBD357BFDEB5F9FBDE94D6F7A55BDE10D6F88BD139BBD7ED0A041D9073FF8C1ECC31FFE70F6FEF7BF3F9B3D7BB63D7EF2B7CBF5B7BFFD2DCF53FA2367871E7A683E24777E4DDCA4299EFFFAD7BF9E7DE73BDFC97EF2939FE43F1F76D861D9F1C71F9F7DEF7BDFCB264C98207FF2B7DDD5DEDE9E0D1D3A346B6A6ACAEB90430EC93315D9AA3C16CFDF7BEFBDF9EBAFB8E28A6CFFFDF7CFBF8F6DE045175D947FFFC637BE31FBC31FFE50F3FF9FDD7CF3CDB10DBF35FDF72CDDB871E37635FED403FE3078F0E072FA7B9D9AFE7E0FAAB71C563FDE5D3779B3C7B9C19C7AEAA92FD7CA1AE7F4897D5E1DAF71DEAC61D4CB1ABFA79F7E3A2B140AD9B061C336ABCF7DEE737913E9FCFA680E175E786176F2C927E70DA61E9A450F195CEA327FD1C8E2C3DB473FFAD1ECC8238FCCE6CE9D9B7DFEF39FCF0E3AE8A03C5BFFFCE73F37ED597ED7BBDE9567F575AF7B5DF6ED6F7F3B7BEB5BDF9A7DF39BDFCC2B3EFC9D7BEEB9712325F993BFEDAE6BAEB926DB7BEFBDB3810307E6F5DDEF7E377BF7BBDF1D573CD8F458E42D6E5E316BD6ACEC473FFA51B6DF7EFBE547463EF1894F64975D7659FECF79CB5BDE925F3161CE9C3979866B3D7F71E7BA9123472E5AB162C5F2D758DF3C6FD2A449BF4A7FB7F36BF54E77DB93C3EA35CE4F3EF9A435CEECBAB3CF3EFBE95AB9AA46FAF43FB30EAFAAD11E1B95AD5DF7B2961BC733CF3C936F48C68F1F9F5D7EF9E5D9B871E336D5A73FFDE9ECD8638FCD0F456EE91064BC2606E7B82EA5C159FE76A662EFDD81071E98E7E8ED6F7F7B1637628A3D7D7154E31DEF78C7A6C7CF3AEBACFCF52B57AECCBF4E9C38311FAC3FF0810F641FFFF8C7B36BAFBD361F586208973FF9DB917AF1C517B3D403B32F7DE94BD957BEF295EC339FF94C9EBBA38E3A2AFFF9CB5FFE72F6B39FFD2C5BB56A55BEB7F6FBDFFF7E3E24C7728E189C3FFBD9CFE67BA5E3B1134F3C313F4AD7DADA5A17F9EBD5ABD77EFDFAF56BB9F1C61B976FD8B0E1A5AA56BCE6F1C71FBF323D372F0DA1E3E20622F59C4357D560B71B356AD4DDB5721DE7B163C74EABA3EB386F710F4B3D358EF3CE3B2F6F12DBAA682C9D7FF7AB5FFD6AFE5C340F83B3FCED4C5D7DF5D5D9D7BEF6B57CAFDDA73EF5A97CC945A5E2E74B2EB9243BEEB8E3F20F67953DD331C844EEBEF0852F64D75D775DFEDAF8398E90C4CF95E15AFEE46F7B6BF0E0C1F907B1B839C60F7FF8C33C4FB12C287E8EC7E3C35CE5B5BFFCE52FF3231FF3E7CFCFB77D71A42486A0189CE3F7860C195277F94B7FFE230A85C2DC050B162C79E9A597660D1F3E7C4AC7B0794423E4B0FA3ACE71A4C0759CD965975E7AE98FC68C19B3B11606E7B4019B562F770EDC5EB5DC381E7AE8A17CCF4973737376F7DD77C70D68F28D7FECD1BBE5965BB2C30F3F3CBBEAAAABB279F3E6BD6A3D6A1CBE1C306040FEFAF85D83B3FCED68C54980B1D7F9B7BFFDED56EBCA2BAFCCF33672E4C83C6BDFFAD6B7B2030E38207BCF7BDE931F528FAF1FFAD087B21FFCE007F9728D38C42E7FF2B7231583711CBD88ED592CFB899CC560133FC7BAFBCAE0FC97BFFC25BF6572658741E7A51A3FFEF18FEB76FB1783679F3E7D9A3B2EE5D6DC48B7DE76E74076BBB8B879DA40AC7BEEB9E7BAFB1ACEB1BEF9995ABED87A23368E58171A8D200E33C619E3F17DAC5F3EFAE8A3F3936066CE9CF9AADFE9DBB76FF6E637BF395F1F1DCD23D6423FFFFCF30667F9DB99BF8B6D56DCED2BF638C7A5B46EB8E1867CE9501C3E8FB5D095135C638FF3EDB7DF9E2D5FBE5CFEE46F8707E75832145FE304D3CAF6B0FAF1785D2C258AE76248FEE31FFFB8C535CEB57E95A26DE5AF9106E6AA1967FF345BBC5219589F78E2896E997162DB947AE7C6AAC1F980BDA85FE95358394EAAE94EADADADBF4D61BA5AE3E8FA8A61240E7D8F1E3D7AD3B01287231F79E4912D9E4C13CFC727F7F8394E9AA9ECA13138CBDF8EAE2F7DEAA9A7F24B5DC549576F7BDBDBB27FFCE31FF91AD158631FEBEFE3C4E5CA0982B1873A4E088CD7C69012B98B0126D639C787BC38F146FEE46F6706E7830F3E381B3162447E3260E4EACC33CFCC7FFED8C73EB669707EECB1C7B23163C6E4DBC6F8794B83739C385DCBE77DF4B4FC55ED759E561958274D9AD42D334EF4CAEA1BB4983CEBDC8001030E1B3468D0FAEEBA54CBFAF5EB17A5203D9E3E8D1DAE71745DC5C012FF33C78930D12CCE38E38C4D43712CC5889303E3F064E5F571FDD2B84CDD273FF9C93842B0E9F1383C5EF9BD7ADFE3227FDDB364237215473F2A4B81DEF9CE77665FFCE217F3E1BAFAB5A3468DCA8F76C41DC04E3AE9A4FCE84764AF964FC892BFDAFE3B89613986E1586F1F5776D9AB630D7DFC1C8F572FC1A8AC71AE0CCEF1212E86E5CAE01C577D896543F2575B62096865688DED46ECFDED4A7144FFE4934FAEDEDB7CDC5ED4BFA6A6A659DD7592E045175DF49B14A6EB358EAEBFE1C43EFBEC931F9E8C35A4714DD2681A71483CB2F0BEF7BD2F3F4B3CD642C79537E2B24D71324C1CEAAAFEE7C41EC16834F1BBA79E7AAAC145FEB67B8F73AC298D0F62919D382C1E6B4A6388AE1CF9882B1654F6F6F5EFDF3F3F845EB9867354EC818E413AAEC411CFBFF4D24BF2277F3B5471459652A9B4E9FBC85DE5263CF1E7AF5CC339BEC6D0156BEC239791BBD826A62128BF445D9C301DD776FEF9CF7F2E7FB5B9D779D3D535E2037857DEBF22FE7DD597CC6BC425313D52AF5EBDDE9B3E3DBFDCD5D7397CE4914766A520AD4AFFFE83358EAEAF38341E5FE31064DCD82406E0D5AB576FBAFCD78C1933F2EF63588EA1656B77C78ADF39FDF4D3F301C7E0227FDB5B71E39238092B8E568C1D3B363F0212998BBDCE175F7C71BEF72E86E1583614AF8D0CC6F0D2B962CF737C00AC6457FEE46F672ACEE9D8DA32B55FFFFAD7D9473EF2917CE7405C9128AEFAF2F8E38FE7CFC51D2DE3C4D5C872F59D2DE5AF76A46DC957ABAFF91C7FD75D213E8C55FF7BD307AD6F98381B486A3EC39A9B9B5FEAAA251B2FBEF8E2C3E9DFF9700AD34F350EA571C89FFCC99F92BF3DB8D7F9B2CA001B574889A1764F5FB7397DD8DF583538B7EE45E3193870E0EF468E1CB9C787E7F5EBD73F993E9D975290AED03894C6217FF2277F4AFEF6A48E5B70B7570FCF7BEAA62831349F7CF2C91BAA86E687E2A633A6CC060D561A68FFF3820B2E58B9A786E7D8D39C06F472AC6B6EB4CBCF691C1A87FC29F9933FF9AB4D69583E306E235E3D3CC7B28DDDB9E639F66477DAD3BC28D54126CC061F9EFBF6ED3B69D8B0612B77F79AE758D3DCB13CE38A461F9A350E8D43FE94FCF97B97BFDA12436CF5F05C39617057AFB61157CFE87422A0A1B9A7E9DDBBF7D0F4696CF594295356AC5BB76E972F39D771F58C558DBCA659E3D038E44FC99FFCC95F5DEC796EAF1E72E344E3B85B6E5C3F7E476F6E122736575F72AEB23CC3D0DC03C5D536FAF4E973430AC40BD75F7FFD13E913D52B3B7A47C0B8B949FA673C164B33D2D743340EA571C89FFCC99F92BFEE3EBADEBB77EF719D86DDBC860F1F9E4D9932255F031D47DE2B3B0FE36BDC6C29D630DF7CF3CDF90D6FAAEF08587D22A035CDF63E7F2AD5AF5240569E71C6190F4E9E3CF9C1FBEFBFFF89A79E7AEAC5AA3979550CCAEDEDED33C78E1D3B6DF0E0C171B79E67D2B07C4D23DEDC44E3D038E44FC99FFCC95F7DEBB8545DFB9606E89DA8075C728ECDC4BAE48E90C5655DE204BFBF57DF073ED5D28E00B6C6DD7A7AC23A668D43E3903F257FF2277F75BF83F0D88EDB73BFB2A30373DC463BEE08E8E626A071681CF2A7E44FFEE4AF27ED20DC3F0DD127C40EC08E1D814B3B0DCAF90EC2380A9F86E5136349AB770D340E8D43FE94FCC99FFC01681C1A87FC29F9933FF903D03894C6217FF2277FCAE00C681C4AE3903FF9933F257F80C6A1348E1E9BBFD5AB5767F3E6CDCBBFEECAE3F2277F4AFE008D43691C0D9DBF1882D31F39FFBA2B8FCB9FFC29F903340EA571189C0DCEF2A7E40FD03894C661703638CB9F923FC0E06C83AD71C89FC159FE94FC01681C1A87FC199CE5CFF64FFE00340E8D43FE0CCEF267FB67FB07A071681CF26770963FF9B3FD03D03894C66170963FF953066740E3501A87C1D9E02C7F4AFE008D43691C066783B3FC29F9030CCE4AE3903F83B3FC29F903D038340EF93338CB9FED9FFC01EC8CB6B6361BECDAA935A971BC227F0667F9933FDB3F801A347BF6ECA5CB972FB7D1AE815AB264C9B5A9713C2A7FB559AB57AFCE87E0F8BA2B8FCB9FFC29F903EA54A954FAEECC99335F58B66CD94B36DEDDB7A7259AC68C1933FE91EA78F953F2277FF20750A3D2C6EAD8F449FF81384C166BCC549757BCEF8FF6D4A6217FF2277FF2676806000000000000000000000000000000000000000000000000E841FE3F56AD54529221CC020000000049454E44AE426082, 1);
INSERT INTO `ACT_GE_BYTEARRAY` VALUES ('b80d4a6f-5e3c-11ec-8bee-f20bcee4e113', 1, 'hist.var-assigneeList', NULL, 0xACED0005737200136A6176612E7574696C2E41727261794C6973747881D21D99C7619D03000149000473697A6578700000000377040000000374000575736572427400096C65616465724C6177740005757365724378, NULL);
INSERT INTO `ACT_GE_BYTEARRAY` VALUES ('b97761b9-1c51-11ec-94ee-5ef70686b817', 1, 'flowConSign.bpmn', 'b97761b8-1c51-11ec-94ee-5ef70686b817', 0x3C3F786D6C2076657273696F6E3D22312E302220656E636F64696E673D225554462D38223F3E0A3C646566696E6974696F6E7320786D6C6E733D22687474703A2F2F7777772E6F6D672E6F72672F737065632F42504D4E2F32303130303532342F4D4F44454C2220786D6C6E733A7873693D22687474703A2F2F7777772E77332E6F72672F323030312F584D4C536368656D612D696E7374616E63652220786D6C6E733A7873643D22687474703A2F2F7777772E77332E6F72672F323030312F584D4C536368656D612220786D6C6E733A666C6F7761626C653D22687474703A2F2F666C6F7761626C652E6F72672F62706D6E2220786D6C6E733A62706D6E64693D22687474703A2F2F7777772E6F6D672E6F72672F737065632F42504D4E2F32303130303532342F44492220786D6C6E733A6F6D6764633D22687474703A2F2F7777772E6F6D672E6F72672F737065632F44442F32303130303532342F44432220786D6C6E733A6F6D6764693D22687474703A2F2F7777772E6F6D672E6F72672F737065632F44442F32303130303532342F44492220786D6C6E733A62706D6E323D22687474703A2F2F7777772E6F6D672E6F72672F737065632F42504D4E2F32303130303532342F4D4F44454C2220786D6C6E733A64633D22687474703A2F2F7777772E6F6D672E6F72672F737065632F44442F32303130303532342F44432220786D6C6E733A64693D22687474703A2F2F7777772E6F6D672E6F72672F737065632F44442F32303130303532342F44492220747970654C616E67756167653D22687474703A2F2F7777772E77332E6F72672F323030312F584D4C536368656D61222065787072657373696F6E4C616E67756167653D22687474703A2F2F7777772E77332E6F72672F313939392F585061746822207461726765744E616D6573706163653D22687474703A2F2F666C6F7761626C652E6F72672F62706D6E222069643D226469616772616D5F666C6F77436F6E5369676E22207873693A736368656D614C6F636174696F6E3D22687474703A2F2F7777772E6F6D672E6F72672F737065632F42504D4E2F32303130303532342F4D4F44454C2042504D4E32302E787364223E0A20203C70726F636573732069643D22666C6F77436F6E5369676E22206E616D653D22E5A49AE5AE9EE4BE8BE58AA0E7ADBE2220697345786563757461626C653D2274727565223E0A202020203C657874656E73696F6E456C656D656E74733E0A2020202020203C666C6F7761626C653A657865637574696F6E4C697374656E6572206576656E743D22656E642220636C6173733D22636F6D2E666C6F772E64656D6F2E636F6D6D6F6E2E666C6F772E6C697374656E65722E557064617465466C6F775374617475734C697374656E6572223E3C2F666C6F7761626C653A657865637574696F6E4C697374656E65723E0A202020203C2F657874656E73696F6E456C656D656E74733E0A202020203C73746172744576656E742069643D224576656E745F3077706B6A3665223E3C2F73746172744576656E743E0A202020203C757365725461736B2069643D2241637469766974795F31786B376A346E22206E616D653D22E5BD95E585A52220666C6F7761626C653A61737369676E65653D22247B7374617274557365724E616D657D2220666C6F7761626C653A666F726D4B65793D227B2671756F743B666F726D49642671756F743B3A2671756F743B313434303934353431313335343236373634382671756F743B2C2671756F743B726561644F6E6C792671756F743B3A66616C73652C2671756F743B67726F7570547970652671756F743B3A2671756F743B444550542671756F743B7D223E0A2020202020203C657874656E73696F6E456C656D656E74733E0A20202020202020203C666C6F7761626C653A6F7065726174696F6E4C6973743E0A202020202020202020203C666C6F7761626C653A666F726D4F7065726174696F6E2069643D223136333233383936323633313922206C6162656C3D22E68F90E4BAA42220747970653D226D756C74695F7369676E222073686F774F726465723D2230223E3C2F666C6F7761626C653A666F726D4F7065726174696F6E3E0A202020202020202020203C666C6F7761626C653A666F726D4F7065726174696F6E2069643D223136333233383936333333373322206C6162656C3D22E58AA0E7ADBE2220747970653D226D756C74695F636F6E7369676E222073686F774F726465723D2231223E3C2F666C6F7761626C653A666F726D4F7065726174696F6E3E0A20202020202020203C2F666C6F7761626C653A6F7065726174696F6E4C6973743E0A20202020202020203C666C6F7761626C653A7661726961626C654C6973743E3C2F666C6F7761626C653A7661726961626C654C6973743E0A2020202020203C2F657874656E73696F6E456C656D656E74733E0A202020203C2F757365725461736B3E0A202020203C73657175656E6365466C6F772069643D22466C6F775F3131316B7970732220736F757263655265663D224576656E745F3077706B6A366522207461726765745265663D2241637469766974795F31786B376A346E223E3C2F73657175656E6365466C6F773E0A202020203C757365725461736B2069643D2241637469766974795F3030366736716F22206E616D653D22E4BC9AE7ADBE2220666C6F7761626C653A61737369676E65653D22247B61737369676E65657D2220666C6F7761626C653A666F726D4B65793D227B2671756F743B666F726D49642671756F743B3A2671756F743B313434303934353431313335343236373634382671756F743B2C2671756F743B726561644F6E6C792671756F743B3A747275652C2671756F743B67726F7570547970652671756F743B3A2671756F743B444550542671756F743B7D223E0A2020202020203C657874656E73696F6E456C656D656E74733E0A20202020202020203C666C6F7761626C653A6F7065726174696F6E4C6973743E0A202020202020202020203C666C6F7761626C653A666F726D4F7065726174696F6E2069643D223136333233383937333336303022206C6162656C3D22E5908CE6848F2220747970653D226D756C74695F6167726565222073686F774F726465723D2230223E3C2F666C6F7761626C653A666F726D4F7065726174696F6E3E0A20202020202020203C2F666C6F7761626C653A6F7065726174696F6E4C6973743E0A20202020202020203C666C6F7761626C653A7661726961626C654C6973743E3C2F666C6F7761626C653A7661726961626C654C6973743E0A2020202020203C2F657874656E73696F6E456C656D656E74733E0A2020202020203C6D756C7469496E7374616E63654C6F6F7043686172616374657269737469637320697353657175656E7469616C3D2266616C73652220666C6F7761626C653A636F6C6C656374696F6E3D2261737369676E65654C6973742220666C6F7761626C653A656C656D656E745661726961626C653D2261737369676E6565223E0A20202020202020203C636F6D706C6574696F6E436F6E646974696F6E3E247B6E724F66496E7374616E636573203D3D206E724F66436F6D706C65746564496E7374616E6365737D3C2F636F6D706C6574696F6E436F6E646974696F6E3E0A2020202020203C2F6D756C7469496E7374616E63654C6F6F704368617261637465726973746963733E0A202020203C2F757365725461736B3E0A202020203C73657175656E6365466C6F772069643D22466C6F775F306374327969642220736F757263655265663D2241637469766974795F31786B376A346E22207461726765745265663D2241637469766974795F3030366736716F223E3C2F73657175656E6365466C6F773E0A202020203C757365725461736B2069643D2241637469766974795F3070376F6D646D22206E616D653D22E5AEA1E689B92220666C6F7761626C653A61737369676E65653D2261646D696E2220666C6F7761626C653A666F726D4B65793D227B2671756F743B666F726D49642671756F743B3A2671756F743B313434303934353431313335343236373634382671756F743B2C2671756F743B726561644F6E6C792671756F743B3A747275652C2671756F743B67726F7570547970652671756F743B3A2671756F743B444550542671756F743B7D223E0A2020202020203C657874656E73696F6E456C656D656E74733E0A20202020202020203C666C6F7761626C653A6F7065726174696F6E4C6973743E0A202020202020202020203C666C6F7761626C653A666F726D4F7065726174696F6E2069643D223136333233383936383238393522206C6162656C3D22E5908CE6848F2220747970653D226167726565222073686F774F726465723D2230223E3C2F666C6F7761626C653A666F726D4F7065726174696F6E3E0A202020202020202020203C666C6F7761626C653A666F726D4F7065726174696F6E2069643D223136333233383936383639333922206C6162656C3D22E68B92E7BB9D2220747970653D22726566757365222073686F774F726465723D2231223E3C2F666C6F7761626C653A666F726D4F7065726174696F6E3E0A20202020202020203C2F666C6F7761626C653A6F7065726174696F6E4C6973743E0A20202020202020203C666C6F7761626C653A7661726961626C654C6973743E3C2F666C6F7761626C653A7661726961626C654C6973743E0A2020202020203C2F657874656E73696F6E456C656D656E74733E0A202020203C2F757365725461736B3E0A202020203C73657175656E6365466C6F772069643D22466C6F775F3035326B767A682220736F757263655265663D2241637469766974795F3030366736716F22207461726765745265663D2241637469766974795F3070376F6D646D223E3C2F73657175656E6365466C6F773E0A202020203C656E644576656E742069643D224576656E745F3165356D6D7870223E3C2F656E644576656E743E0A202020203C73657175656E6365466C6F772069643D22466C6F775F316E673571703722206E616D653D22E5908CE6848F2220736F757263655265663D2241637469766974795F3070376F6D646D22207461726765745265663D224576656E745F3165356D6D7870223E0A2020202020203C657874656E73696F6E456C656D656E74733E0A20202020202020203C666C6F7761626C653A637573746F6D436F6E646974696F6E20747970653D226F7065726174696F6E22206F7065726174696F6E547970653D226167726565223E3C2F666C6F7761626C653A637573746F6D436F6E646974696F6E3E0A2020202020203C2F657874656E73696F6E456C656D656E74733E0A2020202020203C636F6E646974696F6E45787072657373696F6E207873693A747970653D2274466F726D616C45787072657373696F6E223E3C215B43444154415B247B6F7065726174696F6E54797065203D3D20276167726565277D5D5D3E3C2F636F6E646974696F6E45787072657373696F6E3E0A202020203C2F73657175656E6365466C6F773E0A202020203C73657175656E6365466C6F772069643D22466C6F775F3030397037687922206E616D653D22E68B92E7BB9D2220736F757263655265663D2241637469766974795F3070376F6D646D22207461726765745265663D2241637469766974795F31786B376A346E223E0A2020202020203C657874656E73696F6E456C656D656E74733E0A20202020202020203C666C6F7761626C653A637573746F6D436F6E646974696F6E20747970653D226F7065726174696F6E22206F7065726174696F6E547970653D22726566757365223E3C2F666C6F7761626C653A637573746F6D436F6E646974696F6E3E0A2020202020203C2F657874656E73696F6E456C656D656E74733E0A2020202020203C636F6E646974696F6E45787072657373696F6E207873693A747970653D2274466F726D616C45787072657373696F6E223E3C215B43444154415B247B6F7065726174696F6E54797065203D3D2027726566757365277D5D5D3E3C2F636F6E646974696F6E45787072657373696F6E3E0A202020203C2F73657175656E6365466C6F773E0A20203C2F70726F636573733E0A20203C62706D6E64693A42504D4E4469616772616D2069643D2242504D4E4469616772616D5F666C6F77436F6E5369676E223E0A202020203C62706D6E64693A42504D4E506C616E652062706D6E456C656D656E743D22666C6F77436F6E5369676E222069643D2242504D4E506C616E655F666C6F77436F6E5369676E223E0A2020202020203C62706D6E64693A42504D4E53686170652062706D6E456C656D656E743D224576656E745F3077706B6A3665222069643D2242504D4E53686170655F4576656E745F3077706B6A3665223E0A20202020202020203C6F6D6764633A426F756E6473206865696768743D2233362E30222077696474683D2233362E302220783D223130322E302220793D223330322E30223E3C2F6F6D6764633A426F756E64733E0A2020202020203C2F62706D6E64693A42504D4E53686170653E0A2020202020203C62706D6E64693A42504D4E53686170652062706D6E456C656D656E743D2241637469766974795F31786B376A346E222069643D2242504D4E53686170655F41637469766974795F31786B376A346E223E0A20202020202020203C6F6D6764633A426F756E6473206865696768743D2238302E30222077696474683D223130302E302220783D223139302E302220793D223238302E30223E3C2F6F6D6764633A426F756E64733E0A2020202020203C2F62706D6E64693A42504D4E53686170653E0A2020202020203C62706D6E64693A42504D4E53686170652062706D6E456C656D656E743D2241637469766974795F3030366736716F222069643D2242504D4E53686170655F41637469766974795F3030366736716F223E0A20202020202020203C6F6D6764633A426F756E6473206865696768743D2238302E30222077696474683D223130302E302220783D223335302E302220793D223238302E30223E3C2F6F6D6764633A426F756E64733E0A2020202020203C2F62706D6E64693A42504D4E53686170653E0A2020202020203C62706D6E64693A42504D4E53686170652062706D6E456C656D656E743D2241637469766974795F3070376F6D646D222069643D2242504D4E53686170655F41637469766974795F3070376F6D646D223E0A20202020202020203C6F6D6764633A426F756E6473206865696768743D2238302E30222077696474683D223130302E302220783D223531302E302220793D223238302E30223E3C2F6F6D6764633A426F756E64733E0A2020202020203C2F62706D6E64693A42504D4E53686170653E0A2020202020203C62706D6E64693A42504D4E53686170652062706D6E456C656D656E743D224576656E745F3165356D6D7870222069643D2242504D4E53686170655F4576656E745F3165356D6D7870223E0A20202020202020203C6F6D6764633A426F756E6473206865696768743D2233362E30222077696474683D2233362E302220783D223637322E302220793D223330322E30223E3C2F6F6D6764633A426F756E64733E0A2020202020203C2F62706D6E64693A42504D4E53686170653E0A2020202020203C62706D6E64693A42504D4E456467652062706D6E456C656D656E743D22466C6F775F30303970376879222069643D2242504D4E456467655F466C6F775F30303970376879223E0A20202020202020203C6F6D6764693A776179706F696E7420783D223536302E302220793D223238302E30223E3C2F6F6D6764693A776179706F696E743E0A20202020202020203C6F6D6764693A776179706F696E7420783D223536302E302220793D223233302E30223E3C2F6F6D6764693A776179706F696E743E0A20202020202020203C6F6D6764693A776179706F696E7420783D223234302E302220793D223233302E30223E3C2F6F6D6764693A776179706F696E743E0A20202020202020203C6F6D6764693A776179706F696E7420783D223234302E302220793D223238302E30223E3C2F6F6D6764693A776179706F696E743E0A20202020202020203C62706D6E64693A42504D4E4C6162656C3E0A202020202020202020203C6F6D6764633A426F756E6473206865696768743D2231342E30222077696474683D2232322E302220783D223338392E302220793D223231322E30223E3C2F6F6D6764633A426F756E64733E0A20202020202020203C2F62706D6E64693A42504D4E4C6162656C3E0A2020202020203C2F62706D6E64693A42504D4E456467653E0A2020202020203C62706D6E64693A42504D4E456467652062706D6E456C656D656E743D22466C6F775F316E6735717037222069643D2242504D4E456467655F466C6F775F316E6735717037223E0A20202020202020203C6F6D6764693A776179706F696E7420783D223631302E302220793D223332302E30223E3C2F6F6D6764693A776179706F696E743E0A20202020202020203C6F6D6764693A776179706F696E7420783D223637322E302220793D223332302E30223E3C2F6F6D6764693A776179706F696E743E0A20202020202020203C62706D6E64693A42504D4E4C6162656C3E0A202020202020202020203C6F6D6764633A426F756E6473206865696768743D2231342E30222077696474683D2232332E302220783D223633302E302220793D223330322E30223E3C2F6F6D6764633A426F756E64733E0A20202020202020203C2F62706D6E64693A42504D4E4C6162656C3E0A2020202020203C2F62706D6E64693A42504D4E456467653E0A2020202020203C62706D6E64693A42504D4E456467652062706D6E456C656D656E743D22466C6F775F3035326B767A68222069643D2242504D4E456467655F466C6F775F3035326B767A68223E0A20202020202020203C6F6D6764693A776179706F696E7420783D223435302E302220793D223332302E30223E3C2F6F6D6764693A776179706F696E743E0A20202020202020203C6F6D6764693A776179706F696E7420783D223531302E302220793D223332302E30223E3C2F6F6D6764693A776179706F696E743E0A2020202020203C2F62706D6E64693A42504D4E456467653E0A2020202020203C62706D6E64693A42504D4E456467652062706D6E456C656D656E743D22466C6F775F30637432796964222069643D2242504D4E456467655F466C6F775F30637432796964223E0A20202020202020203C6F6D6764693A776179706F696E7420783D223239302E302220793D223332302E30223E3C2F6F6D6764693A776179706F696E743E0A20202020202020203C6F6D6764693A776179706F696E7420783D223335302E302220793D223332302E30223E3C2F6F6D6764693A776179706F696E743E0A2020202020203C2F62706D6E64693A42504D4E456467653E0A2020202020203C62706D6E64693A42504D4E456467652062706D6E456C656D656E743D22466C6F775F3131316B797073222069643D2242504D4E456467655F466C6F775F3131316B797073223E0A20202020202020203C6F6D6764693A776179706F696E7420783D223133382E302220793D223332302E30223E3C2F6F6D6764693A776179706F696E743E0A20202020202020203C6F6D6764693A776179706F696E7420783D223139302E302220793D223332302E30223E3C2F6F6D6764693A776179706F696E743E0A2020202020203C2F62706D6E64693A42504D4E456467653E0A202020203C2F62706D6E64693A42504D4E506C616E653E0A20203C2F62706D6E64693A42504D4E4469616772616D3E0A3C2F646566696E6974696F6E733E, 0);
INSERT INTO `ACT_GE_BYTEARRAY` VALUES ('b9819aea-1c51-11ec-94ee-5ef70686b817', 1, 'flowConSign.flowConSign.png', 'b97761b8-1c51-11ec-94ee-5ef70686b817', 0x89504E470D0A1A0A0000000D49484452000002CE000001720806000000E50C5CBF00001D7A4944415478DAEDDD09749D65B92F7010541C8E80A0E2801E0E8E473DEA75A9E044970B44C185B81669485B6A4B0A051592940EF75C28A745BC9EDE5B0FCD4EC7B5BCCA209541AB16A8429BBD6999A70265924269296DD3093ADA0148BFFB3D1FD93DBBA1A12D6D93EC9DDF6FAD67ED640F49D8FCFB3D4FDEBCFBDB071C0000000000000000000000000000000000000000000000000000000000000000000000000000000000000000000000000000000000000000000000000000000000000000000000000000000000000000000000000000000000000000000000000000000000000000000000000000000000000000000000000000000000000000000000000000000000000000000000000000000000000000000000000000000000000000000000000000000000000000000000000000000000000000000000000000000000000000000000000000000000000000000000000000000000000000000000000000000000000000000000000000000000000000000000000000000000000000000000000000000000000000000000000000000000000000000000000000000000000000000000000000000000000000000000000000000000000000000000000000000000000000000000000000000000000000000000000000000000000000000000000000000000000000000000000000000000000000000000000000000000000000000000000000000000000000000000000000000000000000000000000000000000000000000000000000000000000000000000000000000000000000000000000000000000000000000000000000000000000000000000000000000000000000000000000000000000000000000000000000000000000000000000000000000000000000000000000000000000000000000000000000000000000000000000000000000000000000000000000000000000000000000000000000000000000000000000000000000015A6EA861B0EBA686CE1C85DDE31490EBC2037E33DC54F7F32A1F06ECF1E00003D46C37F357FB83E57981E1FD737E62FABCFE5FF525A0D8D85EF65B735157A3534E6FF507C5C5DAE796EFDF859C78F9832F3D051A30A077B260100A858C326148EAA6BCA9F5CDF949F7D6163E173E9A0DC1C9F0FC9E5BF50ACF327DE71F86B8373FECA74783E3D3E1ED2983FA53ED73C3FBDFFCD696D486FFB86671300808A5597CBF74FEB9E74F85D5DD75498D690CBCF1A922B1C577F45E19FA32E1ADFFCB1B85F6CCB4807E57975E30B3FA86BCC4F48EFFF74769FF1B38E8F61DB33090040C52BDDAA1183733A20DFF8DAEA725AB9FCAAECFAA6425D3A603F15ABCC75B9E673D2EBD7D735E56F89813B06E7B4967A260100A868D9168DA6FC826C3F733A38C7205DBC2DF631BF365CFFEDBDE9C73F4B6FFF3FF1797ADF07B2CBA6FCECD2CF0100A022A583EFC8FA5CE1EED8AE11DB315E5B71CEFFBFF4B2312AFD7879DCEF825CF3B1E97D5A1A72CDFFD9D0946F48AF7F3456A9D3CBC56D978B3C9B000054B41DCEAA11DB2E9A0ABDEAC6E53F157561E3EC4FC4F51736367FBDBEB1F0D3BA71B3FE2D4E49D77E85F9674DB38F49EFFF35CF26000015ABAE71E6474BF73837E49ABF3A64C2ECA38B557F45E1B08609858FA703F57F642F246C6C1E175B3862FB46F16BA443F5C5E96D177A360100A8484372B3BF549FCB3F1243F16B0370761EE73F97565DAE30B8BEA9F9FBE970DD3786E8B6FBFD7B7ADB7DC56D1EE9C7537F3A7ED6119E510000000000000000000000000000000000000000000000806EECCC33CF4C9452AAA7962E00C01E0DCE9E05C0F10F00340E00C73F00340E00C73F00340E00C73F00340E00C73F00340E00C73F00340E00C73F00340E00C73F00D038001CFF00D038001CFF00D038001CFF00D038001CFF00D038001CFF00D038001CFF00D038001CFF0040E3001CFF0040E30070FC0340E30070FC0340E30070FC0340E30070FC0340E30070FC0340E30070FC0340E30070FC03008D03C0F10F008D03C0F10F008D03C0F10F008D03C0F10F008D03C0F10F008D03C0F10F008D03C0F10F00340E00C73F00340E00C73F00340E00C73F00340E804E337FFEFC73C78E1D9B5455551DE3D900C0E00CB0134992BC7BDDBA759B57AF5E9DD4D6D6DEEA1901C0E00CB013CF3EFBEC2D499B7C3EBFAAA6A6A6B767050083334089850B179ED0DADA5A9C9B936DDBB6B58E1C3972455555D5A19E1D000CCE0007645B340E5AB162C5CAA49DB8AE6FDFBE933C4300189C010EC85E107845D281A953A7AEADAEAE3ECEB3044071482EC4A0BC8B2A78A6804AD3D2D2F2CF5BB66C69ED68707EF5D557375D78E1854FF6EAD5EB60CF16003138F7DA8DC1B997670AA8348B172F7E3CD985279F7C72794D4DCD70CF1600C5E1B960B519E849AAAAAA0E9A3B77EED65D0DCE2FBDF4D21DE9717055DCDFB306C0AE569D7B7986804A3472E4C85F6CDDBAF59537989BD7373434E4AD3803D07E782E586D067A92D8BB7CFDF5D72FED686A7EF0C107AF4C8F838FDAE30C40FBC1B997D566A0A7193870E0D7172D5AF472FBA1B9B5B5F5E1BE7DFB2E71560D003A1A9E0B569B819E66CC9831376E4B959E5023AE4B8F83133D3B00743438F7B2DA0CF434F10E813367CEDC509C9A5B5A5AAE4B8F814BBC732000BB1A9E0BDE0005E869EAEAEAFAAF59B3E6E5D5AB5727679F7DF663353535BD3D2B00EC6A70EE6570067AA2C993273F3476ECD8F88BDB0CCF06C07E9624C9DB9E7BEEB91BEEB9E79E979B9B9B939933679665C5E05CAE3F7BFABC6F9B3367CEB27C3EFF43F99BA9E44FFEF6A0A64D9B961DFFE252FE00F6B3B469DC981EB492152B56249B376F4EB66EDDAA3AB9E2798FE7FFF6DB6F5F97369253E54FC99FFCED492D5BB64CFE003A43ACB4C441CB00D1F5D5D2D2B23A6D1CF7CB9F923FF9933F806E28FE3C69A5AFFBACBCA48D638BFC29F9933FF903E886628F998376F7A9F8FF217F4AFEE44FFE00CAB8716C5CDB923CF7C06F9327665D96557C1CD739D86B1CF2277FF2A7E40FD038DA6AC39AA5C9E3B78E4C1EBD65D80E15D7C56D0EF81A87FCC99FFC29F903348EB45E7862FAEB9A46B1963C719303BEC6217FF2277F4AFE008D23EAA9C2980E1B47DCE680AF71C89FFCC99F923F40E348EBF199A33A6C1C719B03BEC6217FF2277F4AFE008D43E3D038E44FFEE44FFEE40F60F71A47BC8ABCA3C611B739E06B1CF2277FF2A7E40FD038D27AE6AEF11D368EB8CD015FE3903FF9933F257F80C691D68B4BE7258FDFF61FAFFF33657A5DDCE680AF71C89FFCC99F923F40E368AB850F5EFDBAC611D739D86B1CF2277FF2A7E40FD0388AB5654BF2CCDD935EFF67CAF4BAB8CD015FE3903FF9933F257F408F6F1CF1CE58F3EF6AEA708F5FDCE6DDB3340EF9933FF953F207F4DCC6B1654BD2F24C3E79EC6FFFABC3A651ACB84FDCD7EA8BC6217FF2277F4AFE801ED53876B5CA62F545E3903FF9933FF9933FC0E09CD6EEACB2BCD1EA8B06A071C89FFCC99F923FA047348E37DB348AA501681CF2277FF2A7E40FE8118D43691CF2277FF2A7E4AF7B1A3060C061679E79E619D5D5D5B9F4B239AD85696D4A2B69BB8CCF9BDB6E3F23EEEF59A343EBD6AD7BEFF4E9D32F1B3F7EFCA3A3478F5E3D62C488CDE79F7FFEB608D479E79DF7CAD0A143D75F7CF1C58B2FBBECB29B860D1BF6BDF421071A9C1DB0350EF953F2A7E42F344C287CBCE1BFEE7E4777CB6B4D4DCD49E92C332DADAD6D43F2EE56DC7F5A3CDE94C876F7DD77DF79E3C68D5B3A78F0E0241D96931B6FBC3179E8A18792050B16242FBEF86212E2323E8FEBE3F6E1C3876FABADADDD9A0ED0B7F6E9D3E75F0CCE4AE3903FF9933F5519F9FBC984C2BBEB72F9BFBE51C57DE2BEE9C717363435FFCFA8FAA6E627EB73F9ABB67F9E6BAEEFE281F9F874F0BD770F87E58EEADEF87AA6C61E6CDEBC79A74C9C3871D9B9E79E9BFCF18F7F4C56AD5A95EC89B87F3C2E1DA05F6E6868B8210DD4911A8732B8C89FFCC99F2AEFFC9D3FF18EC3EB9BF20F3734CDFEFCCE2A6E8BFBC47DD341F9D486A67C433A24CFAB6F2A9C9E552EFF4CFAF9F9715B57E473C08001875457574F4887DD6DED07E0FAFAFAE4DA6BAF7DC305C2B83DEEB793E1795B7CDDF8FAA6C81E24CDC7413366CC981E03F355575D956CD8B021D91BF1F8F83A699036F5EBD7EF748D43195CE44FFEE44F95F9E09CCBDF59DF981F52DF58B86DC76A1E1AB7C57D1A1AF3BDD3217A41432EFF5C7ADDE2F8B8AD96143F6E682C9CD999D94C87DBA36B6A6A1E2D1D78FBF4E9934C99322559B264C91ECD3771FF785C3CBEDD00FD487C1F1365CF189A0FBBE69A6BE6FFF4A73F4D9E7BEEB9645F8AAF970EE39B6B6B6B476B1CCAE0227FF2277FAABC07E761130A47D58DCB7F6AC79AF581E2E09CAD385F31FB33E9E7BFABCF35FFB6B41A1A9BAFB92037EB5F3B3397E9C0FCE9B496960EB963C68C495E78E185BD9A6FE2F1F175DA0DCF2FC4F7335956F8D09CCBE5D65C72C925C99A356B92FD21BEEE88112336F5EFDFFF6A8D43195CE44FFEE44F95EFE03C7CCC9DFF945E2EABCF15A6BF56E9C757140EDB61706E6AFE4E5DAE796E5A634B2BBDCF43715B27AF342F2D5D659E3E7DFA3E9D71E2EBB55B7D7EC1CA73056FCFB8E69A6B9E89A139FE91ED4FF1F5870E1DBAB66FDFBE176B1CCAE0227FF2277FAA3C07E70B7233DE930ECC738AD7A7D7158AB7950ECEF54DF97B1B72F9D1A595DEE7BECE1A9C63CF71E9F68C810307260F3FFCF07E9971E2EBC6D72FDDB661CF73058A3DCD3FFBD9CFF6DB4AF3CE569E070D1AB43E0DD4691A8732B8C89FFCC99F2AD7C139BFFCBFB760E497B71F9CE3AC1AF54D855E71168DEC0C1BB97CE3858DB33F910ECDDFAF6B2AF4EB8C3CB6BD1070FB4AF3FE1A9A4B87E7D295E7F8FE26CD0A92FE0F3E355E08B8AFF734EFCE9EE77EFDFAADA9AAAA7A9FC6A10C2EF2277FF2A7CA6B70CE5694636B46491D902407C6D68CEC3EE39BFF477ABF3B2EC8351F1BABCE43FFEFADEFAA6B2C4CAA1B3FEBA4FAC6E671E96D8FD68D9BF595FD99C5B653CEB51687D89B6EBAA953669CF83E25ABCEAD4E555741E2947371D68BAE3069D2A46569A01A350E6570913FF9933F551EF91B3165E6A1A55B344AB66A9C9AD6E33138C700DD902B9CD890CB9F306A54E1E0F4FABFD5E5F2F7C4C01D97431AF3A70CC9E5BF503F7ED67E1D284BCFD31C2FE0EB4CED5E3078AF89B302C49B9BC46AF3FAF5EBBB64708EEF7BD65967ADABC43749D1380C2EF2A7E44FC95FD7E9DDBBF789A55B34F6F6EC196FE66C1BA55B36E2E7317996B97847C069D3A6255DE9EAABAF5E90066A8AC6A1340EF9933FF953F2B70F579BA71587D638DF725788EF5BB2EA3CCDE459C6D6AF5F7FC479E79D97AC5CB9B24B07E7F4FBBF9AFE46B662D4A8516FD13894C6217FF2277FAA73F35769FD37A473C5E1E9A0BAB538B476F66A73E9AA73C9E0BC357E2E136899BAF9E69B478F183122E90E060D1AB4280DD4D7CBE437D8425ABD340E838BFC29F993BF72CEDFF2E5CB8F59BC78F1E373E7CEDD7AE9A597FEEF5EBD7A1D5C29394C6F3FA3F46DB4BB52BBB7E73EC3045AA69A9A9A1EBBF1C61BBBC5E03C79F2E4787BCAFF2C937FB0C5F0BFE13F5C8DC3E0227F4AFE5477CC5FBC77C3FCF9F3AFD8B2654B6BC97B2CBC72FDF5D72F1D3870E0D72B2187E9F54DC5FBFDEE77BFEBD21927BE7FC9CFDC64022D53A3478F5EFDD0430F758BC179CE9C39F3AAABABA79759E378C37FB81A87C145FE94FCA9EE96BF850B179EB062C58A0EF7682E5AB4E8E53163C6DC585555756839E7B0A6A6265FBCFDC1071FECD21927BE7FF167899FCB045AA6860F1FBEB9B3CFDDDC91A79F7E3AB66A3C50A68D63A7FF70350E838BFC29F953DD257FA97F7AF6D9676F696D6DDD654FDE964A1FB3A1A1A1E1C7E59AC3F47271F1FAAE9E75E2FB97FC8C8B4DA065EABCF3CEDBF6D24B2F758BC1F9C5175FDC9086696999378E1DFEE16A1C0617F953F2A7BA43DD73CF3DC9BA75EB36BF8977F97D79F2E4C90F5555551D538639FC47F1F3AE9E75E2FB97AC38AF378196A9B3CE3A2B79E59557BAC5E09CFE1CEB77E31F425955A5368E38F7767A002EBB9FBBD2F25549F9FBC73FFE9135F6B8DCD9ED69F34E962C59B2C375CF3FFF7C9645F993BF7D512B56ACC832D8D1EDAB56AD4A9E78E289ECE3458B16256BD7AE4D366FDE9CFCFDEF7F4F366CD8D0ADFFDB962D5B968C1D3B3659BD7AF51EF7E6784C3CB6DCF3D8D5B34E7CFF929FE7551368991A3C78F02BDD65C5393D283D5B012BCE65F7A7CAD877F5F18F7F7CA73561C2849D3EE684134E48BEFBDDEF261B376EB4E2277F7B5D31149F7CF2C9F1FF26BB8C6352FBFB0C1F3E3C39F0C00393DFFEF6B7C9B5D75E9B0D38C71E7B6CF2ED6F7F3BFB3C6AEEDCB9F2277FBB5D3104FFF297BFDC5EA79E7A6AF296B7BC25B9FCF2CB77B8FE99679EC9EE1F197BDFFBDE977D7CE8A18726D75F7F7DB274E9D22CB7711CEDEEFFCEE2FD1A060D1A745B3E9F5FB56DDBB6D6DD68CBAFB6B4B45C77F6D9673F96FE7F9D51462BCEDB73182BBB569CD9A72EBAE8A2F5DD658FF3934F3EF96019EF712EDB17C7C42A4ABCDAF7CA2BAFDCA13EF4A10F25BFF8C52F76FA98BBEFBE3B79E73BDF990C1B36CCE02C7F7B558B172F4EBEFAD5AF66BFA8C5CF1BC3707C5EBABA1C2BCB91B7A38F3E3A1B6CE2F24B5FFA5236B07CF2939FCC2E3FF5A94F25B95C4EFEE46FB72BCE2875F0C10727DFFBDEF73AACC8D68C193392050B1664BFBC1D76D86149737373590ECEC5FCA5435BEF912347AE78A31707B6B6B63E1C2F0E4CFFBF2E89FB976B0EED71669FBBE4924B5EE82E67D598356B5673199E55A3224EC7F4E94F7F3A3BF8B7AF8E06E7A85FFDEA57C9BBDEF5AED7FDF9DCE0227FBB539B366D4AAEB8E28A6C00F9FCE73F9FBD41407190FEDCE73E971C7EF8E149636363F6A7F089132726471C714496B5934E3A29193C787076F99DEF7C27DBAAF1810F7C20B9E69A6BE44FFEF6A86EBDF5D6E4B39FFD6CB270E1C2ACE2AF1871DC8BEB8BD77DE10B5F48EEBAEBAE2CAB6F7FFBDBB3BF7AC4F132727BD5555765F789C78C1A352A39FEF8E39379F3E69545FEE26C197DFBF69D3475EAD4B5AFBEFAEAA69256BC3EFD25E0CAF4B625E9FFDB896572568D0E73E8AC1AEC73E93FF69BBACB799C2FBFFCF26965741EE78A78038058C98BFFFFB1C2FC9BDFFC6687FAE0073F98A407CFECF6D8CFD7FEB1A79F7E7AD630E2A4EE0667F9DBD3AAADADCDF21383CBDBDEF6B66C25AF58871C7248F2894F7C22BBFD273FF94976FF189A63C5E69C73CEC9EE1F4373AC3EC7B6A13FFCE10FF2277F6FAA62FBC5CE160D8A150B04A5F72DDDAA11B77FEB5BDFCA2E631121DE8577FEFCF96595BFEAEAEAE3EAEAEA9E4C2D7FE9A597EE183264480C9A8FC6F5959043E771669F1B3162C4C9C3870FDFD61D5E1BD8A74F9F79E5F2CE81BBABBB378EBFFEF5AFC931C71C937CE4231FC92E637B4634818F7EF4A3D9E7B1C2129737DD74D30E8F7BEAA9A7B2A1251A45DCE7D9679F35B8C8DF1ED5BDF7DE9BFD093CFED47DF3CD37BFAE62057AFAF4E9C9238F3C92E4F3F9E4FBDFFF7E72D04107251FFBD8C7923FFFF9CFD9CAF49FFEF4A7E4C31FFE7096D9AF7DED6BD99FD0E54FFEF674707EEF7BDF9BC45F5E238F91A5582C88CF63DB50FBC1F93DEF794FB6573806E7D80B7DE79D77668F8955E9723DFEC53B05D6D4D40C4FFBEFAAB82C97770EDCCDE1BADBBC7360FA0BCA36EF1C58192BCE6F193468D0D6952B577669A0962C5972571AA496F879348ECEAD78F14BEC178DD5BCD8BB1C4D2056F7E2B7E3B7BEF5ADD970DDFE3131301F77DC71D9C75FFEF297B3956983B3FCEDE9568D7881696CB978A38AAD1891C1534E3925F9E10F7FB8D355C11FFCE007D98B0A6FB9E516F993BFFDB2E21CFB9963DB465C17BFC495F31EE7379A072A2D837DFAF4393C9D2DB61607D6F885BC2BC4F72D199AB7C6CF65022D63C3860DBB357E83EE4A3FFFF9CFA7A6619AA271747EB5B4B424BD7AF54ABEF8C52F269FF9CC67B226107B4E63682E5D6D2956ACCAC49FD263D5AFB86A1DABCFB182687096BFDDADD8BB7CD1451765157B9463E5383E8E5FCAE2057FF1F1D0A143B79F9E2E4EFD15A7CF8C95C071E3C66583720CD5D75D775D72DA69A775781A3BF993BF5D0DCEB19F3E8E5FF1178E38FE4D9D3A35FBBC74C5F92F7FF94B72E2892726471E79648767D5E8EE6719EA69F92B59759E561C5AA74C99D225334E7CDF92C1799AC9B3FC7F23FB97DADADA97A3097585356BD6DC9F066965FC1C1A47E7D7F2E5CB93FEFDFB6F5F4939A06DDF5EBC182B9ACA962D5B76389D516CCD8895C2D2AF110DE5A8A38ECAFEACAE71C8DF9E546CCB882D18C59F75D6AC59D92F6D91BDF6F7FDCA57BE925C70C105D97DE36C0891DDD8EB1CA711F3170FF9EBEC3DCEED07E7DEBD7BEF74B141FEBA56FAFFE5C4E2D09ACE199DBEEA1CDFAFA6A666FB368DF8794C9E15A0A1A1E1867885705748BFF7F569981A358ECEAFD83B1A8DA0782AB0DB6EBB6DFB568DBABABA6C2539F68EC6F94E7FFFFBDF67034DACEEB57FD38938A5DD37BEF18D6C35E6FEFBEFD738E46FB7EABEFBEECB5E841A5B85E20D16E2745F03070E4CDEFFFEF727EF78C73BB6FF1523DEBCE1EAABAF4E7EFCE31F27DFFCE637B317B3C6101D7B4CE32C07B14A1DB717CFCC217FF2B727EFA697F6A06CB538CED71CC7BF071E7820FB3CB6B1C52F72C50586D1A34767C7CBB83D7ED98BBFD215B70F8D1F3F3E7B416B9C0946FEBAE5AAF3BDC5C175CC98319D3AE3C4F72B596DBED7C45921AAAAAADE3760C0804D9D7D9EC3F4B7F4D8A2B132BEBFC6D1F9F5E8A38F662B78F167F08B2FBE386B00F102C1E22A733488680CB19D23FED4147B99636F6A476F62112BCFDD799FA9C1A5FB9D47377E698B5FCE629F729C69E3D24B2FCDCEEA127B9ACF3DF7DCEDC34D6CDFD855CD9933C7E02C7F6FBAE2EC41710C7CF8E1875F77DBAF7FFDEBECB61FFDE847D98BA5E305D5F10B5BBC2035CE3B5E3C7616DF5950FEBA979A9A9AE3D359A3B538C0C6FFC3CE10DFA764686E8D9FC3C45941FAF5EB77FAE0C18337C700D41956AE5C393B0DD2F3699DA671748F374279ECB1C7B201B812DF26DCE0525E558E6FE92E7FE59DBFD8271F7F31DBD9DB67C70A742C20C4C7A5DBD74AF3BAB3EBE5AFFBA8AEAE9E50BA65237E41DA9FE2EB976ED188EF6FD2AC40B5B5B5A3478C18B129FE91ED4FE901E6C934B80FA4A1FA778D43691CF2277FF2A7E46F7F1A3060C021E900FB4871908D6D61FB6B788EAF9B7EBFD692D5E647E2FB9B322B54FFFEFDAF1E3A74E8DAFDB5F2BC72E5CADB63684E83F46B8D43691CF2277FF2A7E4AF33A473C7D169BD50BAF21C6753D997E2EB95AE34B77DBFA34D9715AE6FDFBE17D7D6D6AEDFD77B9EDBF6342FAEF495668D43E3903F257FF2277FDD4F3A7F7CBA74782EBE60706FCFB6118F6FF742C06C688EEFE759EF39BF999DD6AF5FBF3593264D5A167BBEF6C6DAB56BEF6B3B7BC6CA4ADED3AC71681CF2A7E44FFEE4AF2C569E1F291D7263F5395E041F6795DAC33770CB1ED76E953969FBFA569A7BE06F6647C6A9E2CE3AEBAC75575E79E58255AB56BDB2276FA3BD74E9D2BB468F1E3DB56D606E8CAFA771288D43FEE44FFE94FC75A5D873DCF682C1F6036FF6F6DC71DEEE78C3A5050B16242FBEF86236D4C4657C1ED7C7EDEDDE46BB58DBE2EBDAD3DCC3C59B93C43BFBA583EFCA73CE39E7F9C993273F3C67CE9C794F3FFDF4E2D5AB576F4CF3B461E5CA95CF3DF1C4130FA6FF38675E7EF9E5D3D2C7CC4B1FB33C1E57896F6EA271681CF2A7E44FFEE4AFEC17088F2F3DCFF35ED6BD4E39477B07F6EEDDFB1B69307E99FE46353D0DC9FD257B85E2F2FEB83E6E8FFBC5FD7BF293A571681CF2A7E44FC95F590CD027B5BD3DF7D63D1C96E3FED3E2F19E45D038340EF953F2277FF2D7630C1830E0B074103EA3BABA3A975E36A7B530AD4D6D43F2A6B6CF9BDB6E3F23EEEF59038D43E3903F257FF2277F001A87C6217F4AFEE44FFE00340EA571C89FFCC99F3238031A87D238E44FFEE44FC91FA071288DA3C7E66FE3C68DC9E38F3F9E5DEECDF5F2277F4AFE008D43691C159DBF1882D31F39BBDC9BEBE54FFE94FC011A87D2380CCE0667F953F207681C4AE330381B9CE54FC91F607076C0D638E4CFE02C7F4AFE00340E8D43FE0CCEF2E7F8277F001A87C6217F0667F973FC73FC03D038340EF93338CB9FFC39FE01681C4AE33038CB9FFC298333A071288DC3E06C70963F257F80C6A1340E83B3C159FE94FC010667A571C89FC159FE94FC01681C1A87FC199CE5CFF14FFE00DE8CE6E6E66D9B376F76D0EE0695FE7F5896368E2DF26770963FF973FC03E886E6CC99B36CC58A150EDCDDA09E7FFEF9EBD2C671BFFC75CFDAB871633604C7E5DE5C2F7FF2A7E40F2853F97CFE87B7DF7EFBBA969696D5565EBA6CA5A565D1A24553D3A6B138AD53E54FC99FFCC91F40371507ABF84D3FADADB1C74C757A6D6D7BFE4F953F79903FF9933F000000000000000000000000000000000000000000000000002ADAFF079DBE4A708996EDEC0000000049454E44AE426082, 1);
INSERT INTO `ACT_GE_BYTEARRAY` VALUES ('bf6b3147-5e3a-11ec-8bee-f20bcee4e113', 1, 'flowTranslate.bpmn', 'bf6b3146-5e3a-11ec-8bee-f20bcee4e113', 0x3C3F786D6C2076657273696F6E3D22312E302220656E636F64696E673D225554462D38223F3E0A3C646566696E6974696F6E7320786D6C6E733D22687474703A2F2F7777772E6F6D672E6F72672F737065632F42504D4E2F32303130303532342F4D4F44454C2220786D6C6E733A7873693D22687474703A2F2F7777772E77332E6F72672F323030312F584D4C536368656D612D696E7374616E63652220786D6C6E733A7873643D22687474703A2F2F7777772E77332E6F72672F323030312F584D4C536368656D612220786D6C6E733A666C6F7761626C653D22687474703A2F2F666C6F7761626C652E6F72672F62706D6E2220786D6C6E733A62706D6E64693D22687474703A2F2F7777772E6F6D672E6F72672F737065632F42504D4E2F32303130303532342F44492220786D6C6E733A6F6D6764633D22687474703A2F2F7777772E6F6D672E6F72672F737065632F44442F32303130303532342F44432220786D6C6E733A6F6D6764693D22687474703A2F2F7777772E6F6D672E6F72672F737065632F44442F32303130303532342F44492220786D6C6E733A62706D6E323D22687474703A2F2F7777772E6F6D672E6F72672F737065632F42504D4E2F32303130303532342F4D4F44454C2220786D6C6E733A64633D22687474703A2F2F7777772E6F6D672E6F72672F737065632F44442F32303130303532342F44432220786D6C6E733A64693D22687474703A2F2F7777772E6F6D672E6F72672F737065632F44442F32303130303532342F44492220747970654C616E67756167653D22687474703A2F2F7777772E77332E6F72672F323030312F584D4C536368656D61222065787072657373696F6E4C616E67756167653D22687474703A2F2F7777772E77332E6F72672F313939392F585061746822207461726765744E616D6573706163653D22687474703A2F2F666C6F7761626C652E6F72672F62706D6E222069643D226469616772616D5F666C6F775472616E736C61746522207873693A736368656D614C6F636174696F6E3D22687474703A2F2F7777772E6F6D672E6F72672F737065632F42504D4E2F32303130303532342F4D4F44454C2042504D4E32302E787364223E0A20203C70726F636573732069643D22666C6F775472616E736C61746522206E616D653D22E8BDACE58A9EE6B581E7A88B2220697345786563757461626C653D2274727565223E0A202020203C657874656E73696F6E456C656D656E74733E0A2020202020203C666C6F7761626C653A657865637574696F6E4C697374656E6572206576656E743D22656E642220636C6173733D22636F6D2E666C6F772E64656D6F2E636F6D6D6F6E2E666C6F772E6C697374656E65722E557064617465466C6F775374617475734C697374656E6572223E3C2F666C6F7761626C653A657865637574696F6E4C697374656E65723E0A202020203C2F657874656E73696F6E456C656D656E74733E0A202020203C73746172744576656E742069643D224576656E745F316F756B386B6A223E3C2F73746172744576656E743E0A202020203C757365725461736B2069643D2241637469766974795F303870396B6E6722206E616D653D22E5BD95E585A52220666C6F7761626C653A61737369676E65653D22247B7374617274557365724E616D657D2220666C6F7761626C653A666F726D4B65793D227B2671756F743B666F726D49642671756F743B3A2671756F743B313434303934353431313335343236373634382671756F743B2C2671756F743B726561644F6E6C792671756F743B3A66616C73652C2671756F743B67726F7570547970652671756F743B3A2671756F743B41535349474E45452671756F743B7D223E0A2020202020203C657874656E73696F6E456C656D656E74733E0A20202020202020203C666C6F7761626C653A6F7065726174696F6E4C6973743E0A202020202020202020203C666C6F7761626C653A666F726D4F7065726174696F6E2069643D223136333233383938333631303822206C6162656C3D22E68F90E4BAA42220747970653D226167726565222073686F774F726465723D2230223E3C2F666C6F7761626C653A666F726D4F7065726174696F6E3E0A20202020202020203C2F666C6F7761626C653A6F7065726174696F6E4C6973743E0A20202020202020203C666C6F7761626C653A7661726961626C654C6973743E3C2F666C6F7761626C653A7661726961626C654C6973743E0A2020202020203C2F657874656E73696F6E456C656D656E74733E0A202020203C2F757365725461736B3E0A202020203C73657175656E6365466C6F772069643D22466C6F775F30386C67766F302220736F757263655265663D224576656E745F316F756B386B6A22207461726765745265663D2241637469766974795F303870396B6E67223E3C2F73657175656E6365466C6F773E0A202020203C757365725461736B2069643D2241637469766974795F31326F6C72303122206E616D653D22E8BDACE58A9E2220666C6F7761626C653A61737369676E65653D2261646D696E2220666C6F7761626C653A666F726D4B65793D227B2671756F743B666F726D49642671756F743B3A2671756F743B313434303934353431313335343236373634382671756F743B2C2671756F743B726561644F6E6C792671756F743B3A747275652C2671756F743B67726F7570547970652671756F743B3A2671756F743B41535349474E45452671756F743B7D223E0A2020202020203C657874656E73696F6E456C656D656E74733E0A20202020202020203C666C6F7761626C653A6F7065726174696F6E4C6973743E0A202020202020202020203C666C6F7761626C653A666F726D4F7065726174696F6E2069643D223136333233383938343835353422206C6162656C3D22E5908CE6848F2220747970653D226167726565222073686F774F726465723D2230223E3C2F666C6F7761626C653A666F726D4F7065726174696F6E3E0A202020202020202020203C666C6F7761626C653A666F726D4F7065726174696F6E2069643D223136333233383938353339353922206C6162656C3D22E8BDACE58A9E2220747970653D227472616E73666572222073686F774F726465723D2231223E3C2F666C6F7761626C653A666F726D4F7065726174696F6E3E0A20202020202020203C2F666C6F7761626C653A6F7065726174696F6E4C6973743E0A20202020202020203C666C6F7761626C653A7661726961626C654C6973743E3C2F666C6F7761626C653A7661726961626C654C6973743E0A2020202020203C2F657874656E73696F6E456C656D656E74733E0A202020203C2F757365725461736B3E0A202020203C73657175656E6365466C6F772069643D22466C6F775F306E343566356A2220736F757263655265663D2241637469766974795F303870396B6E6722207461726765745265663D2241637469766974795F31326F6C723031223E3C2F73657175656E6365466C6F773E0A202020203C656E644576656E742069643D224576656E745F306C7A786E7738223E3C2F656E644576656E743E0A202020203C73657175656E6365466C6F772069643D22466C6F775F317338693965722220736F757263655265663D2241637469766974795F31326F6C72303122207461726765745265663D224576656E745F306C7A786E7738223E3C2F73657175656E6365466C6F773E0A20203C2F70726F636573733E0A20203C62706D6E64693A42504D4E4469616772616D2069643D2242504D4E4469616772616D5F666C6F775472616E736C617465223E0A202020203C62706D6E64693A42504D4E506C616E652062706D6E456C656D656E743D22666C6F775472616E736C617465222069643D2242504D4E506C616E655F666C6F775472616E736C617465223E0A2020202020203C62706D6E64693A42504D4E53686170652062706D6E456C656D656E743D224576656E745F316F756B386B6A222069643D2242504D4E53686170655F4576656E745F316F756B386B6A223E0A20202020202020203C6F6D6764633A426F756E6473206865696768743D2233362E30222077696474683D2233362E302220783D223133322E302220793D223331322E30223E3C2F6F6D6764633A426F756E64733E0A2020202020203C2F62706D6E64693A42504D4E53686170653E0A2020202020203C62706D6E64693A42504D4E53686170652062706D6E456C656D656E743D2241637469766974795F303870396B6E67222069643D2242504D4E53686170655F41637469766974795F303870396B6E67223E0A20202020202020203C6F6D6764633A426F756E6473206865696768743D2238302E30222077696474683D223130302E302220783D223232302E302220793D223239302E30223E3C2F6F6D6764633A426F756E64733E0A2020202020203C2F62706D6E64693A42504D4E53686170653E0A2020202020203C62706D6E64693A42504D4E53686170652062706D6E456C656D656E743D2241637469766974795F31326F6C723031222069643D2242504D4E53686170655F41637469766974795F31326F6C723031223E0A20202020202020203C6F6D6764633A426F756E6473206865696768743D2238302E30222077696474683D223130302E302220783D223338302E302220793D223239302E30223E3C2F6F6D6764633A426F756E64733E0A2020202020203C2F62706D6E64693A42504D4E53686170653E0A2020202020203C62706D6E64693A42504D4E53686170652062706D6E456C656D656E743D224576656E745F306C7A786E7738222069643D2242504D4E53686170655F4576656E745F306C7A786E7738223E0A20202020202020203C6F6D6764633A426F756E6473206865696768743D2233362E30222077696474683D2233362E302220783D223534322E302220793D223331322E30223E3C2F6F6D6764633A426F756E64733E0A2020202020203C2F62706D6E64693A42504D4E53686170653E0A2020202020203C62706D6E64693A42504D4E456467652062706D6E456C656D656E743D22466C6F775F31733869396572222069643D2242504D4E456467655F466C6F775F31733869396572223E0A20202020202020203C6F6D6764693A776179706F696E7420783D223438302E302220793D223333302E30223E3C2F6F6D6764693A776179706F696E743E0A20202020202020203C6F6D6764693A776179706F696E7420783D223534322E302220793D223333302E30223E3C2F6F6D6764693A776179706F696E743E0A2020202020203C2F62706D6E64693A42504D4E456467653E0A2020202020203C62706D6E64693A42504D4E456467652062706D6E456C656D656E743D22466C6F775F306E343566356A222069643D2242504D4E456467655F466C6F775F306E343566356A223E0A20202020202020203C6F6D6764693A776179706F696E7420783D223332302E302220793D223333302E30223E3C2F6F6D6764693A776179706F696E743E0A20202020202020203C6F6D6764693A776179706F696E7420783D223338302E302220793D223333302E30223E3C2F6F6D6764693A776179706F696E743E0A2020202020203C2F62706D6E64693A42504D4E456467653E0A2020202020203C62706D6E64693A42504D4E456467652062706D6E456C656D656E743D22466C6F775F30386C67766F30222069643D2242504D4E456467655F466C6F775F30386C67766F30223E0A20202020202020203C6F6D6764693A776179706F696E7420783D223136382E302220793D223333302E30223E3C2F6F6D6764693A776179706F696E743E0A20202020202020203C6F6D6764693A776179706F696E7420783D223232302E302220793D223333302E30223E3C2F6F6D6764693A776179706F696E743E0A2020202020203C2F62706D6E64693A42504D4E456467653E0A202020203C2F62706D6E64693A42504D4E506C616E653E0A20203C2F62706D6E64693A42504D4E4469616772616D3E0A3C2F646566696E6974696F6E733E, 0);
INSERT INTO `ACT_GE_BYTEARRAY` VALUES ('bf74a728-5e3a-11ec-8bee-f20bcee4e113', 1, 'flowTranslate.flowTranslate.png', 'bf6b3146-5e3a-11ec-8bee-f20bcee4e113', 0x89504E470D0A1A0A0000000D494844520000024C0000017C08060000003DF6E4F3000013034944415478DAEDDD0B90D773BF07F0C7EDC17890FB6518318FCB706662E618C7658CC10C668C8391B495D826D7241C0CE288DC4BB4720D3D1E749A4CC53A3824B54DB63074148523B76A55285D44C5F7FC3EBFE9BFF36F2BB5DBB6FBDFDDD76BE633B5FFDDAD7DF279FEEFCFEFF7FBFEBEBFBFFC05000000000000000000000000000000000000000000000000000000000000000000000000000000000000000000000000000000000000000000000000000000000000000000000000000000000000000000000000000000000000000000000000000000000000000000000000000000000000000000000000000000000000000000000000000000000000000000000000000000000000000000000000000000000000000000000000000000000000000000000000000000000000000000000000000000000000000000000000000000000000000000000000000000000000000000000000000000000000000000000000000000000000000000000000000000000000000000000000000000000000000000000000000000000000000000000000000000000000000000000000000000000000000000000000000000000000000000000000000000000000000000000000000000000000000000000000000000000000000000000000000000000000000000000000000000000000000000000000000000000000000000000000000000000000000000000000000000000000000000000000000000000000000000000000000000000000000000000000000000000000000000000000000000000000000000000000000000000000000000000000000000000000000000000000000000000000000000000000000000000000000000000000000000000000000000000000000000000000000000000000000000000000000000000000000000000000000000000000000000000000000000000000000000000000000000000000000000000000000000000000000000000000000000000000000000000000000000000000000000000000000000000000000000000000000000000000000000000000000000000000006093A594B69E356BD6C8C99327FFFEF6DB6FA7B7DE7A4B35718D1D3B36555555FD905557FDA71FF41F40098AB09A3871629A3F7F7EFAEDB7DF5433D582050BD28409137ECEC2EB3CFDA7F41F408989237B615532A1F55B76C43F43FF29FD075062E23288B0289DCA026BA5FE53FA0FA0C4C41A064151528195F49FD27F002D34B0962EAA49B3DE7F367D32F68EBCE2F7F19A901158FA4FFF0108ACAC962C9C93A6FFCFADE97FFFFBFA352A5E8BCF091A81A5FFF41F409B0FACEF3E7965ADB02AD4EC4F2A058DC0D27FFA0F4060CD78E7BEF506567C4ED0082CFDA7FF00DA7C604D7FEBF6F506567C4ED0082CFDA7FF000496C01258FA4FFF011898FEFC4D34EE4A5A5F60C5E7048DC0D27FFA0FA0CD07D617931E596F60C5E7048DC0D27FFA0FA0CD07D68F733E4ED3DFFCCFB52F8764AFC5E7048DC0D27FFA0FA0CD0756D4571F3CB75660C56B424660E93FFD0720B0A27EFD357DF1EE636B5F0EC95E8BCF091A81A5FFF41F409B0EACD849F9F34915EB5D43129FB3DBB2C0D27FFA0FA06D065676E45EF3C5B834ED8D9BD71B56858AAF89AF75B42FB0F49FFE03683381B5A1A37A47FB024BFFE93F80363F306DCC51FD9F1DED0B1E81A5FFF41F40AB0FAC868655A1048FC0D27FFA0FA0D507961258FA4FFFB17E175D7451BB0B2EB8E0BCAC2AB2AACEAA26AB5454F17175A74E9D9EEADCB973D7AC76F7AF46C9993D7B7687D1A3473F3464C890E97DFBF65DD2AB57AFDFBB74E952DBC83D7BF65C71DD75D7FDD8AF5FBFAA0103065C9635FE7606264121B0F49F32306D4836009D99E548653600ADAA33206DB0B2EF792BABB34F3AE9A4ADFD4BD26C524A5B575757DF3078F0E09A6C204AF7DC734F1A356A549A3A756A9A33674E5AB56A552AF8F1C71FD3C71F7F9CC68C19931E79E491940D4CABAEBFFEFA77CBCBCB3B189894C0D27FFA8FBAB281E75FB36167727D87A4F5D4FBD99F75BA7F559ADC840913CA070D1AB4E48A2BAE4823478E4C353535A93E162E5C98BF495C79E5952B7BF7EE3D296BE6F6024B092CFDA7FF88B341D97073CFBACE28DD78E38D79E64C9A34297DFBEDB769F9F2E579A6AC58B122FF78F2E4C9F981FBADB7DEBABEC1A9A2AD5FE1A009CF2A8D1831625A7979791A3E7C786DB336549C858AB34EDDBA755BD9A3478F1B05961258FA4FFFB55D5DBA74D9AFEE59A52C1FD2B3CF3E5BEF03F3AFBFFE3A0D1D3A34AE68D41D9AA6C5DFE35F9BCD266BD6F6151515F3FBF4E9933762638A3FEF9A6BAE59DEB367CFE7DBC2F42FB00496FE5306A6356583D261656565738B879B58EA317FFEFC4DCA97581272C71D77D41D9ABE6B6B573668C261292EC1C569CEB89CB639C4D9AABBEEBA6B598F1E3D5E6FED0BF40496C0D27FCAC0B4E699A5E26129CE2A8D1F3F7E8DB5B09B6AE2C489F99F6B6862B35E868B334B312C6DEA25B88DB944D7BF7FFFC559530F15584A60E93FFDD7FAAD5EB3547B192EEEB09E3973E666C99858E354E712DDB48E1D3BFE4DD2D32862CD525C865BBC78716A0A3194F5EEDD7B71F67F9A1B04961258FA4FFFB5FA4B71F7149F59DA5CC352F1D054BCED4D2C0497F46CB2AAAAAA9EB1C0BBB1D72C6DCC9AA6ACA1976793FFDF05961258FA4FFFB54EABB70EA8BD1B2E2EC33585B83C5767BF265B0EB06997E2060E1CB834EE866B0EA3468D5A940D4DA304961258FA4FFFB5DAB34B938B177837E69AA50DA9B310FC7D9B5BD260B12965ECB3B4B9D72DFDD97AA6F2F2F279656565470A2C25B0F49FFE6B5D56EFE05D7B296E53EF866BC8DD73C5EB99624770C94F833CF8E08335B1415873AAACAC8CBB18FE29B094C0D27FFAAFD55D8EAB2C0C2BB1CF527378FEF9E7D7788C8AE4A7DEE2D970F1B893FA6E14D6D8620B83B2B2B29F5ADBDE4C024B60E93FD59607A678906EF1DAA5E6CA9A38AB55BC00DC037BA9B77890EEFDF7DF9F4AC14D37DDF47E9CBA6D09FF6EAB1FF47882C01258FA4FB5D5816963FA301B4ECE2B7EDC49732A7E8C4AF673773501502F83070FFE249EC7530A860D1B36ADA5DCF6597C6A371BF2FE4D60092CFDA7DADAC0B4317D18EFE985AF6BEEA51F9175859F25FB799F3201502F7DFBF65D3275EAD49218983EFCF0C32FB246AE6E496F1445F5FABA8EB40496C0D27FAAB50F4C7FD687F19E5EF87C3C48B739C5BE4C453F6BB509807AE9D5ABD7EFCDBD7EA9E0871F7E589A35714D0B7DA3A83DD22A7EC31058024BFFA9363430ADD587F19E5E78FDDB6FBF6DD68C9933674EF1CF596302A05E62115C53EE87B121D1C82DF98DA2F8482B4E510B2C81A5FF545B1B988AFBB0F8E3152B56346BBEC4DF5FFCF39800A877C397928DF83F608BAA520FAC5F7FFDB54D05566BEBAF96DE7FB367CF4E4F3CF1449C5DAE7D6DC1820569CC9831F9DE39EBFA9E65CB96A5A79E7A2A4D993245FFB5B02AB58C3101D092CF302D69056798F23BFD0A3BC9967A60BDFAEAAB69ABADB64ADB6EBBED5AB5CD36DBA4458B16ADF1F5975C7249DA7FFFFDD301071C90F6DD77DF545555E5085FFF35A8DE7BEFBD7CC7E72DB6D822BDFEFAEBE9DD77DF4DE3C68D4B0F3FFC70FC374A6FBEF966FEF88CEFBFFF7E8DEF8B0D76E37BEEBEFB6E67985A401F16BFDE5C9B233BC344A3B8FCF2CB7F2B95354CF3E6CD9BDE82D730AD11542D650D4984D135D75C130F415EA38E3DF6D874D86187ADF5F52FBEF862EADFBF7FEADEBD7B1E6AF1B1C0D27F0DA9ABAEBA2AEDB6DB6E69EFBDF74ED9CF9D2EBCF0C274F4D147A73DF6D823EDB2CB2E790F1E73CC3169C28409F91E3A37DD7453FE888B3BEFBC33EFBDD34F3F3DFF7DBF7EFDD21B6FBCA1FF4AB40F8BD73035F5B34AAD61A251DD70C30DDF97CA5D72D5D5D5E35BE05D72D5B1CDFEFA9E4D54CA8115973EE20DECA1871E4A03070E4C83060DAAADA38E3A2A9D79E699F925936C905DEB7BE36B22B4625F130393FE6B68B56FDF3E9D7AEAA9E99C73CE4983070F8E5BBDD35E7BED959FC12CFC6FCCDEA3F2339D03060CC82FC53DF0C00379EF5D7BEDB5E9B9E79E4B3BEEB863BAFDF6DBF330D47FA5D787EE92A3D5C88ED8DE2C957D981E7CF0C1CA16B40FD33A8FE85B5260F5EDDB370F9E0D550456DDEF8D908BCF1D7AE8A10626FDD7A09A366D5ADE43714673CF3DF74C151515E9C4134FCC5F3BF9E493D3D9679F9D570C46F1F571A96EF7DD774F2FBFFC72FE351F7CF041FEFACE3BEF9C5F563EF0C003F55F09F661F13E4C23468CB00F132DD77DF7DD777176E4F647290C4C975E7A69654BD9E97B63957A604508F5E9D3275F2F326CD8B03C88860C19925E79E59574E49147E6CF7D9A3E7DFA1ADFF7F9E79FA72DB7DC321E985CBBD6C4C0A4FFEA5BB10629FA67871D76C8FBE9E0830F4ECF3CF34CFEDAA38F3E9A9E7EFAE9F4C20B2FD4DE9870DA69A7E53D19EB9E6240FAF9E79FF3D7B7DB6EBB74CA29A7E4DF57EA0BC1DBE2A351ECF44DAB11CF6ECB826F45DC91D2CC7B30C5FAA5059E25D7B415EB422268BA76ED9A66CC9891FF3ED6279D70C209A95DBB76F9A2DBBADF53565696B6DF7EFB7CFD539C618AB54E3FFDF4938149FFD5AB66CD9A959E7CF2C974D96597E56789E2E1A8B18E29FA2ED6306DBDF5D6F930F4D9679FE5975262A1F72DB7DC92F75CF467E18EB9783D06FF18A2EEBAEB2EFD577A19D32E7B6F5F591854BEFCF2CB667B965CF6DEF58767C9B149B2A9FF9DCACACA661D982A2A2AFE9135F13F0556D3D74B2FBD945F0A89B0295C868BC5B89F7EFAE95A5F3B7CF8F0FCF371A4181F47C8C5C7F1066460D27FF5A977DE79275FB774D65967A5BFFEF5AF69BFFDF6CBD72AC57014BFEEB3CF3EF980145F3B71E2C4D4A14387FC8683E8B7B87C17AFC74688F1713C72E388238EC8D742E9BF923CCB54591854621B89E610EF55C51B6B4A7E1AA4BCBCBCC325975CB2AAB96EF95CB56AD5775903FF5F36FD1F29B09AAE162E5C98BF891C7FFCF1B58B680BC3505C228945DF1F7DF451EDD78F1E3D3ADF6EE0F0C30F5F63DF9C58A85BF8BE52DFD7C9C0543A156735E30C526C4F1197E5EEBDF7DEFC726F0C4F871C72487E96296E4C287C7D5CFADD69A79DD271C71D979F592AFAEF990F593180C55904FD577A62A9456158E9D6AD5BFEDFA929C51594EEDDBB179F5D3A5BF2D360575F7DF584E65AFC7DF7DD770FCB9A78A4C06ADA8A4B1D71D9E3DC73CFCD6FCD2EAC2989FD71A217E2083FF6628AB54E71275D5CFA38E8A083F253EAC57F4EAC25292CD6BDFCF2CB0596FEDBA89A3B776EFAE5975FF2754A3134155E8F754C31B0C79D9A8B172FCE5F7BFCF1C7F3FE8BAFFBEAABAFD219679C91F7620C55BBEEBAEB7A37B9D47F257596A9F66EB9D81EA229F7FF8BBFAF78EB830DDD2C017FAA63C78E7B5F7CF1C5BF35F53E199F7EFAE984AC8197647FFFDF0556D3D737DF7C93FF1AB76CC7869431F82C5DBA347F2DC26AECD8B1F9EF63488A3302EBDA62202ABE27F6D5993973A6C0D27FF5AA38CB59F76ECBB86C136B9962588F8F6320CA0EEA6AB70E78EDB5D7F2BB37630D5E4BDA3CB52D0F4CE79F7FFEA9C57B36C5FAC8A6109773EB3CE7EE7489CF262B2B2BEBDDA74F9F5F9AEAD2DCB265CB3EC9FECE4FB226FE0F81A50496FEAB7B064AFFB5BAB34C0F14069778CA440C339B7BDFA5EC40EF8FA281A942D2D3687AF4E8F15CBF7EFD36FBD0B46AD5AAAFCBCBCBC7650DFC98C052024BFFE9BFD66FF5A352AA8B87A6CDB599650C4BDDBB77FFBD68589AD6B163C7BF49791AB5A1B341E6E5DB6EBB6DF1E61A9AE2CC523698BD13EB965ADB3602024B60E93FA5FFD62F1B92F6CBDEFBBF281E9AE2F25C63AE698A335775CE2C7D97557B09CF66199ACACACA9EE8DDBBF7E2C65ED3146B96565F867BACB50F4B024B60E93F65605AE7A5B9F6C543536121F8A6DE3D176BDDEA2CF0362CD1343A75EAD42B9BFE978E183162613CE57953B70E587D37DC92D6BC664960092CFDA7F4DF469F69AA2E1E6E62CB8178BA407D1F081F8356DC3C50BC7540E1329C6189261377CF75EEDCF9A5AC11178D1C39F2CB6C825F59DF1DBC6353CAECCF981997E0B25F0F13584A60E93FFD475CCDC80ECC07D51972F2BAF9E69BF367CFC51AA7B8D25138688F5FE36EC958A33466CC98FC7127C53B78172FF0B66689E63ADBF42FF1B0C2AC31175F7BEDB553870E1D3A75CA94295FCE9D3B7759D17CB42406A4EAEAEAF1F120DD78365C3CEE241B9286B7C64D290596C0D27F4AFF6DBAD55B0E54AF6B706A40BD6FEB004A42AC3B5ADDDC717B682CDCFEAAF8394159D5AC6EFC8AD8DDB52DAC531258024BFF29FDD72807E667AE7E8CCACAFA0E4AF1B893D8C1DBA69420B094C0D27FFAAFAD1C98B7CB86A70BE2C07BF501784D9D01293F308FAB1ED990D435968EF8570381A50496FED37F00024B092CFDA7FF000C4C824260E93F6560021058024BFF29FD0720B00496FE53FA0F4060092CFDA7F41F80C0520626A5FF0004961258FA4FFF01082C25B0F49FFE0310584A60E93FFD07606052024BFFE93F000496C0D27F4AFF01082C81A5FF94FE031058024BFF29FD0720B00496FE53FA0F40602981A5FFF41F80C052024BFFE93F80D6E3EDB7DF1614A553CBB3C05AA9FF94FE03283155555535F3E7CF1716255073E6CCF9AF2CB066E83FA5FF004ACCB871E3FE7DFCF8F18BE6CD9BF78BD068BE23FB08ABB163C77E93D579FA4FE93F801294BD499E991D59BE1FA7E3630D836AF28A7FF7196D35ACF49FFE0300000000000000000000000000000000000000001AD1FF03FA56BFF47D794D750000000049454E44AE426082, 1);
INSERT INTO `ACT_GE_BYTEARRAY` VALUES ('d273a35e-1cd8-11ec-acd8-3ae4f1d3c3af', 1, 'flowContract.bpmn', 'd273a35d-1cd8-11ec-acd8-3ae4f1d3c3af', 0x3C3F786D6C2076657273696F6E3D22312E302220656E636F64696E673D225554462D38223F3E0A3C646566696E6974696F6E7320786D6C6E733D22687474703A2F2F7777772E6F6D672E6F72672F737065632F42504D4E2F32303130303532342F4D4F44454C2220786D6C6E733A7873693D22687474703A2F2F7777772E77332E6F72672F323030312F584D4C536368656D612D696E7374616E63652220786D6C6E733A7873643D22687474703A2F2F7777772E77332E6F72672F323030312F584D4C536368656D612220786D6C6E733A666C6F7761626C653D22687474703A2F2F666C6F7761626C652E6F72672F62706D6E2220786D6C6E733A62706D6E64693D22687474703A2F2F7777772E6F6D672E6F72672F737065632F42504D4E2F32303130303532342F44492220786D6C6E733A6F6D6764633D22687474703A2F2F7777772E6F6D672E6F72672F737065632F44442F32303130303532342F44432220786D6C6E733A6F6D6764693D22687474703A2F2F7777772E6F6D672E6F72672F737065632F44442F32303130303532342F44492220786D6C6E733A62706D6E323D22687474703A2F2F7777772E6F6D672E6F72672F737065632F42504D4E2F32303130303532342F4D4F44454C2220786D6C6E733A64693D22687474703A2F2F7777772E6F6D672E6F72672F737065632F44442F32303130303532342F44492220786D6C6E733A64633D22687474703A2F2F7777772E6F6D672E6F72672F737065632F44442F32303130303532342F44432220747970654C616E67756167653D22687474703A2F2F7777772E77332E6F72672F323030312F584D4C536368656D61222065787072657373696F6E4C616E67756167653D22687474703A2F2F7777772E77332E6F72672F313939392F585061746822207461726765744E616D6573706163653D22687474703A2F2F666C6F7761626C652E6F72672F62706D6E222069643D226469616772616D5F666C6F77436F6E747261637422207873693A736368656D614C6F636174696F6E3D22687474703A2F2F7777772E6F6D672E6F72672F737065632F42504D4E2F32303130303532342F4D4F44454C2042504D4E32302E787364223E0A20203C70726F636573732069643D22666C6F77436F6E747261637422206E616D653D22E59088E5908CE5AEA1E689B92220697345786563757461626C653D2274727565223E0A202020203C657874656E73696F6E456C656D656E74733E0A2020202020203C666C6F7761626C653A657865637574696F6E4C697374656E6572206576656E743D22656E642220636C6173733D22636F6D2E666C6F772E64656D6F2E636F6D6D6F6E2E666C6F772E6C697374656E65722E557064617465466C6F775374617475734C697374656E6572223E3C2F666C6F7761626C653A657865637574696F6E4C697374656E65723E0A202020203C2F657874656E73696F6E456C656D656E74733E0A202020203C73746172744576656E742069643D224576656E745F3170736D697364223E3C2F73746172744576656E743E0A202020203C757365725461736B2069643D2241637469766974795F306E796C61317222206E616D653D22E59088E5908CE5BD95E585A52220666C6F7761626C653A61737369676E65653D22247B7374617274557365724E616D657D2220666C6F7761626C653A666F726D4B65793D227B2671756F743B666F726D49642671756F743B3A2671756F743B313434303935343932303334383934363433322671756F743B2C2671756F743B726561644F6E6C792671756F743B3A66616C73652C2671756F743B67726F7570547970652671756F743B3A2671756F743B444550542671756F743B7D223E0A2020202020203C657874656E73696F6E456C656D656E74733E0A20202020202020203C666C6F7761626C653A6F7065726174696F6E4C6973743E0A202020202020202020203C666C6F7761626C653A666F726D4F7065726174696F6E2069643D223136333233383839363537313222206C6162656C3D22E68F90E4BAA42220747970653D226167726565222073686F774F726465723D2230223E3C2F666C6F7761626C653A666F726D4F7065726174696F6E3E0A20202020202020203C2F666C6F7761626C653A6F7065726174696F6E4C6973743E0A20202020202020203C666C6F7761626C653A7661726961626C654C6973743E3C2F666C6F7761626C653A7661726961626C654C6973743E0A2020202020203C2F657874656E73696F6E456C656D656E74733E0A202020203C2F757365725461736B3E0A202020203C73657175656E6365466C6F772069643D22466C6F775F303063657865612220736F757263655265663D224576656E745F3170736D69736422207461726765745265663D2241637469766974795F306E796C613172223E3C2F73657175656E6365466C6F773E0A202020203C757365725461736B2069643D2241637469766974795F3175637268353222206E616D653D22E4B89AE58AA1E983A8E9A286E5AFBCE5AEA1E689B92220666C6F7761626C653A63616E64696461746547726F7570733D22247B64657074506F73744C65616465727D2220666C6F7761626C653A666F726D4B65793D227B2671756F743B666F726D49642671756F743B3A2671756F743B313434303935343932303334383934363433322671756F743B2C2671756F743B726561644F6E6C792671756F743B3A747275652C2671756F743B67726F7570547970652671756F743B3A2671756F743B444550545F504F53545F4C45414445522671756F743B7D223E0A2020202020203C657874656E73696F6E456C656D656E74733E0A20202020202020203C666C6F7761626C653A7461736B4C697374656E6572206576656E743D226372656174652220636C6173733D22636F6D2E666C6F772E64656D6F2E636F6D6D6F6E2E666C6F772E6C697374656E65722E44657074506F73744C65616465724C697374656E6572223E3C2F666C6F7761626C653A7461736B4C697374656E65723E0A20202020202020203C666C6F7761626C653A6F7065726174696F6E4C6973743E0A202020202020202020203C666C6F7761626C653A666F726D4F7065726174696F6E2069643D223136333233383839373234353522206C6162656C3D22E5908CE6848F2220747970653D226167726565222073686F774F726465723D2230223E3C2F666C6F7761626C653A666F726D4F7065726174696F6E3E0A20202020202020203C2F666C6F7761626C653A6F7065726174696F6E4C6973743E0A20202020202020203C666C6F7761626C653A7661726961626C654C6973743E3C2F666C6F7761626C653A7661726961626C654C6973743E0A2020202020203C2F657874656E73696F6E456C656D656E74733E0A202020203C2F757365725461736B3E0A202020203C73657175656E6365466C6F772069643D22466C6F775F30346B63616A632220736F757263655265663D2241637469766974795F306E796C61317222207461726765745265663D2241637469766974795F31756372683532223E3C2F73657175656E6365466C6F773E0A202020203C73657175656E6365466C6F772069643D22466C6F775F30323666766E712220736F757263655265663D2241637469766974795F3175637268353222207461726765745265663D22476174657761795F30396364787466223E3C2F73657175656E6365466C6F773E0A202020203C706172616C6C656C476174657761792069643D22476174657761795F30396364787466223E3C2F706172616C6C656C476174657761793E0A202020203C757365725461736B2069643D2241637469766974795F3133386D346E6E22206E616D653D22E5B7A5E7A88BE983A8E5AEA1E689B92220666C6F7761626C653A63616E64696461746555736572733D2261646D696E2220666C6F7761626C653A666F726D4B65793D227B2671756F743B666F726D49642671756F743B3A2671756F743B313434303935353139343939313937323335322671756F743B2C2671756F743B726561644F6E6C792671756F743B3A747275652C2671756F743B67726F7570547970652671756F743B3A2671756F743B444550542671756F743B7D223E0A2020202020203C657874656E73696F6E456C656D656E74733E0A20202020202020203C666C6F7761626C653A6F7065726174696F6E4C6973743E0A202020202020202020203C666C6F7761626C653A666F726D4F7065726174696F6E2069643D223136333233383839373831303122206C6162656C3D22E5908CE6848F2220747970653D226167726565222073686F774F726465723D2230223E3C2F666C6F7761626C653A666F726D4F7065726174696F6E3E0A20202020202020203C2F666C6F7761626C653A6F7065726174696F6E4C6973743E0A20202020202020203C666C6F7761626C653A7661726961626C654C6973743E3C2F666C6F7761626C653A7661726961626C654C6973743E0A2020202020203C2F657874656E73696F6E456C656D656E74733E0A202020203C2F757365725461736B3E0A202020203C73657175656E6365466C6F772069643D22466C6F775F307A7A307539672220736F757263655265663D22476174657761795F3039636478746622207461726765745265663D2241637469766974795F3133386D346E6E223E3C2F73657175656E6365466C6F773E0A202020203C757365725461736B2069643D2241637469766974795F30746D336D706822206E616D653D22E980A0E4BBB7E983A8E5AEA1E689B92220666C6F7761626C653A61737369676E65653D2261646D696E2220666C6F7761626C653A666F726D4B65793D227B2671756F743B666F726D49642671756F743B3A2671756F743B313434303935353139343939313937323335322671756F743B2C2671756F743B726561644F6E6C792671756F743B3A747275652C2671756F743B67726F7570547970652671756F743B3A2671756F743B444550542671756F743B7D223E0A2020202020203C657874656E73696F6E456C656D656E74733E0A20202020202020203C666C6F7761626C653A6F7065726174696F6E4C6973743E0A202020202020202020203C666C6F7761626C653A666F726D4F7065726174696F6E2069643D223136333233383839383233373722206C6162656C3D22E5908CE6848F2220747970653D226167726565222073686F774F726465723D2230223E3C2F666C6F7761626C653A666F726D4F7065726174696F6E3E0A20202020202020203C2F666C6F7761626C653A6F7065726174696F6E4C6973743E0A20202020202020203C666C6F7761626C653A7661726961626C654C6973743E3C2F666C6F7761626C653A7661726961626C654C6973743E0A2020202020203C2F657874656E73696F6E456C656D656E74733E0A202020203C2F757365725461736B3E0A202020203C73657175656E6365466C6F772069643D22466C6F775F317978716265302220736F757263655265663D22476174657761795F3039636478746622207461726765745265663D2241637469766974795F30746D336D7068223E3C2F73657175656E6365466C6F773E0A202020203C73657175656E6365466C6F772069643D22466C6F775F31323465387A332220736F757263655265663D2241637469766974795F3133386D346E6E22207461726765745265663D22476174657761795F306F79366F666C223E3C2F73657175656E6365466C6F773E0A202020203C706172616C6C656C476174657761792069643D22476174657761795F306F79366F666C223E3C2F706172616C6C656C476174657761793E0A202020203C73657175656E6365466C6F772069643D22466C6F775F3175766A3364732220736F757263655265663D2241637469766974795F30746D336D706822207461726765745265663D22476174657761795F306F79366F666C223E3C2F73657175656E6365466C6F773E0A202020203C757365725461736B2069643D2241637469766974795F3179757579696522206E616D653D22E8B4A2E58AA1E983A8E5AEA1E689B92220666C6F7761626C653A63616E64696461746547726F7570733D22313434303936343531393339353333323039362C313434303936343531393339313133373739322220666C6F7761626C653A666F726D4B65793D227B2671756F743B666F726D49642671756F743B3A2671756F743B313434303935353132373739303833333636342671756F743B2C2671756F743B726561644F6E6C792671756F743B3A747275652C2671756F743B67726F7570547970652671756F743B3A2671756F743B504F53542671756F743B7D223E0A2020202020203C657874656E73696F6E456C656D656E74733E0A20202020202020203C666C6F7761626C653A6F7065726174696F6E4C6973743E0A202020202020202020203C666C6F7761626C653A666F726D4F7065726174696F6E2069643D223136333233383930333738313422206C6162656C3D22E5908CE6848F2220747970653D226167726565222073686F774F726465723D2230223E3C2F666C6F7761626C653A666F726D4F7065726174696F6E3E0A202020202020202020203C666C6F7761626C653A666F726D4F7065726174696F6E2069643D223136333233383930343234383922206C6162656C3D22E68B92E7BB9D2220747970653D22726566757365222073686F774F726465723D2231223E3C2F666C6F7761626C653A666F726D4F7065726174696F6E3E0A20202020202020203C2F666C6F7761626C653A6F7065726174696F6E4C6973743E0A20202020202020203C666C6F7761626C653A7661726961626C654C6973743E3C2F666C6F7761626C653A7661726961626C654C6973743E0A2020202020203C2F657874656E73696F6E456C656D656E74733E0A202020203C2F757365725461736B3E0A202020203C73657175656E6365466C6F772069643D22466C6F775F316B79686E6C7A2220736F757263655265663D22476174657761795F306F79366F666C22207461726765745265663D2241637469766974795F31797575796965223E3C2F73657175656E6365466C6F773E0A202020203C757365725461736B2069643D2241637469766974795F3039386E63767722206E616D653D22E6B395E58AA1E983A8E4BC9AE7ADBE2220666C6F7761626C653A61737369676E65653D22247B61737369676E65657D2220666C6F7761626C653A666F726D4B65793D227B2671756F743B666F726D49642671756F743B3A2671756F743B313434303935353030313039333439323733362671756F743B2C2671756F743B726561644F6E6C792671756F743B3A747275652C2671756F743B67726F7570547970652671756F743B3A2671756F743B444550542671756F743B7D223E0A2020202020203C657874656E73696F6E456C656D656E74733E0A20202020202020203C666C6F7761626C653A6F7065726174696F6E4C6973743E0A202020202020202020203C666C6F7761626C653A666F726D4F7065726174696F6E2069643D223136333233383931393036363222206C6162656C3D22E5908CE6848F2220747970653D226D756C74695F6167726565222073686F774F726465723D2230223E3C2F666C6F7761626C653A666F726D4F7065726174696F6E3E0A202020202020202020203C666C6F7761626C653A666F726D4F7065726174696F6E2069643D223136333233383931393734303622206C6162656C3D22E68B92E7BB9D2220747970653D226D756C74695F726566757365222073686F774F726465723D2231223E3C2F666C6F7761626C653A666F726D4F7065726174696F6E3E0A20202020202020203C2F666C6F7761626C653A6F7065726174696F6E4C6973743E0A20202020202020203C666C6F7761626C653A7661726961626C654C6973743E3C2F666C6F7761626C653A7661726961626C654C6973743E0A2020202020203C2F657874656E73696F6E456C656D656E74733E0A2020202020203C6D756C7469496E7374616E63654C6F6F7043686172616374657269737469637320697353657175656E7469616C3D2266616C73652220666C6F7761626C653A636F6C6C656374696F6E3D2261737369676E65654C6973742220666C6F7761626C653A656C656D656E745661726961626C653D2261737369676E6565223E0A20202020202020203C636F6D706C6574696F6E436F6E646974696F6E3E247B6E724F66496E7374616E636573203D3D206E724F66436F6D706C65746564496E7374616E6365737D3C2F636F6D706C6574696F6E436F6E646974696F6E3E0A2020202020203C2F6D756C7469496E7374616E63654C6F6F704368617261637465726973746963733E0A202020203C2F757365725461736B3E0A202020203C73657175656E6365466C6F772069643D22466C6F775F3064693671613622206E616D653D22E5908CE6848F2220736F757263655265663D2241637469766974795F3179757579696522207461726765745265663D2241637469766974795F31656577743031223E0A2020202020203C657874656E73696F6E456C656D656E74733E0A20202020202020203C666C6F7761626C653A637573746F6D436F6E646974696F6E20747970653D226F7065726174696F6E22206F7065726174696F6E547970653D226167726565223E3C2F666C6F7761626C653A637573746F6D436F6E646974696F6E3E0A2020202020203C2F657874656E73696F6E456C656D656E74733E0A2020202020203C636F6E646974696F6E45787072657373696F6E207873693A747970653D2274466F726D616C45787072657373696F6E223E3C215B43444154415B247B6F7065726174696F6E54797065203D3D20276167726565277D5D5D3E3C2F636F6E646974696F6E45787072657373696F6E3E0A202020203C2F73657175656E6365466C6F773E0A202020203C6578636C7573697665476174657761792069643D22476174657761795F316D356672757A223E3C2F6578636C7573697665476174657761793E0A202020203C73657175656E6365466C6F772069643D22466C6F775F306A7976317A622220736F757263655265663D2241637469766974795F3039386E63767722207461726765745265663D22476174657761795F316D356672757A223E3C2F73657175656E6365466C6F773E0A202020203C757365725461736B2069643D2241637469766974795F316833706E787922206E616D653D22E680BBE7BB8FE79086E5AEA1E689B92220666C6F7761626C653A63616E64696461746547726F7570733D22313434303931313431303538313231333431362220666C6F7761626C653A666F726D4B65793D227B2671756F743B666F726D49642671756F743B3A2671756F743B313434303935343932303334383934363433322671756F743B2C2671756F743B726561644F6E6C792671756F743B3A747275652C2671756F743B67726F7570547970652671756F743B3A2671756F743B444550542671756F743B7D223E0A2020202020203C657874656E73696F6E456C656D656E74733E0A20202020202020203C666C6F7761626C653A6F7065726174696F6E4C6973743E0A202020202020202020203C666C6F7761626C653A666F726D4F7065726174696F6E2069643D223136333233383934343935303822206C6162656C3D22E5908CE6848F2220747970653D226167726565222073686F774F726465723D2230223E3C2F666C6F7761626C653A666F726D4F7065726174696F6E3E0A202020202020202020203C666C6F7761626C653A666F726D4F7065726174696F6E2069643D223136333233383934353238353022206C6162656C3D22E68B92E7BB9D2220747970653D22726566757365222073686F774F726465723D2231223E3C2F666C6F7761626C653A666F726D4F7065726174696F6E3E0A20202020202020203C2F666C6F7761626C653A6F7065726174696F6E4C6973743E0A20202020202020203C666C6F7761626C653A7661726961626C654C6973743E3C2F666C6F7761626C653A7661726961626C654C6973743E0A2020202020203C2F657874656E73696F6E456C656D656E74733E0A202020203C2F757365725461736B3E0A202020203C73657175656E6365466C6F772069643D22466C6F775F31663879786F7622206E616D653D22E5908CE6848FE4BABAE695B0E5A4A7E4BA8E3430252220736F757263655265663D22476174657761795F316D356672757A22207461726765745265663D2241637469766974795F316833706E7879223E0A2020202020203C636F6E646974696F6E45787072657373696F6E207873693A747970653D2274466F726D616C45787072657373696F6E223E3C215B43444154415B247B6D756C74694167726565436F756E74202F206D756C74694E756D4F66496E7374616E636573203E20302E347D5D5D3E3C2F636F6E646974696F6E45787072657373696F6E3E0A202020203C2F73657175656E6365466C6F773E0A202020203C656E644576656E742069643D224576656E745F3132616A6F3364223E3C2F656E644576656E743E0A202020203C73657175656E6365466C6F772069643D22466C6F775F31613371636C6D22206E616D653D22E5908CE6848F2220736F757263655265663D2241637469766974795F316833706E787922207461726765745265663D224576656E745F3132616A6F3364223E0A2020202020203C657874656E73696F6E456C656D656E74733E0A20202020202020203C666C6F7761626C653A637573746F6D436F6E646974696F6E20747970653D226F7065726174696F6E22206F7065726174696F6E547970653D226167726565223E3C2F666C6F7761626C653A637573746F6D436F6E646974696F6E3E0A2020202020203C2F657874656E73696F6E456C656D656E74733E0A2020202020203C636F6E646974696F6E45787072657373696F6E207873693A747970653D2274466F726D616C45787072657373696F6E223E3C215B43444154415B247B6F7065726174696F6E54797065203D3D20276167726565277D5D5D3E3C2F636F6E646974696F6E45787072657373696F6E3E0A202020203C2F73657175656E6365466C6F773E0A202020203C73657175656E6365466C6F772069643D22466C6F775F306C6C6F79353622206E616D653D22E68B92E7BB9D2220736F757263655265663D2241637469766974795F3179757579696522207461726765745265663D2241637469766974795F306E796C613172223E0A2020202020203C657874656E73696F6E456C656D656E74733E0A20202020202020203C666C6F7761626C653A637573746F6D436F6E646974696F6E20747970653D226F7065726174696F6E22206F7065726174696F6E547970653D22726566757365223E3C2F666C6F7761626C653A637573746F6D436F6E646974696F6E3E0A2020202020203C2F657874656E73696F6E456C656D656E74733E0A2020202020203C636F6E646974696F6E45787072657373696F6E207873693A747970653D2274466F726D616C45787072657373696F6E223E3C215B43444154415B247B6F7065726174696F6E54797065203D3D2027726566757365277D5D5D3E3C2F636F6E646974696F6E45787072657373696F6E3E0A202020203C2F73657175656E6365466C6F773E0A202020203C757365725461736B2069643D2241637469766974795F3165657774303122206E616D653D22E6B395E58AA1E983A8E5AEA1E689B92220666C6F7761626C653A63616E64696461746547726F7570733D22313434303936343338373937393339393136382220666C6F7761626C653A666F726D4B65793D227B2671756F743B666F726D49642671756F743B3A2671756F743B313434303935353030313039333439323733362671756F743B2C2671756F743B726561644F6E6C792671756F743B3A747275652C2671756F743B67726F7570547970652671756F743B3A2671756F743B504F53542671756F743B7D223E0A2020202020203C657874656E73696F6E456C656D656E74733E0A20202020202020203C666C6F7761626C653A6F7065726174696F6E4C6973743E0A202020202020202020203C666C6F7761626C653A666F726D4F7065726174696F6E2069643D223136333233383933333730323422206C6162656C3D22E4BC9AE7ADBE2220747970653D226D756C74695F7369676E222073686F774F726465723D2230223E3C2F666C6F7761626C653A666F726D4F7065726174696F6E3E0A202020202020202020203C666C6F7761626C653A666F726D4F7065726174696F6E2069643D223136333233383933343139303122206C6162656C3D22E58AA0E7ADBE2220747970653D226D756C74695F636F6E7369676E222073686F774F726465723D2231223E3C2F666C6F7761626C653A666F726D4F7065726174696F6E3E0A20202020202020203C2F666C6F7761626C653A6F7065726174696F6E4C6973743E0A20202020202020203C666C6F7761626C653A7661726961626C654C6973743E3C2F666C6F7761626C653A7661726961626C654C6973743E0A2020202020203C2F657874656E73696F6E456C656D656E74733E0A202020203C2F757365725461736B3E0A202020203C73657175656E6365466C6F772069643D22466C6F775F307A6D736E33782220736F757263655265663D2241637469766974795F3165657774303122207461726765745265663D2241637469766974795F3039386E637677223E3C2F73657175656E6365466C6F773E0A202020203C73657175656E6365466C6F772069643D22466C6F775F3176737269766222206E616D653D22E5908CE6848FE4BABAE695B0E5B08FE4BA8E3430252220736F757263655265663D22476174657761795F316D356672757A22207461726765745265663D2241637469766974795F306E796C613172223E0A2020202020203C636F6E646974696F6E45787072657373696F6E207873693A747970653D2274466F726D616C45787072657373696F6E223E3C215B43444154415B247B6D756C74694167726565436F756E74202F206D756C74694E756D4F66496E7374616E636573203C3D20302E347D5D5D3E3C2F636F6E646974696F6E45787072657373696F6E3E0A202020203C2F73657175656E6365466C6F773E0A202020203C73657175656E6365466C6F772069643D22466C6F775F316D323430366622206E616D653D22E68B92E7BB9D2220736F757263655265663D2241637469766974795F316833706E787922207461726765745265663D2241637469766974795F306E796C613172223E0A2020202020203C657874656E73696F6E456C656D656E74733E0A20202020202020203C666C6F7761626C653A637573746F6D436F6E646974696F6E20747970653D226F7065726174696F6E22206F7065726174696F6E547970653D22726566757365223E3C2F666C6F7761626C653A637573746F6D436F6E646974696F6E3E0A2020202020203C2F657874656E73696F6E456C656D656E74733E0A2020202020203C636F6E646974696F6E45787072657373696F6E207873693A747970653D2274466F726D616C45787072657373696F6E223E3C215B43444154415B247B6F7065726174696F6E54797065203D3D2027726566757365277D5D5D3E3C2F636F6E646974696F6E45787072657373696F6E3E0A202020203C2F73657175656E6365466C6F773E0A20203C2F70726F636573733E0A20203C62706D6E64693A42504D4E4469616772616D2069643D2242504D4E4469616772616D5F666C6F77436F6E7472616374223E0A202020203C62706D6E64693A42504D4E506C616E652062706D6E456C656D656E743D22666C6F77436F6E7472616374222069643D2242504D4E506C616E655F666C6F77436F6E7472616374223E0A2020202020203C62706D6E64693A42504D4E53686170652062706D6E456C656D656E743D224576656E745F3170736D697364222069643D2242504D4E53686170655F4576656E745F3170736D697364223E0A20202020202020203C6F6D6764633A426F756E6473206865696768743D2233362E30222077696474683D2233362E302220783D2239322E302220793D223331322E30223E3C2F6F6D6764633A426F756E64733E0A2020202020203C2F62706D6E64693A42504D4E53686170653E0A2020202020203C62706D6E64693A42504D4E53686170652062706D6E456C656D656E743D2241637469766974795F306E796C613172222069643D2242504D4E53686170655F41637469766974795F306E796C613172223E0A20202020202020203C6F6D6764633A426F756E6473206865696768743D2238302E30222077696474683D223130302E302220783D223138302E302220793D223239302E30223E3C2F6F6D6764633A426F756E64733E0A2020202020203C2F62706D6E64693A42504D4E53686170653E0A2020202020203C62706D6E64693A42504D4E53686170652062706D6E456C656D656E743D2241637469766974795F31756372683532222069643D2242504D4E53686170655F41637469766974795F31756372683532223E0A20202020202020203C6F6D6764633A426F756E6473206865696768743D2238302E30222077696474683D223130302E302220783D223334302E302220793D223239302E30223E3C2F6F6D6764633A426F756E64733E0A2020202020203C2F62706D6E64693A42504D4E53686170653E0A2020202020203C62706D6E64693A42504D4E53686170652062706D6E456C656D656E743D22476174657761795F30396364787466222069643D2242504D4E53686170655F476174657761795F30396364787466223E0A20202020202020203C6F6D6764633A426F756E6473206865696768743D2235302E30222077696474683D2235302E302220783D223530352E302220793D223330352E30223E3C2F6F6D6764633A426F756E64733E0A2020202020203C2F62706D6E64693A42504D4E53686170653E0A2020202020203C62706D6E64693A42504D4E53686170652062706D6E456C656D656E743D2241637469766974795F3133386D346E6E222069643D2242504D4E53686170655F41637469766974795F3133386D346E6E223E0A20202020202020203C6F6D6764633A426F756E6473206865696768743D2238302E30222077696474683D223130302E302220783D223636302E302220793D223136302E30223E3C2F6F6D6764633A426F756E64733E0A2020202020203C2F62706D6E64693A42504D4E53686170653E0A2020202020203C62706D6E64693A42504D4E53686170652062706D6E456C656D656E743D2241637469766974795F30746D336D7068222069643D2242504D4E53686170655F41637469766974795F30746D336D7068223E0A20202020202020203C6F6D6764633A426F756E6473206865696768743D2238302E30222077696474683D223130302E302220783D223636302E302220793D223339302E30223E3C2F6F6D6764633A426F756E64733E0A2020202020203C2F62706D6E64693A42504D4E53686170653E0A2020202020203C62706D6E64693A42504D4E53686170652062706D6E456C656D656E743D22476174657761795F306F79366F666C222069643D2242504D4E53686170655F476174657761795F306F79366F666C223E0A20202020202020203C6F6D6764633A426F756E6473206865696768743D2235302E30222077696474683D2235302E302220783D223835352E302220793D223330352E30223E3C2F6F6D6764633A426F756E64733E0A2020202020203C2F62706D6E64693A42504D4E53686170653E0A2020202020203C62706D6E64693A42504D4E53686170652062706D6E456C656D656E743D2241637469766974795F31797575796965222069643D2242504D4E53686170655F41637469766974795F31797575796965223E0A20202020202020203C6F6D6764633A426F756E6473206865696768743D2238302E30222077696474683D223130302E302220783D22313030302E302220793D223239302E30223E3C2F6F6D6764633A426F756E64733E0A2020202020203C2F62706D6E64693A42504D4E53686170653E0A2020202020203C62706D6E64693A42504D4E53686170652062706D6E456C656D656E743D2241637469766974795F3039386E637677222069643D2242504D4E53686170655F41637469766974795F3039386E637677223E0A20202020202020203C6F6D6764633A426F756E6473206865696768743D2238302E30222077696474683D223130302E302220783D22313336302E302220793D223239302E30223E3C2F6F6D6764633A426F756E64733E0A2020202020203C2F62706D6E64693A42504D4E53686170653E0A2020202020203C62706D6E64693A42504D4E53686170652062706D6E456C656D656E743D22476174657761795F316D356672757A222069643D2242504D4E53686170655F476174657761795F316D356672757A223E0A20202020202020203C6F6D6764633A426F756E6473206865696768743D2235302E30222077696474683D2235302E302220783D22313531352E302220793D223330352E30223E3C2F6F6D6764633A426F756E64733E0A2020202020203C2F62706D6E64693A42504D4E53686170653E0A2020202020203C62706D6E64693A42504D4E53686170652062706D6E456C656D656E743D2241637469766974795F316833706E7879222069643D2242504D4E53686170655F41637469766974795F316833706E7879223E0A20202020202020203C6F6D6764633A426F756E6473206865696768743D2238302E30222077696474683D223130302E302220783D22313637302E302220793D223239302E30223E3C2F6F6D6764633A426F756E64733E0A2020202020203C2F62706D6E64693A42504D4E53686170653E0A2020202020203C62706D6E64693A42504D4E53686170652062706D6E456C656D656E743D224576656E745F3132616A6F3364222069643D2242504D4E53686170655F4576656E745F3132616A6F3364223E0A20202020202020203C6F6D6764633A426F756E6473206865696768743D2233362E30222077696474683D2233362E302220783D22313836322E302220793D223331322E30223E3C2F6F6D6764633A426F756E64733E0A2020202020203C2F62706D6E64693A42504D4E53686170653E0A2020202020203C62706D6E64693A42504D4E53686170652062706D6E456C656D656E743D2241637469766974795F31656577743031222069643D2242504D4E53686170655F41637469766974795F31656577743031223E0A20202020202020203C6F6D6764633A426F756E6473206865696768743D2238302E30222077696474683D223130302E302220783D22313139302E302220793D223239302E30223E3C2F6F6D6764633A426F756E64733E0A2020202020203C2F62706D6E64693A42504D4E53686170653E0A2020202020203C62706D6E64693A42504D4E456467652062706D6E456C656D656E743D22466C6F775F316D3234303666222069643D2242504D4E456467655F466C6F775F316D3234303666223E0A20202020202020203C6F6D6764693A776179706F696E7420783D22313732302E302220793D223337302E30223E3C2F6F6D6764693A776179706F696E743E0A20202020202020203C6F6D6764693A776179706F696E7420783D22313732302E302220793D223534302E30223E3C2F6F6D6764693A776179706F696E743E0A20202020202020203C6F6D6764693A776179706F696E7420783D223231302E302220793D223534302E30223E3C2F6F6D6764693A776179706F696E743E0A20202020202020203C6F6D6764693A776179706F696E7420783D223231302E302220793D223337302E30223E3C2F6F6D6764693A776179706F696E743E0A20202020202020203C62706D6E64693A42504D4E4C6162656C3E0A202020202020202020203C6F6D6764633A426F756E6473206865696768743D2231342E30222077696474683D2232322E302220783D223935342E302220793D223532322E30223E3C2F6F6D6764633A426F756E64733E0A20202020202020203C2F62706D6E64693A42504D4E4C6162656C3E0A2020202020203C2F62706D6E64693A42504D4E456467653E0A2020202020203C62706D6E64693A42504D4E456467652062706D6E456C656D656E743D22466C6F775F31767372697662222069643D2242504D4E456467655F466C6F775F31767372697662223E0A20202020202020203C6F6D6764693A776179706F696E7420783D22313534302E302220793D223330352E30223E3C2F6F6D6764693A776179706F696E743E0A20202020202020203C6F6D6764693A776179706F696E7420783D22313534302E302220793D223133302E30223E3C2F6F6D6764693A776179706F696E743E0A20202020202020203C6F6D6764693A776179706F696E7420783D223233302E302220793D223133302E30223E3C2F6F6D6764693A776179706F696E743E0A20202020202020203C6F6D6764693A776179706F696E7420783D223233302E302220793D223239302E30223E3C2F6F6D6764693A776179706F696E743E0A20202020202020203C62706D6E64693A42504D4E4C6162656C3E0A202020202020202020203C6F6D6764633A426F756E6473206865696768743D2231342E30222077696474683D2238392E302220783D223834312E302220793D223131322E30223E3C2F6F6D6764633A426F756E64733E0A20202020202020203C2F62706D6E64693A42504D4E4C6162656C3E0A2020202020203C2F62706D6E64693A42504D4E456467653E0A2020202020203C62706D6E64693A42504D4E456467652062706D6E456C656D656E743D22466C6F775F307A6D736E3378222069643D2242504D4E456467655F466C6F775F307A6D736E3378223E0A20202020202020203C6F6D6764693A776179706F696E7420783D22313239302E302220793D223333302E30223E3C2F6F6D6764693A776179706F696E743E0A20202020202020203C6F6D6764693A776179706F696E7420783D22313336302E302220793D223333302E30223E3C2F6F6D6764693A776179706F696E743E0A2020202020203C2F62706D6E64693A42504D4E456467653E0A2020202020203C62706D6E64693A42504D4E456467652062706D6E456C656D656E743D22466C6F775F306C6C6F793536222069643D2242504D4E456467655F466C6F775F306C6C6F793536223E0A20202020202020203C6F6D6764693A776179706F696E7420783D22313035302E302220793D223337302E30223E3C2F6F6D6764693A776179706F696E743E0A20202020202020203C6F6D6764693A776179706F696E7420783D22313035302E302220793D223530302E30223E3C2F6F6D6764693A776179706F696E743E0A20202020202020203C6F6D6764693A776179706F696E7420783D223233302E302220793D223530302E30223E3C2F6F6D6764693A776179706F696E743E0A20202020202020203C6F6D6764693A776179706F696E7420783D223233302E302220793D223337302E30223E3C2F6F6D6764693A776179706F696E743E0A20202020202020203C62706D6E64693A42504D4E4C6162656C3E0A202020202020202020203C6F6D6764633A426F756E6473206865696768743D2231342E30222077696474683D2232322E302220783D223632392E302220793D223438322E30223E3C2F6F6D6764633A426F756E64733E0A20202020202020203C2F62706D6E64693A42504D4E4C6162656C3E0A2020202020203C2F62706D6E64693A42504D4E456467653E0A2020202020203C62706D6E64693A42504D4E456467652062706D6E456C656D656E743D22466C6F775F31613371636C6D222069643D2242504D4E456467655F466C6F775F31613371636C6D223E0A20202020202020203C6F6D6764693A776179706F696E7420783D22313737302E302220793D223333302E30223E3C2F6F6D6764693A776179706F696E743E0A20202020202020203C6F6D6764693A776179706F696E7420783D22313836322E302220793D223333302E30223E3C2F6F6D6764693A776179706F696E743E0A20202020202020203C62706D6E64693A42504D4E4C6162656C3E0A202020202020202020203C6F6D6764633A426F756E6473206865696768743D2231342E30222077696474683D2232332E302220783D22313830352E302220793D223331322E30223E3C2F6F6D6764633A426F756E64733E0A20202020202020203C2F62706D6E64693A42504D4E4C6162656C3E0A2020202020203C2F62706D6E64693A42504D4E456467653E0A2020202020203C62706D6E64693A42504D4E456467652062706D6E456C656D656E743D22466C6F775F31663879786F76222069643D2242504D4E456467655F466C6F775F31663879786F76223E0A20202020202020203C6F6D6764693A776179706F696E7420783D22313536352E302220793D223333302E30223E3C2F6F6D6764693A776179706F696E743E0A20202020202020203C6F6D6764693A776179706F696E7420783D22313637302E302220793D223333302E30223E3C2F6F6D6764693A776179706F696E743E0A20202020202020203C62706D6E64693A42504D4E4C6162656C3E0A202020202020202020203C6F6D6764633A426F756E6473206865696768743D2231342E30222077696474683D2238392E302220783D22313537332E302220793D223331322E30223E3C2F6F6D6764633A426F756E64733E0A20202020202020203C2F62706D6E64693A42504D4E4C6162656C3E0A2020202020203C2F62706D6E64693A42504D4E456467653E0A2020202020203C62706D6E64693A42504D4E456467652062706D6E456C656D656E743D22466C6F775F306A7976317A62222069643D2242504D4E456467655F466C6F775F306A7976317A62223E0A20202020202020203C6F6D6764693A776179706F696E7420783D22313436302E302220793D223333302E30223E3C2F6F6D6764693A776179706F696E743E0A20202020202020203C6F6D6764693A776179706F696E7420783D22313531352E302220793D223333302E30223E3C2F6F6D6764693A776179706F696E743E0A2020202020203C2F62706D6E64693A42504D4E456467653E0A2020202020203C62706D6E64693A42504D4E456467652062706D6E456C656D656E743D22466C6F775F30646936716136222069643D2242504D4E456467655F466C6F775F30646936716136223E0A20202020202020203C6F6D6764693A776179706F696E7420783D22313130302E302220793D223333302E30223E3C2F6F6D6764693A776179706F696E743E0A20202020202020203C6F6D6764693A776179706F696E7420783D22313139302E302220793D223333302E30223E3C2F6F6D6764693A776179706F696E743E0A20202020202020203C62706D6E64693A42504D4E4C6162656C3E0A202020202020202020203C6F6D6764633A426F756E6473206865696768743D2231342E30222077696474683D2232332E302220783D22313133342E302220793D223331322E30223E3C2F6F6D6764633A426F756E64733E0A20202020202020203C2F62706D6E64693A42504D4E4C6162656C3E0A2020202020203C2F62706D6E64693A42504D4E456467653E0A2020202020203C62706D6E64693A42504D4E456467652062706D6E456C656D656E743D22466C6F775F316B79686E6C7A222069643D2242504D4E456467655F466C6F775F316B79686E6C7A223E0A20202020202020203C6F6D6764693A776179706F696E7420783D223930352E302220793D223333302E30223E3C2F6F6D6764693A776179706F696E743E0A20202020202020203C6F6D6764693A776179706F696E7420783D22313030302E302220793D223333302E30223E3C2F6F6D6764693A776179706F696E743E0A2020202020203C2F62706D6E64693A42504D4E456467653E0A2020202020203C62706D6E64693A42504D4E456467652062706D6E456C656D656E743D22466C6F775F3175766A336473222069643D2242504D4E456467655F466C6F775F3175766A336473223E0A20202020202020203C6F6D6764693A776179706F696E7420783D223736302E302220793D223433302E30223E3C2F6F6D6764693A776179706F696E743E0A20202020202020203C6F6D6764693A776179706F696E7420783D223838302E302220793D223433302E30223E3C2F6F6D6764693A776179706F696E743E0A20202020202020203C6F6D6764693A776179706F696E7420783D223838302E302220793D223335352E30223E3C2F6F6D6764693A776179706F696E743E0A2020202020203C2F62706D6E64693A42504D4E456467653E0A2020202020203C62706D6E64693A42504D4E456467652062706D6E456C656D656E743D22466C6F775F31323465387A33222069643D2242504D4E456467655F466C6F775F31323465387A33223E0A20202020202020203C6F6D6764693A776179706F696E7420783D223736302E302220793D223230302E30223E3C2F6F6D6764693A776179706F696E743E0A20202020202020203C6F6D6764693A776179706F696E7420783D223838302E302220793D223230302E30223E3C2F6F6D6764693A776179706F696E743E0A20202020202020203C6F6D6764693A776179706F696E7420783D223838302E302220793D223330352E30223E3C2F6F6D6764693A776179706F696E743E0A2020202020203C2F62706D6E64693A42504D4E456467653E0A2020202020203C62706D6E64693A42504D4E456467652062706D6E456C656D656E743D22466C6F775F31797871626530222069643D2242504D4E456467655F466C6F775F31797871626530223E0A20202020202020203C6F6D6764693A776179706F696E7420783D223533302E302220793D223335352E30223E3C2F6F6D6764693A776179706F696E743E0A20202020202020203C6F6D6764693A776179706F696E7420783D223533302E302220793D223433302E30223E3C2F6F6D6764693A776179706F696E743E0A20202020202020203C6F6D6764693A776179706F696E7420783D223636302E302220793D223433302E30223E3C2F6F6D6764693A776179706F696E743E0A2020202020203C2F62706D6E64693A42504D4E456467653E0A2020202020203C62706D6E64693A42504D4E456467652062706D6E456C656D656E743D22466C6F775F307A7A30753967222069643D2242504D4E456467655F466C6F775F307A7A30753967223E0A20202020202020203C6F6D6764693A776179706F696E7420783D223533302E302220793D223330352E30223E3C2F6F6D6764693A776179706F696E743E0A20202020202020203C6F6D6764693A776179706F696E7420783D223533302E302220793D223230302E30223E3C2F6F6D6764693A776179706F696E743E0A20202020202020203C6F6D6764693A776179706F696E7420783D223636302E302220793D223230302E30223E3C2F6F6D6764693A776179706F696E743E0A2020202020203C2F62706D6E64693A42504D4E456467653E0A2020202020203C62706D6E64693A42504D4E456467652062706D6E456C656D656E743D22466C6F775F30323666766E71222069643D2242504D4E456467655F466C6F775F30323666766E71223E0A20202020202020203C6F6D6764693A776179706F696E7420783D223434302E302220793D223333302E30223E3C2F6F6D6764693A776179706F696E743E0A20202020202020203C6F6D6764693A776179706F696E7420783D223530352E302220793D223333302E30223E3C2F6F6D6764693A776179706F696E743E0A2020202020203C2F62706D6E64693A42504D4E456467653E0A2020202020203C62706D6E64693A42504D4E456467652062706D6E456C656D656E743D22466C6F775F30346B63616A63222069643D2242504D4E456467655F466C6F775F30346B63616A63223E0A20202020202020203C6F6D6764693A776179706F696E7420783D223238302E302220793D223333302E30223E3C2F6F6D6764693A776179706F696E743E0A20202020202020203C6F6D6764693A776179706F696E7420783D223334302E302220793D223333302E30223E3C2F6F6D6764693A776179706F696E743E0A2020202020203C2F62706D6E64693A42504D4E456467653E0A2020202020203C62706D6E64693A42504D4E456467652062706D6E456C656D656E743D22466C6F775F30306365786561222069643D2242504D4E456467655F466C6F775F30306365786561223E0A20202020202020203C6F6D6764693A776179706F696E7420783D223132382E302220793D223333302E30223E3C2F6F6D6764693A776179706F696E743E0A20202020202020203C6F6D6764693A776179706F696E7420783D223138302E302220793D223333302E30223E3C2F6F6D6764693A776179706F696E743E0A2020202020203C2F62706D6E64693A42504D4E456467653E0A202020203C2F62706D6E64693A42504D4E506C616E653E0A20203C2F62706D6E64693A42504D4E4469616772616D3E0A3C2F646566696E6974696F6E733E, 0);
INSERT INTO `ACT_GE_BYTEARRAY` VALUES ('d28a86bf-1cd8-11ec-acd8-3ae4f1d3c3af', 1, 'flowContract.flowContract.png', 'd273a35d-1cd8-11ec-acd8-3ae4f1d3c3af', 0x89504E470D0A1A0A0000000D4948445200000774000002260806000000AB78BB71000069854944415478DAECDD07981D55D938F05014AC34FB5F6CE0A7D83F15151B114114145009D98426862F8496DD0D298A88A11B5BB27743899F48533F0145098A81ECBD1702482F22016921B484D02142820AF39F77D859EE6E76934DB26576F7F77B9EF3E496B96577DF9C79CF79E7CC0C1B06000000000000000000000000000000000000000000000000000000000000000000000000000000000000000000000000000000000000000000000000000000000000000000000000000000000000000000000000000000000000000000000000000000000000000000000000000000000000000000000000000000000000000000000000000000000000000000000000000000000000000000000000000000000000000000000000000000000000000000000000000000000000000000000000000000000000000000000000000000000000000000000000000000000000000000000000000000000000000000000000000000000000000000000000000000000000000000000000000000000000000000000000000000000000000000000000000000000000000000000000000000000000000000000000000000000000000000000000000000000000000000000000000000000000000000000000000000000000000000000000000000000000000000000000000000000000000000000000000000000000000000000000000000000000000000000000000000000000000000000000000000000000000000000000000000000000000000000000000000000000000000000000000000000000000000000000000000000000000000000000000000000000000000000000000000000000000000000000000000000000000000000000000000000000000000000000000000000000000000000000000000000000000000000000000000000000000000000000000000000000000000000000000000000000000000000000000000000000000000000000000000000000000000000000000000000000000000000000000000000000000000000000000000000000000000000000000000000000000000000000000000000000000000000000000000000000000000000000000000000000000000000000000000000000000000000000000000000000000000000000000000000000000000000000000000000000000000000000000000000000000000000000000000000000000000000000000000000000000000000000000000000000000000000000000000000000000000000000000000000000000000000000000000000000000000000000000000834CE389D52D1B7FF6D757AC6ABBC9D32E7FCD4127565FDDDDE7279D587D93DF2E000000000000402A8AA9F5A5CA5F56D6F2826B7A7B7C6373F93BD11A9ACBB736942A67B4DD2F951B3A7BFFC6E66A7D7DA97A40C7C70F3CE9B24D1A9A2BA7C7EBEA9BAB7BA5EFF5C7A953A7AE9B3E76F7CABE6FFD8CF2E7D36D4FE9ECB9F4BDFEB7CB9FA3A9F2B3EEFE4EE27B747CECD0D2851BACF858F5AD63675DF7325104000000000000F48AD6C2EA8D8DCD977EB0B316CFC536B16D43A9B2736373A5B1A154BEB9A1B9BA5BD64A953BD3FB07C6739DBD7F7DA932A9B1A9BA6FC7C763756F1466EB9BAA273496AACDF5A5F2110DD3E7BD397DEC9186A6F2D4688DA5F22756785DA9B26D146E3BFBAC6CD570FEBD9BCA13E3FDF3FB8796CA5B74DC7ECAACB91BA5DBDC54DF5C1D993D9024EBA4F74F4ADBC28652F5C2F83EAD3FC3F8F899D3CFBE62C439E7AC973DD65CD9B1A1A97A717E1F000000000000A0C76505DD52E5F286A6CA842850B66F5951F4F2D8A6B1A9B247AC9E6D2C5516A48FDD17B75BDB03F9EDC6A66A5DC7F7AF6FAA9E5C5FAA4EE9F8F884A6CA4EE9FBDC92B6246D8BE273D2CF189BFE5B6E2D10DF7E68A9E57DB16DAC988DEDE3766D4137FD8EDF1B3BEB825776F67365DFB7A97274573FF7D4D3AA1B3694AAF3E2F30F69BEF49DADEF77707A7F4EB652B8A9F2DD585D9C1579D39FB1F16773364D9F9B3BBEA9FA81F14D97BE3BBD7DFDC1335B36134100000000000040AFC90BBA71EDDAFA1995F7B46F2D6FCC0BBAB16DC3F44BB74AEFFFAAA1543EADB6353695CFCA8BAF1DC5AAD6F435F7765CC97A48F3C56FA92F956F489F3B3BDDE6BAACF0DB54F9657ABBE5B099E5B7C7E7BCF41E2D9F8BC75BDFEFA5826E9CF2B9A932F6C5EF56DD380AB3794BDFFB90F4F999B58FC536B1EDD4A9D5F51B4AD5D9E9F3A7A6EDE1EC435E2CDCDE1D9F1577EB9B2BBB3496AAE7642B899BCBB7B6AEE65D38F1E48BDE90BEF69AF477F321D103000000000000F4AABCA03B79DAE5AF7971A56C143AB362E7A22880B62BE83697B78B226CDA7E52DB62B56A3CD7F1BDA3E819AB70EB9BABE7D53757BE59FB5CEB299B87D7972AC74D28553F35E1C44B374FB7AD66AB669BAAFB37962A47E5DBA6B79BD2F718D37ABBADA09BBEFFD6F1FED9ED99D5AF66D7E47DA95D9A3EF7B7768FC569A15F2CDCA6B7ABD3E33B3436952F88D71FD65C7D6F149EDBBE5F536542FA593FCA3EB3B9FC9DF8191A4BE5AFC5B57ED3D7EE9EBEC767C63755BEE81ABA00000000000040AFC90BBA87962E7C6D1453F3C7A3B89A3F575BD06D68AE5C15C5D6DA966E7375C7826E9CB6B8BEB9F2E76C75ED89D52DA3C01A2B63F3E71B4BE52FA5AFBB287DFDE3E9BFBF8FCF8EE26876AAE452E5A986E9D58FC476F54D73DF969DD6B975756DC76BE8C6678F6F2A7FBAE3CFD5D529971B9BCBE3D2D73C9D1574E354D3A5CAF5F533CA9F6F2DD6FEA9F6E78FF768F7DA52F598F4E73C36AEB91B2B86E37B64A76506000000000000E80DED0BBA95875E3A9572E5A18E05DDFA52657CACAACD56ACA6B763E56C763DD9E6F257EA9BAB7BD5BE6F3CD758AA36E7F71B9A2BC7A7AFF9CB4127565FFDD236D5735EBC5E6EB9A1A1A93CB575BBCFA49FF9EFC6E92DEFCAEE972A3F6D6CAE1C54F3BEED0BBA4DE5BDD336A3E3CFD5554137BEEF84A6962F448BEBF4A6AF3D344EA3DC5A38BE2ABB7E6EFAF3E4B7DB3E2756E596AAB363856FFADEBF8B4275FAF34C8ADF8528020000000000007A455EB48DDBD929966B5A142FE314CBD93633CB1F4DB7BBECD052798B28764EFCF145AFCAAE7B3BB3658728A8C6E98DE314C88D3F9BB36943A9FC87B87E6DED8ADCECFD63756B5C3777FABC3767F7A3185BAA2C4FDB7FEA4BD50362556E5CAF367DFDA8EC74C9E97687962EDCA0B6B01A85E3C652E5E7F9FD58D53B76D605AFECF8734511B8F6B4CD1DBD781DDDCAD238D574DB6B4AD5E6F4B3EF8855BBB5D7046E3D75F4B551F4CEEE972A47A6F77F9BFE7B5B5C0B581401000000000000BD62CAACB91BD59E6A3917D79BCDAE7F5B2ADF90AD4A2D55B78FD5B1AD85D039F5A5CA9551088E7F273455769A50AA7CB86166CB3651EC8CE26C579FD7D854199B3E3F2556C6C6F568E3D4CB07CF6CD92C5E97ADD8CD4FB53CB36587FAA6EA096DAF9BDEF2AE28A0468BD32377F9FECDD58F67A7802E55FE1EA7525EDDDF47ED0AE2B6DFC5F44BB7EA58B88D9FB7B6180C00000000000000000000000000000000000000000000000000000000000000000000000000000000000000000000000000000000000000000000000000000014445D5D5DA2699AA6699AA6699AA6699AA6699AD6D3CDEC2B00400F1574FD1600000000809E64DE1100406205000000001494794700008915000000005050E61D0100245600000000404199770400905801000000000565DE1100406205000000001494794700008915000000005050E61D0100245600000000404199770400905801000000000565DE1100406205000000001494794700008915000000005050E61D0100245600000000404199770400905801000000000565DE1100406205000000001494794700008915000000005050E61D0100245600000000404199770400905801000000000565DE1100406205000000001494794700008915000000005050E61D0100245600000000404199770400905801000000000565DE1100406205000000001494794700008915000000005050E61D0100245600000000404199770400905801000000000565DE1100406205000000001494794700008915000000005050E61D0100245600000000404199770400905801000000000565DE1100406205C0109424C9CB172C5870CE95575EF9AF72B99CCC9D3B57EBE396FEDE5F98376FDEA24AA5B2AB88040000BA62DE1100406205C010B460C18273E7CD9B972C59B22459B66C59F2DC73CF697DDCE2F71EBFFF4B2EB9E4A9B973E7EE2C2A010080CE987704009058013004C5CADC28262AACF67F5BBC78F1A373E7CEBD46540200009D31EF080020B10260088AD32C5B995B9C95BA73E7CE5D2E2A010080CE987704009058013004C5355C15538BD3E2EF212A010080CE98770400905801300475B7A0FBCF2717270BAE3D2D99DF7274D6E2763CA608ABA00B0000F40DF38E0000122B0086A0EE1474973EF16072CB45DF4FFEF6E749ED5A3C16CF29C42AE8020000BDCFBC230080C40A8021A83B05DDFBE7CF5EA1989BB707E65FA010ABA00B0000F401F38E0000122B0086A0EE14746FAB4EEBB2A01BCF29C42AE8020000BDCFBC230080C40A8021A83B05DD5BE64EEDB2A01BCF29C42AE8020000BDCFBC230080C40A8021484157411700001818CC3B020048AC001882BA53D09DDF72749705DD784E215641170000E87DE61D01002456000C41DD29E8DE79C5CC2E0BBAF19C42AC822E0000D0FBCC3B020048AC001882BA53D07DECC19B935B2EFEC18AA75B4E1F8BE714621574010080DE67DE1100406205C010D49D826EB47BAE3B7385826E3CA608ABA00B0000F40DF38E0000122B0086A06E1574972F4FEEFCEBC92B9E6E397D2C9E538855D00500007A9F7947000089150043D0AA0ABA4B9F7830B9E38AE62EAFA11BCFC5368AB10ABA000040EF32EF080020B1026008EAB2A0BB7C79B2F8CE4AF2F739877759CCCD5B6C13DB5AADABA00B0000F41EF38E0000122B0086A0CE0ABAAB5A956BB5AE822E0000D0F7CC3B020048AC0018823A2BE8766755EECA56EB2ACC2AE80200003DCFBC230080C40A8021A8B382EE9A1673F3A630ABA00B0000F43CF38E0000122B0086A02EAFA1AB29E80200008562DE1100406205C010A4A0ABA00B00000C0CE61D01002456000C410ABA0ABA0000C0C060DE1100406205C010A4A0ABA00B00000C0CE61D01002456000C410ABA0ABA0000C0C060DE1100406205C010A4A0ABA00B00000C0CE61D01002456000C410ABA0ABA0000C0C060DE1100406205C010A4A0ABA00B00000C0CE61D01002456000C410ABA0ABA0000C0C060DE1100406205C010A4A0ABA00B00000C0CE61D01002456000C410ABA0ABA0000C0C060DE1100406205C010A4A0ABA00B00000C0CE61D01002456000C410ABA0ABA0000C0C060DE1100406205C010A4A0ABA00B00000C0CE61D01002456000CAEFD51356DC357B59D82AE822E00003060C679C60B0000122B0006D3FEA8B5ADB4B0ABA0ABA00B00000C9C719EDF020080C40A8041B43FEAD03A2DEC2AE82AE802000003679CE7B7000020B1026010ED8FBA68ED0ABB0ABA0ABA0000C0C019E7F92D000048AC001844FBA355B4ACB0ABA0ABA00B00000C9C719EDF020080C40A1862FD95A615B1A0BB6CD9B264E9D2A5ABDC6ED1A245C96DB7DDB65AEFBD64C992E4CA2BAFECF2F9471E7924993F7F7E767BE1C285C9934F3E997D9F7FFCE31FDDFA4E6BDBC4E4E06FF63E000098770400905801E8AF28CC2997CF3AEBACE4A73FFD6997EDF4D34FCFB6BBFCF2CB937DF7DD37F9D8C73E96BCE215AF480E3AE8A0E4FDEF7F7FF2BEF7BDAF5D5BBE7C79B278F1E2E4B2CB2E4B76DB6DB7E4831FFC60763BDAF7BFFFFD76DBC6674771F684134E686B3BEFBC73B2EEBAEB26C71E7B6CBBC7EFBCF3CEEC7BFCFAD7BF4E5EFFFAD767B737DA68A3E4ECB3CF4E1E7CF0C1F8BF925C77DD7556E8A2DF0500403E090020B102D05FD1337FDF95157273BD5DD0DD6FBFFD92ADB7DE3A6B1FF8C007B2C268FC9B3F16DF2DB6AB56ABC92EBBEC92ACB3CE3AC911471C915C73CD35D9B651F43DEFBCF392638E3926BB1FAB65CF3CF3CCEC76C7B6CF3EFB249FFDEC67931FFFF8C7D9FDD9B36727E79E7B6EB2FEFAEB275FFEF297BB6CB1ED85175E98DC7DF7DDC9E4C993938D37DE382997CB0ABAE8770100904F020048AC00F457F4DEDF776585DC5C5F9E72394E5B9C7E6472F3CD3777FADCF9E79F9FAD9E3DFEF8E3936BAFBD36DBF6C0030F4C8E3BEEB8E480030E682BE8C6F651783DFAE8A3B315BBDB6DB75D72EAA9A726DFFEF6B793BDF6DA2BF9D18F7E94ADB27DE69967928B2EBA285BE97BCF3DF7642D4EB71CEF138FE78F7DF8C31F4EAEB8E28A64FAF4E9C9061B6C901595DFFBDEF76605DD33CE3823DB265E3375EAD4649B6DB6E9F4FB2BE8A2DF0500403E090020B102D05FB13A7FDF951672734529E8C64ADC57BDEA55D9F3AF7DED6B939FFCE427C937BEF18D766DF7DD77CF0AB877DC714756E07DC73BDE91ADC08DD79C72CA29593137DA873EF4A1AC109CBF779C467958272B7AF3169F5DBB6DED2997E3F9CF7DEE73D9BFF1FDC68D1B977DBE822EFA5D0000E4930000122B00FD15BDAE2805DD6853A64CC99E9F38716252A954B2026EC7162B69C78F1FDF696176871D7648468D1A956CB5D55659C1B7B648BBE9A69B26D75F7F7D766AE5D8360AC1717F8B2DB658A1A01B05E538CD731474E35ABB717DDF784D7CB6532EA3DF0500403E090020B102D05FD1678A52D08D55AF1B6EB861F6FCCB5EF6B2AC307BF8E18767D7C58DC71A1B1BB3FB37DD7453B64A77D6AC59C949279DD4D62EB8E082B6532E5F7DF5D5C9CB5FFEF2E4BEFBEE5BAD15BA71BDDC38FD723CF695AF7CC53574D1EF0200209F0400905801E8AFE85F4529E846E176E79D774ED65B6FBDE4A8A38ECA56C8C6E98D77D96597EC3563C68C490E3AE8A0B6ED63BBCD37DF3CBBD6EDC61B6F9C1560F3826E3C1FD7CD9D366D5A5B4177934D3649AEBAEAAA64F6ECD9D9FBFDE637BFC9EED7AED08D6BF86EBFFDF6C9EB5EF7BAB6532E772CE8FEF39FFF54D045BF0B00807C1200406205A0BFA26F14A5A07BDC71C76505D328D456ABD5E4E1871FCE0ABABBEDB65BF69AFDF6DB6F8582EE9C3973B2DB871C72485B4177DB6DB74D264F9E9C6CB6D9665931766DAFA1DBB1A0BBC71E7BB4DB5E4117FD2E0000F2490000891580FE8A5ED39B05DDD34F3F3D2BB0E66DEBADB7CE0AA39FF8C427DA3DFECB5FFE3279F6D967DB0AB551D08D42EA8C193392830F3E387BCD09279C90DDCFBF6F6CB7DD76DB257BEEB967F29EF7BCA7ADA01BD7D9FDC217BE9015831F7BECB16CDB2BAFBC323B6573ACAEBDF3CE3BB3F7BBF6DA6BB3FBF1BE2D2D2DD9760F3DF450B63A380ABAF17C7CC6473EF29164D75D77CD5E3373E6CCE4DDEF7E77D2D4D4A4A08B7E170000F9240080C40A407F45EFEBCD82EE25975C921C79E491AB6C7941B5B6A01BA758FEE4273FB9423BFEF8E3DBB6FBEA57BF9A156EE3F4CA1D4FB9DC555BB87061569CBDF1C61B5778EE17BFF845F6DCD7BFFEF5EC9ABC6F7DEB5BB3F72F97CB59113A9E7BCB5BDE92CC9F3F5F4117FD2E0000F2490000891580FE8ADED797A75CEE4EBBF7DE7BBB759DDABBEEBA2B59BA7469DBCADA458B16258B172FCEFE5DD9EB9E79E699E49A6BAE697B6D6D8BCF8DF788DBCB972F5FE1F9A79E7AAAD3C71574D1EF0200209F0400905801E8AFE815452BE80EF5A6A0ABDF050000F9240080C40A407F451B055D055DF4BB0000C8270100245600FA2B0A4A41574117FD2E0000F2490000891580FE8A8252D055D045BF0B00807C1200406205A0BFA2A014741574D1EF0200209F0400905801E8AF2828055D055DF4BB0000C8270100245600FA2B0A4A41574117FD2E0000F2490000891580FE8A8252D055D045BF0B00807C1200406205A0BFA2A014741574D1EF0200209F0400905801E8AF2828055D055DF4BB0000C8270100245600FA2B0A4A41574117FD2E0000F2490000891580FE8A8252D055D045BF0B00807C1200406205A0BFA2A014741574D1EF0200209F0400905801E8AF2828055D055DF4BB0000C8270100245600FA2B0A4A41574117FD2E0000F2490000891580FE8A8252D055D045BF0B00807C1200406205A0BFA2A014741574D1EF0200209F0400905801E8AF2828055D055DF4BB0000C8270100245600FA2B0A4A41574117FD2E0000F2490000891580FE8A8252D055D045BF0B00807C1200406205A0BFA2A014741574D1EF0200209F0400905801E8AF2828055D055DF4BB0000C8270100245600FA2B0A4A41574117FD2E0000F2490000891580FE8A8252D055D045BF0B00807C1200406205A0BFA2A014741574D1EF0200209F0400905801E8AF28A872B9FCC2B265CB14530BD0D2BFC3A2B973E72E1795FA5D0000904F020048AC00F45764E6CD9BB768C992250AAA0568F7DE7BEF6FE7CE9D7B8DA8D4EF0200807C1200406205A0BF2253A95476BDE4924B9E5ABC78F1A356EAF6DBCADCC50B172EFCCDDCB973EF4BDBCEA252BF0B0000F2490000891580FE8A3651448C95A1697B2EAEE1AAF5797BAEF5F7AF98ABDF050000F9240080C40A407F05A0DF0500403E090020B102D05F01A0DF0500403E090020B102D05F01E8770100904F020020B102F45700E8770100904F020048AC00F45700FA5D0000904F020048AC00FD1500FA5D0000E4930000122B00FD15807E170000E4930000122B00FD15807E170000F9240000122B407F05807E170000F9240080C40A407F05A0DF0500403E090080C40AD05F01A0DF0500403E090020B102D05F01E8770100403E090020B102D05F01E8770100904F020048AC00F45700E8770100904F020048AC00F45700FA5D0000E493000048AC00FD1500FA5D0000E4930000122B00FD15807E170000E4930000122B407F05807E170000F9240080C40A407F05A0DFF55B0000403E090020B102D05F01E8770100904F020020B102F45700E8770100904F020048AC00F45700FA5D0000E493000048AC00FD1500FA5D0000E4930000122B00FD15807E170000E4930000122B00FD15807E170000F9240000122B407F05807E170000F9240080C40A407F05A0DF0500403E090080C40AD05F01A0DF0500403E090020B102D05F01E8770100403E090020B102F457FA2B00FD2E0000F2490000891580FE0A00FD2E0000F2490000891580FE0A40BF0B00807C1200008915A0BF0240BF0B00807C1200406205A0BF02D0EF0200209F944F020048AC00FD1500FA5D0000E4930000122B00FD15807E170000E4930000122B00FD15807E170000F9240000122B407F05807E170000F9240080C40A407F05A0DF0500403E0900C0AA93A86A2452AB6855BF29C0401000FD2E0000F2490080BE4FA28677A3A03BDC6F0A30100440BF0B00807C1200A07F12A9AAD5B980812000FA5D0000E4930000C54CA4865B9D0B180802A0DF0500403E090050DC64AA6A752E602008807E170000F92400403193A9E156E702068200E8770100904F02001437A1AA5A9D0B180802A0DF0500403E090050CC846AB8D5B980812000FA5D0000E4930000C54DAAAA122BC0401000FD2E0000F2490080622655C3255680812000FA5D0000E49300C0A09324C9CB172C5870CE95575EF9AF72B99CCC9D3B7740B648AC06EA774F7FEF2FCC9B376F51A552D955FCCDD5C49F812000FA5DE493F249C4BDB817A79A38954FA25FD3F46B00B97427746EDA09264B962C49962D5B963CF7DC735A1FB7F8BDC7EFFF924B2E792ADD31ED2CFE34F1672008807E17F9A47C12712FEEC5A9264EE593E8D734FD1A40268E288A4ED00EA1FFDBE2C58B1F4D7744D7883F4DFC190802A0DF453E299F44DC8B7B71AA8953F924FA354DBF069089D34338A2A8384718A53BA2E5E24F137F068200E877914FCA2711F7E25E9C6AE2543E897E4DD3AF0164E2DCF37602C569F1F7107F9AF833100440BF8B7C523E89B817F7E25413A7F249F46B9A7E0D60B57644FF7C7271B2E0DAD392F92D47672D6EC763761E7644E24FFC61200850A03EB61AFDEC2A5AD56F4A3E299F944F8A7B4DDC8B53718A713CFA35FD1AC0A0DA112D7DE2C1E4968BBE9FFCEDCF93DAB5782C9EB303B123127FE20F03418082F4B1C3BB51D01DEE37259F944FCA27C5BD7815F7E2549C621C8F7E4DBF0630A87644F7CF9FBDC24E286F0FCCBFC00EC48E48FC893F0C04018AD4CF56ADCE954FCA27E593E25EDC8B7B71AA8953E378F46BFA358021B523BAAD3AADCB1D513C6707624724FEC41F06820005EA67875B9D2B9F944FCA27C5BDB817F7E25413A7C6F1E8D7F46B00436A4774CBDCA95DEE88E2393B103B22F127FE30100428585F5BB53A573E299F944F8A7B712FEEC5A9264E8DE3D1AFE9D700EC88EC88EC88C49FF8C34010A0987DED70AB73E593F249F9A4B817F7E25E9C6AE2D4381EFD9A7E0D60C8EC88E6B71CDDE58E289EB303B123127FE20F03418002F6B755AB73E593F249F9A4B817F7E25E9C6AE2D4381EFD9A7E0D6048EC88EEBC6266973BA278CE0EC48E48FC893F0C04010AD8DF0EB73A573E299F944F8A7B712FEEC5A9264E8DE3D1AFE9D70086C48EE8B1076F4E6EB9F8072B9E26227D2C9EB303B123127FE20F03418082F6B955FDAE7C523E299F14F7E25EDC8B53712A4E8DE3D1AFE9D70006FD8E28DA3DD79DB9C28E281EB3F3B023127FE20F03418002F7B9C3478C18A1DF954FCA27E593E25EDC8B7B712A4E318E47BFA65F0318E43BA2E5CB933BFF7AF28AA789481F8BE7EC40EC88C49FF8A3DBB66D1D086EEB5701D037FDEE861B6EA8DF954FCA27E593E25EDC8B7B712A4E318E47BFA65F0318BC3BA2A54F3C98DC71457397E7FE8FE7621B3B113B22F127FE58F520306D4BD236B1F55F834100FD2EF249F924E25EDC8B53712A4EE593E8D734FD1AC01AEE88962F4F16DF5949FE3EE7F02E7742798B6D625B4719D911893FF1C72A0781DB76711F00FD2EF249F924E25EDC8B53712A4EE593E8D734FD1A40F77644AB3A9AC851467644E24FFCB15683C0553D0E807E17F9A47C12712FEEC5A93815A7F249F46B9A7E0DA0EB1D51778E265AD9514676287644E24FFCD1EDC19EC120807E17F9A47C12712FEEC5A93815A7F249F46B9A7E0D60F576446BBA13CA9B1D8A1D91F8137FACD620CF601040BF8B7C523E89B817F7E2549C8A53F924FA354DBF06D0FD1D91664724FEC41F7D3608341804D0EF229F944F22EEC5BD38D5C4A97C12FD9AA65F1B34BEF5AD6F6D5C5757B7FBC891234BE9BFE5B4DD93B667D396B4FE1BF7CBADCFEF1EDBFBAD0D414F3DF5D4A6B367CF3E7AE6CC997F3BEAA8A31E9D3265CAB2030F3CF085089471E3C6FD7BE2C4894F7FEF7BDFBBEFE8A38FBE60D2A4495F4E5FB28E1D911D801D91F8D32442FD3808341804D0EF229F944F1640E389D52D1B7FF6D757887BCD384A9C8A53F9E460C927BBBB6F9B3CEDF2D71C7462F5D5DD7D7ED289D537ADECFD0E2D5DF8DA29B3E66EA45FD3F46B033FF75C1DA3468DDAA1AEAEEEBCB43DD75ABCED6E8BEDCF8BD7DB250D01575F7DF5B81933663C78C001072453A64C49CE3DF7DCE4FAEBAF4FEEBEFBEEE4B1C71E4B42FC1BF7E3F1787EF2E4C92F8C1933E6B94993265D347AF4E87749B0353B22F127FEE8A741A0E202807E17F9A47CB287C484737DA9F29795B57C523ABD3DBEB1B9FC9D680DCDE55B1B4A9533DAEE97CA0DE25E338E12A7E2543E59847CB2B7F76D8DCDD5FAFA52F5808E8F1F78D2659B3434574E8FD7D53757F74ADFEB8F53A74E5D377DECEE957DDFF80EF5A5F2219D3D97BED7FF76F97334557ED6DDDF497C8F8E8F1D5ABA7083151FABBE75ECACEB5EA65FD3AFC93D7BCFA851A3B6A9ABABBB6A358BB85DB5ABE2FDEC9E06A19B6FBE79A7934E3A69D1D8B16393DFFFFEF7C9238F3C92AC8ED83E5E3766CC987F3536369E9306CAEB24D89A1D91F8137FF4D2202EA9698A0B00FA5DE493F2C95ED03AF97C6363F3A51FECACC573B1CD8B93CA959D1B9B2B8D0DA5F2CD0DCDD5DDB256AADC99DE3F309E13F79A71943815A7433E9FECCBF7E9B77D5B7DA932A9B1A9BA6FC7C763F560FA9A53EA9BAA273496AACDF5A5F2110DD3E7BD397DEC9186A6F2D4688DA5F22756785DA97278637379BFCE3E2B5B95987FEFA6F2C478FFFCFEA1A5F2161DB78F95BEE93637D5375747BE98E127EBA4F74F4ADBC28652F5C2F83EAD3FC3F8F899D3CFBE62C439E7AC973DD65CD9B1A1A97A717E5FBFA65F937BF6AC6F7DEB5B1B8E1C39F2C4BABABA173A16661B1A1A925FFFFAD72B5D7819CFC7769D14755F88F78DF7B7AB1A04D2BFFB7A175E78E1EC28E49E71C619C9D2A54B93B511AF8FF74903E4D9BDF6DA6B3709B626C1167FE28F5E18BC75A7B0A0B800A0DF453E299F5CDB49B552E5F286A6CA8498C46DDFB289E3CB639BC6A6CA1EB1C2A8B15459903E765FDC6E6D0FE4B71B9BAA75E25E338E12A7E27448E793FDF57E7DBA6FAB6FAA9E5C5FAA4EE9F8F884A6CA4EE9FBDC92B6246D8BE273D2CF189BFE5B6E2D40DD7E68A9E57DF54D73DFD6582A7F296FE9E3673796AAC7D43E76D8CCF2DB3BBE7FF67D9B2A4777F5734F3DADBA6143A93A2F3EFF90E64BDF198FA53FF3C1E9FD39D94AE1A6CA7763757156E44D7FC6C69FCDD9347D6EEEF8A6EA07C6375DFAEEF4F6F507CF6CD94CBFA65F937BF6BCBABABACD478D1AF5B7DA42ECE8D1A39359B366250F3CF0C06AD5E762FB785DBCBE4361F7A6F81CBBAC012CFDFB6E7CD65967DD71F0C107270B162C487A52BCDFD8B163978D1933E62809B626C1167FE28F1E1EB475B7B0A0B800A0DF453E299F5CCB49B5B8BE5FFD8CCA7BDAB79637E6936AD9A4F0F44BB74AEFFFAAA1543EADB6353695CF8A096A71AF19478953713AE4F3C922BC6FAFEFDB62556BFA9A7B3BAE643DA4F9E2B7D497CA37BC58A0AD5C97157E9B2ABF4C6FB74481363EE7C5D7B77CAEA1A932ADAD952A8F6545AB9AC7D2D77EB6617A75E328CCE62D4ECB9C6E3BB3F6B1D826DE73EAD4EAFA0DA5EAECF4F953D3F6706B61609D170B622D9F8BBBF5CD955D1A4BD573B295C4CDE55B5B57F32E9C78F2456F485F7B4DFABBF9907E4DBF26F7EC79A3468D7A6FDA1EAC2DBE4E9B362DB9FFFEFBD7AA3E17AF8FF7E950D4BD3F3ECFAE6B008A626EA9547AE288238E489E78E289A437C4FB4E9932E5D97DF6D9E74C09B626C1167FE28F1E1CACAD4E6141710140BF8B7C523EB916936A93A75DFE9A175713C564703621BC282689DB4DAA3597B78B89EAB4FDA4B6C58A9E784EDC6BC651E2549C0EF97CB210EFDF9BFBB6287AC62ADCFAE6EA79F5CD956FD63ED77A4AD8E1F5A5CA71134AD54F4D38F1D2CDD36DABD9AAD9A6EAFE8DA5CA0A8BA226942EFDEF749BBBD26DFE1AA7576EF75933AB5FCDAEC9FB52BB34DDF66FED1E8BD3CEBE58B84D6F57A7C777686C2A5F10AF3FACB9FADE283CB77DBFA6CA84F43BFC286EC73548E367682C95BF16D7FA4D5FBB7BFA1E9F19DF54F9A26BE8EAD7E49E3DA77565EE83B5AB7267CF9EDDA335BA78BF0EAB75EFB752778089D32C9F75D65977463137FED3F6A678FF8913273EB9E79E7B7E4F82AD49B0C59FF8A3870669AB5B58505C00D0EF229F944FAEE1A4DAA1A50B5F1B13CE6D93BEA54A357FAE7652ADA1B972554C48D7B6749BAB157435E328712A4E07753EB94EDAF66DFD776D74F63E3D9E4FF6D6BE2D4E5B5CDF5CF973AC788DE26B145863656CFE7CEBE9932F4A5FFF78FAEFEFE3B3A3389A9D3AB65479AA617AF5231DBF6BAC98CD4E3DDB5CF94C145857F6737575CAE5C6E6F2B8F4FD9FCE0ABA712ADB52E5FAFA19E5CFB7166BFF54FBF3C77B74F8FC63D29FF3D8B8E66EAC246E2895FF373B2DB37E4DBF26F75C6B714DDBDAD32CEFB7DF7EC98D37DED82B35BA78DF78FFDAD32FBBA6EE0012D7CC3DE490437A6D656E672B75F7DF7FFFA7D340D94582AD49B0C59FF8A30706676B5258505C00D0EF229F944FAEF1A45AE5A1974E675779A8E3A45A7DA9323E561E65AB7AD2DB8DA54A5376CDBDE6F257EA9BAB7B897BCD384A9C8AD341994F46F1F5D4D61CF1D4616B5ED45DD9FBF4683ED95BFBB678AEB1546DCEEF3734578E4F5FF397834EACBEFAA56DAAE7BC78BDDC72434353796AEB769F493FF3DF8DD35BDED5EEFD9AAA7551C4CA4FDD1CA7914D3FE3F0AE7EAEAE0ABAF17D2734B57C215A5CA737FDDC43E334CA71ADDE288665D7CF4D7F9EFC76DBF78F55B9A5EAEC58E19BBEF7EFA2509DFE3C93E277A15FD3AFC93DD7DEC891234FAC5D99DB5BC5DCDAA26EED4ADDF87CBBB30120FDC3ED3C76ECD81EBF666E77AEA9BBD75E7B3D3162C488D74BB03509B6F8137FACE5A06C4D0B0B8A0B807E57BF8B7C523EB99A936AD9C46E9CE6AEA6C5046F9CE62EDB6666F9A3E976971D5A2A6F1113C2137F7CD1ABB26B03CE6CD9A1A1A93C234E01593FA3656B71AF19478953713AE8F2C97D3BE4896B52D4AD2DE6E66D9FDECA277B7ADFD6F8B3399B3694CA7F88EBD7D6AEC8CDDE3F56B7C67573A7CF7B7376BFA9BC77BADDF2B4FDA7BE543D2056E5C6F56AD3D78FCA4E979C6E17AB76D3CF2BA58FDD91BF2E4C9D7ACECB5B4FA3FCDBB1B32E7865C79FABB1B9725067A76D7EE9F5711DDDCAD238956DDB6B4AD5E6EC734A95EB6BAF39DA7AEAE86BA3A896DD2F558E8CCF4DFFBD2DAE05AC5FD3AFC93DD7CEA851A3B6A9ABAB7B3E2FAE5E70C1057D52A38BCFA959A5FB7C7C0F9956C19D74D2498BCE38E38CA43F9C7CF2C98BD2406992606B126CF127FE1415D67230B6368505C50540BFABDF453E299FEC8629B3E66E547BBABBB609EA5265E7EC1A81A5F20DD9CA9D5275FBC65265DBD6C9E239F5A5CA95311917FF4E68AAEC34A154F970C3CC966DC4BD661C254EC5E9A0CB273B2BC6AE4E51B7B3D7FFA28BD7F7483ED9D3FBB628764671B6ABCF6B6CAA8C4D9F9F122B63E37AB471EAE58367B66C16AFCB56ECB69E6A390A51F54DD5131A9A2B93D3ED4E8D025567EFD7D054F96EED698FD3DB1FCF4E315BAAFC3D4EA5BCBABF8FDA15C46D9F31FDD2AD3A166EE3E7AD2D06EBD7F46B72CF3557575777555E589D366D5A9FD6E8E2F36A8ABA57C9B40AECEAABAF1E17AB739F7EFAE97E29E8C6E7EEBDF7DE4F8D1E3DFA5D126C4D822DFEC49F41E05ABCC7DA1616141700FDAE7E17F9A47C52DC8B37712F4E3571BAF679DC9A167557A7983B74F2C9245947BFA6E9D706AF3DF6D863FBDA532DDF7FFFFD7D5AA38BCFAB3DF5727C1F7F95829A3163C683E79D775ED29FCE3CF3CCBBD340996547A4D911893FF16710D8CF8505C50540BFABDF453E299F14F79AB817A79A385DFBFC6D758BBA6B52CC954FEAD734FDDA80575757775E5E4C9D356B56BFD4E8E2736B56E99EE7AF52404F3FFDF466E3C68D4B1E7EF8E17E2DE8A69FFF9FD1A3472FA9BDC8BA1D91664724FEC49F41603F15160C0601FDAE7E17F9E480CB2707DB785ADC6BC651E2549C0E8A7CB2BB45DDB529E6CA27F56B9ABC73C01A3D7AF426757575CFE5C5D4BE5E9D5BBB4AB7A6A0FB5C7C2F7F9D82F9D39FFE74D49429539222D87FFFFD17A681F2E981F07B4BBF67356DC3ED8824D8E24F33C0EB7E4CF6C160AB270B0B0683C0509F7CD3EF0E62F2C9C1954F3EF4D043EFBCEFBEFB6EB9E1861B9E3BF2C8238F1F3E7CF8FAA25CDC1B4789534D9C16681CBFAAA26E4F1473E593FA354DDE3920E33F7D7EF7BC90DAD0D0D0AF35BAF8FC9AA2EEEEFE8205D3DCDCFCF773CF3DB71005DD534E39E5A634487E3840FE23E641BDD2FF907644126CF1A70D91826EB762B20F06593D5D583018040613FD2EF2C941964FA6C3E8F5EEB8E38EE9CB972F7F3E1F57A7DBFDFBECB3CF7E70BFFDF6FBB44817F7C651E25413A7051AC77755D45D7758CF1573E593FA354DDE39E0E23F7DBC39DFEE57BFFA55BFD6E8E2F36BBE73B3BF60C11C75D4518F5E7FFDF58528E8CE9B37EFE6912347CE1E60FF1157FA1FD28E48822DFEB42156D0EDEE80B0B70657BD51583018040603FD2EF2C941964FDE73CF3DDB2E59B2A4CB6B272D5CB8F05FD3A64D3B77C488111B8978716F1C254E35715A90717C6745DDDB87F56C31573EA95FD3E49D032AFE478D1A55C99FBFEEBAEBFAB546179F9F7F97F85EFE82053379F2E4650B162C284441F7F6DB6F8F532E5F3B40FF2376FA1FD28E48822DFEB4215AD05D5992DE9B83AADE2A2C180C0203997E17F9E420CA2753AFB9EBAEBBFEFCFCF3CFAF728CFD422A7DCDD2C6C6C67D45BDB8378E12A79A382DC838BEB3A26E4F1773E593FA354DDE3960E23FFDF7BEFCF1FEAED5C5E7D77CC7FBFC050B66DCB8712F3CFEF8E38528E83EF6D8634BD320797080FF476CF71FD28E48822DFEB4215ED0ED98A47467309514A0190C0283857E17F9E4206A575E7965F2D4534F2D5BDDB1F6134F3CF1AF534E39E5FA112346BC53DC8B7BE32871AA89D35E18C7AFAE38CD72C795B9B7B73EDE1FF930FA354DDED99FF1FF4C7EBFBF6B75F1F9352B749FF6172C98BDF7DE3BF9F7BFFF5D88826EFA3D9EEE46800FA8D6DF3BA2679E7926EB7CE3DFFEF8FCA79F7E3A3AFEC2EC88065B7CF566FCC5DFEDFEFBEFCF6EDF7BEFBD2BFD3BC6913B0F3CF0C02ADF73D1A245C96DB7DDD6ADCF8FF77BF8E1877B2D16962C5992FDDFE8EAF9471E7924993F7F7E767BE1C285C9934F3E992C5BB62CF9C73FFE912C5DBA54FCAD414B13B964C30D378C41DAC455EC9A8A5C5818D6FAFD6330F84A59045070AF6CEDAF067CBF3BD4F7A143753C1379D7E2C58BFB24F7ECCF1CB1BB2D7E9E9FFCE427C9A38F3EBADA63ED784DBC564C1723EE9F7DF6D9151EBBFBEEBB93871E7AA84FC75C0321EE8DA356DE86529CAE6A7EEB89279E58E1B3632E23E6A5CC37F5C9387E75AC6C85EEA9C37A7685AE7CD2FE7785D6B1FFB9E69A6B92E5CB97AFB0DD3DF7DCD3ABDF43DEA975D6FABB56179F5FF37DFE635AA5600E38E0807F1765856EDA49DD350856E816E65411D1C97FE52B5FC912A29D76DA29BBDF31B17DCF7BDEB3CA9617F5E2FCE95B6EB965A7EDC4134FECF43B6CBBEDB6C997BEF4A5E49FFFFCA723260758FCFDE637BF495EF39AD764B737D86083E4DC73CFED74BB18CCBDF9CD6F4E3EFAD18F26BFFEF5AFDBB5D881C736311177D9659725BBEDB65BF2C10F7E30BB1DEDFBDFFF7EF2BEF7BDAFAD9D75D6596D83C04D36D924F9AFFFFAAFEC3DB6D9669B76DB456B6E6ECEB6FDF18F7FBCC273B52D4F7022013AE18413DADACE3BEF9CACBBEEBAC9B1C71EDBEEF13BEFBC33DB3EBEFFEB5FFFFAECF6461B6D949C7DF6D9C9830F3E98FD7F8AFF0B8E2C5FB3981C66A518405FD3EF52D8F14C4C9ED5E66DEF7FFFFBB349AAFCF9FFFEEFFF4E66CC98D1ABB9671172C4D569E79D775EB2FFFEFB5F5CA9541E79E185179EEFC630FB3FE9EFE3B7DFFEF6B7FF9EFE5D2FB442B7FFE33E62EEAD6F7D6B72FEF9E7B77BFCBDEF7D6FF2C31FFEB04FC65C032DEEADD01D9A71DAB158BBE38E3B663117FFC63C66C7CF9F3C7972B2CE3AEB24A79D765AF6995124D9628B2D92CF7FFEF36DDFE3861B6E10A7BD378E5F9B62EEEDBD5CD4954FEAD7DADA05175C90BCEC652F6B2BA4461F147177D14517B5DBEEEF7FFF7BD6A7C4F3D1AF44DF56DBA64D9BD6969B8D1F3FBEAD1D70C0019DCE4FC60131F24EF1DF55FCC74A582B74E996C30E3BECE9A25C43F7D65B6FBD6E005F43B75017738F24F9B39FFD6CF28E77BC239933674EF2F6B7BF3DBB1F47FEE4DBDC75D75DD90EE088238E4866CE9CB9423BFCF0C3B3E763BBFCA8A05FFDEA57C9E9A79FDEAEBDE52D6F498E3BEEB84EBFC75FFFFAD7E495AF7C653269D22405DD01127FF951B8DD29E8C6D1AF51B48F3879E73BDF99B588B9B8BFFEFAEB67C94A6C77E69967763A79BBCF3EFB64711945D9B83F7BF6EC6C122FDEF3939FFC64F2C52F7E31D975D75DB3D79F7AEAA9592C8D1D3B36BB9D272E13274ECC0ABF31E0AB6DDFFDEE77B3F7CC8FC68DEF1FDFE9CB5FFE72972DB6BFF0C20BB3EF1D83C18D37DE382997CB0ABA3D18937D3098722D4700FD2E03643C73C9259724AF7AD5AB92E9D3A76793F91147318E89D510D1B6DA6AAB64EAD4A96D676DE98DDCB30839E29AE493A3468DDA23FD9DA5C3BB250F7735BE7EFEF9E76F9C366DDAB9E9DFF581D85ED41723EE63BCF5ED6F7F3B8BBB18D7444C45DB6CB3CDB2F8CEEFC7CA1871AFA03B94E334FF2EF7DD775FF2894F7C225B4C103F731469E37EED6ADC58B010F3059B6FBE79561C897FE3A0A078AF982F887F63C142A95412A7FD3B8EEFAC981BD7CC5DB793C77BAAA82B9FD4AFB53BF0248AB3EF7EF7BBB3A26CDCDE7AEBAD93B7BDED6DD9EDDA33101C7AE8A1C9C73FFEF1ECF6D5575F9D1D64182DCE761A31FAF39FFF3C7BEE97BFFC65F2A94F7D2AEBEBF6D8638F6C6153CC67467137F69DF17C6C1FAB82E59DE2BFABF8770D5DBAED88238EB8FFFAEBAF2F4441B7A5A5A53C72E4C8D903EC3FE2CA929D7E29E8C60E288EDE89A4353F3544FC478C9DD51BDFF8C6B6231DF3826E9C02218A671D5B9E48E705DDFC68CCCE92EFAE0ABAD17EFAD39F661335DD39ED8E8160FFC6DF8D37DE98C54E14413B2BE8C6113AF1FC2DB7DC92155E6340F4A637BD2979C52B5E916CB7DD7659C2317CF8F064D34D375DE1C8B648428E3EFAE8EC1426B16D0C0A6380B8D75E7B253FFAD18FB2F78D53271D7FFCF1D9E7C6F67FF8C31FB2F78ACF89E42A622DB68BDBF9CF1605DD612B59F1931774E3FBC4AA8F7C82308EC41BD67A045EFED8873FFCE1E48A2BAEC82615E3678E23F122E623693AE38C33B26DE23531B118AB866FBEF9661311AB19937D30A8EAADC282412030D0E97729DC78260ABA3149B5E79E7BC6D1FF6D93FA1DF3B9830F3EB8D772CF22E4886B9A4F8E183162A3F47777729AB73FF99FFFFCE7D99AA1F5D3D75D77DDE9E9730FA47FDB93623B115F9CB88F03A5A358F5FBDFFF3E99376F5E7656AD68AF7EF5ABB3B8CAEFC744AEB81FF205DD211DA751548EF88B988BD5BCF9D9E3A2C0FB810F7C203BAB57535353F6F9279D7452566C8E79A71D76D8215B2117FFC6FBC79C40ED5C9838EDB7717C57C5DC7556F2FCDA1675E593FAB5762D8AA0115B7160481C3898B798331F5653248DB35C461FF3BBDFFD2E3B80E4B7BFFD6DF6F8B5D75E9BF56B71C048ED299AE360957C0E75DF7DF7CD0E6889D7BDFCE52F4FBEF6B5AFB51574E59DE2BFABF81F356A5425DF2EE2B03FC5E7D7ACD0ADF80B164CFA9FFF8228D414C1B1C71E7B5E1A283F1C20FF11BB95ECF47541F7C0030FCC3AF548B2DFF08637B4DB3945721D3B9778BEB1B1B1ADA01BA74FE86C856EECB486B51674E368C7889358911B4716D5B638A54E4CC2C4F3713EFF8EDF294EA513EFD3D0D0A0A05BF0F88B5363478CFCE94F7FEAB4A0FBC73FFE311B08E5A7C28B23C462703761C28476936EDFFBDEF7B25393E4C9CD1D77DC910DA822A189F7896D4E39E5946CC016ED431FFA5016BBF9299423AEA64C99920DDAE2678855B971C45C0CFCE200814888E2142979413756895F7AE9A5C955575DD5AEC50AF1389AEEFFFEEFFFDA4E55326C25C5DF78EFFC77D1F1B426F1FCE73EF7B9ECDF384061DCB871D9CF652262F562B20F0657BD5158300804060BFD2E851ACF7456D08D2242ACD2CDCF1614078EC6A9367B2BF72C428EB8B6F9E4C891233F555F5F7F6BEAA1C71F7FFCB2F4F71313427F8BC7457AF1E23E0A4FB18230C63CDD3995ADB81F92055D719A6E3B66CC98ECF9287EC41C40EC2FF216D774CD0B30071D7450DB2AE158CCF03FFFF33FD9F651CC8D9F21560EC7FC96F9A67E1DC7AFAA98BBB2EDD6B4A82B9FD4AF7559D08D79EE8E97251C5653D0FDCE77BE93DDFFC8473E92EDF7E23221B1AF8BF9D1E807D75B6FBD6CDE320E3E89BE27F2D6384B40A552C90E4E8C8552A3468DCAE655A3F03AACB5A02BEF14FF2BD9A6392FA2C61952FB537C7E4D11BAD95FB060D2CE67C7C99327BF50807AEEBF478F1E7D731A249F1E4CBFDFBE2EE846121D45D738C2274E25D3B1C5E3B182370A5D7941F7A69B6ECAFE83C64E2A6F23468CC81E1FD65AD0FDCB5FFE929D3227AEA112FF46012D9E8B9592713F7668F16F5E64ABBDC87C24D0F94EAF76B5AF826E31E36F975D76C906449D157463601583A3782C8E847DDDEB5E97C5416C174785C5EA8938A5485C1B221E8FA3D96205783CD659921247CC468213071CC4A02E3F0A2E068F91C0449214D7CA8D09BEF85E710AA6386237066F79AC453CC7D16A5D254291F044BCE789501C49176725882386E3F9F8B9E27E1C9DD731697AED6B5F9B1DF010EF11D7B3B8FCF2CBB3D7C49172E2AFB093F63D5D58300804F4BBFADD21ADAF0BBAB1222B5653C541A3717DB3FC1ABABD957B162147EC897C72F8F0E1EBA73FDBE4745CF748FC1BF7456F71C7F17149A258DDB8DF7EFB65A7668C1613B37196ADFC7EC4A0B8378E1ACA711A0769476CC6E945E3A0F38E2D56ECC62AE298BB8A224A7CD728B2C425C7E260F458C91B67FDFA7FFFEFFF659F110596983313A77D9EAF75B798BBB2ED57B7A82B9FD4AFADB4A01BF39BD1C7E52DE6AD87D51474E37BE407A8C4B572E394CA71204ABE6024E64CA3801BFBCA934F3EB95D7F1607A7C42ADBB83E6E9CB5E090430E59A1A02BEFA4A3F477B97B5E448D4571FDA9BEBEFE859A82EEEEFE3A053375EAD475D3C1F373715DA2FEF4C0030F5C9106C8E2F83E76446BD7E2C2E9F9D18D9DB5FCC2EAB505DD28E28E1E3D3A3B75431C49142B236B0BBAB17D5C943D4E2911473C46812C9E8BA390E2A88D986C89A26FC7EF123BC4D8E9C5ED8F7DEC63D9648D826EB1E32F56674771BE634137928818A4FDF9CF7FCE1E9B3F7F7E56F88D98895335C7B525E2344B71F46DB4385D48C44C9C9E398EC69D356B5656A8CD5B1464F3D32AC5B528E208DA187045CB0F2C8855E551AC8DB889826E0CC06210981774E328B4486062B0164955DE2226E3144C91E8445CE631DCDDA3E0E29A14917CC5633128740DDD01555CE8C9C2824120A0DFD5EF9A58EB8382EEEEBBEFDE36911605DDB804473C16638FBCA0DB5BB9671172C49ECC2707DB787A308FE36312374E3B1B13C6F9E96AE376DE5A5A5AC4BD71D4908ED3D81F44D1388ABD2B6B7110508CFB77DA69A764D75D77ED349EBFFAD5AF263BEEB863DB7C8638EDB37C72758BB92B7B5D778BBAF249FD5A972DE607637E316F7156BFE83BF2FBB5AB5D639E3C169AC4429238702572D5FAFAFAB616B96A7EF681DA532E478137FAB3CF7CE633D9FC653E1F1FFB4D79275D49E36D93BABABAE7F2426A1CB4D41FE2736B8AB9CFC5F7F2D729A04993265D14477AF4A7638E39E6376990CCB2235AFB16097074EC71947BEC6CF21609723C1ECF7756D08D899328EC47A2DD5941374E7D16D740896DE3A8C9782EB68B626EEDD143B5897FECB8A2D816F723C18ED5BA7194A5826E71E32F0AFEF1B7FDC10F7ED0AEA01B1D794CB8C56999F36DF3235DBB6A471C7144DBB671A4ECE69B6F9E2543F13E918CE483B6783E4EA31447BDC5ED5B6FBD358BC558911BDBC4D16C9160C5D1C0175F7C715B41B7B36BAC75D6E288E23C698A23832306E348DE782E0AD771BFF628B8F3CF3F3FD97EFBEDB302767E5A938E4953EDEF41FC15AAB8D0538505834040BFABDF6558DF147463E23F0E2A1CD6BA42214E2D17078ED616747B33F7ECEF1C513E39F4C6F1F901D2718ADA38CD78C4685C7A262E611463ECDA31B3B817F743354EE3524F871D7658D6E2D24FF119713BE6B7629570DC8E4B30C5294FF3B37DEDBDF7DED92AB7D8774401378ABD71EDCB28D4E4DB89D33ECB27D7B498BBB2D7AFAAA82B9FD4AFADB4C5A5DC629F17FD4DB55ACD56BFFEFCE73FCF9E8B53287FEB5BDFCA6EFFE217BF688BBB583012796A1C1812B9692C3C89DBDFF8C637DA5D433756ECC6D903E27ADD71204C5C82302E8918B7A3DD7EFBEDF6BFAC545D5DDD797931350E7EEA0FF1B93505DDF3FC550A6AF4E8D1EF1A3366CCBF22D1E90F4F3CF1C43569803C1CDFC38EA8E70ABA8F3FFE78BBC7E3FEB09514746B93A4CE0ABA0F3DF4505B012D12EE61ADE7EDDF6CB3CDB29D51EDC5E0E300812802C6D194B5DF217644714467BCB7826E71E32F8E5A8D84A6B6A01BAB5EF3D8C95B1C311B2D56CD464213AFCB1F8B6BDEC660AF76D03667CE9CEC761468F3415B5CCF2612AA88A3484CE2F94F7FFAD3D9445E9C82241295E9D3A7275FFCE217B3EF112B70E328DC485CA2CF7AECB1C7B2442B2602E3F425713F6235E2330E2688FBB1DDDA5EA7A263D2B4C71E7B747A2083F8EBF7C9FC9E282C180402FA5DFD2E7D309E89DC2A563C449E181359C71C734C7600DFA9A79E9A3DDFB1A0DB5BB9677FE788F2C9A1378E8F49B298208EDB471E796416538F3EFA68763FC6D85FFFFAD7C5BDB817A7ADDB4781245E93FFBCB12A381616445C76FCCEF159B14238B65D7FFDF5B3B981B8966E9CFAD47C539FE793FB0E5BF3626EAEB3A2EE3EF249FDDA9AB4587D1BFD532C14897FE394ECD10745DF13972F8CDBD16FDC73CF3DD94293782CE64163FF16672288F788B9D128D2D6BE6F1C8C985FD736FAAF38D824E6BFA3FF8C330EC4ED68711D5EFB5F5626FD7B6E9F17536385785FAFD28DCF1B356A54DBE996E3FBF8AB14586363E339717A94FE907EF6D9699034D911F56C41F79BDFFC66ED1115D9A920867551D08D9D415C003E6F7124661C5D14CFC72996E37A24B103D972CB2DB3CE3C767EC35A4FB91CA7998895B7FFBFBD7B01B2ABAE0F072E8F2AA01544B04E112B288DC58A967690581DA3680B858A74389C3D09221A0151C8EE461E02A504860E0F11D8DD84470B96E2C08838541019FC6FF65E12B1415E02F29077082621101E2148122A9CFFF91E73334BD8BC36DCDD7BEE7E3E33DFD9DD7BEF3E38F9F2FB7E7FF77BCFB97139DC287031708BE63A5E01D918A435225ED519979C885717350A99816EEBE45FBC3AADF1CAB1680AA2F188CFA3D189F7B369DC178F8B8D59BC5A2C365FD1F0C4136F313C7DF4D147CBF7A58957B935DE5BA2B1698B8D545C3E3986AF8D4D5BE4E5673FFBD9F255B6F1FDF1D878C56FBCE236DEAB397E5EBCF7F32EBBEC5236409167F1FD8D4B8545C4ABDCE27D72E2318B162D2ABF3FF2332EED34F8BF2F7E4EB1DE94AF606B9C897CDB6DB7955FC799E9B1316CBC78E1D4534F2D733EEE8FBF3D5EF4D0B87C53BC322F7E573C0129FF5A6EB8B0B183059B40C0BA6BDD6584F6337169CE9D77DE39DF7DF7DDCB27D3E22D5AA2BF8A5E2C2ED319BD60A3DF6A66EF39DA3DA27E726CE57D3C511CFBE5C89338F331F65CF1E285344DCB4B2BC68B58637F7DCF3DF7C87B793FE6F3349EBF8AF7548FDF1DC3E218F8C615B8DEF39EF794EF4DD9384B78C18205E573585FF9CA57CA2B7DC5202686BBF1364CF17C46FCCCB83F9EAC96A723D64F0E1EC60E6798BB213F473F695D5B679C78E289E5D501E284A45887E28CDCF87D71C598B81265D4C4380969DAB469E55501A3378D752EAE1A106B4FD4C6786E34D6C3F83C22DE06EEA28B2E2AD798B85265AC4571824C449CEDDB380338A25157D55FD6A6A3A3E396C62C27AE563192E2F70D9A25DDE25FA3C52549B27DB1D0BC1CC3BB9174FBEDB7C7A5969F8EDFAF10BDB903DDC30F3FBC7C1F93461C76D8616B1CE8AEFE33A2B98EFBE2520F51E8EEBEFBEEF2558E71099B934E3AA9BC2F9E60699C951B85250A4A5C96394ECD8FC63C9AFAA1FEBEE79F7FBE1CCC35F3BD4B14A2E1E55F6CBCC68F1FBFCE88C7C5ABC2A29988C17D343F8D57CA466EC4C6EF9FFFF99FCB01FEE04D5B5C92249A9C688656BFACD2EA1103DBB80453BCA74EE461FC9EB82D9AA368B462B0BCFAFB60C4654D8E38E288557F436C20D7F4DFDA18FAC61389ABDFD7B8B44ABCE2389AB8F7BDEF7DE5DF1D9BD13DF6D86355FE375EA127FF5A6AB8B03183059B40C0BA6BDD6504F733F1FE8B7BEEB967D9B3C50B45A3CF8C3322E26A3F9153F12458E3C9FA66F79EA3D923EA27C756DE47EE449E44BEC6BE2AAE8E153975ECB1C7967BE9C8A75D77DDB53C2352DECBFBB19EA771E65B9C58102FEC8EEF993C7972F93BBFFFFDEF976FCB14CF7B350624F1A2F075450CA7E5E988F693317C3DE42DC31FE6AECFCFD14F5AD7D62BE28CD6783FDCF83C5E9C122FF668EC6362681A2733C573E431588DB35EE3B9F4461F9A2449F97EBBAB479C1C37F877FCF6B7BF2D9FC31C2AE28428F59775C9B26C7C4747C7AB8DC16AFCDB8F84F83D8386B9AFC6DFE15FA3028AE6E94B471C71C4B218B88D84A79F7E7A5691204F14F14585E8CD8B785F90386371F02590079FC9B874E9D2558F8B274C1A5F0F8E38CB3186FB430D65A3118F57CC479E8CD67BE12A44AD917F7166F75003FBA1722306AE8D5C8B5799C560365E00101FD7F4F31B6778473EAE9E9F6BFB9BE23D73D6F69846FEC759E243E57F346FF1B7C5E743FD7FB464C992216F977F2D315C18EE60C12610B0EE5A7719E17E327AAAA1DEFB2BFAACB86FF5BD48B37BCFD1EA11F593636F1F15EF0DBAB6FB07E7A9BC97F7F274CD35C4F34D6DD34F56E5F7D146CFA3C71AD7B834FC68AD1BEA2F4349D374C6E04B2FC7C0BF99E2E70FBED472FC7EFF0A153279F2E4538F3FFEF897E37FDA662A169CFB8B84BCAD4896131422A1C1967FF28F376973369CC1824D20807517FDA47E12792FEFE5A990A7A3D34FB6F2EFC1BA665D63441D7AE8A15B747474DCD518B0C65B0D346BA81B3FB7F87DAF0E3A3BF7AEF8FDFE152AE690430EB9FC98638E79A15967EA3EFDF4D337C530B748904B1422A110C93FF9C79BB849DBD0C1824D20807517FDA47E12792FEFE5A990A7A3D74FB6DACFC7BA26AC6BA3AAA3A363C7229E1C7CA6EE75D75DF7A6CEE8E2E70D3E3377E5EFDBD1D1AFA84993269D3479F2E417DFECF7D45DF99EB9F3DAFDCC5C854821927F4223342A9BB50D192CD804025877D14FEA2791F7F25E9E0A793ABAFD642BFC5CAC6BC2BAD652B22CFBF0E0A16EC459679D953FF9E4931B359F8BEF8F9F33F8E7C6EF89DFE7A8575CBCB7EDC1071FFCFC85175EB820AEE5BE315E78E1855F7577775F55FCCCA7DBF93D7315228548FE09F937AA9BC1F51D2CD804025877D14FEA2791F7F25E9E0A793AFAFDE468FD3CAC6BC2BAD6D2569EA97BD7E0E16B9CAD7BF1C517E7BFFBDDEF36683E178F8FEF5BEDACDC7CE5CF77666EBB28FE81B72BFE417BBEFCE52F2FB9ECB2CB1E7DE69967FE6F03F2E4FFE6CF9FFFCB534F3DF5CA9583DC9EF8790A915088E49FFCA3499BB7F5192CD804025877D14FEA2791F7F25E9E0A79DA1AFDE448FE1CAC6BC2BA5629F19EB6699ACEE8E8E8587D109B777575E5575C71457EC71D77E48F3EFA68FEECB3CF9643B9F8185FC7ED717F6767E71BBE377E5EFC5CEF99DBA6264E9CB873F18F7C7196654F1F76D8614F5C74D145BF9E3D7BF63D0F3EF8E0BCC58B17BF54E4C9D2A79F7EFAB1FBEEBBEFF6E27FF6FED34F3FFD9AE27BEE29BEE7A9F8BEF87E85482844F24FFE31CA9B389B4000EB2EFA49FD24F25EDECB53214FF59358D78475AD32B22C1BDFD1D171CB1083D9E1C42DF1F31CD5B16193830E3AE8EF8B7FF033D234BDAEF8C7BF75D0B5BCE3E3AD717BDC1F8F8BC72B440A804224FF8446A8053683368100D65DF493FA49E4BDBC97A7429EEA27B1AE09EB5A256559F6858E8E8E6B8A58B18143DC78FC35F1FD8E2228440A91FC13F2AF953783368100D65DF493FA49E4BDBC97A7429EEA27B1AE09EB5AE51D7AE8A1DB7474741C98A6696FF171A088C78B7879E5F0F6E5955F0FACBCFFC078BCA3060A914224FF84FC6BF5CDA04D20807517FDA47E12792FEFE5A990A7FA49AC6BC2BA06A0102944F24FC8BF16DC0CDA04025877D14FEA2791F7F25E9E0A79AA9FC4BA26AC6B000A914224FF84FC6BC1CDA04D20807517FDA47E12792FEFE5A990A7FA49AC6BC2BA06A0102944F24FC8BF16DC0CDA04025877D14FEA2791F7F25E9E0A79AA9FC4BA26AC6B000A914224FF84FC6BC1CDE031368100D65DF493FA49E4BDBC97A7AD112FBDF4527EEFBDF7961F37E67679AA9FC4BA26AC6B000A914224FF84FC6B93CD604747476E13083032C68D1BD7B9C5165B5877F593423F29EF85BC97A76B8C18CE167F72F971636E97A7EDBB8F7F8B612EEAAF750D40211206BAFEDDE5DFD8B272A00BC0C8ACB9F52449ACBBFA49A19F94F742DECB53035D36C6560E01EAAF750D40211206BA42FE8DADE182E30C3032EBED84587357C60447443F29F493F25EC87B796AA00BA8BFEA2F8042241422F927FF589F0183E30C3032EB6D7DD040B7EE88E827857E52DE0B792F4F0D7401F557FD055088844224FFE41FEB3360709C019ABFD60E3E3BD759BAFA49A19F94F742DECB53035D40FD557F011422A110C93FF9C77A0F191C6780E6AFB5F52106BACED2D54F0AFDA4BC17F25E9E1AE802EAAFFA0BA010098548FEC93FD63964709C019ABBCE0E7576AEB374F593423F29EF85BC97A706BA80FAABFE0228444221927FF28FF51A3438CE00CD5D67EB6B19E83A4B573F29F493F25EC87B796AA00BA8BFEA2F8042241422F927FF58EBA0C1710668DE1ABBB6B3739DA5AB9F14FA49792FE4BD3C35D005D45FF5174021120A91FC937FAC73D8E03803346F8DADAFC740D759BAFA49A19F94F742DECB53035D40FD557F011422A110C93FF9C71A870D8E33807517FDA47E12792FEFE5A981AE3C05EB9AB0AE0128440A91FC13F2CF600100EBAE7E52E827E5BD90F7F2D440579E82FAABFE0254DAC0C0C06BCB962D53045A208A7F870545215A2EFF84FC335800C0BA8B7E523F89BC97F7F2D440579E82754D58D7004AB367CF5EB068D12285A005E289279EF86151886E957F42FE192C0060DD453FA99F44DECB7B793A32F1D24B2F95C3D9F8B831B7CB53B0AE09EB1A40D3D46AB5FD6FBAE9A6250B172E5C5CA557182D5FBEBC9D5E51B470EEDCB9571645685E11FBCA3F21FF0C1600B0EE32B6FAC9050B16E827B18F92F7F254C853B0AEE93BAD6B006B168B5FBCA2A5881571EDF9568FFFFCCFFFCC274D9AB4EAEBCB2FBF3C8F27EAAAF0B7AF2156AC3CFEFBCABFFE5CC83F830500ACBB8CA57E72CE9C39F939E79C935F73CD35FA49ECA3E4BD3C15F214AC6BFA4EEB1A40F52549F28E8E8E8EF9699AFE7ED09374754FD4015561BD02B0EE42439EE7EF58B264C9B2C58B17E793274FFEB923020080BE1380CAEBE8E838379E942BE20F871E7AE816C5C7092BBF8E98E008011558C70C1600ACBB507AE491477E96AF54ABD59EC9B2EC20470500007D27009595A6E9EE31C86D0C708BAF2735CECE5D197547096875060B00D65D088F3FFEF8675E7DF5D5C6F36AF96BAFBDF6EAC9279FBC284992AD1D1D0000F49D0054CEB469D336EDE8E8B875D0F036CFB2ECCEC15F3B4B17A802830500EB2EE479BED9A2458B9ECE5713B74D9A34E942470800007D2700959365D9D1430C6F870A67E9022DCD6001C0BA0B0F3DF4D079F91A5C79E5952FA469BAA7A3040080BE1380CA489264878E8E8E25EB39D075962ED0D20C1600ACBB8C6D0B172EFCC0F2E5CB5F5DD3136B7FF8C31F5E9E3265CAFD13264CD8DCD1020040DF094025A469FAE30D18E63A4B176869060B00D65DC6B679F3E6DD9BAFC3FDF7DFFF549665C7395A0000E83B016879699AEEB781C35C67E9022DCD6001C0BACBD89524C96677DE79E78A753DB1F6DC73CFFDA2C8DD67E2F18E1A0000FA4E005A5A514C0E2BE2BFD234BDB1F87867114F3A4B17A8F8BA66B00060DD650C3BF9E493FF7DC58A15FFB796E7D55EECEEEEAE39530200007D27009515EFA77BF0C1078F4BD3F463071D74D0E78B8F933C510754680DB35E01587719C3E23DCAAEBAEAAAF96B7A56EDF6DB6FBFACC8DBBBBD97190000FA4E002A2949922D8B22F3F2EAB77BA20EA80AEB15807517BEFAD5AF7E72EEDCB9AFACFEA4DAABAFBEFAEB499326FD2E4DD33D1D250000F49D00545292243B7574743CBEFAED9EA803AAC27A0560DD8570D659675DFD5A61D0F36A7F88DB8A9CBDC0D1010040DF0940651545E69345CC19E2764FD4015559C7AC5700D65D8817AB6EDDDFDFBFB4F1ACDAC2850B7F58E4EBEFE276470700007D27009595A6E9BF14C5E69AD56FF7441D5015D62B00EB2E347476761EF2FCF3CFBFB278F1E2FC6B5FFBDA6FB22C3BC851010040DF0940A51585E69B435D0AC21375405558AF00ACBB30D845175D74C739E79C9317B97A83A3010080BE1380CA2B8ACD69699AFEDB10B77BA20EA8CA3A66BD02B0EEC22A4992EC14791A1F1D0D0000F49D00545E5170FEA388C387B8DD13754055D631EB15807517E4290000FA4E00DA539AA6D71545E78B0A11A07106C0BA8B3C0500007D2700AD57706E9D3871E21E0A11A07106C0BA8B3C0500007D2700AD5770E62549F27E8508D0385365799EBFF5B1C71EFBD19C39735E191818C8FBFBFBC5084771DC5F9B3D7BF6825AADB6BF8CB4EE823C050040DF09006F5EC1599124C95B152240E34C953DF6D86357CF9E3D3B5FB46851BE6CD9B27CC58A156284238E7B1CFF9B6EBA69497F7FFFBEB2D2BA0BF21400007D27006CA42449B62D0ACE730A11A071A6EAE2CCDC18261AAC8E7E2C5CB870717F7FFFADB2D2BA0BF21400007D27006CA42CCB3E52149CFB152240E34CD5C565969D99DB3A67EAF6F7F72F9795D65D90A70000E83B0160E38BCD5E5996D5142240E34CD5C57BB81AA6B64EC4BF87ACB4EE823C050040DF09001B294DD34945C1B942210234CE54DDFA0E745F7A6161FED86DFF95DF37F3B432E2F3B8CD10D64017EB2EF2140000F49D00B49C2CCBBE5DC4F7142240E34CD5ADCF4077E9F3F3F37B7F7E727EF7CF8E7D5DC46D719F41AC812ED65DE4290000E83B0168B562F3DD344D8F5588008D3355B73E03DD27EFBBEE0DC3DC46FCEEBE9F1AC41AE862DD459E020080BE1380962B363F28E2CB0A11A071A6EAD667A0FB40FDAC350E74E33E8358035DACBBC8530000D07702D052B22CEB2FE20B0A11A071A6EAD667A07B6FFFB4350E74E33E8358035DACBBC8530000D07702D06AC5E63793264DFAA84204689CA93A035D035DACBB204F0100D07702D08EC5E6992449B65788008D3355B73E03DDFB669EB6C6816EDC67106BA08B7517790A0000FA4E005AC6E1871FFE2745B179A5F874138508D0385375EB33D07DF897D3D738D08DFB0C620D74B1EE224F010040DF0940CB48926487A2D8CC5788008D33ED607D06BACFCEBF27BFF7FF9DF2C6CB2D17B7C57D06B106BA587791A70000A0EF04A0950ACDDF1571874204689C6907EB33D08D78FCF6CBDF30D08DDB0C610D74B1EE224F010040DF09404B49D374BFA2D85CAF10011A67DAC17A0D74972FCF1FFEDF0BDF78B9E5E2B6B8CF20D64017EB2EF2140000F49D00B48C2CCBBE5E149B4B142240E34C3B58D74077E9F3F3F3877ED9B7C6F7D08DFBE23186B106BA587791A70000A0EF04A0550ACDBF665976BA4204689C69076B1CE82E5F9E2F7CB896FFE6C613D738CC6D443C261EEB6C5D035DACBBC8530000D07702D00A85667A9AA647294480C6997630D440775D67E53A5BD74017EB2EF2140000F49D00B4AC344D7F5C149B03152240E34C3B186AA0BB3E67E5AEED6C5D8359035DACBBC8530000D07702309A85E6E62CCB3EA510011A67DAC15003DDE10E731B61306BA08B7517790A0000FA4E0046B3D03C9224C987142240E34C3B58E37BE80A035DACBBC8530000D0770250D142F3529224EF5088008D33EDC040D74017EB2EC8530000F49D00B48D18E4C64057210234CEB40B035D035DACBB204F0100D07702D036E252CB71C9658508D038D32E0C740D74B1EE823C050040DF09403B15994F1771B34204689C691706BA06BA5877419E0200A0EF04A06DA4699A1485E66A8508D038D32E0C740D74B1EE823C050040DF0940DBC8B2ECE8A2D0F4294480C6997661A06BA08B7517E4290000FA4E00DAA9C8FC7B9AA627294480C6997661A06BA08B7517E4290000FA4E00DAA9C85C5AC4648508D038D32E0C740D74B1EE823C050040DF0940DB48D3F46745A1D957210234CEB40B035D035DACBB204F0100D07702D04E45E68E891327FEAD4204689C691706BA06BA5877419E0200A0EF04A09D8ACCFC2449765088008D33EDC240D74017EB2EC8530000F49D00B48569D3A66D5A149957264C98B0B94204689C691706BA06BA5877419E0200A0EF04A02D2449B27D51649E5188008D33EDC440D74017EB2EC8530000F49D00B4852CCB762B8ACC6F142240E34C45FE7DEB454C58D7E30C740D74B1EE823C050040DF09405B48D3F41FB22CEB5788008D3355F9F75D196B1DEC1AE81AE862DD05790A0080BE1380B690A6E9214591B95C210234CE54E5DF77B51872B06BA06BA08B7517E4290000FA4E00DA429665C71571B64204689CA9CABFEF1AE275835D035D035DACBB204F0100D07702D02E05E6DC344DA72A4480C699AAFCFBAE23CAC1AE81AE812ED65D90A70000E83B01689702736511131522A09D1A67219A3DD05DB264C91B6E5BB46851FEC8238F0CF9F8279F7CF2755F3FF1C413F90B2FBC30E463172C58903FF0C0031BF4F7C4EF9E3367CE1AEF7FE69967F2FBEEBBAFFC7CEEDCB9E5EF5EB66C59FEDBDFFE365FBA7469D307BA72B2FD43F5C1136B0000A0EF04A049B22CAB15F139850880AA6C8C46FB92CB3104DD6EBBEDF2EBAEBBAEFC7AC68C19F917BFF8C5BCA7A727DF7DF7DDDFF0F8DFFFFEF7F94E3BED944F9D3AB5FCFAFAEBAF8F9A9A7FE10B5F78DDE3162E5C98FFE217BFC8BFF4A52FE51FFDE847CBCF234E3EF9E47CD75D775D153FF8C10FCAE1EC19679CB12AF6DD77DF7CD34D37CD4F3FFDF4D7DDFEF0C30F973FFB8A2BAEC8B7DF7EFBF2F3ADB7DE3ABFEAAAABF2F9F3E7977FC7EDB7DFEE0C5D604CD40F470100007D2700552D30F72749B2AB4204405536466B1BE43634FB0CDD18CEBEF5AD6FCD67CE9C590E6B8B5F996FBEF9E6E5C72DB6D822FFF33FFFF3558FBDF0C20BCBDB7FFEF39FE78B172FCE77DC71C7FC2B5FF94AFEA77FFAA7E510B8F1B8CB2FBFBC7CDCEA71C82187E49FFAD4A7F2EF7EF7BBE5D73148BEFAEAABCBDFB7F7DE7BAF31E2B137DC7043FEE8A38FE6C71D775CBECD36DBE403030306BAC098AD1F8E020000FA4E00AA5A609E4B92645B850880AA6C8CD636C86D1889F7D0FDFEF7BF9FDF7CF3CDF9565B6D95FFE4273FC93B3B3BF371E3C69567D5362E7F1C97338E01EEBBDFFDEEFCA9A79E2A07B371F66DDC7EC925979467D59E75D659AB7E660C5E4F3BEDB47CF9F2E5F9E73EF7B9FCD24B2FCDBFF6B5AFE5071F7C707EF6D9679767D9C619BF311CFEC8473E923FFEF8E365C4EF7BCBCAA171E3B68F7DEC63F92F7FF9CBFCBCF3CECBDFF6B6B7E59B6CB249FEE10F7FB81CE8FEF77FFF77F998F89E69D3A6E5E3C78FCFEFB9E71E035DA0ADEB87A3000080BE1380CAD9679F7DDE561498E50A110015DA18AD7590DBD0CC816E0C4D4F39E5943262581AC3DABFFCCBBF2C87AD71766E7C1E71FEF9E79767E0167F4EFEAE77BDABBC5CF2DBDFFEF6BCAFAFAFFC39F7DE7B6F7EC001079443DD134F3C317FE8A187F2238E3822FFC0073E509E811BDF77D1451795C3DC88DD76DB2D3FF2C82357FD1D7119E5B70C71466F23BEF7BDEFBDEEB1832FB91CF77FFAD39F2E3FC6DFF48D6F7CA3FCFD06BA401BD70FEB100000FA4E00AA274992F71705669E420440BB69E64037CE9ADD6BAFBD565DD2F8DC73CF2D07B28323CEBABDFBEEBBF32CCBF2F7BCE73DE525988F39E698F27BE352C9F1734E3AE9A4F22CDC6BAEB9A63C9376CA9429430E66E3BD76E3E7FCD55FFD5539F01D3CA4DD76DB6DF33BEEB8A3FC3BE2B131088EAF3FF8C10FBE61A0FBCE77BEB3FC5D31D08DF7DA8DB38BE37BE277BBE432D0EEEC670000D0770250D5E2F289226E5588006837CDBEE4F2C2850BCB61E8C30F3F5C9E35FB962186B0F1B818AEC659BA8DF7D48DF7BF8DF7DE1D3CD06DFCCCB8CCF2C5175F9C5F70C105ABE2A73FFDE9AA4B2EFFEA57BF2ABF77DEBC791B74866EBC5F6E5C7E396EDB679F7DBC872E3056F73ED6210000F49D00544F9AA6FB1705E65A8508807633D203DD2449CAF7B68D38E18413560D7423A64F9FBE6AA01B97688ECB310F35D08DD86CB3CDCAF7DC8DF7BADD669B6DCA016C63A01BF7C7FBE636DE733706BA7129E75B6EB9A51C14C7DF73E59557965F0F3E43F7DA6BAFCD3FFFF9CFE7DB6DB7DDAA4B2EAF3ED07DE9A5970C7481B6663F030080BE13804ACAB2EC88A2C05CAC1001D06E9A3DD08DCB2917BF26BFEBAEBBCA816E9C39FB677FF667656CB5D5566B1CE87EFDEB5FCFF7DF7FFFB50E746FBCF1C6F2F3A38E3A6AD540F7339FF94C7EDC71C795EFD71BC3D88D7D0FDDD507BA071D74D0EB1E6FA00BB41BFB190000F49D0054B5B89C9265D9A90A1100EDA69903DD1884EEB0C30EE519B43BEFBC73F9BEB69D9D9DF9F1C71F5F9E9DFB9DEF7C273FF3CC33CBCB2D0F1EE83EF0C003F9965B6E595E82796D03DDB86DD2A449F9B871E3560D740F3CF0C0FCB39FFD6CFE8D6F7C237FF6D967CBC7CE993327EFEEEE2ECFAE8D33858BFFECFCB6DB6E2BBF3EE38C33F2993367968F7BEAA9A7F2534F3DB51CE8C6FDF13B3EFEF18F9783E5F89EF8FB76D96597557F97812ED0A67B1FEB100000FA4E002A595C2E4CD3F44885088076D3CC816E9CED1AC3D6175E78A1BC84725C1E79DB6DB7CDDFFEF6B7E75B6CB1C5AA98366DDAEB06BA31308D41EACB2FBFBC6AA0BBD75E7BBD61A0BBDF7EFB9583DBB8BCF2EA975C5E53CC9D3BB71CCEFEFAD7BF7EC37D975C724979DF01071C50BE27EFFBDEF7BEF2E70F0C0CE47BECB147795FFC7DF7DD779F812ED0CE7B1FEB100000FA4E00AA274DD3FF290ACC010A1100EDA6D9975C5EB468D17A3F76C99225E559B2AB7F5F9C49FBE28B2FBEEEB18F3CF248BE74E9D25567D62E58B0A07CBFDEF8B8B6DF11EFDD7BEBADB7AEFADEC111BF277E467CBE7CF9F221FFBEA16E37D005DA89FD0C0000FA4E00AA5A5CE66459365E2102A0DD347BA02B0C7481CAED7DAC430000E83B01A86471793C49929D142200DA8D81AE812E80FD0C0000FA4E00DAA1B82C4B92644B8508807663A06BA00B603F030080BE13804A4B9264EBA2B82C518800684706BA06BA00F6330000E83B01A8B42449C615C5E5418508807664A06BA00B603F030080BE1380AA1796095996CD528800684706BA06BA00F6330000E83B01A8B4344D8BDAD2F1438508807664A06BA00B603F030080BE13804ACBB2ACAB88F3152200DA9181AE812E80FD0C0000FA4E00AA5E58CE4CD3F43B0A1100EDC840D74017C07E0600007D2700552F2C971571A84204403B32D035D005B09F010040DF0940A5A5697A6396657B2B4400B423035D035D00FB190000F49D0054BDB0DC3571E2C48F2B4400B423035D035D00FB190000F49D0054BDB03C9524C97B152200DA9181AE812E80FD0C0000FA4E002A2B4992CD8AC2F24A7C548800684706BA06BA00F6330000E83B01A8AC383337CED0558800685706BA06BA00F6330000E83B01A87251F99B780F5D8508807665A06BA00B603F030080BE1380CA4AD3749F226E548800685706BA06BA00F6330000E83B01A8AC344DBF5A1496FF528800685706BA06BA00F6330000E83B01A8AC2CCB4E28E20C8508807665A06BA00B603F030080BE13802A17959E344D3B152200DA9581AE812E80FD0C0000FA4E00AA5C54AE2A22558800685706BA06BA00F6330000E83B01A8AC2CCB6615F1198508807665A06BA00B603F030080BE13802A179507932419A71001D0AE0C740D7401EC670000D0770250E5A2B2244992AD152200DA9581AE812E80FD0C0000FA4E002A2949922D8BA2F2B24204403B33D035D005B09F010040DF0940252549B25351541E5788006867030303AF2D5BB6CC30B505A2F87758D0DFDFBF5C5602A3C97E0600007D2700552A289F2C628E4204403B9B3D7BF682458B1619A8B6403CF1C4133FECEFEFBF555602A3BC0FB29F010040DF094035A469FA2F4551B9462102A09DD56AB5FD6FBAE9A6250B172E5CEC4CDD513B3377E1DCB973AFECEFEF9F57C4BEB212184DF6330000E83B01A88C2CCBBE5914950B142200DA5D0C11E3CCD02256C47BB88A118F152B8FBF612E30EAEC670000D0770250A582725A9AA6FFA61001000063681F643F030080BE1380CA1494FF28E270850800001843FB20FB190000F49D0054439AA6D71545E58B0A1100003056D8CF0000A0EF04A04A05E5D6891327EEA11001000063681F643F030080BE1380CA1494794992BC5F21020000C6D03EC87E0600007D27009529282B922479AB420400008CA17D90FD0C0000FA4E005A5F9224DB1605E53985080000184BEC670000D07702500959967DA42828F72B440000C058623F030080BE1380AA1493BDB22CAB29440000C018DB0BD9CF0000A0EF04A0F5A5693AA928285728440000C058623F030080BE13804AC8B2ECDB457C4F21020000C612FB190000F49D0054A5987C374DD363152200464AF2A31F6DF6ED73EADBADF38179BEC9D1BD37BCB3F1E53767D4DFE1E801F026EE85EC670000D07702508962F28322BEAC10013052BACF1DD8A1ABB77E5D7CDED5533BADABB776EDE0E8EEA9EF5DDED7579FD0DD53FB71E3FB3A7B07EEEC9A3E73FCF117F76F3D6D5A7D734712808DDC0BD9CF0000A0EF04A0F56559D65FC41714220046C2B133EAEFEDECABFD63575F6DD6949EFA5F77F5D606E2EBA9BDB58F35E2C80B7EF1AE786CF198CBBAFAEA5F8ACFA7F6D4FEA9AB77E0A1E2F1D717B1B4B8EFEF1D4D003686FD0C0000FA4E00AA524C7E3369D2A48F2A44008C84CEDEDA2145CCE9EAAD2DEEECAB5FD3DD5B9B39B5B7BE67D779F50F447C7BFAC05FC4E3E2F2CA5DBD03F7744EAFEFD7D9539B513CFEC1F231D3678E8F21B02309C09BB017B29F010040DF0940258AC93349926CAF10013052065F723906BA5DBD0357FFF16CDC227A6BCF94B7F7D53B3B7B6B0FC459B99DBD038715B7BFD8D957FB590C8263A05BC47C4712808DDC0BD9CF0000A0EF04A0B51D7EF8E17F521493578A4F375188001829E5A596FB6A8F96EF97DB5B9B1903DEC67DF13EB9F1B1FBDC1BB72D3E3FAAB8FFECF8BA78EC6DE5C7BEDAACC15F03C070D9CF0000A0EF04A0E52549B243514C867D86934204C086EAEAAB9DDCD55BFFDFB8EC725C56F98F67E8D62E2D3EF644149F3F158F3BBA77E083C5631676F70E9CD9DD57EB2E6EBF3BCEEA2D3ECE5BF971AEA309C0C6B09F010040DF0940150AC9DF1571874204C0481A7CC9E5F2F2C97DF5099DE7D7C6454CE999B54BDC3EA567E0935D3DF56F759E3F73B7A37B6F78E7EA67E41ED5376BA7E2F19F703401B09F010040DF0940DB4AD374BFA2985CAF100130923A7BFADF3FF83D74BB7B07F6983A63D68E8DE83AAFBE4DF78CFA87BAFAEAA7C499BC5D3D03E7C7A598E332CC8D9FD1D5533FA9B86F8AA30980FD0C0000FA4E00DA5696655F2F8AC9250A110023656AEFACBFE9EAADDD15C3DAF8BAABA7765AF1F54F0647676FFD88AEBE817DBA7AEB9362B8BBF2712714F7FDAA71B9E6E2F32BBF357DE6BB1D5100EC670000D07702D0CE85E45FB32C3B5D21020000C6E07EC87E0600007D27002D5F48A6A7697A94420400008CC1FD90FD0C0000FA4E005A5B9AA63F2E8AC9810A11000030D6D8CF0000A0EF04A00A85E4E62CCB3EA51001000063703F643F030080BE1380962F248F2449F221850800001883FB21FB190000F49D00B47C21792949927728440000C018DC0FD9CF0000A0EF04A075C5203706BA0A1100003016D9CF0000A0EF04A0A5C5A596E392CB0A1100003016D9CF0000A0EF04A0D58BC8A78BB879630B91104208218410425435EC0C01001881E7E2F59D000C4F9AA6495148AE76240000000000A0390C740118B62CCB8E2E0A499F23010000000000CD61A00BC0C614917F4FD3F424470200000000009AC34017808D2922971631D991000000000080E630D00560D8D234FD595148F675240000000000A0390C7401D8982272C7C48913FFD691000000000080E630D00560638AC8FC24497670240000000000A0390C7401189669D3A66D5A149157264C98B0B9A3010000000000CD61A00BC0B02449B27D51449E71240000000000A0790C740118962CCB762B8AC86F1C090000000000681E035D0086254DD37FC8B2ACDF91000000000080E631D0056058D2343DA42822973B120000000000D03C06BA000C4B9665C71571B623010000000000CD63A00BC0700BC8B9699A4E75240000000000A0790C7401186E01B9B288898E040000000000348F812E00C3926559AD88CF39120000000000D03C06BA000CB780DC9F24C9AE8E040000000000348F812E00C32D20CF2549B2AD23010000000000CD63A00BC006DB679F7DDE561490E58E0400000000003497812E001B2C4992F71705649E23010000000000CD65A00BC0708AC7278AB8D591000000000080E632D0056083A569BA7F5140AE7524000060F4253FFAD166DF3EA7BEDD3A1F98E79B1CDD7BC33B1B5F7E7346FD1D8E1E0000B43E035D0036589665471405E46247020000465FF7B9033B74F5D6AF8BCFBB7A6AA775F5D6AE1D1CDD3DF5BDCBFBFAEA13BA7B6A3F6E7C5F67EFC09D5DD3678E3FFEE2FEADA74DAB6FEE480200406B32D0056038C5E3942CCB4E7524000060741D3BA3FEDECEBEDA3F76F5D5664DE9A9FF75576F6D20BE9EDA5BFB58238EBCE017EF8AC7168FB9ACABAFFEA5F87C6A4FED9FBA7A071E2A1E7F7D114B8BFBFEDED1040080D664A00BC0708AC785699A1EE9480000C0E8EAECAD1D52C49CAEDEDAE2CEBEFA35DDBDB599537BEB7B769D57FF40C4B7A70FFC453C2E2EAFDCD53B704FE7F4FA7E9D3DB519C5E31F2C1F337DE6F818023B920000D0BA0C7401D860699AFE4F51400E7024000060F40DBEE4720C74BB7A07AEFEE3D9B845F4D69E296FEFAB7776F6D61E88B3723B7B070E2B6E7FB1B3AFF6B31804C740B788F98E240000B426035D0086533CE6645936DE91000080D1575E6AB9AFF668F97EB9BDB59931E06DDC17EF931B1FBBCFBD71DBE2F3A38AFBCF8EAF8BC7DE567EECABCD1AFC350000D07A0C7401184EF1783C49929D1C090000185D5D7DB593BB7AEBFF1B975D8ECB2AFFF10CDDDAA5C5C79E88E2F3A7E27147F70E7CB078CCC2EEDE8133BBFB6ADDC5ED77C759BDC5C7792B3FCE75340100A03519E802309CE2B12C49922D1D090000187D832FB95C5E3EB9AF3EA1F3FCDAB888293DB37689DBA7F40C7CB2ABA7FEADCEF367EE7674EF0DEF5CFD8CDCA3FA66ED543CFE138E260000B41E035D00364892245B17C5638923010000ADA1B3A7FFFD83DF43B7BB77608FA93366EDD888AEF3EADB74CFA87FA8ABAF7E4A9CC9DBD533707E5C8A392EC3DCF8195D3DF5938AFBA6389A0000D07A0C7401D82049928C2B8AC7838E0400008CBEA9BDB3FEA6ABB776570C6BE3EBAE9EDA69C5D73F191C9DBDF523BAFA06F6E9EAAD4F8AE1EECAC79D50DCF7ABC6E59A8BCFAFFCD6F499EF76440100A0F518E802B0A18563429665B31C090000000000683E035D0036489AA645EDE8F8A123010000000000CD67A00BC006C9B2ACAB88F31D090000000000683E035D0036B4709C99A6E9771C090000000000683E035D0036B4705C56C4A18E040000000000349F812E001B244DD31BB32CDBDB91000000000080E633D00560430BC75D13274EFCB823010000000000CD67A00BC086168EA7922479AF23010000000000CD67A00BC07A9B366DDAA6513884104208218410420821841042083172614201C0060D751D050000000000000000000000000000000000000000000000000000000000000000000000000000000000000000000000000000000000000000000000000000000000C6BAFF0FC6E57D9A0AC9FE2D0000000049454E44AE426082, 1);
INSERT INTO `ACT_GE_BYTEARRAY` VALUES ('de258058-5e35-11ec-9f5e-f20bcee4e113', 1, 'flowLeave.bpmn', 'de258057-5e35-11ec-9f5e-f20bcee4e113', 0x3C3F786D6C2076657273696F6E3D22312E302220656E636F64696E673D225554462D38223F3E0A3C646566696E6974696F6E7320786D6C6E733D22687474703A2F2F7777772E6F6D672E6F72672F737065632F42504D4E2F32303130303532342F4D4F44454C2220786D6C6E733A7873693D22687474703A2F2F7777772E77332E6F72672F323030312F584D4C536368656D612D696E7374616E63652220786D6C6E733A7873643D22687474703A2F2F7777772E77332E6F72672F323030312F584D4C536368656D612220786D6C6E733A666C6F7761626C653D22687474703A2F2F666C6F7761626C652E6F72672F62706D6E2220786D6C6E733A62706D6E64693D22687474703A2F2F7777772E6F6D672E6F72672F737065632F42504D4E2F32303130303532342F44492220786D6C6E733A6F6D6764633D22687474703A2F2F7777772E6F6D672E6F72672F737065632F44442F32303130303532342F44432220786D6C6E733A6F6D6764693D22687474703A2F2F7777772E6F6D672E6F72672F737065632F44442F32303130303532342F44492220786D6C6E733A62706D6E323D22687474703A2F2F7777772E6F6D672E6F72672F737065632F42504D4E2F32303130303532342F4D4F44454C2220786D6C6E733A64633D22687474703A2F2F7777772E6F6D672E6F72672F737065632F44442F32303130303532342F44432220786D6C6E733A64693D22687474703A2F2F7777772E6F6D672E6F72672F737065632F44442F32303130303532342F44492220747970654C616E67756167653D22687474703A2F2F7777772E77332E6F72672F323030312F584D4C536368656D61222065787072657373696F6E4C616E67756167653D22687474703A2F2F7777772E77332E6F72672F313939392F585061746822207461726765744E616D6573706163653D22687474703A2F2F666C6F7761626C652E6F72672F62706D6E222069643D226469616772616D5F666C6F774C6561766522207873693A736368656D614C6F636174696F6E3D22687474703A2F2F7777772E6F6D672E6F72672F737065632F42504D4E2F32303130303532342F4D4F44454C2042504D4E32302E787364223E0A20203C70726F636573732069643D22666C6F774C6561766522206E616D653D22E8AFB7E58187E794B3E8AFB72220697345786563757461626C653D2274727565223E0A202020203C657874656E73696F6E456C656D656E74733E0A2020202020203C666C6F7761626C653A657865637574696F6E4C697374656E6572206576656E743D22656E642220636C6173733D22636F6D2E666C6F772E64656D6F2E636F6D6D6F6E2E666C6F772E6C697374656E65722E557064617465466C6F775374617475734C697374656E6572223E3C2F666C6F7761626C653A657865637574696F6E4C697374656E65723E0A202020203C2F657874656E73696F6E456C656D656E74733E0A202020203C73746172744576656E742069643D224576656E745F316339756B6B71223E3C2F73746172744576656E743E0A202020203C757365725461736B2069643D2241637469766974795F3073633279756622206E616D653D22E8AFB7E58187E5BD95E585A52220666C6F7761626C653A61737369676E65653D22247B7374617274557365724E616D657D2220666C6F7761626C653A666F726D4B65793D227B2671756F743B666F726D49642671756F743B3A2671756F743B313434303934353431313335343236373634382671756F743B2C2671756F743B726561644F6E6C792671756F743B3A66616C73652C2671756F743B67726F7570547970652671756F743B3A2671756F743B41535349474E45452671756F743B7D223E0A2020202020203C657874656E73696F6E456C656D656E74733E0A20202020202020203C666C6F7761626C653A6F7065726174696F6E4C6973743E0A202020202020202020203C666C6F7761626C653A666F726D4F7065726174696F6E2069643D223136333233383733363935353822206C6162656C3D22E68F90E4BAA42220747970653D226167726565222073686F774F726465723D2230223E3C2F666C6F7761626C653A666F726D4F7065726174696F6E3E0A20202020202020203C2F666C6F7761626C653A6F7065726174696F6E4C6973743E0A20202020202020203C666C6F7761626C653A7661726961626C654C6973743E3C2F666C6F7761626C653A7661726961626C654C6973743E0A2020202020203C2F657874656E73696F6E456C656D656E74733E0A202020203C2F757365725461736B3E0A202020203C73657175656E6365466C6F772069643D22466C6F775F303566793977682220736F757263655265663D224576656E745F316339756B6B7122207461726765745265663D2241637469766974795F30736332797566223E3C2F73657175656E6365466C6F773E0A202020203C757365725461736B2069643D2241637469766974795F316A773575323022206E616D653D22E983A8E997A8E9A286E5AFBCE5AEA1E689B92220666C6F7761626C653A63616E64696461746547726F7570733D22247B64657074506F73744C65616465727D2220666C6F7761626C653A666F726D4B65793D227B2671756F743B666F726D49642671756F743B3A2671756F743B313434303934353431313335343236373634382671756F743B2C2671756F743B726561644F6E6C792671756F743B3A747275652C2671756F743B67726F7570547970652671756F743B3A2671756F743B444550545F504F53545F4C45414445522671756F743B7D223E0A2020202020203C657874656E73696F6E456C656D656E74733E0A20202020202020203C666C6F7761626C653A7461736B4C697374656E6572206576656E743D226372656174652220636C6173733D22636F6D2E666C6F772E64656D6F2E636F6D6D6F6E2E666C6F772E6C697374656E65722E44657074506F73744C65616465724C697374656E6572223E3C2F666C6F7761626C653A7461736B4C697374656E65723E0A20202020202020203C666C6F7761626C653A6F7065726174696F6E4C6973743E0A202020202020202020203C666C6F7761626C653A666F726D4F7065726174696F6E2069643D223136333233383733383937333422206C6162656C3D22E5908CE6848F2220747970653D226167726565222073686F774F726465723D2230223E3C2F666C6F7761626C653A666F726D4F7065726174696F6E3E0A202020202020202020203C666C6F7761626C653A666F726D4F7065726174696F6E2069643D223136333233383733393331313622206C6162656C3D22E68B92E7BB9D2220747970653D22726566757365222073686F774F726465723D2231223E3C2F666C6F7761626C653A666F726D4F7065726174696F6E3E0A20202020202020203C2F666C6F7761626C653A6F7065726174696F6E4C6973743E0A20202020202020203C666C6F7761626C653A7661726961626C654C6973743E3C2F666C6F7761626C653A7661726961626C654C6973743E0A2020202020203C2F657874656E73696F6E456C656D656E74733E0A202020203C2F757365725461736B3E0A202020203C73657175656E6365466C6F772069643D22466C6F775F30706D653076722220736F757263655265663D2241637469766974795F3073633279756622207461726765745265663D2241637469766974795F316A7735753230223E3C2F73657175656E6365466C6F773E0A202020203C757365725461736B2069643D2241637469766974795F306F6C7861747622206E616D653D224852E5AEA1E689B92220666C6F7761626C653A63616E64696461746547726F7570733D22313434303936343232313738303130333136382220666C6F7761626C653A666F726D4B65793D227B2671756F743B666F726D49642671756F743B3A2671756F743B313434303934353431313335343236373634382671756F743B2C2671756F743B726561644F6E6C792671756F743B3A747275652C2671756F743B67726F7570547970652671756F743B3A2671756F743B504F53542671756F743B7D223E0A2020202020203C657874656E73696F6E456C656D656E74733E0A20202020202020203C666C6F7761626C653A6F7065726174696F6E4C6973743E0A202020202020202020203C666C6F7761626C653A666F726D4F7065726174696F6E2069643D223136333233383831343737323722206C6162656C3D22E5908CE6848F2220747970653D226167726565222073686F774F726465723D2230223E3C2F666C6F7761626C653A666F726D4F7065726174696F6E3E0A202020202020202020203C666C6F7761626C653A666F726D4F7065726174696F6E2069643D223136333233383831353130363922206C6162656C3D22E68B92E7BB9D2220747970653D22726566757365222073686F774F726465723D2231223E3C2F666C6F7761626C653A666F726D4F7065726174696F6E3E0A20202020202020203C2F666C6F7761626C653A6F7065726174696F6E4C6973743E0A20202020202020203C666C6F7761626C653A7661726961626C654C6973743E3C2F666C6F7761626C653A7661726961626C654C6973743E0A20202020202020203C666C6F7761626C653A64657074506F73744C6973743E0A202020202020202020203C666C6F7761626C653A64657074506F73742069643D2264657074506F73745F5F313434303936343232313738303130333136382220747970653D2264657074506F7374222064657074506F737449643D2231343430393634323231373830313033313638223E3C2F666C6F7761626C653A64657074506F73743E0A20202020202020203C2F666C6F7761626C653A64657074506F73744C6973743E0A2020202020203C2F657874656E73696F6E456C656D656E74733E0A202020203C2F757365725461736B3E0A202020203C73657175656E6365466C6F772069643D22466C6F775F3168626F62333722206E616D653D22E5908CE6848F2220736F757263655265663D2241637469766974795F316A773575323022207461726765745265663D2241637469766974795F306F6C78617476223E0A2020202020203C657874656E73696F6E456C656D656E74733E0A20202020202020203C666C6F7761626C653A637573746F6D436F6E646974696F6E20747970653D226F7065726174696F6E22206F7065726174696F6E547970653D226167726565223E3C2F666C6F7761626C653A637573746F6D436F6E646974696F6E3E0A2020202020203C2F657874656E73696F6E456C656D656E74733E0A2020202020203C636F6E646974696F6E45787072657373696F6E207873693A747970653D2274466F726D616C45787072657373696F6E223E3C215B43444154415B247B6F7065726174696F6E54797065203D3D20276167726565277D5D5D3E3C2F636F6E646974696F6E45787072657373696F6E3E0A202020203C2F73657175656E6365466C6F773E0A202020203C656E644576656E742069643D224576656E745F30346279787237223E3C2F656E644576656E743E0A202020203C73657175656E6365466C6F772069643D22466C6F775F30736F3831306122206E616D653D22E5908CE6848F2220736F757263655265663D2241637469766974795F306F6C7861747622207461726765745265663D224576656E745F30346279787237223E0A2020202020203C657874656E73696F6E456C656D656E74733E0A20202020202020203C666C6F7761626C653A637573746F6D436F6E646974696F6E20747970653D226F7065726174696F6E22206F7065726174696F6E547970653D226167726565223E3C2F666C6F7761626C653A637573746F6D436F6E646974696F6E3E0A2020202020203C2F657874656E73696F6E456C656D656E74733E0A2020202020203C636F6E646974696F6E45787072657373696F6E207873693A747970653D2274466F726D616C45787072657373696F6E223E3C215B43444154415B247B6F7065726174696F6E54797065203D3D20276167726565277D5D5D3E3C2F636F6E646974696F6E45787072657373696F6E3E0A202020203C2F73657175656E6365466C6F773E0A202020203C73657175656E6365466C6F772069643D22466C6F775F3031326864347622206E616D653D22E68B92E7BB9D2220736F757263655265663D2241637469766974795F316A773575323022207461726765745265663D2241637469766974795F30736332797566223E0A2020202020203C657874656E73696F6E456C656D656E74733E0A20202020202020203C666C6F7761626C653A637573746F6D436F6E646974696F6E20747970653D226F7065726174696F6E22206F7065726174696F6E547970653D22726566757365223E3C2F666C6F7761626C653A637573746F6D436F6E646974696F6E3E0A2020202020203C2F657874656E73696F6E456C656D656E74733E0A2020202020203C636F6E646974696F6E45787072657373696F6E207873693A747970653D2274466F726D616C45787072657373696F6E223E3C215B43444154415B247B6F7065726174696F6E54797065203D3D2027726566757365277D5D5D3E3C2F636F6E646974696F6E45787072657373696F6E3E0A202020203C2F73657175656E6365466C6F773E0A202020203C73657175656E6365466C6F772069643D22466C6F775F3164706E797A3622206E616D653D22E68B92E7BB9D2220736F757263655265663D2241637469766974795F306F6C7861747622207461726765745265663D2241637469766974795F30736332797566223E0A2020202020203C657874656E73696F6E456C656D656E74733E0A20202020202020203C666C6F7761626C653A637573746F6D436F6E646974696F6E20747970653D226F7065726174696F6E22206F7065726174696F6E547970653D22726566757365223E3C2F666C6F7761626C653A637573746F6D436F6E646974696F6E3E0A2020202020203C2F657874656E73696F6E456C656D656E74733E0A2020202020203C636F6E646974696F6E45787072657373696F6E207873693A747970653D2274466F726D616C45787072657373696F6E223E3C215B43444154415B247B6F7065726174696F6E54797065203D3D2027726566757365277D5D5D3E3C2F636F6E646974696F6E45787072657373696F6E3E0A202020203C2F73657175656E6365466C6F773E0A20203C2F70726F636573733E0A20203C62706D6E64693A42504D4E4469616772616D2069643D2242504D4E4469616772616D5F666C6F774C65617665223E0A202020203C62706D6E64693A42504D4E506C616E652062706D6E456C656D656E743D22666C6F774C65617665222069643D2242504D4E506C616E655F666C6F774C65617665223E0A2020202020203C62706D6E64693A42504D4E53686170652062706D6E456C656D656E743D224576656E745F316339756B6B71222069643D2242504D4E53686170655F4576656E745F316339756B6B71223E0A20202020202020203C6F6D6764633A426F756E6473206865696768743D2233362E30222077696474683D2233362E302220783D223133322E302220793D223332322E30223E3C2F6F6D6764633A426F756E64733E0A2020202020203C2F62706D6E64693A42504D4E53686170653E0A2020202020203C62706D6E64693A42504D4E53686170652062706D6E456C656D656E743D2241637469766974795F30736332797566222069643D2242504D4E53686170655F41637469766974795F30736332797566223E0A20202020202020203C6F6D6764633A426F756E6473206865696768743D2238302E30222077696474683D223130302E302220783D223232302E302220793D223330302E30223E3C2F6F6D6764633A426F756E64733E0A2020202020203C2F62706D6E64693A42504D4E53686170653E0A2020202020203C62706D6E64693A42504D4E53686170652062706D6E456C656D656E743D2241637469766974795F316A7735753230222069643D2242504D4E53686170655F41637469766974795F316A7735753230223E0A20202020202020203C6F6D6764633A426F756E6473206865696768743D2238302E30222077696474683D223130302E302220783D223338302E302220793D223330302E30223E3C2F6F6D6764633A426F756E64733E0A2020202020203C2F62706D6E64693A42504D4E53686170653E0A2020202020203C62706D6E64693A42504D4E53686170652062706D6E456C656D656E743D2241637469766974795F306F6C78617476222069643D2242504D4E53686170655F41637469766974795F306F6C78617476223E0A20202020202020203C6F6D6764633A426F756E6473206865696768743D2238302E30222077696474683D223130302E302220783D223534302E302220793D223330302E30223E3C2F6F6D6764633A426F756E64733E0A2020202020203C2F62706D6E64693A42504D4E53686170653E0A2020202020203C62706D6E64693A42504D4E53686170652062706D6E456C656D656E743D224576656E745F30346279787237222069643D2242504D4E53686170655F4576656E745F30346279787237223E0A20202020202020203C6F6D6764633A426F756E6473206865696768743D2233362E30222077696474683D2233362E302220783D223730322E302220793D223332322E30223E3C2F6F6D6764633A426F756E64733E0A2020202020203C2F62706D6E64693A42504D4E53686170653E0A2020202020203C62706D6E64693A42504D4E456467652062706D6E456C656D656E743D22466C6F775F3164706E797A36222069643D2242504D4E456467655F466C6F775F3164706E797A36223E0A20202020202020203C6F6D6764693A776179706F696E7420783D223539302E302220793D223338302E30223E3C2F6F6D6764693A776179706F696E743E0A20202020202020203C6F6D6764693A776179706F696E7420783D223539302E302220793D223432302E30223E3C2F6F6D6764693A776179706F696E743E0A20202020202020203C6F6D6764693A776179706F696E7420783D223237302E302220793D223432302E30223E3C2F6F6D6764693A776179706F696E743E0A20202020202020203C6F6D6764693A776179706F696E7420783D223237302E302220793D223338302E30223E3C2F6F6D6764693A776179706F696E743E0A20202020202020203C62706D6E64693A42504D4E4C6162656C3E0A202020202020202020203C6F6D6764633A426F756E6473206865696768743D2231342E30222077696474683D2232322E302220783D223431392E302220793D223430322E30223E3C2F6F6D6764633A426F756E64733E0A20202020202020203C2F62706D6E64693A42504D4E4C6162656C3E0A2020202020203C2F62706D6E64693A42504D4E456467653E0A2020202020203C62706D6E64693A42504D4E456467652062706D6E456C656D656E743D22466C6F775F30313268643476222069643D2242504D4E456467655F466C6F775F30313268643476223E0A20202020202020203C6F6D6764693A776179706F696E7420783D223433302E302220793D223330302E30223E3C2F6F6D6764693A776179706F696E743E0A20202020202020203C6F6D6764693A776179706F696E7420783D223433302E302220793D223237302E30223E3C2F6F6D6764693A776179706F696E743E0A20202020202020203C6F6D6764693A776179706F696E7420783D223237302E302220793D223237302E30223E3C2F6F6D6764693A776179706F696E743E0A20202020202020203C6F6D6764693A776179706F696E7420783D223237302E302220793D223330302E30223E3C2F6F6D6764693A776179706F696E743E0A20202020202020203C62706D6E64693A42504D4E4C6162656C3E0A202020202020202020203C6F6D6764633A426F756E6473206865696768743D2231342E30222077696474683D2232322E302220783D223333392E302220793D223235322E30223E3C2F6F6D6764633A426F756E64733E0A20202020202020203C2F62706D6E64693A42504D4E4C6162656C3E0A2020202020203C2F62706D6E64693A42504D4E456467653E0A2020202020203C62706D6E64693A42504D4E456467652062706D6E456C656D656E743D22466C6F775F30736F38313061222069643D2242504D4E456467655F466C6F775F30736F38313061223E0A20202020202020203C6F6D6764693A776179706F696E7420783D223634302E302220793D223334302E30223E3C2F6F6D6764693A776179706F696E743E0A20202020202020203C6F6D6764693A776179706F696E7420783D223730322E302220793D223334302E30223E3C2F6F6D6764693A776179706F696E743E0A20202020202020203C62706D6E64693A42504D4E4C6162656C3E0A202020202020202020203C6F6D6764633A426F756E6473206865696768743D2231342E30222077696474683D2232332E302220783D223636302E302220793D223332322E30223E3C2F6F6D6764633A426F756E64733E0A20202020202020203C2F62706D6E64693A42504D4E4C6162656C3E0A2020202020203C2F62706D6E64693A42504D4E456467653E0A2020202020203C62706D6E64693A42504D4E456467652062706D6E456C656D656E743D22466C6F775F3168626F623337222069643D2242504D4E456467655F466C6F775F3168626F623337223E0A20202020202020203C6F6D6764693A776179706F696E7420783D223438302E302220793D223334302E30223E3C2F6F6D6764693A776179706F696E743E0A20202020202020203C6F6D6764693A776179706F696E7420783D223534302E302220793D223334302E30223E3C2F6F6D6764693A776179706F696E743E0A20202020202020203C62706D6E64693A42504D4E4C6162656C3E0A202020202020202020203C6F6D6764633A426F756E6473206865696768743D2231342E30222077696474683D2232332E302220783D223439392E302220793D223332322E30223E3C2F6F6D6764633A426F756E64733E0A20202020202020203C2F62706D6E64693A42504D4E4C6162656C3E0A2020202020203C2F62706D6E64693A42504D4E456467653E0A2020202020203C62706D6E64693A42504D4E456467652062706D6E456C656D656E743D22466C6F775F30706D65307672222069643D2242504D4E456467655F466C6F775F30706D65307672223E0A20202020202020203C6F6D6764693A776179706F696E7420783D223332302E302220793D223334302E30223E3C2F6F6D6764693A776179706F696E743E0A20202020202020203C6F6D6764693A776179706F696E7420783D223338302E302220793D223334302E30223E3C2F6F6D6764693A776179706F696E743E0A2020202020203C2F62706D6E64693A42504D4E456467653E0A2020202020203C62706D6E64693A42504D4E456467652062706D6E456C656D656E743D22466C6F775F30356679397768222069643D2242504D4E456467655F466C6F775F30356679397768223E0A20202020202020203C6F6D6764693A776179706F696E7420783D223136382E302220793D223334302E30223E3C2F6F6D6764693A776179706F696E743E0A20202020202020203C6F6D6764693A776179706F696E7420783D223232302E302220793D223334302E30223E3C2F6F6D6764693A776179706F696E743E0A2020202020203C2F62706D6E64693A42504D4E456467653E0A202020203C2F62706D6E64693A42504D4E506C616E653E0A20203C2F62706D6E64693A42504D4E4469616772616D3E0A3C2F646566696E6974696F6E733E, 0);
INSERT INTO `ACT_GE_BYTEARRAY` VALUES ('de316739-5e35-11ec-9f5e-f20bcee4e113', 1, 'flowLeave.flowLeave.png', 'de258057-5e35-11ec-9f5e-f20bcee4e113', 0x89504E470D0A1A0A0000000D49484452000002EC000001AE0806000000CB585306000027194944415478DAEDDD0D945C657D3F7054AAD43F556CD15245A52DA7B5450B3D468F2FA8543D3DA858A11242122A219145C8CBCEF05A22E4BF41822291646713212516049524BC040D2F81646792202C10FF1643103418302FE4052411020981E4FEEFEF9EBDDBC926816CB29B99DD7C3EE73C6767E6DE9DDDDCFD669EDF3CF3DCE7EEB71F0000000000000000000000000000000000000000000000000000000000000000000000000000000000000000000000000000000000000000000000000000000000000000000000000000000000000000000000000000000000000000000000000000000000000000000000000000000000000000000000000000000000000000000000000000000000000000000000000000000000000000000000000000000000000000000000000000000000000000000000000000000000000000000000000000000000000000000000000000000000000000000000000000000000000000000000000000000000000000000000000000000000000000000000000000000000000000000000000000000000000000000000000000000000000000000000000000000000000000000000000000000000000000000000000000000000000000000000000000000000000000000000000000000000000000000000000000000000000000000000000000000000000000000000000000000000000000000000000000000000000000000000000000000000000000000000000000000000000000000000000000000000000000000000000000000000000000000000000000000000000000000000000000000000000000000000000000000000000000000000000000000000000000000000000000000000000000000000000000000000000000000000000000000000000000000000000000000000000000000000000000000000000000000000000000000000000000000000000000000000000000000000000000000000000000000000000000000000000000000000000000000000000000000000000000000000000000000000000000000000000000000000000000000000000000000000000000000000000000000000000000000000000000000000000000000000000000000000000000000000000000000000000000000000000000000000000000000000000000000000000000000000000000000000402F32A2E59E77179A2B5F8FDBC596F91F2A4CA81C95B7624BA5DFC852E5D0D8D63065D65B1B4B9533F2EF8B6D8596D62F38820000D083D2C2FCB0C6E6F28FB3DBA5F2AF8AA5F2D8BC3596CAE31A27B67E3AB635965A4F2FB494CFCFBE2949DE90EE7B7B634BF98EF4EBCF1B27558E73240100A09BA505F7570BA5CACFD2A2FBA942A9F59AF46B659B1DD2C23CBE343535BDB1D05CB92746D9D37D86363657BE9D16F0179D33BE727014EC174C99F3F6D8C711050080EE2EDA9BE7BCAFD8DC7A43DC2E96CA8FA605F89CBC3596CAABE2F1B4581F9EDE5FD258AA94D3AFD747819F6E6B4BBF3E92B679695B3CAAB9F5138E260000F444C15EAACC686CAE1CDD79843DBF7FDEE4CA21C549E5236294BDA969C69B637A4C5AE49F50682E9F1D857A8CB6374E9CFB1147130000BAB558AF1C5D6C2EDF9C16E6CFB48FA23F98DE3F296FE9FD8763BFA6A6CAFE69813E2B4E4E8D9615ECA5F277D3ED3F4CEF7F33FD3ABD586AFDA8230A0000DD28567A8979ECF99498B4F05E9816EA0D796B6CA90CCBF62B953F13A3ED85E6F2E5B17F7BC1DEDC582A7F2D5AB1A5F5B4C68973FFD2110500806E563D877DBB934E3B397BF2FCF7768CB037B79E903F1E5366D262FE1247130000BA51D3B59503B2F5D63B0AF6D645ED2795662D967BCC46D15B2A0362BA4CBA7D66A154191C2D2DDAC7C7BCF518A52F96CAA38BA5CAB71C510000E8468596F227630E7B634BF9DFDAEF4F89A51AF316D35CCEFCFEBDEF386B72E5C0FE3366BC29FFBE91A53BDF9216F2A3D2FD2F2E34B736A56D64FAD8DB1C51000000000000000000000000000000000000000000000000006877F2C927279A56CBE67F2100C0EB14EC8E02F20700A06002F903005030217F00000A26903F00000513F20700A0605230217F00000A26903F00000513F20700A06002F903005030217F00000A260513F20700A06002F903005030217F00000A26E8066BD6ACF96AA9544AD20C1EE668000028D8A92349921CF0DC73CFAD4B250D0D0DB73B2200000A76EAC8F2E5CB6F48DADD7FFFFD2B070E1C78BCA30200A060A70E6CD8B0E1C82D5BB66C4DAA8C1B376EF99021430E7274000014ECD4D8EAD5AB97269DAC5FBF7EF5E0C1839B1D1D0000053B35B46CD9B28B939D983973E6EA348FFD1C2500605F2ECE674581FE3A6DA123454F486BF243366DDAB4796705FBD6AD5B5F2E168B8B8E39E698FD1D2D00605F2DD8FBA5ED95D72AD8070C18709C23454F58B162455BF23A962E5DBA7CE0C08105470B00D8978BF6BB5EA3606F33BA494FB9EFBEFB5EAF5E4F366EDC382FB23864C890031C3100605F2DD8FBEDAC60B7B41E3D69CC9831C35F6B4A4CD4EBA3478F9E6E841D0050B4EF782EFB42A3EBF4B469D3A6FD6667D5FA134F3C71B54F790000F6DBF15C7673D7D91BFAF7EF7F785A986FDCC109A78B070F1EBCD82A310000EDD2027DA6D1756AE18A2BAE68490BF42DD505FBD4A9537F90667282A30300F0BF05FBC7AAE6AE1FEB88B0B7C49BC3D9B367AFADBA68D24FD21C2E71A55300804EF2B9EC46D7D9DB468C18F1D975EBD66D4A5BD2D0D030D709CF00003B2ED8FBB9D229B53265CA94BB4AA5529C3F31D3D10000BA5D9224FB2F5DBAF4A6071E78604B6B6B6B3267CE9C5ED9A260EFADBFFBDCB97393050B163C9BB653E4AFF7FDFDEEB8E38E2C7FB7DC728BFCC99F267F00DD2F3AAB7BEFBD3759BB766DF2F2CB2F6B356ACF3CF34C327FFEFC3FA69DD789F2D7FBDACA952BE54FFE34F903E81931B2A4B3AA9B4EEBE53973E63C267F9AFCC99FFC01D0213E06D659D44F4B3BAC57E44F933FF9933F003AC41C421D455D755889FC69F2277FF20740973BAC0DEB57254B175E9B3C3AF792ACC5ED784C27A3C3923FF9933F4DFE006ADC61BDB06E65B2F8EE8B935FDD71DE362D1E8B6D3A1A1D96FCC99FFC69F20750C30E6BF9A33FDBAEB3CADB8A4767E9687458F2277FF2A7C91F402D3BACC72A97EFB4C38A6D3A1A1D96FCC99FFC69F20750C30E6BF19CA69D7658B14D47A3C3923FF9933F4DFE0074583A2CF9933FF9933FF90350B0EFA8C5AA083BEBB0629B8E4687257FF2277F9AFC01D4B0C35A72DFA49D7658B14D47A3C3923FF9933F4DFE006AD861FD61E5A264F13DFF77FB8F83D3C7629B8E4687257FF2277F9AFC01D4B0C38AF6E42FAEDFAEC38AC774323A2CF9933FF9D3E40FA0D61DD6A64DC992FBAFDAFEE3E0F4B1D8A6A3D161C99FFCC99F267F0035EAB0E24A7EBFBDAF65A77338639BABFDE9B0E44FFEE44F933F80BDDD616DDA94AC5A524E1E993D7AA79D55DE629FD8D768930E4BFEE44FFE34F903D80B1DD6EB8D2A196DD261C99FFCC99FFCC91F400D3BAC5D19557AADD1261D8F0E4BFEE44FFE34F903E8C10E6B773BABBCE9787458F2277FF2A7C91F400F76589A0E4BFEE44FFE34F9AB4F43860C39E8E4934F3E316D2D696B4BDBAAB425552DEEB70D1830E09A8103079E92B6831D35EACE8A152B8E9C3973E6C4C993272FBEE8A28B5E183162C496C183077704F9F4D34FDF7CCE39E7FC61ECD8B10BC68F1FFF8D34F80728D875143A2CF9D3BA377F4D4D4D6F2C4CA81C559C543E62472DB6F59F31E34D9DBFAFD8521E34AAB9FC39F993BF7D21835D9116E0C7A575CCACB4007FB55381FEBA2DFD9E39693BFE98638ED95FA548CD2449B27F5B5BDBF9A55269555A9027DFFEF6B7935B6FBD3579F8E18793952B5726AFBEFA6A92FBC31FFE902C5AB428B9EDB6DB924993262569C1FEEA79E79D77FFD0A1438F54B06B0A76F993BFEE71EE1577FF9F42A9BCACD0D27AE98E5AB1545E9A164C07C5BE8596F265C552654663A9FC58FA3DB7FCEFEDD69B0ACDAD13E54FFEFA6A0677455A70F74B8BED07BA5AA4EFA42D4C9FEB5895237BDDFCF9F3874E9830E185B3CE3A2BB9E9A69B9255AB56255DB16EDDBAEC4562F8F0E1AF8C1A35EABE34CC8729983405BBFCC9DF9E1959BAF32D69E153692C55CE28942A13B669CDADE7169A2BF79C35B972E0A8E6D64F149ACB17A6C5D179E9FE2BE36BFA3D17A4B7D7648FB594CF6F9CD8FA69F993BFBE98C1D712A3E16971FDED1D8DA85F70C10559CD73DF7DF725CB962D4B366EDC98D5349B376FCEEE3FF0C003D9C0E5C5175FBCB3C2BD655F9F61C05E1C559F3E7DFA2343870E4D6EBCF1C68EB0EEAE18858F51F7FFF88FFF7865D8B0611728983405BBFCC9DF9E174B234B0BDE79EE5577BFAB73CB8BA5D85E2CCDFD545A188D89A2A9BA658FB5943FD93871EE5FCA9FFCF5C50CEECCE0C1830FED3CAA9ED627C9B5D75EDBE581C9A79E7A2A993A756ACC28E85CB43F123F4745498F49C37A584B4BCBDA42A19005B13BC5F3158BC58DA79F7EFA8FF685779F3A2C05BBFC693D59B067D30D4AE5871B5BCA77442B945A1765738BDB8BA5D83EAAB9FCE142A97267B1B9DC50DDD2EFBBBBD832FF43F2277F7D35833B9216EA1F183468D0D3D5C5754CF55DBB76ED1ED5373125F8924B2EE95CB42FDFD76616B0178BF59802131FF3C474969E10A3F5E3C68D7B71D8B06177F5F5133474580A76F9D3F642C17E77FE78B1549E9B3D56552CC5C97FE93E0B0B2DE5D236AD54FE7F7172A0FCC95F5FCDE08E46D6AB8BF518559F376FDE36E7E2EDA97BEFBD377B5E453B3D26A6C1C4C87A14EB7B3A056657A6C85C7AE9A5CFA7A19EAA60D214ECF2277F7B502CB5941F284C9AFBF1ACA54551E762E9EC52F9C8D8A7B1A5F5C66273F9E6F81A2DF655B0CB5F5FCE60B5F639EB1DD3606285BBC71F7FBC476A9C98E3DE698ACC23FDFBF73F50A549B78839EB310DE6F9E79F4FF6867853306AD4A8E7D3FF34E72B983405BBFCC9DF6E174BBF4B8BA36F66ADA57CF17E49F2866D46379B5B47169B2BC7C66A1CC552797463A975C499DFBFF71D71C25FB1A57C96FCC95F5FCD60B538C1B47A64BDA78AF5EAA2BD7AD9EB381155A5C91E5BB060C1E971826977CF59DF9539ED69A037A6EF3C0F5730690A76F993BF5DD3746DE580B4309A1F8551B1D4FAE5FCF118C96C9F2FFC50C394596F2D4EAE1C1EA398234B9543D3E2E8AE112DF7BCBBD05CBE24DD3E242D9CC6A6DB7E5A68A91C237FF2D71733986B5FBAB16335989806B337C4F4984EEBB55BF2913D9B0AF3BDEF7D6F43AC06530BB7DE7AEBFAB468BF55C1A429D8E54FFE764D8C5C164B95ED46ECD2C2E7F86C0DECE672435E3C458BDBEDCBEA4D8A96DE1E57BCB2F53DB1824763F39CF7C99FFCF5C50C568DAE3F507D826977CE597F3D9D4E445DE8E24AECB6B82852ACB3DED3F3D65F6B3EFBD0A143D70C1A34E8280593A660973FF9933F4DFEBA4BFB154C3BA6C2ECE96A30BBB37A4CF57CF6B822AACA93DD72E59557AE8A0B04D4D2AC59B3E22CEA1B74589A0E4BFEE44FFE34F9EB2E696D312B2F96639DF55AF8D18F7E545DB0CF5179D2652B56AC38F2F4D34FEFF28502BA5B2C213968D0A0E7FADADAEC3A2C1D96FC69BB9ABFBEF651B9FCC95FADA535C541D573D76B55EBC4A87EF509A8E9EF74B00A942E993973E6C4EF7EF7BB493DB8F0C20B17C64757BDE1B8C53BE4B41DADC352B0CB9FB6A7F94B5FFE0E59B162455B5C06FDA28B2E3AA7DE0B27F993BFDE92C3B4383E312F922FB8E0829AD638B1647655C17E8A0A942E29954A8FDE7AEBAD7551B05F77DD758FF496658FAA3FDA4ADF647C4C87A560973F6D77F2B76CD9B28B376EDCF84AFE3AB869D3A6CDD3A64D5B327CF8F023E44F93BF3DCB61D414F97EB59EFA1BB556FEBBA4BFEF352A50BA247D37FDC2C30F3F5C1705FB2F7FF9CB256990DB7A53C154D5EEDAD13B7D1D96825DFEB41DE56FC3860D47AE59B366A7EBE83EF9E4931BBFF39DEF5C5D8FD304E54FFE7A4B0EA3A6C8B7C72708B514EBB257FDAE6D2A50BA64C488115B6A3D7F3DF7ECB3CF6E4843BCAA97164C1DEFF4AB5F3074580A76F9D3AAF3973A60F9F2E5376CD9B265EBEBBD266EDDBA75CBECD9B39F2D168B5F963F4DFEBA9EC3A829F2C7972D5B56D31A67E5CA95D5BFE72A15285D122741ECCDF5485F4F04B937174CD5EFF4E3233A1D96825DFEB4BC3DF4D043C9FAF5EBFFB81B27E56FBAEAAAAB5AEBE54435F993BFDE92C3EAFB9B376FAE697D133FBFFAF75181D2E5C0D7935DF80FD8AB5A2D3AAC584FFF89279ED8E6B19FFEF4A7C9CF7EF6B3EDF68DF5619B9B9BB377FE2FBCF042F2FCF3CF277FFCE31F93679E7926BB1FABF7BCF4D24BD9BE9B366DEAF51D565FCBD7DECC5F8C4E5D73CD355936F2ECAC59B3265BFD20CF4FE7EF79E4914792891327262B56ACD8E9F3DE71C71DC9FFFCCFFF64B79F7BEEB92CBF91B56891BD175F7C71BB9FB7A316B9DDD1F3C7C7E091F19DFDFCC71E7B2C9939736676FB97BFFC65F6BBC6CF7EF0C107B39FD75DC72F8E51A954CAFE4FEDCE2A5AF1BD5EFF6ADBEA254BF2B77BADDE6A1C1528BD7984FD853E30C29EAD74939F655F8B0EAB5028247FF6677F965C75D555D94522860E1D9ABCFFFDEF4FFEFAAFFF3ABB1D1770B8EBAEBBB27DEFBEFBEE38DEC961871D967D8DF6B9CF7DAEE376B4FCDF70FBEDB7276F7AD39B92B7BCE52DDBB53FF9933F89919B6D7E8F868686E4BDEF7D6FF6B3DFFDEE77270B162C30C2DE0BF3176FFE6EB9E5962456938A3C7CFFFBDF4FE2AAC8F1DA519D931123466CF7C62E4EF28A6D51BCE48F556FFFD5AF7E95ECBFFFFEC97BDEF39EECE7444EAA9F335AFCDCD83772DB795B75BBFCF2CBB3FDDADADAB2DFA5B1B1316B1FF8C007B2EDDFF8C6373A1E8BEDF7DF7F7FB67FFC3F39E8A083B2DB91D5CB2EBB2CBBFDE637BF39F9C94F7ED2ADF9BBEDB6DBE2FFC5EDE9CF5EB575EBD65D7AE14DFF5FFDE48C33CEA8A47FD799E9DFF730AF7F7BAFD57396F6E5FC752587D58FD7EAE29046D8E916679E79E6CBF532877DCD9A358B7BF11CF66D3AAA5ACEE18CD1C6418306255FFFFAD793134E3821F9CC673E93BCEB5DEF4ADEF9CE7766B73FF5A94F758C68FEEBBFFE6BF2C94F7E327B3CAE761B6BF21F7FFCF149B95CCE4693DEF8C63726ADADADD9BEAB57AF4E8AC562326AD4A86DDAC73FFEF1AC23EBFC7B440775E9A59726A79E7A6AD6C9D54387D5870BF61ECB5F8C80BFEF7DEF4BFEFCCFFF3CF9977FF997E41DEF7847F20FFFF00F49FFFEFDB32CDD79E79DD9DF372E481223E2F1A6EE6D6F7B5BF2177FF117C981071E986D8B2226EEC7E391A9180D7FF2C927934F7CE213C9A73FFDE998739ABD698C4B787FEB5BDFCABE270AF428D6F34F8B22CFF93E9DDB9FFEE99F26E3C78FCFF68B37136F78C31B9261C38665ED2B5FF94A96FDF4F8743C16BF435CC864FEFCF9C969A79D96FD9ED3A74F4FFEFEEFFF3EB9E28A2BB2E779EB5BDF9AADEA70EFBDF7268B162DEAD6FCC5950EC78E1DBB7CDDBA756B5F63FEF0E22953A65C93FE6D97D4DB9511EBF9F5AFBADD73CF3D5996E252F4F9635164C763F16631DF9EB71878F8ABBFFAAB8E51F47ACED2BE9CBFAEE4B07A0EFB534F3D650E3BBDD7F9E79FBFBA5E5689696B6B9BD70B5789698B17B39DAD5BBBB73BAC19336624E79E7B6E36CA1EA39B512CC7EF19A33D31DA1DB7FFFDDFFF3DDB2FA6C94427150552FAFB67B7A3738AE2BDF3087B4C838817BB98DEF0BDEF7D2F9930614247FBE77FFEE7E4B8E38ECB3EFEDDD1C7BEB14F3C4FAC41AB60EF9DF9BBFAEAABB3423DFEC6071C70403652176FF08E3DF6D864F8F0E1C93FFDD33F758C9C47C1DED2D292DD9E366D5AF6B7FFC52F7E91DD8FD1F9B81F235D51A8C7A73991CB78FE134F3C31F9D297BE94BDF91B397264C7887A3E05270AF6D816854FE716055214FFF1294E4CA1495FD7B23717F1FC1FF9C847B2E78937A671FFB39FFD6CF29FFFF99FD9149EF8777CF5AB5FCD0AAA28D2A2C8FAE8473F9A1575F1D829A79C921571F9BFA73BF397BEE13970F0E0C1CDB7DC72CBDA2D5BB6BC54F552B8317D937275BA6D715A7C4C880BBF78FDDBBD967F82B8A3823DFABD7CFB17BEF085EC139AA6A6A6ECD39E782CDE28D67396F6E5FC7525875689A1CFB8E4924BEEA99775D8AFBCF2CA59BD681DF61D8E28D5BAC3BAF0C20BB391CCE854A223890EE5F39FFFFC362D3A9AB88044BF7EFDB629D8A3008B8227469DAEBFFEFA6C74E9BAEBAECBE60E5F74D145AF391D216FD1B975FE9DE267C6B6E8C014ECBD2F7F31CA1D6FCA6214FBA8A38EEA28582233D16244B1FAEF5E5DB03FFEF8E3C97FFFF77F274F3FFDF47605FBC2850BB34267EAD4A9C921871C924DA98AE90531DA7EE49147669FCEC4BECF3EFB6CF6BD310D21A6161C7DF4D1D92743F166215A643C3E01887D2B954AB6EF19679C918DC647CEBFF6B5AF65DB22DF713F1E8FE7CA7FDFFFFAAFFFCAFECF2C59B224CBE8DFFCCDDF641D6A1459F17DF186A427F397FEAC7EC56271D1D2A54B57BEF4D24BF3478F1E3DBDBDC8E8277F7BA760AFDE1E198CC76234BC9EB3B42FE7AF2B39AC5E873DDED85B879D5EEBF2CB2F3F6DFCF8F15BEBA1604F5F1867F5962B9DEEAA5A7458319A199DC3EF7FFFFBE4CC33CFCCE698C7A868B4B81D1D4AEC17A398871F7E7847C1FE8FFFF88FC917BFF8C56C54A8BA088F8F7BE3E4C118358A91FB28E8A3908F6D93274FCE4E668D422EA6442C5EBC789BDFE5B7BFFD6DF69171CC9D8FFDE37B15ECBD2B7F31FA1D854A7C5A93B798729517CC918BC856DAE16F57B0776ED505FB0D37DC90CD598F4F7FE2CD40143F91C328D8234FF9D498BC608F22E83BDFF94E362D2B0AA6289462D43D9E23CED588732CF29F13DB62A4347217998EE7894E32EEC7FE79911553C3F2B9F85160759EC610CFBF37F2170547FAEF2EB42F4957E82B9788AF97823DF219D3B2A2C59BBECE057BFCDD63943D3EF589732AFEEEEFFEAEE313A37ACD92FCED7251EF4AA7F40D715184F48567738CA2D6780DF698BFFE4C3D5FA4A13716EC315A74E8A187660557B4E8900E3EF8E06CBF986F1CD308F2823DE6A2C789A263C68CC946E1E344C328B6F3422C46EFE379E3A3DD580D216E47F116239ED111CE9B376FBBDF250ABB28C662FE7B746031A521560251B0F7AEFC456E3EF6B18F75B41851CFA7C444F11D23E47971B2AB057B1438B15FBCE98B732D627E7B4C838982FD88238EC8A628E405FB8F7FFCE36CDE706CAB6E318F3E1FF18FED319A9F175991FBF81A53C0F2DC563F1EFBC5391BB12D0AAA9FFFFCE73B9C77DC9DAB23BD5EFEFA52A1544F057BE4F79C73CEC9DA873FFCE1ED0AF628D0FFF66FFF36BB1DDBF33789F59C25F9DBE51AE7A0B4B678252F947FF7BBDFD5A4C6693FB76C6B55C17EF07ED055E9BBCECAAC59B36A5AB0A71DF70FD310DFA060EABE823DD6DC8D178628A6E244D268317A9E17ECD1AA0BF618A58C8F0C67CF9E9D8D42452716A34ED5CF7DF3CD37679DDFB871E33A46E063C4FED7BFFEF576BF474CA989ED31AA11F763A43E1F9D52B0F7AEFCC5FCF52F7FF9CBD9DFF2831FFC6072D249277514ECB13DE69EC71BC2AE14ECD5A3F71FFAD087B24F7CE239A3F08E8CC673C4BED1D1C5273A91C528E4E33C8BF85D22CFF173639F781311A39F93264DEA28B2E2D3A398931C2706C63E51ACC5FD28CCF2222BA6ECC4C9AAF9A74E3B2AB2626A4E779D7F217FF53B2566C3860D598EE27E9EA37ACE92FC7569947D565E284F9932A526354EF47FD517765279B25B860E1D7A644343C3ABB55AF2E8D5575F5D9E06F889F4DDE7513AAC3D6FB1C458742AB19A4114D751E0E45362E2E3DE9D15EC319A1EDB63DA411447F11C312733F68B7578E305274632E3F1B3CF3EBBA3188FEF8B934EF39567A2C55AC431FD26A6D9548F564531967F5F2D469B144CBB5FB0C7DF3F6EC7E862FC1DA3B88E4F57A2988993E9468F1EDDE5823D56D688FBB1024DACA0F0C31FFE309B931E6F18E3D3A118418FECE5DF1FD36F22CFB15A471458F1694D7C7F1443D53F270AAB289C62AE7B5E84C5FF85B81F8F574F4FC8E71DE74556ACF41185555E64C5149C7883227F7DBB60CF8BEE382723FEF6BFF9CD6FEA3A4BF2B7EB62AA6D5E2CC7C0540C02EC4D3183E1D4534FAD1E5D3F7E3FD85DE98BD8FC5A9D7C7AD965975D9786F8261D56F7B4586A313A9518818C799631BD25563C883582A3D089251EF37DA3038A823D5686894E2BE6AAC73E518045A7145F638A4C745E51CCC747C263C78ECDD617CE47F12337B1145AEC9B5F28278AAA38E12A3E7EACFEDD6239BF78DEF8DE985FAFC3EA3D057BBC018B6226721045478C2C46D112054914D2B14250BC098BBF7DE78BCBC489A571F2714C897AFBDBDFBECDB678AE9886106FF8625A41BCB18C51B0287822579DFF0D31DA1ECF11A39CF93CF758F1A87A9F3861309626CD6FC73EB18C649E817CDDECF81A1D78BC898D422EA66FC5EF1FD36DE2DF1ABF73CCB1FFE637BF297FBDB060DFD5651DABB74776E3B1FCD3A37ACD92FC757994BD63B598580A766F5E7F267E5EF5D2937D71EA117B51FFFEFD0F39EDB4D35EDEDBEB94FEFAD7BF9E9F06F885F4E71FAEC3EA9E16F32763A4278AA758E2319F82121FD7C6CA30F1516EBE6F145CB14C63EC1357B28B65A7E284BF7CB58D1829CD2F5C1373E2F3E789A5F8A2F08E51CE782CAE903A77EEDCEC7614E9310ABBB32BFBC5F7C4F48718CDD261F58EFCC55494C841E4224EAC8B375B31C21EF9A9DE2F567A89732162CE79F5E3319A1923955190C754A9EA6D51A8C79CF8C85514E931252B7FAE2876E2139F1D5D6B20F68FF5E0635A4CF5A7389D5B9C5BB1B3695B3FF8C10FB20B8AC5BF2756428A9F95AFFB1EFFDE78EE78D3BB7CF972F9EB85057B77B77ACA92FC75CD49279DF4F9EA35DBE36FB937C49BBCEA9F9BBEA61DABE2648F0D1A346854A15078696F4D8D79F1C5171F4D7FE6A36988CFD561693A2CF9ABF54979F2E7F54FFEFAF428FB1579E11C030F514CF7F4BAEBA79C72CAD6AA82BD653FE82EC3860DBB7EECD8B13D5EB4BFFAEAAB4F0D1D3AB49C06F82A1D96A6C3923FF9933F4DFE7A524C45A99E1A13457B4F5D4C298AF5534F3D754B55B1FE485CAC4A9549B7063A2DA47F3A66CC98E77BAA688F91F5F48D4125E6ADF7B5651C75583A2CF9D3E44FFEE4AF3EA545FAA169EDB1A4BA688FE931DD39A73D46EE3B8DAC2F4FDB612A4C7AA4681F3468D09451A3463DDFDD73DA63CE7AFB3498ABFA7AB1AEC3D261C99F267FFEEEF2575FA278AE2EDAF31351F774F598580DA6D309A68A75F68E0103068C48DF7D6E983E7DFABACD9B37EFF1D28DEDABC1BCD097E7ACEBB07458F2A7C99FFCC95FAF18696FAB2EAE63959FB862F7AA55ABBA7C51A458F6B67AE9C67C1A8C629DBD26568F193870E0CD6910D7DF74D34DBF4BDF41BED2D52B98C64591D2E7783CA6C0A45F3FA0C3D27458F2277FF2A7C95F2DC56C820103064CE85464672DAE2B1117128C39EE31D3201FB48CAF71CD8898A37EDB6DB76517C2AABE8269F509A6E6AC53ABD1F60FA6ED9A3498CF9F7DF6D90F4F9D3AF5E1071F7CF0774F3FFDF48B55F5F90B51A0B7B5B5CDBBF2CA2B679D71C6197175B167D222FDC6BE7851241D960E4BFE34F9933FF9EBDDDA977C6CDB51E1BE1B6DA1A51BA90B31EFBC3DDCB13C529C38FA64DA5EA90AEBAAF6E0B7C4D5C5F68579EA3A2C1D96FC69F2277FF2D7EB0726E38AA8B33AD534BBD4D2227D4E5CC1D445914087A5E9B0E44FFEE44F93BF9E1F983C282DDE4F8E81C7F601C8559D0AF46C6032661DA445FA293175D851031D96A6C3923FF9933F4DFE0074583A2CF9D3E44FFEE40F40C1AEE9B0E44FFEE44F933F001D96A6C3923FF9933F4DC10EA0C3D261C99F267FF2277F003A2C4D87257FF2277F9AFC01E8B07458F2A7C99FFCC91F80825DD361C99FFCC99F267F003A2C4D87257FF2277F9A821D4087A5C3923F4DFEE44FFE0074589A0E4BFEE44FFE34F903D061E9B0E44F933FF9933F0005BBA6C3923FF9933F4DFE0074589A0E4BFEE44FFE34053B800E4B87257F9AFCC99FFC01E8B0341D96FCC99FFC69F207A0C3D261C99F267FF2277F00FBA6D6D6561D45FDB48D6987F58AFC69F2277FF2074087050B16AC5ABB76ADCEA20EDACA952BA7A51DD663F2A7C99FFCC91F001DCAE5F257E6CD9BB77ECD9A352FE9346A37B2149DD5DCB9737F9FB613E54F933FF9EB62B12B7F007D5DFA2279DC9C397316C6C7913187B0B7B51B6FBC3139F9E49393DEF8BBB7B738EE8FEDAB9D556FCF5F1F68F2D78BF3F7D0430F25A55229993973A6FC0150BFD2627D5614ECC71C73CCFE8E06B0AF4892E480E79E7B6E5D2A696868B8DD1101A02E0D1830E06369B1FE4A14EC03070E3CD61101F615CB972FBF216977FFFDF7AF4C5F038F775400A8C7827D6614EBED6DA12302EC0B366CD870E4962D5BB62655C68D1BB77CC8902107393A00D48DB440EF978FAEE72D2DE08F736480BE6EF5EAD54B934ED6AF5FBF7AF0E0C1CD8E0E00F554B0CFAA2ED6F3517673D981BE6CD9B26517273B3173E6CCD53198E12801500FC5FA76A3EB79338F13E8ABD29AFC904D9B366DDE59C1BE75EBD6978BC5E222031700D443C17ED78E8AF5F6D6E608017DD18A152BDA92D7B174E9D2E503070E2C385A00D4B258DFE9E8BAB9EC405F76DF7DF7BD5EBD9E6CDCB8715EBC0E0E1932E400470C805A15ECB35EAB58B7620CD0578D193366F86B4D89897A7DF4E8D1D38DB003508F457CE22800FB8269D3A6FD6667D5FA134F3C71754C0B34871D00053B408DF4EFDFFFF0B430DFB883134E170F1E3C78B155620050B003D4D815575CD19216E85BAA0BF6A953A7FE60C08001131C1D0014EC003516535E66CF9EBDB6EAA2493F495F0797B8D229000A76803A3162C488CFAE5BB76E53DA92868686B9AE410180821DA0CE4C9932E5AE52A9144BD9CE74340050B003D499980213AF7F7122AAA30180821DC0EB1F00E8B000BCFE01A0C302F0FA07003A2C00AF7F00A0C302BCFE01800E8B7DCF88967BDE5D68AE7C3D6E175BE67FA830A17254DE8A2D957E234B9543635BC394596F6D2C55CEC8BF2FB6155A5ABFE008E2F50F007458F4A0B4303FACB1B9FCE3EC76A9FCAB62A93C366F8DA5F2B8C689AD9F8E6D8DA5D6D30B2DE5F3B36F4A9237A4FBDEDED852BE23FDFAF3C64995E31C49BCFE01A0C3D261D1CDD282FBAB8552E56769D1FD54A1D47A4DFAB5B2CD0E69611E5F9A9A9ADE5868AEDC13A3ECE93E431B9B2BDF4E0BF88BCE195F39380AF60BA6CC797BECE388E2F50F001D167477D1DE3CE77DC5E6D61BE276B1547E342DC0E7E4ADB1545E158FA7C5FAF0F4FE92C652A59C7EBD3E0AFC745B5BFAF591B4CD4BDBE251CDAD9F7034F1FA07800E0B7AA2602F55663436578EEE3CC29EDF3F6F72E590E2A4F21131CADED434E3CD313D262DF24F283497CF8E423D46DB1B27CEFD88A389D73F007458D0ADC57AE5E86273F9E6B4307FA67D14FDC1F4FE49794BEF3F1CFB353555F64F0BF45971726AB4AC602F95BF9B6EFF617AFF9BE9D7E9C552EB471D51BCFE01A0C3826E142BBDC43CF67C4A4C5A782F4C0BF586BC35B6548665FB95CA9F89D1F64273F9F2D8BFBD606F6E2C95BF16ADD8D27A5AE3C4B97FE988E2F50F001D1674B3EA39ECDB9D74DAC9D993E7BFB76384BDB9F584FCF198329316F397389A78FD03408705DDA8E9DACA01D97AEB1D057BEBA2F6934AB316CB3D66A3E82D9501315D26DD3EB350AA0C8E9616EDE363DE7A8CD2174BE5D1C552E55B8E285EFF00D06141372AB4943F1973D81B5BCAFFD67E7F4A2CD598B798E672E6F7EF7DC759932B07F69F31E34DF9F78D2CDDF996B4901F95EE7F71A1B9B5296D23D3C7DEE688E2F50F001D1680D73F00D0610178FD03001D1680D73F007458005EFF00408705E0F50F001D96A30078FD03001D1680D73F00D0610178FD03A08F75589AA669FB6AD30B0000000000000000000000000000000000000000000000000000D067FD7FA0C1AD01F80A4F660000000049454E44AE426082, 1);
INSERT INTO `ACT_GE_BYTEARRAY` VALUES ('e76c3d55-5e39-11ec-9f5e-f20bcee4e113', 1, 'flowSubmit.bpmn', 'e76c3d54-5e39-11ec-9f5e-f20bcee4e113', 0x3C3F786D6C2076657273696F6E3D22312E302220656E636F64696E673D225554462D38223F3E0A3C646566696E6974696F6E7320786D6C6E733D22687474703A2F2F7777772E6F6D672E6F72672F737065632F42504D4E2F32303130303532342F4D4F44454C2220786D6C6E733A7873693D22687474703A2F2F7777772E77332E6F72672F323030312F584D4C536368656D612D696E7374616E63652220786D6C6E733A7873643D22687474703A2F2F7777772E77332E6F72672F323030312F584D4C536368656D612220786D6C6E733A666C6F7761626C653D22687474703A2F2F666C6F7761626C652E6F72672F62706D6E2220786D6C6E733A62706D6E64693D22687474703A2F2F7777772E6F6D672E6F72672F737065632F42504D4E2F32303130303532342F44492220786D6C6E733A6F6D6764633D22687474703A2F2F7777772E6F6D672E6F72672F737065632F44442F32303130303532342F44432220786D6C6E733A6F6D6764693D22687474703A2F2F7777772E6F6D672E6F72672F737065632F44442F32303130303532342F44492220786D6C6E733A62706D6E323D22687474703A2F2F7777772E6F6D672E6F72672F737065632F42504D4E2F32303130303532342F4D4F44454C2220786D6C6E733A64633D22687474703A2F2F7777772E6F6D672E6F72672F737065632F44442F32303130303532342F44432220786D6C6E733A64693D22687474703A2F2F7777772E6F6D672E6F72672F737065632F44442F32303130303532342F44492220747970654C616E67756167653D22687474703A2F2F7777772E77332E6F72672F323030312F584D4C536368656D61222065787072657373696F6E4C616E67756167653D22687474703A2F2F7777772E77332E6F72672F313939392F585061746822207461726765744E616D6573706163653D22687474703A2F2F666C6F7761626C652E6F72672F62706D6E222069643D226469616772616D5F666C6F775375626D697422207873693A736368656D614C6F636174696F6E3D22687474703A2F2F7777772E6F6D672E6F72672F737065632F42504D4E2F32303130303532342F4D4F44454C2042504D4E32302E787364223E0A20203C70726F636573732069643D22666C6F775375626D697422206E616D653D22E68AA5E99480E794B3E8AFB72220697345786563757461626C653D2274727565223E0A202020203C657874656E73696F6E456C656D656E74733E0A2020202020203C666C6F7761626C653A657865637574696F6E4C697374656E6572206576656E743D22656E642220636C6173733D22636F6D2E666C6F772E64656D6F2E636F6D6D6F6E2E666C6F772E6C697374656E65722E557064617465466C6F775374617475734C697374656E6572223E3C2F666C6F7761626C653A657865637574696F6E4C697374656E65723E0A202020203C2F657874656E73696F6E456C656D656E74733E0A202020203C73746172744576656E742069643D224576656E745F31376E32727739223E3C2F73746172744576656E743E0A202020203C757365725461736B2069643D2241637469766974795F30336B6A75727422206E616D653D22E68AA5E99480E58D95E5BD95E585A52220666C6F7761626C653A61737369676E65653D22247B7374617274557365724E616D657D2220666C6F7761626C653A666F726D4B65793D227B2671756F743B666F726D49642671756F743B3A2671756F743B313434303934373637353034313130373936382671756F743B2C2671756F743B726561644F6E6C792671756F743B3A66616C73652C2671756F743B67726F7570547970652671756F743B3A2671756F743B41535349474E45452671756F743B7D223E0A2020202020203C657874656E73696F6E456C656D656E74733E0A20202020202020203C666C6F7761626C653A7661726961626C654C6973743E3C2F666C6F7761626C653A7661726961626C654C6973743E0A20202020202020203C666C6F7761626C653A6F7065726174696F6E4C6973743E0A202020202020202020203C666C6F7761626C653A666F726D4F7065726174696F6E2069643D223136333233383833353236373622206C6162656C3D22E68F90E4BAA42220747970653D226167726565222073686F774F726465723D2230223E3C2F666C6F7761626C653A666F726D4F7065726174696F6E3E0A202020202020202020203C666C6F7761626C653A666F726D4F7065726174696F6E2069643D223136333936333632383535353022206C6162656C3D22E692A4E994802220747970653D227265766F6B65222073686F774F726465723D2231223E3C2F666C6F7761626C653A666F726D4F7065726174696F6E3E0A20202020202020203C2F666C6F7761626C653A6F7065726174696F6E4C6973743E0A2020202020203C2F657874656E73696F6E456C656D656E74733E0A202020203C2F757365725461736B3E0A202020203C73657175656E6365466C6F772069643D22466C6F775F30306C647661672220736F757263655265663D224576656E745F31376E3272773922207461726765745265663D2241637469766974795F30336B6A757274223E3C2F73657175656E6365466C6F773E0A202020203C757365725461736B2069643D2241637469766974795F3079777866777522206E616D653D22E983A8E997A8E9A286E5AFBCE5AEA1E689B92220666C6F7761626C653A63616E64696461746547726F7570733D22247B64657074506F73744C65616465727D2220666C6F7761626C653A666F726D4B65793D227B2671756F743B726561644F6E6C792671756F743B3A747275652C2671756F743B67726F7570547970652671756F743B3A2671756F743B444550545F504F53545F4C45414445522671756F743B7D223E0A2020202020203C657874656E73696F6E456C656D656E74733E0A20202020202020203C666C6F7761626C653A7461736B4C697374656E6572206576656E743D226372656174652220636C6173733D22636F6D2E666C6F772E64656D6F2E636F6D6D6F6E2E666C6F772E6C697374656E65722E44657074506F73744C65616465724C697374656E6572223E3C2F666C6F7761626C653A7461736B4C697374656E65723E0A20202020202020203C666C6F7761626C653A7661726961626C654C6973743E0A202020202020202020203C666C6F7761626C653A666F726D5661726961626C652069643D2231343430393637353831363733343539373132223E3C2F666C6F7761626C653A666F726D5661726961626C653E0A20202020202020203C2F666C6F7761626C653A7661726961626C654C6973743E0A20202020202020203C666C6F7761626C653A6F7065726174696F6E4C6973743E0A202020202020202020203C666C6F7761626C653A666F726D4F7065726174696F6E2069643D223136333233383833373230303322206C6162656C3D22E5908CE6848F2220747970653D226167726565222073686F774F726465723D2230223E3C2F666C6F7761626C653A666F726D4F7065726174696F6E3E0A202020202020202020203C666C6F7761626C653A666F726D4F7065726174696F6E2069643D223136333936333633303430383022206C6162656C3D22E9A9B3E59B9E2220747970653D2272656A656374222073686F774F726465723D2231223E3C2F666C6F7761626C653A666F726D4F7065726174696F6E3E0A20202020202020203C2F666C6F7761626C653A6F7065726174696F6E4C6973743E0A2020202020203C2F657874656E73696F6E456C656D656E74733E0A202020203C2F757365725461736B3E0A202020203C73657175656E6365466C6F772069643D22466C6F775F307839647832742220736F757263655265663D2241637469766974795F30336B6A75727422207461726765745265663D2241637469766974795F30797778667775223E3C2F73657175656E6365466C6F773E0A202020203C6578636C7573697665476174657761792069643D22476174657761795F3137397A676E70223E3C2F6578636C7573697665476174657761793E0A202020203C73657175656E6365466C6F772069643D22466C6F775F3138703368716222206E616D653D22E5908CE6848F2220736F757263655265663D2241637469766974795F3079777866777522207461726765745265663D22476174657761795F3137397A676E70223E0A2020202020203C657874656E73696F6E456C656D656E74733E0A20202020202020203C666C6F7761626C653A637573746F6D436F6E646974696F6E20747970653D226F7065726174696F6E22206F7065726174696F6E547970653D226167726565223E3C2F666C6F7761626C653A637573746F6D436F6E646974696F6E3E0A2020202020203C2F657874656E73696F6E456C656D656E74733E0A202020203C2F73657175656E6365466C6F773E0A202020203C656E644576656E742069643D224576656E745F306E766A786768223E3C2F656E644576656E743E0A202020203C73657175656E6365466C6F772069643D22466C6F775F31716967616B7222206E616D653D22E68AA5E99480E98791E9A29DE5B08FE4BA8E313030302220736F757263655265663D22476174657761795F3137397A676E7022207461726765745265663D224576656E745F306E766A786768223E0A2020202020203C636F6E646974696F6E45787072657373696F6E207873693A747970653D2274466F726D616C45787072657373696F6E223E3C215B43444154415B247B746F74616C416D6F756E74203C3D20313030307D5D5D3E3C2F636F6E646974696F6E45787072657373696F6E3E0A202020203C2F73657175656E6365466C6F773E0A202020203C757365725461736B2069643D2241637469766974795F3071617934387522206E616D653D22E680BBE7BB8FE79086E5AEA1E689B92220666C6F7761626C653A63616E64696461746547726F7570733D22313434303931313431303538313231333431362220666C6F7761626C653A666F726D4B65793D227B2671756F743B666F726D49642671756F743B3A2671756F743B313434303934373637353034313130373936382671756F743B2C2671756F743B726561644F6E6C792671756F743B3A747275652C2671756F743B67726F7570547970652671756F743B3A2671756F743B444550542671756F743B7D223E0A2020202020203C657874656E73696F6E456C656D656E74733E0A20202020202020203C666C6F7761626C653A6F7065726174696F6E4C6973743E0A202020202020202020203C666C6F7761626C653A666F726D4F7065726174696F6E2069643D223136333233383835333637373122206C6162656C3D22E5908CE6848F2220747970653D226167726565222073686F774F726465723D2230223E3C2F666C6F7761626C653A666F726D4F7065726174696F6E3E0A202020202020202020203C666C6F7761626C653A666F726D4F7065726174696F6E2069643D223136333233383835343030383122206C6162656C3D22E68B92E7BB9D2220747970653D22726566757365222073686F774F726465723D2231223E3C2F666C6F7761626C653A666F726D4F7065726174696F6E3E0A20202020202020203C2F666C6F7761626C653A6F7065726174696F6E4C6973743E0A20202020202020203C666C6F7761626C653A7661726961626C654C6973743E3C2F666C6F7761626C653A7661726961626C654C6973743E0A20202020202020203C666C6F7761626C653A7573657243616E64696461746547726F75707320747970653D2244455054222076616C75653D2231343430393131343130353831323133343136223E3C2F666C6F7761626C653A7573657243616E64696461746547726F7570733E0A2020202020203C2F657874656E73696F6E456C656D656E74733E0A202020203C2F757365725461736B3E0A202020203C73657175656E6365466C6F772069643D22466C6F775F303538636D736222206E616D653D22E68AA5E99480E98791E9A29DE5A4A7E4BA8E313030302220736F757263655265663D22476174657761795F3137397A676E7022207461726765745265663D2241637469766974795F30716179343875223E0A2020202020203C636F6E646974696F6E45787072657373696F6E207873693A747970653D2274466F726D616C45787072657373696F6E223E3C215B43444154415B247B746F74616C416D6F756E74203E20313030307D5D5D3E3C2F636F6E646974696F6E45787072657373696F6E3E0A202020203C2F73657175656E6365466C6F773E0A202020203C73657175656E6365466C6F772069643D22466C6F775F3079637838666222206E616D653D22E5908CE6848F2220736F757263655265663D2241637469766974795F3071617934387522207461726765745265663D224576656E745F306E766A786768223E0A2020202020203C657874656E73696F6E456C656D656E74733E0A20202020202020203C666C6F7761626C653A637573746F6D436F6E646974696F6E20747970653D226F7065726174696F6E22206F7065726174696F6E547970653D226167726565223E3C2F666C6F7761626C653A637573746F6D436F6E646974696F6E3E0A2020202020203C2F657874656E73696F6E456C656D656E74733E0A2020202020203C636F6E646974696F6E45787072657373696F6E207873693A747970653D2274466F726D616C45787072657373696F6E223E3C215B43444154415B247B6F7065726174696F6E54797065203D3D20276167726565277D5D5D3E3C2F636F6E646974696F6E45787072657373696F6E3E0A202020203C2F73657175656E6365466C6F773E0A202020203C73657175656E6365466C6F772069643D22466C6F775F30396237756E7222206E616D653D22E68B92E7BB9D2220736F757263655265663D2241637469766974795F3071617934387522207461726765745265663D2241637469766974795F30336B6A757274223E0A2020202020203C657874656E73696F6E456C656D656E74733E0A20202020202020203C666C6F7761626C653A637573746F6D436F6E646974696F6E20747970653D226F7065726174696F6E22206F7065726174696F6E547970653D22726566757365223E3C2F666C6F7761626C653A637573746F6D436F6E646974696F6E3E0A2020202020203C2F657874656E73696F6E456C656D656E74733E0A2020202020203C636F6E646974696F6E45787072657373696F6E207873693A747970653D2274466F726D616C45787072657373696F6E223E3C215B43444154415B247B6F7065726174696F6E54797065203D3D2027726566757365277D5D5D3E3C2F636F6E646974696F6E45787072657373696F6E3E0A202020203C2F73657175656E6365466C6F773E0A20203C2F70726F636573733E0A20203C62706D6E64693A42504D4E4469616772616D2069643D2242504D4E4469616772616D5F666C6F775375626D6974223E0A202020203C62706D6E64693A42504D4E506C616E652062706D6E456C656D656E743D22666C6F775375626D6974222069643D2242504D4E506C616E655F666C6F775375626D6974223E0A2020202020203C62706D6E64693A42504D4E53686170652062706D6E456C656D656E743D224576656E745F31376E32727739222069643D2242504D4E53686170655F4576656E745F31376E32727739223E0A20202020202020203C6F6D6764633A426F756E6473206865696768743D2233362E30222077696474683D2233362E302220783D223130322E302220793D223239322E30223E3C2F6F6D6764633A426F756E64733E0A2020202020203C2F62706D6E64693A42504D4E53686170653E0A2020202020203C62706D6E64693A42504D4E53686170652062706D6E456C656D656E743D2241637469766974795F30336B6A757274222069643D2242504D4E53686170655F41637469766974795F30336B6A757274223E0A20202020202020203C6F6D6764633A426F756E6473206865696768743D2238302E30222077696474683D223130302E302220783D223139302E302220793D223237302E30223E3C2F6F6D6764633A426F756E64733E0A2020202020203C2F62706D6E64693A42504D4E53686170653E0A2020202020203C62706D6E64693A42504D4E53686170652062706D6E456C656D656E743D2241637469766974795F30797778667775222069643D2242504D4E53686170655F41637469766974795F30797778667775223E0A20202020202020203C6F6D6764633A426F756E6473206865696768743D2238302E30222077696474683D223130302E302220783D223335302E302220793D223237302E30223E3C2F6F6D6764633A426F756E64733E0A2020202020203C2F62706D6E64693A42504D4E53686170653E0A2020202020203C62706D6E64693A42504D4E53686170652062706D6E456C656D656E743D22476174657761795F3137397A676E70222069643D2242504D4E53686170655F476174657761795F3137397A676E70223E0A20202020202020203C6F6D6764633A426F756E6473206865696768743D2235302E30222077696474683D2235302E302220783D223531352E302220793D223238352E30223E3C2F6F6D6764633A426F756E64733E0A2020202020203C2F62706D6E64693A42504D4E53686170653E0A2020202020203C62706D6E64693A42504D4E53686170652062706D6E456C656D656E743D224576656E745F306E766A786768222069643D2242504D4E53686170655F4576656E745F306E766A786768223E0A20202020202020203C6F6D6764633A426F756E6473206865696768743D2233362E30222077696474683D2233362E302220783D223933322E302220793D223239322E30223E3C2F6F6D6764633A426F756E64733E0A2020202020203C2F62706D6E64693A42504D4E53686170653E0A2020202020203C62706D6E64693A42504D4E53686170652062706D6E456C656D656E743D2241637469766974795F30716179343875222069643D2242504D4E53686170655F41637469766974795F30716179343875223E0A20202020202020203C6F6D6764633A426F756E6473206865696768743D2238302E30222077696474683D223130302E302220783D223730302E302220793D223337302E30223E3C2F6F6D6764633A426F756E64733E0A2020202020203C2F62706D6E64693A42504D4E53686170653E0A2020202020203C62706D6E64693A42504D4E456467652062706D6E456C656D656E743D22466C6F775F30396237756E72222069643D2242504D4E456467655F466C6F775F30396237756E72223E0A20202020202020203C6F6D6764693A776179706F696E7420783D223735302E302220793D223435302E30223E3C2F6F6D6764693A776179706F696E743E0A20202020202020203C6F6D6764693A776179706F696E7420783D223735302E302220793D223530302E30223E3C2F6F6D6764693A776179706F696E743E0A20202020202020203C6F6D6764693A776179706F696E7420783D223234302E302220793D223530302E30223E3C2F6F6D6764693A776179706F696E743E0A20202020202020203C6F6D6764693A776179706F696E7420783D223234302E302220793D223335302E30223E3C2F6F6D6764693A776179706F696E743E0A20202020202020203C62706D6E64693A42504D4E4C6162656C3E0A202020202020202020203C6F6D6764633A426F756E6473206865696768743D2231342E30222077696474683D2232322E302220783D223438342E302220793D223438322E30223E3C2F6F6D6764633A426F756E64733E0A20202020202020203C2F62706D6E64693A42504D4E4C6162656C3E0A2020202020203C2F62706D6E64693A42504D4E456467653E0A2020202020203C62706D6E64693A42504D4E456467652062706D6E456C656D656E743D22466C6F775F30796378386662222069643D2242504D4E456467655F466C6F775F30796378386662223E0A20202020202020203C6F6D6764693A776179706F696E7420783D223830302E302220793D223431302E30223E3C2F6F6D6764693A776179706F696E743E0A20202020202020203C6F6D6764693A776179706F696E7420783D223935302E302220793D223431302E30223E3C2F6F6D6764693A776179706F696E743E0A20202020202020203C6F6D6764693A776179706F696E7420783D223935302E302220793D223332382E30223E3C2F6F6D6764693A776179706F696E743E0A20202020202020203C62706D6E64693A42504D4E4C6162656C3E0A202020202020202020203C6F6D6764633A426F756E6473206865696768743D2231342E30222077696474683D2232332E302220783D223836342E302220793D223339322E30223E3C2F6F6D6764633A426F756E64733E0A20202020202020203C2F62706D6E64693A42504D4E4C6162656C3E0A2020202020203C2F62706D6E64693A42504D4E456467653E0A2020202020203C62706D6E64693A42504D4E456467652062706D6E456C656D656E743D22466C6F775F303538636D7362222069643D2242504D4E456467655F466C6F775F303538636D7362223E0A20202020202020203C6F6D6764693A776179706F696E7420783D223534302E302220793D223333352E30223E3C2F6F6D6764693A776179706F696E743E0A20202020202020203C6F6D6764693A776179706F696E7420783D223534302E302220793D223431302E30223E3C2F6F6D6764693A776179706F696E743E0A20202020202020203C6F6D6764693A776179706F696E7420783D223730302E302220793D223431302E30223E3C2F6F6D6764693A776179706F696E743E0A20202020202020203C62706D6E64693A42504D4E4C6162656C3E0A202020202020202020203C6F6D6764633A426F756E6473206865696768743D2231342E30222077696474683D2239302E302220783D223537352E302220793D223338332E30223E3C2F6F6D6764633A426F756E64733E0A20202020202020203C2F62706D6E64693A42504D4E4C6162656C3E0A2020202020203C2F62706D6E64693A42504D4E456467653E0A2020202020203C62706D6E64693A42504D4E456467652062706D6E456C656D656E743D22466C6F775F31716967616B72222069643D2242504D4E456467655F466C6F775F31716967616B72223E0A20202020202020203C6F6D6764693A776179706F696E7420783D223536352E302220793D223331302E30223E3C2F6F6D6764693A776179706F696E743E0A20202020202020203C6F6D6764693A776179706F696E7420783D223933322E302220793D223331302E30223E3C2F6F6D6764693A776179706F696E743E0A20202020202020203C62706D6E64693A42504D4E4C6162656C3E0A202020202020202020203C6F6D6764633A426F756E6473206865696768743D2231342E30222077696474683D2239302E302220783D223730342E302220793D223239322E30223E3C2F6F6D6764633A426F756E64733E0A20202020202020203C2F62706D6E64693A42504D4E4C6162656C3E0A2020202020203C2F62706D6E64693A42504D4E456467653E0A2020202020203C62706D6E64693A42504D4E456467652062706D6E456C656D656E743D22466C6F775F31387033687162222069643D2242504D4E456467655F466C6F775F31387033687162223E0A20202020202020203C6F6D6764693A776179706F696E7420783D223435302E302220793D223331302E30223E3C2F6F6D6764693A776179706F696E743E0A20202020202020203C6F6D6764693A776179706F696E7420783D223531352E302220793D223331302E30223E3C2F6F6D6764693A776179706F696E743E0A20202020202020203C62706D6E64693A42504D4E4C6162656C3E0A202020202020202020203C6F6D6764633A426F756E6473206865696768743D2231342E30222077696474683D2232332E302220783D223437312E302220793D223239322E30223E3C2F6F6D6764633A426F756E64733E0A20202020202020203C2F62706D6E64693A42504D4E4C6162656C3E0A2020202020203C2F62706D6E64693A42504D4E456467653E0A2020202020203C62706D6E64693A42504D4E456467652062706D6E456C656D656E743D22466C6F775F30783964783274222069643D2242504D4E456467655F466C6F775F30783964783274223E0A20202020202020203C6F6D6764693A776179706F696E7420783D223239302E302220793D223331302E30223E3C2F6F6D6764693A776179706F696E743E0A20202020202020203C6F6D6764693A776179706F696E7420783D223335302E302220793D223331302E30223E3C2F6F6D6764693A776179706F696E743E0A2020202020203C2F62706D6E64693A42504D4E456467653E0A2020202020203C62706D6E64693A42504D4E456467652062706D6E456C656D656E743D22466C6F775F30306C64766167222069643D2242504D4E456467655F466C6F775F30306C64766167223E0A20202020202020203C6F6D6764693A776179706F696E7420783D223133382E302220793D223331302E30223E3C2F6F6D6764693A776179706F696E743E0A20202020202020203C6F6D6764693A776179706F696E7420783D223139302E302220793D223331302E30223E3C2F6F6D6764693A776179706F696E743E0A2020202020203C2F62706D6E64693A42504D4E456467653E0A202020203C2F62706D6E64693A42504D4E506C616E653E0A20203C2F62706D6E64693A42504D4E4469616772616D3E0A3C2F646566696E6974696F6E733E, 0);
INSERT INTO `ACT_GE_BYTEARRAY` VALUES ('e77c1bd6-5e39-11ec-9f5e-f20bcee4e113', 1, 'flowSubmit.flowSubmit.png', 'e76c3d54-5e39-11ec-9f5e-f20bcee4e113', 0x89504E470D0A1A0A0000000D49484452000003D2000001FE0806000000706236BA0000402F4944415478DAEDDD09941C65BD37E088A8A8A8A878AF0B22281E51F182825E142E44E5F8A1A24625E4260189204120646658150103B20A92747758222828C80E4103B264BA9B842540B8C81204050212626493C8223BF5D5FF9DA9A1339909996492CCF23CE7BC67BAABABAB9779BBAA7FFD2E3564080000000000000000000000000000000000000000000000000000000000000000000000000000000000000000000000000000000000000000000000000000000000000000000000000000000000000000000000000000000000000000000000000000000000000000000000000000000000000000000000000000000000000000000000000000000000000000000000000000000000000000000000000000000000000000000000000000000000000000000000000000000000000000000000000000000000000000000000000000000000000000000000000000000000000000000000000000000000000000000000000000000000000000000000000000000000000000000000000000000000000000000000000000000000000000000000000000000000000000000000000000000000000000000000000000000000000000000000000000000000000000000000000000000000000000000000000000000000000000000000000000000000000000000000000000000000000000000000000000000000000000000000000000000000000000000000000000000000000000000000000000000000000000000000000000000000000000000000000000000000000000000000000000000000000000000000000000000000000000000000000000000000000000000000000000000000000000000000000000000000000000000000000000000000000000000000000000000000000000000000000000000000000000000000000000000000000000000000000000000000000000000000000000000000000000000000000000000000000000000000000000000000000000000000000000000000000000000000000000000000000000000000000000000000000000000000000000000000000000000000000000000000000000000000000000000000000000000000000000000000000000000000000000000000000000000000000000000000000000000000000000000000000000000000000000000000000000000000000000000000000000000000000000000000000000000000000000000000000000000000000000000000000000000000000000000000000000000000000000000000000000000000000000000000000000000000000000000000000000000000000000000000000000000000000000000000000000000000000000000000000000000000000000000000000000000000000000000000000000000000000000000000000000000000000000000000000000000000000000000000000000000000000000000000000000000000000000000000000000000000000000000000000000000000000000000000000000000000000000000000000000000000000000000000000000000000000000000000000000000000000000000083509665ABCF9D3BF7821B6EB8E1E56AB59A4D9F3E5D59C9A5B5B5359B3973E66379D951FD531FD43F0000E8E322C45C73CD35D9238F3C923DFFFCF3CA2A2A8F3EFA683663C68C7FE5A1667BF54F51FF0000A00F8B964021A6CF8499E7A74F9F7E97FAA7A87F0000D08745775A21A2EF943CC8BCA8FE29EA1F0000F46131465280E853412653FF14F50F0000064090797AE1826CEEECD3B33B5B0F4F252EC732E1439051FFD43F000010A43B95A79E989FCDB9F290ECB6CBF65FA4C4B2B84D001164D43FF50F000004998632EFCE3F2C16628AF2D09DD304104146FD53FF00004090692C77D58FED36C8C46D028820A3FEA97F000020C8349439D327741B64E23601449051FFD43F0000106404194146FD53FF000080650B32314B727741266E13400419F54FFD03000041A6A1DC73DDE46E834CDC26800832EA9FFA070000824C43797CFEEDD99CAB7EBA78B7DA7C59DC26800832EA9FFA070000824CA772FFCDBF5D2CC8C432E1439051FFD43F7A6C2D6F0100C0400F32CF3D97DD73FDC98B77ABCD97C56D028820A3FEA97F2CB56DF212EFF3B6DE0A0080011A649E7A627EF6D7EB2ADD8E518DDB621D21449051FFD43F5ED3667979222F95F6BFDB794B000006529079EEB96CC13DB5EC8E2B0EEA36C41425D68975B50E0A32EA9FFA47B7A225FAD1BC8C69B81E615ACB3400C0400832AFD50AA875509051FFD43F7A64DB215DB74017E15ACB3400407F0F324BD30AB8A4D64181449051FFD43F3A14DDB9B7ED61C80600A03F0599650D314511480419F54FFD23193AA4ADC579C7D7584F980600E8EF41461164D43FF58FE5568C811EB694EB1761DA98690096CA983163D6FADFFFFDDFEDF352C9CBACBC2CC84BD650E2FAAC1123469C3A72E4C81DF3B2B6778D6E3DF4D0431B4F9D3A75D289279E38E7E0830F7E6ADCB8712F8F1E3DBAA342EDB6DB6E2FECBBEFBE8F1F76D861338F3FFEF81FE615700D415A801064D43F65C5D4BF091326ACD63CB1BE49CBE4DA27BB2A71DBF0F3CF7F7DE7FBB5546AA3C6976A5FEEA7557BF321CB36F639C2F753C2342BDBBEC7D7D76EAAD453CF89A649ADFFD552A96F967FFE368DD25CA96DD1F1B92CD7B7D9A75CDB382E8F2FD5374ACB4AB5B1CD1367BEAFE584EA07E26F579FE5E64AF5ABDD3D7673B93E3A5DC8B2D7B594AB5F6929D7B68ED25CA90F6DA9CCF854E7F5F729D7376F9EDCFAF9AEB6D572627D83BDCBAD9FD8B752DFB0B1C4B2A649B58FF94F3350E4C178BB3CD74CCB83F14B9D82F36B96FC3ED3F3326CE8D0A1AB7B27C9F7BDD9EAB366CD3AA05C2E2FC8837276F4D14767175F7C7176EBADB766F3E7CFCF5E7AE9A5ACF0F8E38F67B7DF7E7B76C925976493274FCEF220FDD2FEFBEF7FFD2EBBECB2B120AD08D2EA9FFAD7BBF63BEECAB736976B0FE65FA48FE8AAE45F98E7E6617AADF485BA523B2AFFA27E7E53B976577E9F8B5EBD5CBDA0B9549DD44FAAF5D0214BD79DBB3BBA79B3D23595A6AF9B7FE6CE6E0BB6B56BF3CFDB7E1DA55CFB4B11749BCAD55BF2EB273595EA47E701F88F11529B4AB5DFE59FE1F55A4AD5333B07DC3C44B7E4EB5F9A97E94D93EB8BD4E9A64AEDFFE5CB7F93977BF3307E61FEF99F924279A93A21DFF6F52D95EAF79B2655B75A3C98577FD85CAAEFD56590AED4F6CCB7538EFD45EC3FF26DDFD676B9568AD7D2D57DC64EB9F90D5DFD00D8DD0F833D590EBD2D0FC29BE521F8869E86E76ECAEC7C5B7EB81DCC66CC98B1CBC489139FDA73CF3DB30B2EB8205BB06041D6134F3CF144FAF2B8D75E7BBD387EFCF8EBF24AB59E20A308D2EA9FFAD73BF62EFFF14DF997D97A53B9BE7BFEE578E222257D51AF5FB5E789F535C797AA5F682ED57E9C07E7FDF3F5E7C7DFFC3E07E6971F4ECB2AB503BAFA52DDC7142178D8726E671B619A95A5A554DFB9B95C9D9A7ED4AAD40EC9FFB6C6F27D4AB5AFE5C179B7FCB33AB3FD87AE03F2CFE8E1CD13677C3C5AA59B26B57E360FABFB46804E2DC8E5DAE4573FF733DF93026DB976D1D829D3DE72E094E9EFC82FFF3E5FEFE7F1794F41BA5C1BDF54A9EF9A2FBFA6B9521F96FFBDA2A5526FCA3FF7B508F3B1DDF1A5191F7D35ECD7B76CBB5F75B708D313269CFFC678DCEE5E57EC5322402FE9B5C76B2C5E6FF16341FC50909707E287828E16F69E2E87DEFE8576E8D0D5F3D07B74572DD0071E7860CA40D75D775DF6E0830F66CF3EFB6CCA382FBCF042BA7EC30D37A406C6430E39A4BB405D19EC3D74079D68853EEFBCF3EED865975DB273CE39A7A3D22CAB68B58E56EA9D76DAE9C55D77DDF540414611A4D53FF5AFF782747CB1DEEFE42BFFA373298274DCDE526EFD9FFCCBF5A111A81B4B5A56A96D917F71FFCF3E5C9DB71CD2BB639C9D1A8B9517A64FA87E20826BBADC1E2CA3EB760AD3A5E9EB16C134FF2C5F9D97D979392F2FA7C4673B05E1726D7A04F1E85A9D7FA67F103F86A5E5F9E7BBFD3ED353AB7484E44AEDBE08D1F1B94F8139BA7E976BFF97BA72E7CF61DFC9D50FA5001FBD5626573F138FDDBEEE1D8B06E909ABE5CBE644988DE511AC279C5E5F235D8F809BEF3322CC17D7635F14A5D85E53A976427EFF2C7FDCE38AF7215ABA23D0A76DE7FB9E08F6CBB21C7AD3E8D1A3D7E9DC0A9DE795ECF4D34FEF7103E2030F3C909D76DA69D123B77398BE231EC7BB3D08E49566BD4AA5F248737373AA10BD29B6D7D2D2F2EC6EBBED76D660F875469011A4D53F656504E9F4A5B35CBBB5A952BB2C4A73B97A7BDB97CFB620DDF645BDB669B4EA44F7CEC692DFEFCAAEC64AF6B1101DA177FB5EDEAE09C8586941BAEDB357FD76EADA5DAEDFD4D68DBBFE873C20FF33426ADB7AD7BF39BFFD92F479AED4A644ABF4B8CA55EF8F922F3F2B75F1CEC3F45E935BDF5D6C3B7A963476EB6E39E18A77B58DC3AEB5B485D9EAEDF138E9B668DDCEEF9FBA8B3704E918631DEB3606E9F67DCA6F8A56E998532105F272FDFAD435BC5CBB330FEC0B1AAEDF9CFF4D9FD1D4125EAA1DDBFE5AB76F6FA189F07D5FFCA0D7B64EED9BD13DBCC7CBA117E5017AC351A346FDBD31F4C610D6471E7964B9F24E0C753DFCF0C33B87E97983AD67EEA00CD1D1953BBA2744B7EC15215AB78F3CF2C86776DD75D7CB07FA407C41469056FF949518A4AFECF832DDDEEAD518A463E2B1D4DA155D421B4BFEE5382626EBA3D5B8E886BDFD0ADCBE09C8586122A4162DCA1178E3B31981B8A9543F799F13677C306E6B0BB9F59DD30F617938CDCBE579B0FD757BCBF4AFDACBDD71BFF6CF7CB45A57DBCBBDD19ADC707DF601C75EFBB67CBDB7B7946AA7E58FF7CBD856FC8DEDED5DAE7E248DB76E0CD2E5DA6F3B026B4390DEA7D4FAC59843A1ABD7B5345DBBF3EDCEDBBB5C4FAD7031DE3BBFFEB78EDB4AB57DA22B7A4F97AB51F49668216E0CD1D10A7DF5D5572F32F7D3F2BAE69A6BD27685E94120BA73474B7484E8E5EDCABD345DBD8F38E28827F3CA759A20A308D2EA9FFAD70B41BA52BB2126234A25FF32DD3948C7B8CB58A7A9523D27261F8ABF5162DD3E1AA48BEEDCD1DA16DD4B776EFFBB3CBADA8E6EDEAC30D1AA1CF30F74EEDA1DE3A623E0464B6B5C8F56E9981830C63AC7B8E7D4225DA90EEF9865BB5CFF4304E9B675EBABE7F73FB56D82B2B616E9F67DC129C52CFD6D930BA671D96744CB7204F708C5316378FEF7F468316E9A54FBEF18271DBD598A09BD1A8374FBF55BE235F4344847808E2EE8AFFEB857FD464C8CD610B2EBF97E68879E2E57A3E80DED63A23BBA73C71988EEBEFBEE159279620C75A7AEDE770C1F3E7C4DFF850126C6444777EE279F7C325B1922AC8F1F3FFEC9BCF21E20C82882B4FAA7FE2D7790BE2F0FCE3F49A5523B24758D6C6C912E55F76E29D5B76D9F65F7A0FC0BF2B83D4EBAE69D31D958CCC6DB074374D19D3B42EFAFE2F7DEF6BFCB1AA697B41DB379B3C27435463ABA3CE79FDD175A26B67EF8D5F5DABA76C7508B08BB79983C260FB53F8A922FBFB108D2EDDB8916E6AF17413A3ECFF967F9C8451EB754BB306DB3521F161312C6E9AFD2B8E37C1F90BA4AE7CF2BBA741761BEAB209DE65628D57ED7D3201DA1372643EBD86ECC5C5EA9DD90869C442B7DFBE59E2E579BE80D31B158634BF48A0AD18D61BAF174C1310199FFC2003273E6CCDD6262B1DE1E13BD3463A6F38AF5ECF0E1C337106414415AFD53FF7A2626FFC9BF60CE683F47EC378AE5D1FADC3E26FAA668DD4A9314956BB3A39528BA8DA63197314370B93E26FF327C58B482C564447DA4EA16A1B6E8CEBD737BF8CD96234C3786E8A27CAFD33A453772DDBCE9DD1FBB2AB52D8A209D66D94FB36957FFDA3EABF6833121585B38AD6F945F7F3C3EA3A9FB751E9CE3F451315B75BEFCDC628C74DC2F0FBC07C7445E6DDDBF63A6FEDA15F936F788DB8A70DE3E43F72969C6EE727DDF08D3A9DBF8A4EA5611CC23B017E13485FD7C1F9282751EA61B5F43E75358B5B56AD747C7E376F7BAD373AAD4166928C99F43255E770C2789734F2FEB72581EEDA7B8EA989D3BBA73AF0CD1CDBBD3F9A61D6B0682E8D2FD8B5FFCE2E9989D7B55B8F8E28B17E661FA62414611A4D53FF5AF67A2B539BE6C2EF625364E7713E7912ED5C616C13A4ADB97EB740AACC951A2052BBE40C7ACDEC5ECC1ABD8D02EC26C5721B82761BAABFB9FD6CDFD75F3A65745D7E918AB1C93751501333E83F1998BEBF1A356B41417978BF5DAD6A9AF13BD46D2F9A02BB57284DE719519EB3797AA3BA5EECF5D94B82D66E66EDB46F5E0B6D3DFD5368D9E2A713DCE3DDFF1BC1A7AA2EC7F62FDBD718EE998C53F2E2FE935B59D8BBA363902F5B2ECB37A63392CABC62EDD31B1586F8E897E2D9D26209B3DD0E78A1A1466CD9A75409C277A458F8B5ED278E95D76D9E5E151A3466D22C82882B4FAA7FE0D5A9B0FE9FE3CD1CB1AA67B12A20BBA79030C4023468CD8AEB14BF7F2CECEBD2CB379378E97CE43FD30FF957EEE84134E5810271A5F95A64D9B16B3D89D29C828828CFAA7FE0D4A45B7EA313D0CC54B0AD3CB12A23B3F1F611A6080C8B3C6B422C4C679A25785B3CE3AAB31484FF75FE9C71E7AE8A18D77DB6DB71E9F70BCB7C5A9B6468D1AF5CF81766E6941469051FF1441FA350DED41685DDA30BD3C21BA102DD38F0E31661AA0DFCB33C65A8D63A35755F68956F0C689C7F2E7B4B6FF4E3F3575EAD4493FFFF9CFB3BEE0C73FFEF1ECE872D11FDEB7F805292F5B0A32828CFAA708D24B5F27BBB0D990EEBB732F6B98EE8D10DD18A69D671AA09F1F83F2D0BA7D115E0F3CF0C0559A79E254C30D417A47FFC17EAA5C2EDF79F1C517F789207DC61967DCD15FA6836FEC929187FFCD05194146FD530673905EDA3AD945487DADEEDC3D0DD3ABF562882EE8E60DD0CF8F4191318AF556F590D6C85EC573C99FEFA9FE83FDD4C1071FFCD4ADB7DEDA2782F42DB7DC724F5EA166F5A70F6C43B9BCAB5FC204194146FD530653907EAD3AD945385D9E96DEAEC2F45F7A394437867EB37903F4D36350648CE2F6EBAEBB6E95669E38AF74C3739DE53FD84F8D1B37EEE5553D3EBAF0D8638F3D9D57A605FDF403DBF14B58E30757901164D43F659006E92EEB64BBCD7A31947615A67B3B443786692DD300FDF0181419A358FEE0830FAED2CC337FFEFCC6E7B9C07FB09F8AC1EE2BF3FC69AF252A547FFEC036FE12165D4B04194146FD53067390EE5C2787BC7A9EE631BDF8F0D19DBB734BF45FDA97F7B6DE68490760251F831AAFBFF0C20BAB34EFC4E3373E1FFFC17E5CF1FA92A5F820F4ABB2A283CCA38F3E9A9D72CA29D9BC79F35E73DDBBEFBE3BBBF7DE7B175976CB2DB7A4E9FFE3F273CF3DB7D87DE6CE9D9B3DF3CC33E9729CFBEE8E3BEE586C9DAEEED757CB40AB5F2BB3FEC5AFB7A79E7A6AAA73457D78F8E187D3EC93F1CBEA534F3DB5D87DA2BE4C9A34297BE8A187BADDEE65975D96FDE94F7F4A97FFF9CF7FA6F3D9479D8AF2EF7FFF7B91FA573C5E57E55FFFFA5797DB8FEE5BA552A9DBC7BFEBAEBBB2A953A7767C1EE2B9C663DF78E38DE9F1D4BFDE2BDFF9CE778A907B722F1EC696D422BD34E7995E16C70DF6FFA5A2284A7F2E7D2DF348A45AA47BC35303A0453ACD3C3E74E8D0D563BD151DA423DCC417C6080B7182F7B7BFFDEDD93BDEF18E8EF2D18F7EB463DD6F7DEB5BD97AEBAD97C6656CBDF5D6D951471D951D73CC31E93E4F3FFD74F6C94F7E32BBEAAAAB3AD68F40B1D65A6B65FBEEBB6FBA7EC41147646F78C31B52F0687C0E975E7A69F6FAD7BF3E7BD39BDEB45889F5172E5CB8C8FA63C78ECD3EF8C10F661FFAD087B2F7BFFFFDD9CC9933B508F6E1FA173FBE5C74D14559CCEE1F75EDA4934ECACE39E79C74EA86C6D0326EDCB8C57E5889C93CE2B608A85DFDF072DB6DB765ABAFBE7AF6810F7C203D4ED487CE61281E37D68DFADD4D584AE5D8638F4DEBCD9A352B3D97A6A6A65436DC70C374FB0F7FF8C38E6571FBF5D75F9FD63FF9E493533D8FCB5127E3731197DFF8C63766679F7DB6FAD7CB757248EF768F5E9A31D2BD1DA6B54803F4C36350E3F2F8D15E8B34CB6D8F3DF678BEAF8C917EF8E187E7F4E331D29DBF2C0E59D1413A02E891471E99BE2C46D8FDC637BE917DFEF39F4F330146F888CBFFFDDFFF9DD68D6511583EFBD9CF669B6DB6590A126BAEB9669AFE7FEDB5D7CE0E3BECB0EC7DEF7B5F470BDCD5575F9D02D357BFFAD5B45EB4E8BDE52D6FC9FEE77FFE27058FC6F0FB8F7FFC236B6969C9C68F1FBF4889C78F10D3F97947388950BEF3CE3BA7E7DEDB61659006E91556FFA2C578DD75D7CDDEF5AE77655FFCE217B377BEF39DD9C73FFEF16CF8F0E1A93EFCF18F7F4CFFC7E8D9102DC8F1A34AFC38F3EE77BF3BD59DB82D826A5C8FE5ABADB65A6A3DBEFFFEFBB32F7CE10BD9565B6D156398D28F3C871F7E78F6B39FFD2CDD278273D4E3A217C50F7EF0838E753A9737BFF9CDD9F1C71F9FD68B90FFBAD7BD2EDB75D75D53891F90DEF39EF7C4AC981DCBE2399C75D659D98C1933B2EF7FFFFBE9799E77DE79D9C73EF6B1ECB8E38E4BDB89FA1E9F9B6BAEB926BBFDF6DBD5BF5EAA939DC2E8F284E9EE4E71D5D5ACDDBD15A6639CDD53438C9106E877C7A0C631D20F3CF08031D22CBF030E38E01F7D65D6EE59B3665DDD0F67ED9E95878061DD7C595CA141FADA6BAF5D2C487FFDEB5F4FADD4DB6CB34DF6B5AF7D2DBBE28A2BD2BA116CA37578F3CD37CF3EF7B9CF657BECB1470A47D10A1D2D6FB17C830D3648A138D66F6E6E4EA1E2FCF3CFCF7EFAD39FA6C79832654ABA1EEBE5F5A6A36B79EC8CA2FBEE2F7EF18B6CE2C4891DE5D39FFE74B6DD76DBA596EDAEBAC8C63AB1DD38979E20DDB7EB5F0C1F88001DFFCB35D65823BBE4924BB23DF7DC33DB76DB6DB3BDF6DA2BFBAFFFFAAF8E96E608D2954A255D3EF7DC73D3FFF8E69B6F4ED7E3C799B81EBF044780FEF297BF9C7A27C4F6B7DF7EFB547FE3C797BDF7DEBBA305BAE84A1E413A6E8B70DBB944088E501E3FF04457F0A89F11FA63FBF1E3516C678B2DB648D7BFF4A52F653FFAD18F5257F4781DDFFDEE7753688E1F8BA2CEC7E7235AAD63D98E3BEE983E37C5EB51FF96BF4E36589EF333BFD679A25FEB3CD3CB62685EE6E5C5F93E01FAE131C8ACDDF4BAC30F3FFCAABE721EE9134E38615A3F3A8FF4925A5B564A902EBA5FC797C4D34E3B2DB5BC45CB5F048628112C225047888D30F2E31FFF38AD1BA17AA79D764A2D84D1DD35CA37BFF9CD74DBDFFFFEF7B4DD68611EB2846EB445903EF8E08397B85EE7F51B4B3CB7B82DC28B20DD77EB5FB40AC78F22D1EABBC9269B7484D2FCB15389D6DCC6FF6F63908E71F9BFFEF5AF3BEA5563909E3D7B760AB35177DFFBDEF7A62100D153225AA737DE78E3D46B21D67DECB1C7D27DA39EC68F3E5B6EB965F695AF7C2585F828118CE347A158B75EAFA77577DF7DF7D47A1D3D2EBEF7BDEFA5DB22F8C7F5581EDB2A9EEF2F7FF9CBF459B8E79E7B525DFCF0873F9C0E6C11A4E37EF14381FAD77B75B29365E926FD5A217AC80A08D366EB06E8E7C7A0C6F348C70FF0CE23CD723BF6D863BF7FFCF1C7BFD2178274FEE5775A7C0806D2FBBB2283748C2F6D0CB29B6EBA696A2D8E2013A17AD8B061A93B774CC414933E45D7DB21ED635CA37B6B84EE082D51228CC46DD1CDBF08D29FFAD4A752AB7784A2B8ED0F7FF843BAFE894F7CA22338C576A3252F5AB0637CF519679C91D63DF1C413D3FA11BCE271E7CC99B3C873FFEB5FFF9ABAD7EEB2CB2E69FDC6B1D98274DFAA7FD15A1C6134BAE21765D4A8511D4136FEFFD14A1D13D3750ED29D4B63903EF3CC33D398E818971C213D026E04F3A88F516F8A2EDE45908EA01B63FAA36E46288E301CADD4B18DF86128C6EA178F13B7C5B8EBA85FD13323B61307ABB81EEB17413A26392BC67A4788EEDCB53BB6AFFEAD703D09D34B1BA27B334C0BD10003236C6F5F84D7F8617D558ADE980DA7E8D2D3A9BF1A3366CC1AF997CB176246DC557C0EE9181FFD683C1F4166E94A8C098D303AA4BDDB758CF58CAEB1D165362E478949C562DDA27B76512224C7D8E8623C73746F6D0CD2D1B576C8125A98F7D9679F8EE751B4744737D898882C2E47D88A96C308EB31DEBAF3738F2016E129BA924778892EBB3163B320DD37EB5FD4A9E8FE5F94F821A5E8DA1DA1385A948B00BAB4413A426CAC173FBA7CFBDBDF4EE3A7A33B7704E918721093871541FA77BFFB5D1AE35CFCF0539418A73DA4BD853C6E8FD6EF2248AFB3CE3AE96F315374D4CFC6E5B1DE6EBBED966E8BD01C3F12753546BA3767A517A45F334C6FD78B21BA37C2743CAF65ED7E0E40DFCA3C6BE559E3C522C0DE77DF7DAB24F3440357FE3DF8958620BDB6FF4E3F76E08107D6A74D9BB64A8374FE85FA3779653A539059FA12DD65FFFCE73FA72F8631D6225ADB224847988819B3DFFAD6B7A6801DEB46B7D9E8661BEB46EBF04F7EF293EC6D6F7B5B6AB58E12934615413A5A8B2FBCF0C2B49D68612E82728C838EEBB13C66718EF58AE712EB47D82AC66C4789EEB2F1FC3A3FEF980C2A6E8F5F03E37A4CFA34A4BDC55090EE9BF52FC647C718FCF89F6DB4D146D90E3BECD011A4E3F6A877D16ADD9320DDD8DA1D3FECC48F37B1CD08C4F1234FD113220E3851EF62E2BB08D83191583C97A8B7F1B8B14E84FB68799E3C797247908EDE1913264C48BD2F86B4CF2310D73FF2918F7404E9F84CC40F525157E37A57413ABA98F7D6387E417A8922AC3EDA4D685DD610BD3C61BA08D15AA2010688FCBBE6B422C0C677E45521BEF73684E8E9FE2BFD5C1EC0361E3B76EC4BAB6A2AF8975E7A695E5E91EE1D356AD42682CCB28D916E0CD2110E622C69048EE2FCBC8DA7CA8A16C0E80A1B331947308A122DC445908EC0316429C63D47B7F2279E7822ED10A24570487B4B751192A3B53C261B6B7C0E71BEDE08F9D13DBCE8B21B25C25371BF15795E6A417AD98374FC9FE372B4ECC6FF2B426FF43A88C01A13721D74D0413D0ED2316B765C8F19C16306CBDFFCE637699841D4DF182F1D2DCE51C78AFB4737F2A8D73174214ED916BD18E2FE11781B1F27C27384E3184B1D213BD6891F7AE27A2C6FECB25D8C912E8274F4E488F05C04E9E84A1E3F1CA87F2B2D4C77D532BDF37284E82585E9EF75B3EED0214E710530E0C410D222C4C677E1F8B17E658A1EC03BEFBC73636BF430FF9501A0A9A969C6AA9A74ECA8A38E3A23AF4C1708323D2B114222CCC417C21B6FBC310580388555849EE82A1DC12126828AD6BCC673FAC6B8E968CD8B96C5581EBD118AAEDC11A4239CFFE52F7F49A7278A52B420C76314CBE2F668118FBFB1BDE83E1BA7D08A73F0C6BA37DD74530A21F17C2264C558EA68D18E1014933945779AC6D712A7438AE71BF78D19C505E9BE17A4E30790A84FF1FF8E6019ADBA114C237446C08D49EDE24790F81FC7F5C6FBC7846231B95CD4CB38BF79E36DB1AD18DF1F3FB84457EB186F1DBF1247A88DFAD3F935447D8E6DC40F3EC538EADFFFFEF78BAC13A7ACAAD56A1D97639DA8B7451D28CE211D7FE3401A2DE03153770C3788E71FDDC6E3B5C6738E31DCD18343FD5B69BAEAE6DD1882972544F7643B9B0F696B19DFDEBF0260E0699CBD3B4EA1F9D24B2FADB4CC138FD7788AAE1E4ED0495F357CF8F0F7E641ECF9957D5EB53FFFF9CF33F28AF454FEF81B08323D2BB366CD4AE76A2E5AED8A6013813AC2F0934F3E9926012B26FA8AF01A3310C7A450D1C5F5339FF94C5A7EF4D147A7701BDBE9AA35385E438C752ECEE7DBB9FCED6F7FEB18B31DA7328A401CAD85B12C9E436B6B6BC7E3476B6657A7C28A12F789401F2DEA8274DFAA7FD1A53A66EF8E59B16372AEF8B1237EC489FAD6B85E0C21883A19639A1B97C729F6A295388272FC30D3785B04E818731DF527C27371CAB6D85604DA9860ACF3F3895F9063FD389F75F4C268ECDDD0B9C418FDEE8619FCEA57BFCAD65F7FFDF47AA287453C5651CFE3F5C6B6A3A7C7BC79F3D4BF951FA63B8F4D8ED0FBBD21CB7F3EE8256DA7E85EAE3B37C000B5C30E3B6CD378CEE9F89EB032C40FFB8D8F9B7FC7D1EB692019356AD4F83C78FD7B6575F17EE69967EECC1FF3CEBC32ED27C82866ED56FF5664B77EF5AF5F86E995395BB6D9B90106893C7B1C5704DA68208890BBA2CF1BBDE38E3BBED210A42BFE0B03D0AEBBEEFADBC30E3B6C8587E9975E7AE9815D76D9A59657A4930519459051FFD43FBA09B72BA385D8ECDC00834874A96EECE21D61FABAEBAE5B61217AE79D777EB92144DF317CF8F035FD170668C5CA03EEEF0F3DF4D0275754988E96E83CB0D7635CF4403BDD952023C8A87F8AFAD7EB617A4586DC62FB5AA20106913C3CAF9367917B1AC37474F3EECD31D3D1D2DDA9257A5E5ED6F3EE0FF0303D6AD4A829E3C78F7FB2B7C74CC798E8F6EEDC270FF4102DC80832EA9F2248F78A15D5CDBBE8CEAD251A60108A50DB18A68B09C8967736EF989DBBD3C46242F4603362C48871A3478F7EFABCF3CE7BE285175E58EE535CB5CFCEFDD4401E132DC80832EA9FA2FEF58B301DB3732F18A2251A60506B6F999ED5187AE38C1EA79F7E7A3A9B4D4F44008FD385369EE2AAE8CE2D440F42319BF7C891232FCC2BC4C20B2EB8E0BEC71F7FFCC59E54A8C71E7B6C4EA552F94DBE8DBBA32B77FE774341461164D43FF58F65D05BDDBC870AD100741C14860E5D7DC48811133B85DF540E3AE8A0ECBCF3CE4B63A8A3A76ED1B8187FE7CF9F9FC6405F72C925D921871C928D1A35EA952EB65131267A90CB2BD746793935AF204FEEB3CF3EB79E76DA69B7DE78E38DF7FDFDEF7F7FA621373F15C179D6AC59579F70C209D376DF7DF76979E579340FCFE7E4F7DB6430BE6F828C20A3FE298274AF5ADE96E9E2FECE130DC022DA4F8D35ABAB40BD0C65B6535CB18818D7DC5EC962DAF89830ECFEBCBCD8506916B457C04A1EBCB71B0CE3A005194146FD53D4BF5512A6B75D86FB999D1B80258A0C936799699D32CE52953C3C4FCFCBB068E5F64E822023C8A87F8AFAD717C3744F42B1D9B901E8913163C6AC9587EAFF8D06C2F686C2059D82736A408C5EBB7978DE3186C47AD740901164D43F45FDEBEB96F63CD366E70660B9E58179F3A2955AB76D10640419F54F51FFFA7B985E52481E3A64C59C3A0B80C117A4A7368E81F68E802023C8A87F8AFAD79F75D7CD7BCB2166E706A017E4C179B3CE63A6632CB5770604194146FD53D4BFFE1EA61B5B9E8B70BDA3B706805E08D2D3BA9A99DBA46220C80832EA9FA2FE0D94307DDC10DDB901E8BD10BD59773378C70CDDDE2110640419F54F51FFFABB6DE38BCD10138B01D07B41FAF2259CF26A96770804194146FD53D4BF81F085C7FB0C406F1D53367BADF3491B2B0D828C20A3FE29EA9F200D00AF1E53A62D29449BC11B04194146FD53D43F411A001C674090510469FF77F5CF171C00709C0141461164D43FF50F5F7000709C0141461164D43FF50F5F7000709C0104194146FD5304695F7000709C0104194146FD53D43F5F7000709C0104194146FD53D43F5F7000C0710604194590F67F57FF7CC10100C7191064144146FD53FFF0050700C71918A8AAD5AA00D177CAB379907951FD53D43F5F7000C07106FAB09933672E78E4914784883E50E6CF9F7F6E1E64EE52FF14F5CF171C00709C813EAC56AB7DEBEAABAF5EF8F0C30FFF5B9858752D8111625A5B5BFF9697EDD53F45FDF30507001C67A08FCBBF3C6F377DFAF4D9D1AD33C648F6B772CE39E764B1C3E88FCFBDBDC4FB7ED7600D31FDBDFE0D8032A8EB9F2F380038CE00837567312D761843870E5DDDBB01F8820380E30CC0128C183162F37C67F162EC30468E1CB9AD7704F0050700C719802507E9A9B1B3682FB3BD23802F380038CE0074BF93D8AC688D2E4A1EACB7F3CE00BEE000E03803D0F54E625A63882E5AA58D95067CC101C0710660F11DC462ADD145193972E430EF10E00B0E008E33008BEE202EEF2A44B79759DE21C0171C001C67005EDD3974DB1A6DAC34E00B0E008E33008BEF1CA62D29449BC11BF0050700C719003B0CC0FE0A001C67003B0CC0FE0A001C67003B0C00FB2B001C67003B0C00FB2B001C67003B0C00FB2B001C67003B0C00FB2B001C6700EC3000FB2B00709C01EC3000FB2B00709C01EC3000ECAF00709C01EC3000ECAF00709C01EC3000ECAF1854B22C5B7DEEDCB917DC70C30D2F57ABD56CFAF4E9CA4A2EADADADD9CC99331FCBCB8E6A248E33801D0680FD157D5C84E86BAEB9267BE49147B2E79F7F5E5945E5D1471FCD66CC98F1AF3C546FAF56E23803D86100D85FD187454BB410DD67C2F4F3D3A74FBF4BADC47106B0C300B0BFA20F8BEEDC426CDF2979907E51ADC47106B0C300B0BFA20F8B31BA026C9F0AD2F60738CE00761800F6570C8420FDF4C205D9DCD9A76777B61E9E4A5C8E65C2AF208DE30C608701607F8520DDA93CF5C4FC6CCE958764B75DB6FF222596C56D02B0208DE30C608701607F8520DD50E6DDF987C54274511EBA739A002C48E33803D86100D85F21483796BBEAC7761BA4E336015890C67106B0C300B0BF42906E2873A64FE83648C76D02B0208DE30C608701607F85202D480BD238CE00761800F657B06C413A66E9EE2E48C76D02B0208DE30C608701607F8520DD50EEB96E72B7413A6E138005691C67003B0C8041BDBFDAF7F8FADA4D95FA8E71B96952EB7FB554EA9B8D2FD5368DD25CA96D51ACD752AE6FB34FB9B6715C1E5FAA6F9496956A639B27CE7C5FCB09D50FC4DFCEDB6EA9D4463557AA5FEDEEB19BCBF5D1E94296BDAEA55CFD4A4BB9B67594E64A7D684B65C6A7165B3F5FBE6FA5BE6157DB6A39B1BEC1DEE5D64FC4ED8D2596354DAA7D4CCD5BFA20FDF8FCDBB33957FD74F16EDDF9B2B84D0016A4719C01EC300006F5FEAAA9347DDDE672EDECB6605BBBB6B954DDAFA3946B7F29826E53B97A4B7EFDA4A652FDE83C00FF31426A53A9F6BBE689F5F55A4AD5339B27B77EBE53886EC9D7BF342FD39B26D7B75BE4312BB5FF972FFF4D5EEECDC3F88579609F924279A93A21DFF6F52D95EAF79B2655B75A2C48976A87E7617A589741BA52DB33DF4E39DFC6A43CF49F9F6FFBB6B6CBB552BC96AEEE3376CACD6FE8BC6CC28409AB75B56E4F97F7E7201DE5FE9B7FBB58908E65C2AF208DE30C60870130A8F7572DA5FACECDE5EAD43C6CCECD43E821F9DFD658BE4FA9F6B53C38EF9687DA9929C0566A07A4103B71C6C7A355BA6952EB67F3B0BA6F04E8D4825CAE4D2EB6B97779E67B52A02DD72E1A3B65DA5B0E9C32FD1DF9E5DFE7EBFD7CCF13EB6BA6205DAE8D6FAAD477CD975F13C138FF7B454BA5DED454AED722CCC776C797667C34427A3C97680D8F92827BA9F6E3E27ADC36AE3263FDCEAF6B7CA9FA8508D04B7AED6DDB6D7BBDC58F05F143415E1E881F0A3A5AD87BBA7C2004E9E79ECBEEB9FEE4C5BB75E7CBE236015890C67106B0C30018D4FBABE8961DC1355D6E0F96D1753B85E9D2F4758B609A07C6ABF3323B2FE7E5E594BCD453102ED7A647108FAED5CDA5FA0FF2EBF3D3F252FDAAF6FB4C4FADD211922BB5FB224447A04E8139BA7E976BFF97BA72E7CF61DFC9D50FA5005FA91ED13CB9FA99B6405CFF5984FCF6A07F676A35EFB85EFF59D3A4DA7F4F9870FE1B279C5E5F23C26D0AB895DA1611E68BEB7B97FFF8A628F15AE2B1F3407E42BE9D2C7FDCE38AF7217FBE7B45A08F16E614D6F360BF2CCBFB7B907EEA89F9D95FAFAB743B463A6E8B758460411AC719C00E03605007E96851CD83ECB753482DD76F6AEBC65DFF431E5CFF1921B56DBDEBDF9CDF7E490A9195DA9468951E57B9EAFD51F2E567A52EDE7998DE6B72EBBB8B6DE7E1F9C0C66EDD2D275CF1AEB671D8B596B6305BBD3D1E27DD16ADDBF9FD53AB737B90EEFC5CDBD6AFCD9930A1BE7AE3F2F1A5DA9753202FD7AF4F5DC3F3C09D07F6050DD76FCEFF6E9F9E53B484976AC7B6BFD6B4AC3D7CDFD7526EFD9FB6756ADF8CEEE13D5EDE9F83F473CF650BEEA965775C7150B721BA28B14EACAB755A90C67106B0C3001874FBAB9808AC68518EC01B2DD211889B4AF593F73971C607E3B6B6905BDF390F8B974538CDCBE579D8FD757BCBF4AFDACBDD71BF68F56D6FB5AEB6977BF37247C3F5D9071C7BEDDBF2F5DEDE52AA9D963FDE2F635BF137B6B777B9FA9134DEBA8B201DADD5EDE1FEE7CDA5EA4E4B7A5D4BD3B53B7FBC797B97EBEBA46D57EA1BE6D7FFD6715BA9B64F3C4E4F97F7D720FD5AADD05AA705691C67003B0C00FBAB76D1AA1C937A75EEDA1DE3A623E0464B6B5C8F56E93C28AF15639D63DC736A91AE548777CCB29D07DC08D26DEBD657CFEF7F6ADB04656D2DD2ED01FB94E1E79FFFFAB6005F3BAA7D5CF61931E95804F7FC3E17C48CE1F9DFD3A3C538BA6C770ABE67E7E17B873406BB5CBFA973AB744F827404E8E8825E5C6F2957BF1113A3353C563D1EABA7CBFB6B905E9A56E825B54E0BC482348E33801D06C0A0DA5F7535463ABA3CE7E1F0859689AD1F7E75BDB6AEDD715AAA08BB79983CA6A552FD51947CF98D45906EDF4EB4307FBD08D24DE5EAB8A672EDC8451EB754BB306DB3521F96AFB77B9CFE2A8D3B2E5527A5AED2F9F37A35A8569BF3ED9DDB71DFE81A5EA95F5C743BEF69908ED01B93A175FCA0103397576A37A4F1CED14ADF7EB9A7CBFB6B905ED6105D14815890C67106B0C3001834FBABD4525CA96D5104E968596D9B4DBBFAD7F659B51F8C09C1DAC2697DA3FCFAE3D1B53B75BFCE83739C3E2A66AB8E905B8C918EFBE5C1F9E098C8ABADFB777D624CCA956F738FB8AD08E7ED33749F9266EC2ED7F78D309DBA8D4FAA6E15C13C05F689333E9E5AC72BB5CBA24B78E373CFD7F94EACB74FA9F58B8B84E4D4AA5D1F1D8FDBDDEB4ECFA9523B6091FB95EB9578DD31D63ACE3DBDACCBFB63905604691C67003B0C00FBABA514A7988AB1CA3159571130F330BB7F749F8EEB319158B41417978BF5DAD6A9AFB3C749D7BC339D0FBA522B478B6C9C8A2AC62FA7EECF5D94B82DC63AB76DA37A70CCA09D6F73D3E652FD27717DBFE3AE7C6BC7F3AAD4F66C0FD5DFE93610E7413B4E83B5C8B2742EEADAE408D43D7D3F8AD3732DEF72415A11A4974EEAD531B1BE49CBE4DA27BB2A715B312464D11FCC6AA38AFD11BE1703761880FD1508D282F4A0113F9E45CF9734C1601725CDA530B1BE56FA912CCDAD503FBFA95CBB2B8666BC7AB97A410C09F1E9769C01EC3000FB2B10A405E901AF7D22C27A0CED681B06D2504AD5FDE27CF46D3D57AA5F88F3B5476F98982830FEC61C0CF9E587D3B24AED80E8C1E213EE3803D86100F65720480BD2832248C77092FD4EBEF23F3A972248C7ED71DEF63C341F1A81BAB1A46595DA164D935AFFD327DC7106B0C300ECAF409016A40745908ECBF9DF5BD3F9EAF3D25CAEDE9EC64FB707E9B83DCDA750AEFFB1A5541BDB58F2FB5D199313FA743BCE00761880FD1508D282F4600BD25716CB3B4EC5D710A463E2B17C9DD931B9E122A55CFBBF9898CCA7DB7106B0C300ECAF409016A4075790AED46E689EDCFAF954F2C0DC3948EF53AE6D1CEB3455AAE7C479E8E36F94585790769C01EC3000FB2B10A405E9C118A4EF8B53E1A552A91D3224CB5EB7488B74A9BA774BA9BE6DCCD0DD52AE1DD454AE8E8B53F0C5646371BA3C9F6EC719C00E03B0BF02415A901EF0269C5E5F230FCD332234B794ABDF289647EB73FB98E89BC64E99F6969613EB1B44CB739CBF3E0FCE97C779ED9B4BB5C3F3DBC7E4A1FAB0FCB6DF3757EA437DC21D67003B0CC0FE0A0469417A408BD6E69672BDD279791E8A87A5F348976A638B601D252EB79F026B7294FCF2912D27543F10B37A3795A6AFEB13EE3803D86100F65720480BD2E03803D86100D85F21482B82348E33801D0680FD1582B4B20282F4D0A14357576B719C01EC3000FB2BFB2B56809123474ECFCB9682F4C008D25996BDF7A1871E9A75DD75D765071F7CF0BE02358E33801D06607F052BA05E4589403D62C488CD05E9FE1BA41F7CF0C1439E7DF6D917B376CF3DF7DC0BE79E7BEE3D7BEDB5977325E33803D86100F657D0DB41BAA15CDE550BB520DD7783F4D34F3FBDF1C30F3FFC40D68DFBEFBFFFD9638E39E6943163C6ACA1C6E33803D86100F657D0FB41BAA385BA31500BD27D2F48E7D698376FDE992FBFFCF22BD96B78E595575EBEE28A2B1E6B6969F9865A8FE30C608701D85FC10A08D28D2DD4D1E55B90EE5BE5A69B6ECA162E5CF8AFAC879E78E289E74E3EF9E4EAC89123D756FB719C01EC30008147515660591941FAE9A79FCE5A5B5B3BAE3FF5D453594C9AF5CC33CF2CB6EE2DB7DC12638057D87389C72D954ADDDE7ED75D776553A74EED782E0F3DF4507A3E37DE7863F6F0C30FAFD0F769FEFCF959B95C8E509C2D43904EF755A795EE8AA32D204803C0B2FF40337BC48811DB15B33EAF8C207DDE79E7C531393BF9E493D3F5134E38215DBFFCF2CB17592F82EA1A6BAC914D9830215DDF7AEBADB3CD37DF3C95CF7CE6331DCBF7DB6FBF6CC30D37CC3EF1894F64EBAFBF7EF6F18F7F3C7BFBDBDF9EBDE31DEFE8286F7DEB5BB3EBAFBF3E9B356B56366EDCB8ACA9A92995B85F3CF60F7FF8C38E65717BAC1BDB8EE7B8D65A6BA5CB1FFAD087B2A38E3A2A5D7EE31BDF989D7DF6D92BFCBDBAE4924BB2B163C75E9A3F9F05AFBCF2CA4B4B13A2172E5C78F6EEBBEF5ECFFFAF53F3FFEF7A6A3F00823400F44E905E244017567490BEFDF6DBB3E38E3B2E5B77DD75B3CD36DB2C85E8F7BCE73DD97AEBAD9796FFF5AF7FED5877EFBDF74E2176E6CC99A985F5F0C30FCF7EFAD39F663BECB0430ABF7BEDB5575AAF56AB65BBEEBA6B0ACF53A64CC936D96493F41A870F1F9E7DF4A31F4D2DCEB17E74933EE79C73B2D7BDEE7569FD28DFFAD6B7D2E3E7EF45C7B2D5565B2D3BEBACB3B219336664DFFFFEF7B335D75C3385FF8F7DEC63E939C663BEE52D6FC92EBEF8E2EC9A6BAE49AF69454F363672E4C861871D76D8BCFC7D786409E3A3E7E4AFFFD4FCB5DF13EBABF50008D200D03B417A5684ACEECE3BBCA283F405175C9042ED85175E985D7AE9A51DE58C33CE48CBAFBCF2CAB4DE6F7FFBDB1478BFFAD5AFA6801C013ABA849F72CA29E9FADBDEF6B6ECB2CB2E4BEB2E5CB830B51C47208E56ECCF7DEE73D9DA6BAF9DAEBFF9CD6FCE3EF2918FA46DCF9E3D3B751F3FE08003B22F7EF18BD997BFFCE5ECB39FFD6CBA6D8B2DB648D7BFF4A52F653FFAD18F5277F3680DFEEE77BF9B427384F108D2B1ED68B58E653BEEB863F68637BC21AB542A2B65D6EEE1C387AF397AF4E8D245175DF4C8CB2FBFFCEF860CFDECBDF7DE7B4A7EDB9C1123464C1C3366CC5A6A3C008234002CFF71B0CB16E85515A4FFFCE73F677FFBDBDF3A4AB4163706E908AED11A1DCB3EF9C94FA656E7F7BFFFFDA9B5788F3DF6C8B6DC72CB8E56E9238E38225D8E12A139C27174FBFEC94F7E922E478B7111A463DBBBEFBE7B6A013FF0C003B3EF7DEF7BE9B63DF7DC335D8FE5D1CDBB78BEBFFCE52FB377BFFBDDD93DF7DC9382F4873FFCE1F4834404E9210DADE22BF33CD2F9E36FD6D2D272FBDCB973E7FFFBDFFF9E71D041079D173F90C472351D00411A0056B2151DA47FF7BBDF7584DEAE4AB44E17EB1E7DF4D1A945F94F7FFA536A211E366C586A857EECB1C7B2471F7D34DD3E6DDAB4D41D3C42F33BDFF9CE3406FAD39FFE7497DB8EDB62BB11943FF0810F64BBECB24BF6B5AF7D2DDD16DF13E27A84F52248C7E38E1E3D3ADD1E21BA73D7EE1FFCE0072BF53CD28DE2079191234736B79FC2ACF9B57E200100411A00FA69908E59AFEBF57A1A7F7CE28927A6901AE134C641C763DF7FFFFD69BD187F1CADCF313E39C653B7B4B4A4AEDE9DC3F1BDF7DE9BD68FAEE1D1953BBA6EC7ECDA37DC70436A2DDE78E38DD3E5983CECF1C71FEF08D2EBACB34EFAFB9DEF7C276D27BA69372E8FF576DB6DB7745B84E66BAFBDB6CB31D22B7246F12505E9C640ADD602204803C0000ED2DB6DB75D47B7ED430F3D34DB74D34D534B728C6DDE669B6D3A426C04ED2F7CE10BD94E3BED94BA69DF7CF3CD6956EF934E3A2985DB8B2EBA28B54EC7F8E858FFF4D34FCF565F7DF534B3F6461B6D9466E98E99B563DDB81CB37F476B7811A437D86083B4DD985C2CD6D977DF7DD3F5E81A5E3C87BBEFBE3B3BFEF8E353D7EEB8DE55908E6EE5871C72C82A0BD200204803C0000ED27FFFFBDF53A08D71C7FFF11FFF9126E98A16E8F3CF3F3F1B33664C0AB0AF7FFDEBB33973E664CF3EFB6C6A6DBEEAAAAB5217EE534F3D356D23BA6747F05DB06041C77623CC46CB7504E7B163C7A6801D413B5A99E3F45671391E63EEDCB969FD08CF118EBFF295AFA45369C5F6B6DA6AAB743D963776D92EC64817413A66F18EC72B8274B494C72CE282340082340008D2BD5EF6DF7FFFD43A1CDDBBDFF7BEF7A519B06382AF08D01166A3C5380276B40EC7CCDA43DABB6FC7B26DB7DD36DB7EFBEDD3ACDAB12C4E5B15336A47F7F028D1BAFDE0830F66BFFEF5AFD3A9ACE2B81FDDBA2304173396FFEC673F4BCF234E591593971597637B4597F278FDC539A4E36FB488C70CE03153778CD78EEEE523478E4CC13D5AD0A3053CC6670BD20008D2002048F77A8956E438ED555C8EF347470BF0D65B6F9D026984E768858EB1D24F3EF96476DB6DB7A516DF071E7820AD7FF5D557A7F34A373737779408B7679E79E6228F11E77B1E3F7EFC22EB15EB46E0EEFC9C62BB11B66316F1CEB7FDEA57BFCAD65F7FFD344BF8C1071F9C1D73CC311D63B27FFEF39F675FFFFAD7D30465F3E6CD13A40110A401409056FA4211A40110A40140905604690004690010A415411A00411A0004694590064090F62E0080202D480380200D0082B4200D0082340008D28A200D80200D0082B42248032048038020AD08D20008D20020482B82340082B47701000469411A0004690010A405690010A40140905604690004690010A415411A00411A00046945900640900600415A11A40110A4BD0B0020480BD20020480380202D480380200D0082B42248032048038020AD08D20008D20020482B82340082340008D28A200D8020ED5D0000415A900600411A000469411A0004690010A415411A00411A0004694590064090068081A35AAD0AB07DA73C9B07E917D54A00046900E8C366CE9CB9E091471E1162FB40993F7FFEB97990BE4BAD04409006803EAC56AB7DEBEAABAF5EF8F0C30FFFBB9F87D07EDD121D21BAB5B5F56F79D95EAD04409006803E2E0F6FDB4D9F3E7D76742B8E31BAFDADDC74D34D59B95CCEA64E9D9AF5C7E7DFFEBEDF254403204803002B5C96656BFCF39FFF7C22978D1D3BF652EF080008D200C012CC9B37EFCCACDDF5D75F3F7FE4C891C3BC2B00204803005D78FAE9A7377EF9E5975FC91A1C79E491F3C68C19B396770700046900A0937FFCE31F73B34E162E5CF88FD1A34797BC3B00204803000D1E7CF0C143B26E4C9D3AF51FF9F780CDBC4B002048030043D20463EF7DEEB9E75EE82E48BFF2CA2BCFB7B4B4DC3E74E8D0D5BD5B00204803C0A0F7D0430FCDCA5EC3DCB973E78D1C39B2D9BB05008234000C7AD75D77DD6BE5E8ECD9679FBD3ABE0B8C1933660DEF180008D20030A81D7AE8A17B2DA96B77E4E8830E3AE83C2DD20020480300EDCE3DF7DCBF7497A2EFBDF7DE53F2EF01B38C910600411A0068377CF8F00DF2C0FC6C17138DCD193D7AF41CB3760380200D007472DC71C755F2E0FC7263903EEDB4D37E3562C48889DE1D0010A401804EA2EBF615575CF14811A2172E5C78767EFCBF67CC98316B79770040900600BA306EDCB82F3DF1C413CFE5251B3B766CEBC8912387795700409006009660CA94299797CBE56CC4881153BD1B0020480300AF21BA72C7713F2620F36E0080200D0038EE0380032A00E0B80F000EA80080E33E0038A002008EFB00E0800A0038EE03000EA800E0B80F0038A002008EFB00E0800A0038EE0380032A00E0B80F000EA80080E33E0038A002008EFB0080032A0038EE03000EA80080E33E0038A002008EFB00E0800A0038EE0380032AD0578CAB5CF5FEE652FD0771B9A532E353CD13EB9B14A5A552DF6CEF727D9DB86DEC94696F692AD7772FEE17B73557AA5FF50E82E33E00E0800A834A1E98D76B2AD57E972E976BB7B5946B8715A5A95C3BB2695275ABB8ADA95CDDADB9523B20DD29CB5E97AF7B6953A57659FEF7DAA6C9F5EDBC93E0B80F0038A0C2809707E1EF3697EB7FC8C3F003CDE5EAA9F9DFFA222BE48139FE4C983061B5E652FDAA6895CED7D9A5A9543F3A0FD607EF7B7C7DED08D2074E99FE8E58C73B0A8EFB0080032A0CFC305D9ABE6E4BA97A665C6E29D7EECC83F1F4A234956B0B62791EA2F7CAAFDFD354AED7F2BFBF8DE09DDF362BFF7B475EAECECB9CF1A5EA17BC9BE0B80F0038A0C2E008D2E5FAF94DA5FA969D5BA48BEBFB9F587F6FCBE4DA27A3557AC284F3DF18DDBCF3F0FDEDE6526D9F08D0D13ADD34A9F5B3DE4D70DC07001C50618087E8FA962DA5DA8579607EB4BDD5F9C6FCFA0E45C9AFDF1AEB4D98505F3D0FCED36252B2282948976B3FCF6FFF4D7EFD27F9DFF35ACAD5CF7947C1711F00704085012D66DE8E71D245D7EE3C10CFCE03F4D8A23455EABBA6F5CAB5ADA375BAB9543B36D66F0FD2A5A672ED7B515A2AD5EF374D6AFD4FEF2838EE03000EA830E0358E915E6CB2B14EF63971C6073B5AA44BD56F17CBA3EB771EB20FF76E82E33E00E0800A03DA84D3EB6BA4F3457704E9EAEDED9389A512A7C54AADCE95FA88E8F69DDF3EB5B95C1F1D250FD3C7C7B8E868D56E29D70E6A29D77FE61D05C77D00C0011506B4E64A6D8B1823DD54A97DB3FDFA9438A55551A2BBF61E275DF3CE3D4FACAF39FCFCF35F5FDC6FEFF21FDF9407ECF1F9FA873497AA13F2B277BEECEDDE5170DC07001C5001C0711F00704005001CF701C001150070DC0700075400C0711F001C500100C77D00704005001CF7010007540070DC07001C500100C77D0058A907544551144551064FF1ED070000000000000000000000000000000000000000000000000000000000000000000048FE3FE6B3B726DE9F69ED0000000049454E44AE426082, 1);
INSERT INTO `ACT_GE_BYTEARRAY` VALUES ('efd6c86d-1c4e-11ec-94ee-5ef70686b817', 1, 'flowSubmit.bpmn', 'efd6c86c-1c4e-11ec-94ee-5ef70686b817', 0x3C3F786D6C2076657273696F6E3D22312E302220656E636F64696E673D225554462D38223F3E0A3C646566696E6974696F6E7320786D6C6E733D22687474703A2F2F7777772E6F6D672E6F72672F737065632F42504D4E2F32303130303532342F4D4F44454C2220786D6C6E733A7873693D22687474703A2F2F7777772E77332E6F72672F323030312F584D4C536368656D612D696E7374616E63652220786D6C6E733A7873643D22687474703A2F2F7777772E77332E6F72672F323030312F584D4C536368656D612220786D6C6E733A666C6F7761626C653D22687474703A2F2F666C6F7761626C652E6F72672F62706D6E2220786D6C6E733A62706D6E64693D22687474703A2F2F7777772E6F6D672E6F72672F737065632F42504D4E2F32303130303532342F44492220786D6C6E733A6F6D6764633D22687474703A2F2F7777772E6F6D672E6F72672F737065632F44442F32303130303532342F44432220786D6C6E733A6F6D6764693D22687474703A2F2F7777772E6F6D672E6F72672F737065632F44442F32303130303532342F44492220786D6C6E733A62706D6E323D22687474703A2F2F7777772E6F6D672E6F72672F737065632F42504D4E2F32303130303532342F4D4F44454C2220786D6C6E733A64633D22687474703A2F2F7777772E6F6D672E6F72672F737065632F44442F32303130303532342F44432220786D6C6E733A64693D22687474703A2F2F7777772E6F6D672E6F72672F737065632F44442F32303130303532342F44492220747970654C616E67756167653D22687474703A2F2F7777772E77332E6F72672F323030312F584D4C536368656D61222065787072657373696F6E4C616E67756167653D22687474703A2F2F7777772E77332E6F72672F313939392F585061746822207461726765744E616D6573706163653D22687474703A2F2F666C6F7761626C652E6F72672F62706D6E222069643D226469616772616D5F666C6F775375626D697422207873693A736368656D614C6F636174696F6E3D22687474703A2F2F7777772E6F6D672E6F72672F737065632F42504D4E2F32303130303532342F4D4F44454C2042504D4E32302E787364223E0A20203C70726F636573732069643D22666C6F775375626D697422206E616D653D22E68AA5E99480E794B3E8AFB72220697345786563757461626C653D2274727565223E0A202020203C657874656E73696F6E456C656D656E74733E0A2020202020203C666C6F7761626C653A657865637574696F6E4C697374656E6572206576656E743D22656E642220636C6173733D22636F6D2E666C6F772E64656D6F2E636F6D6D6F6E2E666C6F772E6C697374656E65722E557064617465466C6F775374617475734C697374656E6572223E3C2F666C6F7761626C653A657865637574696F6E4C697374656E65723E0A202020203C2F657874656E73696F6E456C656D656E74733E0A202020203C73746172744576656E742069643D224576656E745F31376E32727739223E3C2F73746172744576656E743E0A202020203C757365725461736B2069643D2241637469766974795F30336B6A75727422206E616D653D22E68AA5E99480E58D95E5BD95E585A52220666C6F7761626C653A61737369676E65653D22247B7374617274557365724E616D657D2220666C6F7761626C653A666F726D4B65793D227B2671756F743B666F726D49642671756F743B3A2671756F743B313434303934373637353034313130373936382671756F743B2C2671756F743B726561644F6E6C792671756F743B3A66616C73652C2671756F743B67726F7570547970652671756F743B3A2671756F743B444550542671756F743B7D223E0A2020202020203C657874656E73696F6E456C656D656E74733E0A20202020202020203C666C6F7761626C653A6F7065726174696F6E4C6973743E0A202020202020202020203C666C6F7761626C653A666F726D4F7065726174696F6E2069643D223136333233383833353236373622206C6162656C3D22E68F90E4BAA42220747970653D226167726565222073686F774F726465723D2230223E3C2F666C6F7761626C653A666F726D4F7065726174696F6E3E0A20202020202020203C2F666C6F7761626C653A6F7065726174696F6E4C6973743E0A20202020202020203C666C6F7761626C653A7661726961626C654C6973743E3C2F666C6F7761626C653A7661726961626C654C6973743E0A2020202020203C2F657874656E73696F6E456C656D656E74733E0A202020203C2F757365725461736B3E0A202020203C73657175656E6365466C6F772069643D22466C6F775F30306C647661672220736F757263655265663D224576656E745F31376E3272773922207461726765745265663D2241637469766974795F30336B6A757274223E3C2F73657175656E6365466C6F773E0A202020203C757365725461736B2069643D2241637469766974795F3079777866777522206E616D653D22E983A8E997A8E9A286E5AFBCE5AEA1E689B92220666C6F7761626C653A63616E64696461746547726F7570733D22247B64657074506F73744C65616465727D2220666C6F7761626C653A666F726D4B65793D227B2671756F743B666F726D49642671756F743B3A2671756F743B313434303934373637353034313130373936382671756F743B2C2671756F743B726561644F6E6C792671756F743B3A747275652C2671756F743B67726F7570547970652671756F743B3A2671756F743B444550545F504F53545F4C45414445522671756F743B7D223E0A2020202020203C657874656E73696F6E456C656D656E74733E0A20202020202020203C666C6F7761626C653A7461736B4C697374656E6572206576656E743D226372656174652220636C6173733D22636F6D2E666C6F772E64656D6F2E636F6D6D6F6E2E666C6F772E6C697374656E65722E44657074506F73744C65616465724C697374656E6572223E3C2F666C6F7761626C653A7461736B4C697374656E65723E0A20202020202020203C666C6F7761626C653A6F7065726174696F6E4C6973743E0A202020202020202020203C666C6F7761626C653A666F726D4F7065726174696F6E2069643D223136333233383833373230303322206C6162656C3D22E5908CE6848F2220747970653D226167726565222073686F774F726465723D2230223E3C2F666C6F7761626C653A666F726D4F7065726174696F6E3E0A202020202020202020203C666C6F7761626C653A666F726D4F7065726174696F6E2069643D223136333233383833373538363622206C6162656C3D22E68B92E7BB9D2220747970653D22726566757365222073686F774F726465723D2231223E3C2F666C6F7761626C653A666F726D4F7065726174696F6E3E0A20202020202020203C2F666C6F7761626C653A6F7065726174696F6E4C6973743E0A20202020202020203C666C6F7761626C653A7661726961626C654C6973743E0A202020202020202020203C666C6F7761626C653A666F726D5661726961626C652069643D2231343430393637353831363733343539373132223E3C2F666C6F7761626C653A666F726D5661726961626C653E0A20202020202020203C2F666C6F7761626C653A7661726961626C654C6973743E0A2020202020203C2F657874656E73696F6E456C656D656E74733E0A202020203C2F757365725461736B3E0A202020203C73657175656E6365466C6F772069643D22466C6F775F307839647832742220736F757263655265663D2241637469766974795F30336B6A75727422207461726765745265663D2241637469766974795F30797778667775223E3C2F73657175656E6365466C6F773E0A202020203C6578636C7573697665476174657761792069643D22476174657761795F3137397A676E70223E3C2F6578636C7573697665476174657761793E0A202020203C73657175656E6365466C6F772069643D22466C6F775F3138703368716222206E616D653D22E5908CE6848F2220736F757263655265663D2241637469766974795F3079777866777522207461726765745265663D22476174657761795F3137397A676E70223E0A2020202020203C657874656E73696F6E456C656D656E74733E0A20202020202020203C666C6F7761626C653A637573746F6D436F6E646974696F6E20747970653D226F7065726174696F6E22206F7065726174696F6E547970653D226167726565223E3C2F666C6F7761626C653A637573746F6D436F6E646974696F6E3E0A2020202020203C2F657874656E73696F6E456C656D656E74733E0A2020202020203C636F6E646974696F6E45787072657373696F6E207873693A747970653D2274466F726D616C45787072657373696F6E223E3C215B43444154415B247B6F7065726174696F6E54797065203D3D20276167726565277D5D5D3E3C2F636F6E646974696F6E45787072657373696F6E3E0A202020203C2F73657175656E6365466C6F773E0A202020203C656E644576656E742069643D224576656E745F306E766A786768223E3C2F656E644576656E743E0A202020203C73657175656E6365466C6F772069643D22466C6F775F31716967616B7222206E616D653D22E68AA5E99480E98791E9A29DE5B08FE4BA8E313030302220736F757263655265663D22476174657761795F3137397A676E7022207461726765745265663D224576656E745F306E766A786768223E0A2020202020203C636F6E646974696F6E45787072657373696F6E207873693A747970653D2274466F726D616C45787072657373696F6E223E3C215B43444154415B247B746F74616C416D6F756E74203C3D20313030307D5D5D3E3C2F636F6E646974696F6E45787072657373696F6E3E0A202020203C2F73657175656E6365466C6F773E0A202020203C757365725461736B2069643D2241637469766974795F3071617934387522206E616D653D22E680BBE7BB8FE79086E5AEA1E689B92220666C6F7761626C653A666F726D4B65793D227B2671756F743B666F726D49642671756F743B3A2671756F743B313434303934373637353034313130373936382671756F743B2C2671756F743B726561644F6E6C792671756F743B3A747275652C2671756F743B67726F7570547970652671756F743B3A2671756F743B444550542671756F743B7D223E0A2020202020203C657874656E73696F6E456C656D656E74733E0A20202020202020203C666C6F7761626C653A6F7065726174696F6E4C6973743E0A202020202020202020203C666C6F7761626C653A666F726D4F7065726174696F6E2069643D223136333233383835333637373122206C6162656C3D22E5908CE6848F2220747970653D226167726565222073686F774F726465723D2230223E3C2F666C6F7761626C653A666F726D4F7065726174696F6E3E0A202020202020202020203C666C6F7761626C653A666F726D4F7065726174696F6E2069643D223136333233383835343030383122206C6162656C3D22E68B92E7BB9D2220747970653D22726566757365222073686F774F726465723D2231223E3C2F666C6F7761626C653A666F726D4F7065726174696F6E3E0A20202020202020203C2F666C6F7761626C653A6F7065726174696F6E4C6973743E0A20202020202020203C666C6F7761626C653A7661726961626C654C6973743E3C2F666C6F7761626C653A7661726961626C654C6973743E0A2020202020203C2F657874656E73696F6E456C656D656E74733E0A202020203C2F757365725461736B3E0A202020203C73657175656E6365466C6F772069643D22466C6F775F303538636D736222206E616D653D22E68AA5E99480E98791E9A29DE5A4A7E4BA8E313030302220736F757263655265663D22476174657761795F3137397A676E7022207461726765745265663D2241637469766974795F30716179343875223E0A2020202020203C636F6E646974696F6E45787072657373696F6E207873693A747970653D2274466F726D616C45787072657373696F6E223E3C215B43444154415B247B746F74616C416D6F756E74203E20313030307D5D5D3E3C2F636F6E646974696F6E45787072657373696F6E3E0A202020203C2F73657175656E6365466C6F773E0A202020203C73657175656E6365466C6F772069643D22466C6F775F3079637838666222206E616D653D22E5908CE6848F2220736F757263655265663D2241637469766974795F3071617934387522207461726765745265663D224576656E745F306E766A786768223E0A2020202020203C657874656E73696F6E456C656D656E74733E0A20202020202020203C666C6F7761626C653A637573746F6D436F6E646974696F6E20747970653D226F7065726174696F6E22206F7065726174696F6E547970653D226167726565223E3C2F666C6F7761626C653A637573746F6D436F6E646974696F6E3E0A2020202020203C2F657874656E73696F6E456C656D656E74733E0A2020202020203C636F6E646974696F6E45787072657373696F6E207873693A747970653D2274466F726D616C45787072657373696F6E223E3C215B43444154415B247B6F7065726174696F6E54797065203D3D20276167726565277D5D5D3E3C2F636F6E646974696F6E45787072657373696F6E3E0A202020203C2F73657175656E6365466C6F773E0A202020203C73657175656E6365466C6F772069643D22466C6F775F31686D61796B6822206E616D653D22E68B92E7BB9D2220736F757263655265663D2241637469766974795F3079777866777522207461726765745265663D2241637469766974795F30336B6A757274223E0A2020202020203C657874656E73696F6E456C656D656E74733E0A20202020202020203C666C6F7761626C653A637573746F6D436F6E646974696F6E20747970653D226F7065726174696F6E22206F7065726174696F6E547970653D22726566757365223E3C2F666C6F7761626C653A637573746F6D436F6E646974696F6E3E0A2020202020203C2F657874656E73696F6E456C656D656E74733E0A2020202020203C636F6E646974696F6E45787072657373696F6E207873693A747970653D2274466F726D616C45787072657373696F6E223E3C215B43444154415B247B6F7065726174696F6E54797065203D3D2027726566757365277D5D5D3E3C2F636F6E646974696F6E45787072657373696F6E3E0A202020203C2F73657175656E6365466C6F773E0A202020203C73657175656E6365466C6F772069643D22466C6F775F30396237756E7222206E616D653D22E68B92E7BB9D2220736F757263655265663D2241637469766974795F3071617934387522207461726765745265663D2241637469766974795F30336B6A757274223E0A2020202020203C657874656E73696F6E456C656D656E74733E0A20202020202020203C666C6F7761626C653A637573746F6D436F6E646974696F6E20747970653D226F7065726174696F6E22206F7065726174696F6E547970653D22726566757365223E3C2F666C6F7761626C653A637573746F6D436F6E646974696F6E3E0A2020202020203C2F657874656E73696F6E456C656D656E74733E0A2020202020203C636F6E646974696F6E45787072657373696F6E207873693A747970653D2274466F726D616C45787072657373696F6E223E3C215B43444154415B247B6F7065726174696F6E54797065203D3D2027726566757365277D5D5D3E3C2F636F6E646974696F6E45787072657373696F6E3E0A202020203C2F73657175656E6365466C6F773E0A20203C2F70726F636573733E0A20203C62706D6E64693A42504D4E4469616772616D2069643D2242504D4E4469616772616D5F666C6F775375626D6974223E0A202020203C62706D6E64693A42504D4E506C616E652062706D6E456C656D656E743D22666C6F775375626D6974222069643D2242504D4E506C616E655F666C6F775375626D6974223E0A2020202020203C62706D6E64693A42504D4E53686170652062706D6E456C656D656E743D224576656E745F31376E32727739222069643D2242504D4E53686170655F4576656E745F31376E32727739223E0A20202020202020203C6F6D6764633A426F756E6473206865696768743D2233362E30222077696474683D2233362E302220783D223130322E302220793D223239322E30223E3C2F6F6D6764633A426F756E64733E0A2020202020203C2F62706D6E64693A42504D4E53686170653E0A2020202020203C62706D6E64693A42504D4E53686170652062706D6E456C656D656E743D2241637469766974795F30336B6A757274222069643D2242504D4E53686170655F41637469766974795F30336B6A757274223E0A20202020202020203C6F6D6764633A426F756E6473206865696768743D2238302E30222077696474683D223130302E302220783D223139302E302220793D223237302E30223E3C2F6F6D6764633A426F756E64733E0A2020202020203C2F62706D6E64693A42504D4E53686170653E0A2020202020203C62706D6E64693A42504D4E53686170652062706D6E456C656D656E743D2241637469766974795F30797778667775222069643D2242504D4E53686170655F41637469766974795F30797778667775223E0A20202020202020203C6F6D6764633A426F756E6473206865696768743D2238302E30222077696474683D223130302E302220783D223335302E302220793D223237302E30223E3C2F6F6D6764633A426F756E64733E0A2020202020203C2F62706D6E64693A42504D4E53686170653E0A2020202020203C62706D6E64693A42504D4E53686170652062706D6E456C656D656E743D22476174657761795F3137397A676E70222069643D2242504D4E53686170655F476174657761795F3137397A676E70223E0A20202020202020203C6F6D6764633A426F756E6473206865696768743D2235302E30222077696474683D2235302E302220783D223531352E302220793D223238352E30223E3C2F6F6D6764633A426F756E64733E0A2020202020203C2F62706D6E64693A42504D4E53686170653E0A2020202020203C62706D6E64693A42504D4E53686170652062706D6E456C656D656E743D224576656E745F306E766A786768222069643D2242504D4E53686170655F4576656E745F306E766A786768223E0A20202020202020203C6F6D6764633A426F756E6473206865696768743D2233362E30222077696474683D2233362E302220783D223933322E302220793D223239322E30223E3C2F6F6D6764633A426F756E64733E0A2020202020203C2F62706D6E64693A42504D4E53686170653E0A2020202020203C62706D6E64693A42504D4E53686170652062706D6E456C656D656E743D2241637469766974795F30716179343875222069643D2242504D4E53686170655F41637469766974795F30716179343875223E0A20202020202020203C6F6D6764633A426F756E6473206865696768743D2238302E30222077696474683D223130302E302220783D223730302E302220793D223337302E30223E3C2F6F6D6764633A426F756E64733E0A2020202020203C2F62706D6E64693A42504D4E53686170653E0A2020202020203C62706D6E64693A42504D4E456467652062706D6E456C656D656E743D22466C6F775F31686D61796B68222069643D2242504D4E456467655F466C6F775F31686D61796B68223E0A20202020202020203C6F6D6764693A776179706F696E7420783D223430302E302220793D223237302E30223E3C2F6F6D6764693A776179706F696E743E0A20202020202020203C6F6D6764693A776179706F696E7420783D223430302E302220793D223234302E30223E3C2F6F6D6764693A776179706F696E743E0A20202020202020203C6F6D6764693A776179706F696E7420783D223234302E302220793D223234302E30223E3C2F6F6D6764693A776179706F696E743E0A20202020202020203C6F6D6764693A776179706F696E7420783D223234302E302220793D223237302E30223E3C2F6F6D6764693A776179706F696E743E0A20202020202020203C62706D6E64693A42504D4E4C6162656C3E0A202020202020202020203C6F6D6764633A426F756E6473206865696768743D2231342E30222077696474683D2232322E302220783D223330392E302220793D223232322E30223E3C2F6F6D6764633A426F756E64733E0A20202020202020203C2F62706D6E64693A42504D4E4C6162656C3E0A2020202020203C2F62706D6E64693A42504D4E456467653E0A2020202020203C62706D6E64693A42504D4E456467652062706D6E456C656D656E743D22466C6F775F30796378386662222069643D2242504D4E456467655F466C6F775F30796378386662223E0A20202020202020203C6F6D6764693A776179706F696E7420783D223830302E302220793D223431302E30223E3C2F6F6D6764693A776179706F696E743E0A20202020202020203C6F6D6764693A776179706F696E7420783D223935302E302220793D223431302E30223E3C2F6F6D6764693A776179706F696E743E0A20202020202020203C6F6D6764693A776179706F696E7420783D223935302E302220793D223332382E30223E3C2F6F6D6764693A776179706F696E743E0A20202020202020203C62706D6E64693A42504D4E4C6162656C3E0A202020202020202020203C6F6D6764633A426F756E6473206865696768743D2231342E30222077696474683D2232332E302220783D223836342E302220793D223339322E30223E3C2F6F6D6764633A426F756E64733E0A20202020202020203C2F62706D6E64693A42504D4E4C6162656C3E0A2020202020203C2F62706D6E64693A42504D4E456467653E0A2020202020203C62706D6E64693A42504D4E456467652062706D6E456C656D656E743D22466C6F775F303538636D7362222069643D2242504D4E456467655F466C6F775F303538636D7362223E0A20202020202020203C6F6D6764693A776179706F696E7420783D223534302E302220793D223333352E30223E3C2F6F6D6764693A776179706F696E743E0A20202020202020203C6F6D6764693A776179706F696E7420783D223534302E302220793D223431302E30223E3C2F6F6D6764693A776179706F696E743E0A20202020202020203C6F6D6764693A776179706F696E7420783D223730302E302220793D223431302E30223E3C2F6F6D6764693A776179706F696E743E0A20202020202020203C62706D6E64693A42504D4E4C6162656C3E0A202020202020202020203C6F6D6764633A426F756E6473206865696768743D2231342E30222077696474683D2239302E302220783D223537352E302220793D223338332E30223E3C2F6F6D6764633A426F756E64733E0A20202020202020203C2F62706D6E64693A42504D4E4C6162656C3E0A2020202020203C2F62706D6E64693A42504D4E456467653E0A2020202020203C62706D6E64693A42504D4E456467652062706D6E456C656D656E743D22466C6F775F31716967616B72222069643D2242504D4E456467655F466C6F775F31716967616B72223E0A20202020202020203C6F6D6764693A776179706F696E7420783D223536352E302220793D223331302E30223E3C2F6F6D6764693A776179706F696E743E0A20202020202020203C6F6D6764693A776179706F696E7420783D223933322E302220793D223331302E30223E3C2F6F6D6764693A776179706F696E743E0A20202020202020203C62706D6E64693A42504D4E4C6162656C3E0A202020202020202020203C6F6D6764633A426F756E6473206865696768743D2231342E30222077696474683D2239302E302220783D223730342E302220793D223239322E30223E3C2F6F6D6764633A426F756E64733E0A20202020202020203C2F62706D6E64693A42504D4E4C6162656C3E0A2020202020203C2F62706D6E64693A42504D4E456467653E0A2020202020203C62706D6E64693A42504D4E456467652062706D6E456C656D656E743D22466C6F775F31387033687162222069643D2242504D4E456467655F466C6F775F31387033687162223E0A20202020202020203C6F6D6764693A776179706F696E7420783D223435302E302220793D223331302E30223E3C2F6F6D6764693A776179706F696E743E0A20202020202020203C6F6D6764693A776179706F696E7420783D223531352E302220793D223331302E30223E3C2F6F6D6764693A776179706F696E743E0A20202020202020203C62706D6E64693A42504D4E4C6162656C3E0A202020202020202020203C6F6D6764633A426F756E6473206865696768743D2231342E30222077696474683D2232332E302220783D223437312E302220793D223239322E30223E3C2F6F6D6764633A426F756E64733E0A20202020202020203C2F62706D6E64693A42504D4E4C6162656C3E0A2020202020203C2F62706D6E64693A42504D4E456467653E0A2020202020203C62706D6E64693A42504D4E456467652062706D6E456C656D656E743D22466C6F775F30783964783274222069643D2242504D4E456467655F466C6F775F30783964783274223E0A20202020202020203C6F6D6764693A776179706F696E7420783D223239302E302220793D223331302E30223E3C2F6F6D6764693A776179706F696E743E0A20202020202020203C6F6D6764693A776179706F696E7420783D223335302E302220793D223331302E30223E3C2F6F6D6764693A776179706F696E743E0A2020202020203C2F62706D6E64693A42504D4E456467653E0A2020202020203C62706D6E64693A42504D4E456467652062706D6E456C656D656E743D22466C6F775F30306C64766167222069643D2242504D4E456467655F466C6F775F30306C64766167223E0A20202020202020203C6F6D6764693A776179706F696E7420783D223133382E302220793D223331302E30223E3C2F6F6D6764693A776179706F696E743E0A20202020202020203C6F6D6764693A776179706F696E7420783D223139302E302220793D223331302E30223E3C2F6F6D6764693A776179706F696E743E0A2020202020203C2F62706D6E64693A42504D4E456467653E0A2020202020203C62706D6E64693A42504D4E456467652062706D6E456C656D656E743D22466C6F775F30396237756E72222069643D2242504D4E456467655F466C6F775F30396237756E72223E0A20202020202020203C6F6D6764693A776179706F696E7420783D223735302E302220793D223435302E30223E3C2F6F6D6764693A776179706F696E743E0A20202020202020203C6F6D6764693A776179706F696E7420783D223735302E302220793D223438302E30223E3C2F6F6D6764693A776179706F696E743E0A20202020202020203C6F6D6764693A776179706F696E7420783D223234302E302220793D223438302E30223E3C2F6F6D6764693A776179706F696E743E0A20202020202020203C6F6D6764693A776179706F696E7420783D223234302E302220793D223335302E30223E3C2F6F6D6764693A776179706F696E743E0A20202020202020203C62706D6E64693A42504D4E4C6162656C3E0A202020202020202020203C6F6D6764633A426F756E6473206865696768743D2231342E30222077696474683D2232322E302220783D223438342E302220793D223436322E30223E3C2F6F6D6764633A426F756E64733E0A20202020202020203C2F62706D6E64693A42504D4E4C6162656C3E0A2020202020203C2F62706D6E64693A42504D4E456467653E0A202020203C2F62706D6E64693A42504D4E506C616E653E0A20203C2F62706D6E64693A42504D4E4469616772616D3E0A3C2F646566696E6974696F6E733E, 0);
INSERT INTO `ACT_GE_BYTEARRAY` VALUES ('efe9b42e-1c4e-11ec-94ee-5ef70686b817', 1, 'flowSubmit.flowSubmit.png', 'efd6c86c-1c4e-11ec-94ee-5ef70686b817', 0x89504E470D0A1A0A0000000D49484452000003D2000001EA0806000000E82576370000412B4944415478DAEDDD09981C659D3F702EEF83435D5D5714165DEF733D38D63FB3EB09A8A0CB10270104C2722733130251311A5856371A49A62781E0AA5C123934AE201148BA9B841BC20D41C215424E120921481220A9FFFBAB999EED4C66724E92393E9FE7799FE9AEAA3EA6FAEDAAFAF6FBD65BDB6D070000000000000000000000000000000000000000000000000000000000000000000000000000000000000000000000000000000000000000000000000000000000000000000000000000000000000000000000000000000000000000000000000000000000000000000000000000000000000000000000000000000000000000000000000000000000000000000000000000000000000000000000000000000000000000000000000000000000000000000000000000000000000000000000000000000000000000000000000000000000000000000000000000000000000000000000000000000000000000000000000000000000000000000000000000000000000000000000000000000000000000000000000000000000000000000000000000000000000000000000000000000000000000000000000000000000000000000000000000000000000000000000000000000000000000000000000000000000000000000000000000000000000000000000000000000000000000000000000000000000000000000000000000000000000000000000000000000000000000000000000000000000000000000000000000000000000000000000000000000000000000000000000000000000000000000000000000000000000000000000000000000000000000000000000000000000000000000000000000000000000000000000000000000000000000000000000000000000000000000000000000000000000000000000000000000000000000000000000000000000000000000000000000000000000000000000000000000000000000000000000000000000000000000000000000000000000000000000000000000000000000000000000000000000000000000000000000000000000000000000000000000000000000000000000000000000000000000000000000000000000000000000000000000000000000000000000000000000000000000000000000000000000000000000000000000000000000000000000000000000000000000000000000000000000000000000000000000000000000000000000000000000000000000000000000000000000000000000000000000000000000000000000000000000000000000000000000000000000000000000000000F432B5575CB1E3A9A3CA6F5DEF8259B6FDA0C2A43757EE9E34AEFC466B0F0000803EA7F19CE23F3414CA57C5ED86A6D2590D85D21FAB4B6353F9ABF9BCE6724D6353E97795C7D5178A77378C9DB2CFB0F327EF3C624479276B120000805EEFB471E577D43797BED2D05C9A3AB8A9FC91149C8B717F48A1F4F14A39F1DC1B776D09D2A50B53983E246E0F692A1DD85028CE4CCBFF29956569DE7ED626000000BD5E7DA174642AB7A630BCB8BEB93CB1B1509A32A450DEBB6174798F28A78E2DBE27968B6EDC2938DF5F3FB6FCB5FAA6D2B8B4FC23F93263A7EC13E1DB9A040000A0CFA8EEDA1D413A05E62B5B5A9F53299416E5D39BCBF529703F1CADD0F585E27FA4E9CFD73797AE89001E413A95B9D6240000007D42DEA5BBB9F4787E3E740AD211AC2BF3E23CE896B07DED6EE9F62969FE4FE37E5AF6CEFC6F73696AF57D000000E8D552101EDE5028DF12DDBBA3FB764B8B74E957E96F5394747B412C37A850DC2B2D33BFB150FCEFC6E652639A7E5FB462A7BFB35BFFCEB236010000E813D618B53BBA6937976BEAC794DE1F6570D3D4F7C5F4C14DC57D1B9ACA27D78F99F2B1B80456FB16E8539AA7EE9996FF9CB509000040AF57DF34F9DDD5E74837168A9F1D326EEAEE95D230BABC4BE3B8F27B53C0FE513E305953714C74F98EEEDE95E74821FB8C346FB0B509000040AF36A430F5930D85D2BD11925B02717E1DE9FFAD2EF585F2F10DCDC50352D81E10A1BA75B9EFA579B757BA85A7DB134E1E3BE52DD628000000000000000000000000000000000000000000000000000000000000000000ACC7B7BFFDED4C51B665F12D0400007A5C90B61650FF0000000419D43F0000004106F50F0000409041FD030000106440FD030000041950FF00000041C65A40FD030000106450FF0000000419D43F0000004106F50F0000409001F50F0000106440FD03000004196B01F50F00004090A19B9B3973E671A3468DCA6A6B6BF7B436000000411AD621CBB2372E5DBA74F9E2C58BB38103075E678D0000008234ACC3638F3D764DD6AA542A2DAAABAB3BCC5A0100000469E8C0934F3EB9FFAA55AB2A393A5BBD7AF5AAE1C3872FACADADDDD9DA0100000469A89272F38E0B172E7C266B27A60D1830E03C6B08000010A4A1CACC993347679D983061C273FDFAF5DBDB5A020000BA53682E47705E4F295B536C09F3E7CFDF63C58A15AB3A0BD2AFBCF2CA8B83070F9E515353B393B50500007497205DB30141BAC69A624B983D7BF683D97ACC983163415D5DDDE9D6160000D09DC274596B345B5B6D6DED8E77DF7DF7CAF505E9679F7DF6C6540F17C5F2D61A0000D05D82748DD668B685E1C387FFD7CA952B5F5E478E7EBEB1B1B1A4451A0000E88E61BAAC359AAD2DCE7DBEFCF2CBE77696A2A74F9F7E61AA87F739471A0000E88E41BA466B34DBC2D1471FBDEFAC59B35E6A1FA257AD5A75CF800103E618B51B0000E8CE61BAAC359A6D61E4C89157AE4EAA07EC8E69A91E9E6BED000000DD3948D7688D665BA8ADADDD79F2E4C9CB2A297AFEFCF997A53A3827A65B3B000040770FD379ABB435C1D6565F5F7FE492254B5E5ABC787176CC31C73C5057577798B5020000F484205D2348B3AD8C1F3FFEAE51A346458F8849D6060000F4015996BDFA89279EB8E2D65B6F7DA9582C6693274FEE912582744F7DEF69BDAF9E366DDABC52A974B0FAD7F33EBF891327E6F52FFEAA7F0000D007A41073653A88CE162E5C982D5FBE3C5BB972A5B2954BACF758FF37DC70C3D2146C0E52FF7A5E99376F9EFA0700007D45B404C641B440BBEDCBFCF9F317A7207387FAA7A87F0000D08D45775A2DD1DDA76530059915EA9FA2FE0100403716E7480A11DDA7C4E7A1FE29EA1F0000F48220F3C273F3B327EEBC207B68CA597989DB314DF81064D43FF50F000004E97665D992B9D983D70DCFEEBBE6B4354A4C8B79028820A3FEA97F000020C85495A71FBA6AAD105329731EBA5A001164D43FF50F00000499EAF2707964A74126E60920828CFAA7FE0100802053551E9C3CA2D32013F304104146FD53FF0000409011640419F54FFD030000362DC8C428C99D05999827800832EA9FFA070000824C5579F4E6B19D06999827800832EA9FFA070000824C55F9EBDCFBB307AFFFD1DADD6AD3B49827800832EA9FFA070000824CBBF2E4F48BD70A32314DF81064D43FF58F8DF67AAB0000A0B70799152BB2476F396FED6EB5695ACC13400419F54FFD6383ED9FCAC2D6BF0000F4C620B36CC9DC6CE6CDCD9D9EA31AF3621921449051FFD43F3638440F15A601007A639059B1229BFF68297BE0DAEF771A622A25968965B50E0A32EA9FFAC77A43F4FE9DDC0700A0270799F5B5026A1D1464D43FF58FCD0AD1EB9B0E00404F0B321BD20AB8AED64181449051FFD43F36382C0BD30000BD21C86C6A88A91481449051FFD43F362A240BD300003D3DC828828CFAA7FEB1D542B4300DC02639EAA8A376F9F6B7BF7D68BF7EFD0AE96F31952753793195ACF56FDC2FB6CE3F3496B7D6E8D4D2A54B77BBEAAAABCE1A3B76EC7D679E79E6E261C3862D3FF1C4135747853AE184135E1E3A74E8F3679C71C6ECB3CE3AEBEAD34E3BEDABE921DB0BD2028420A3FE29DDABFE358E2BBFB7F19C5B5ED74742B430CDB69565DB0F3DEFBABF5BEFF7327D276BAFB862C7EA69830A93DEBCAEEFEA71E74F7F5594CEE6378C2EEFE103808D535757F7A5946D26A6B2B235346F6889E527C6E3AD45DADC7EFBED278C193366EEF1C71F9FA5F09C5D79E595D95D77DD953DFEF8E3D95FFFFAD72CC4DFB81FD363FEE9A79FBE7AE0C0812B53A0BEAE7FFFFEFF28482B828CFAA7FE75AD93C695DF585F28FD795D25968965D3EDC18DCDC5EF4669682ECE6828942E6ABB5F2836F4F2102D4CB3CDB47E4F6FCDC37273A9317DF7FE5855CE6D0BBD4DC5310D4DE563F3DB85625DC3E8A91F6C682A9DD5D854FC667A5CFFFA31C5FFB766489EF6F769B9FBA3B40FEA232E28BF765061DADBD2F33F38A830E5438DE75CBB5B63A1DC5CDF5C9E5829E9B987B47FAFF11AE931E33B0CE585E2FF74BAAD692A9DD359D06F3F6DC488113B74B4ECC64E872D10A0F74941F8B68D0CCF9D95DBE2F9ACD53EECFEFBEF3FF0DC73CF9D77DC71C765BFFFFDEFB3458B16651B23968FC7A540FD526363E315A942BD5590510469F54FFDEB1A279E7BE3AE0DCDA57B1A9BA77EB4A312F362999683E0D2412D07F1E9C0BBB97C485E0AA547D3FD13635E1F08D1C2345BDD69E3CAEF48DFC3FDE27BD738B6F4E1148A2F19D2543AB07E4CE9FD79504E41B7252C5EF1EA74FB99F891ABBE50BCBBB1A97470BA7F794B902E7F3BA69F3AAADC760C15BD4AD2FC071A0AE543A3C463EA9B26BFBB2D10379707A6F9B7A7607E7D0AD057A4F7F078FE98B153F649CBDF11E1FA94E6EBDFD9FEFD36164AFB4760EEE87FC97BB254B62D4DC5A111B82BF707158A7BB55F3EFECFF47C53DA2664D9F6F1C3412AB3D27B98143F046CD274E862471D75D46BFBF5EB372E85DFD5ED037143434376E9A597AEB30131E6C7721D84E9D5F1BCF1FCD6721F92EAC78E93264DBA2A02F445175D942D5BB62CDB1CF1F8789E54915E3CFCF0C30F116414415AFD53FFBA2848174A3745CB521C30AF59F203DD9B629974507E587E205D283D91A6CD8EDBAD654EE5761CACF781102D4CB355A5407B78FA7E4D4DDFBBA5116823489FDA5CFE4094FA42E9B4F8AEB62C57FAF71460FF50795CB428E7F39BCB3F4BDFE541E93B7CDC8811E59D2270A7D0FC8378BE784CFD98296FCF4B73B95F9AF65C7ABE33061526BD260FD84DA59111E0073795BE108136B609E9EFF4B4DC5F53B97148A1BC774B881FB14384DEF6413A9EEBB8F3AF7E7D87A13AB62929E477342F6F816F2A9D935E238BF75F999E9EEFE434EDDA78BDF4D8EF353697EB37653A74A5147677AFABABBBAF3A00F7EFDF3F3BFFFCF3B33973E66C54DE89E5E371F1F87681FADE781D6BBB6F84E85D2EB9E49299279F7C72F6C4134F645D299E2F85F3E503070E3C5390510469F54FFDEB9A201DAD5ED1C2B56699F2F64A90CE0F4A5B5ABF7E930E922FA82E71601FAD537D28440BD36C556B74ED6E0DD2D1821BDDB52BE73FB7FEF075712AD7A530FB8BC6E6E209E9F6BD29B0FE2E4ABAFD54C3D8E2A752401E9077016F2EFD389E2B6F752E94EF88DBF54DE59F44808D501DADD769DE7DE9B99A5279A87E6CF96BE931E7A765FE25BDEE49E9FDFC30A6B584E7299FAFB41CAF11A4E3F48F14E05BB61FE55D4E699EBA67A5A4307F4A9A3FB67A5A2CD3FAE3C1C096105FBA29027DEBC1E5F62D3FE64DF97CEB0F07DF881F16367A3A74A114A03F90CADCEAD03B72E4C8ECE9A79FDEACBC138F8FE76917A69F8ED7B3D67B79882E140A4B7EF0831F644B962CC9B68478DE61C386BD78E491475E2CC82882B4FAA7FE6D7E903E7DE44D6F4A7FE7A583D6AB5A4ABA9D0E6AD708D2CDC57FCBBB7F168AA3AA4B5AE6AE98D7C742B430CD563364DCD4DDE33B19E725E7E1B7658C82BFA4F2A71468E7572F1BE1390FB479902E5E1981B535B4DE19413A0F95634AEFAFB46AA7503D223DDFD995FB515A9EA758172DB8E9710BD2ED99F9362205E934EDD3B18D88D6EEFF0BD2A5A608BFED8374FD98299FA9743D6F0DE21756956865BF6F8D69ED4E1149F79F1E5428BF2B6EE7EFB5507AAA6D5E5369487AAD9F6EEC74B589AED2DA123DB7BA15FAAAABAEEAD2CC13CFD7AE75FA692DD3BD3744EF78C925973C1A213A0EFAB6A478FEA143873E3760C080330419459056FFD4BFCD0BD231B26F3A389E5675005BAECCAB0ED2E960F7B674307A6675C95BB4BA6790AE0EB9710588EF6CB7F95782E8E8798469B698FA4279582AA568158E96E908D28D85E297A3CB750CECD5D854FA651EB69BA6FC6B7E1E70A1F442FCCD7FE46A2E1522D8E6E1364ED7680DD2D1DA9BB73C4749CF9D97BC2B7579743CAE651B503E2A6FA94E613A4EDB8816F108E61176A3A5B912A4E3BCEAFC148FD6D6E4F6E748C7F661705371DFF6FFD7BABA768708D0E9B173DB962F14BF1E3F1C546FA3E2393676BA1A4557887396ABBB731F7DF4D1D93DF7DCB345324F3C6F3C7F75376FE74CF742714EF429A79CB2C55AA23B6A993EF6D8639F4F15EA1B828C2248AB7FEADFE606E9BCE5A9B5CB766941FB201DA3763734976B6294EE7C04EF42A96970D3D4F7A5107D409CC7D9CD43F4AFE2F7DED6BF9B1AA6D7F53CC2345B4C475DBB53F01D97B7528F99F2B1EA65D76C912EDDD7127EF300FC542548E7E70C174A37C488D8F9724DC541AD8395DD5519253B0FED85D2CD11C65B027AB121427DDE82DD543E3985EBEFB40C8256FA7974F5FEBFC0DB2E4837158F88AEE41B1BA4F3F985D2EFDB7E506809ECB7E5EF3D6D732AB73776BADA4457681D58ACAD257A4B85E8EA305DDD321DAFEF53E845D2077C500C2CD6D5E7446FC839D3871F7EF892DADADAB709328A20ADFEA97F9B16A4F303DEE8CA5D55E21CC3E8CA9D2F939F5B59BA31CECB8C03D2A13FBBEE0DF54DE5F3EAC74EF9527EBE653A608F6E9CDD304487EFB486DF6C33C2747588AE9423D7F3BAD025E2D253D541BAB5CBF4E5794B700AB6318858CB72B7BC2E0FCC79F82D5E1001B92A60FF3EBEC71194F3EF782CD3543E36BA3CB7B67A1F1F97B78A7995301DDB8638B738CEA78E20DDD2ADBBF4482C1B97DE6AB944D6A4D75407D4F8512DCED1AEDC6FB94EF5DA038E45F88E1E2D9DFDCFD13A9E5EF7F4351E13EFAF509C1981BF7A5C868D9D0E9BA3F51257AB2AA1F6EAABAFDE2A99275EA7AA557A954B63F5227189AB18557B5B38EFBCF3E6A50AD524C82882B4FAA7FE6D9C61E74FDEB9BA4B77D5417774DF7C30827404EA7440FAC568698A03F61805B7A59B673AC84E7F63B4DE2185D2C7E3B238DD304477168237264C77F4F85F76F278619AAE0DD1CD533F9ABE670F47B06CFD6E5E9CC2ED352DADC8E9FBD85CFE595C96AEF5C7B03DA2AB778CA61DE72C575A8AA38B739C531DDFF7182C2CDD2EAEABC477BDF571D746EB73DEFA9D426D04D2CABCF49E8EAC0EC28DA3A7FC63BCCF28D1ADBAF3FF270FE3B7C7A5B7DA5FD77A4354AE6BBFB9D36153555F273A0604DB9ADA0D40769B4FA317B8FDF6DB4F88D6E8E79F7F7E9B04E978DD238E386269FFFEFDFF5190510469F54FFDEBB3D6156237354C6F4C8816A6017AB1C30E3BEC8BD55DBA377774EE4D19CDBBBA8B77BC1F9F4A0F3766CC98B913274ECCB6A58B2FBEF8F154A1CE1764144146FD53FF84E88D08C5EB0AD39B12A28569805E2A658D8995101BD77BDE16E275AB5AA527FA547AB0E79F7FFE2D279C7042F6CC33CF6CD3209D5EFF95FEFDFB2FEC6D03490832828CFAA76C68FDEBC303E96C4C68DDD030BD39215A9806E86552CED83505D7959510BBB55BA3AB5BA5AB82F4CA785F3E9D1EEA4F7FFAD399C3860DCBBA83638F3D7656AA50FBF6905FB4CAA9D4083282B4FAA76C6EFD5BB060C19EB367CF7EF0EEBBEF5EF9C31FFEF0C73535353BF5D63AD94561757D61BA2B42B4300DD08BF64169FEA19500DBD0D0B04D334FBC7E55983ED427D8433537373F70E59557768B203D7EFCF87B5365FAEF1EF285AD54FE757E710519415AFD533AAB7F69B3B7E3CC993347AF58B16255653B98967BF9F2CB2F9F7BF4D147EFDB1BEB641786D4CEC2F40E5D18A28569805EB20F4AD39B2BCBFDE637BFD9A699275EBFEA3D37FB047BA833CF3C73F15D77DDD52D82F4B469D3EEEFD7AFDF553DEC0BBBCE2FAE202348AB7F4A47F5EFC9279FDC7FE1C2859D9E53336BD6AC97468E1C79656D6DEDCEBDA94E767138ED284C3FD2C5215A9806E805FBA0BABABA5265FEF4E9D3B769E689D7AFBC97785F3EC11EEAF4D34F5FBEB5AF1DDD99471E7924BA76DFD943BFB01D7E710519415AFD53AAEB5FF2A6C71E7BEC9A55AB56AD779BB83A498F59D6D8D8F89DDE5227B74028ED284C77758816A6017AF83E28FD9D5D99BEADB34FBC7ED57B9CED13ECA14E38E184D5CF3EFB6CB708D27FFDEB5F97A5CA34B7877F61D7F8E20A3282B4FAA754CAADB7DE9A2D5DBA74F9C66E1B972C59F2D2F8F1E3EFAAADADDDB3A7D7C92D1446A33B77FB96E8475AA77735611AA067EE83FE56B9BFADB34FBC7E558BF4F33EC11EEA88238EC85E7EF9E56E11A4D3FB787E03BE083DAA6CE920B362C58AEC2F7FF94BB66CD9B2F52E1B5FDA8E968BC7BFF0C20B1D3EE6A9A79E5AE3FE7DF7DDD725EF3BAE1D9E02C5560F32BDAD7E6DEDFA376FDEBCECE1871FDEA06567CC98912D5FBE7C83969D33674E7EE5802DF5B92F5CB8300FB19DCD5FB46851F6D0430FE5B767CD9A953DF7DC73F97BDFD0EFD686AEBB51A346658B172FDEE86D633C261EDBD3EB636D6D6DF6DAD7BE3642EED02EDC8DADAB457A43AE33BD2986F6B56D89A2284A6F2ADB3AFBC4EB57BD9F5724D21EEAF8E38F7FB9BBB448A783D9C77A418BF456ED5A1B81340E18CBE572F6873FFC21FBE8473FBA46F9FCE73FDFB66CFAACF36971501EA161D0A041D10B207FFCD4A953B3E38E3B2EBBFEFAEBD708D16F78C31BB25FFCE217F9FDABAFBE3ADB7EFBEDB3BBEFBE7B8DF710E779BCF7BDEFEDB08C1B37AEC3F7BDFFFEFB675FFEF2973B0DF05AA4BB57FD9B3F7F7E76E38D3766871C72485E87E27694E1C387671FFAD087DACA25975C922F1F977678FDEB5F9FFDF8C73FCEEBDA97BEF4A5B54A2C13CB46F7A65D77DD35FBA77FFAA7BC6EEEB3CF3E6B3C6794E6E6E67CD99FFDEC676BCDAB2E95D01BAFF9939FFCA4AD1C74D041D90E3BEC909D7DF6D96B4C7FF4D147F3E52FBDF4D2EC6D6F7B5B7E7BE79D77CE2EBFFCF26CEEDCB9F97723EA7757D5BF891327C6D509AE2F954A8B56AF5EBD6A03368BAFA4757FD931C71CF340FA5C27F5D016E9F65DBBB774B7EE47B67098D6220DD003F741D1F2AB459A2E75EAA9A73EDF5DCE919E3163C6F41E7C8EF4561FEC295ACBFEF77FFF373F588C8011C1E01DEF78471E0AA2C4F5C1FFE11FFE215F3602F39BDEF4A6B683CBC18307E7E1A5A9A929BFFF5FFFF55FD94E3BED943DF8E083F9F2D75C734D3E347F84930818713B824E3C7FDC8E505DDD9A17A30F5E78E1856B9477BEF39DF9F376F4DE6FB9E5963C689D76DA6982740FA87F175F7C7147AD7DD991471E99FDCBBFFC4B5EFFE2FE55575D95EF1C62F91FFDE84779EBE3EDB7DFBE46788DCBEDC5B28F3CF248DEEA1B3FAA7CEE739FCBBEF0852F64071F7C70FED85FFDEA5779FD881F77E27625CC0E1D3A34AF8711D8ABCBF7BEF7BDFC39E387A5582EAE4410F5F9AB5FFD6AA725969F346952F6F8E38F67A79F7E7AB6CB2EBB64C562718B06E94AFD4B3BCDC3860F1FBE705D838DAD5AB5EA9E186C2C7DAE7362F9DE5227BB308C767689AB8E46EDEEAA302D4403F4D07D9073A4E9723FF8C10F9EEE2EA3764F9932A5D80347EDDE66971F8A501207FF71A01821F91BDFF846F6BEF7BD2F9FF7D39FFE346FD9FBEC673F9BDF3FF7DC73F316B9783FD13D7BF6ECD9D9C9279F9CA5CF3F7FFC49279D94F5EFDF3F0FDCB17C049377BDEB5DF9F4C30F3F3C5F66C08001F9FD08C831BFFABD7CE0031FE830687516A4A3FCFCE73FCF5BBCA35BAF20DDFDEB5F84CDB3CE3A2B3F9DE0DFFEEDDFF2807BCC31C7E4F523EA5BFCE0F2B7BFFD2DFF31263EFBD849DC7BEFBD6B3DCF638F3DD616A4A3C53AEA6E3C77F4A8D86DB7DDB2F7BFFFFDD9BBDFFDEE7C9978CEB85DF93F22486FD77117DE3582F475D75D977DF8C31FCE9E7CF2C9BC44B7EE981FD32BD33EFEF18F6737DF7C73367AF4E8EC35AF794DDEDB22EA7104E98B2EBA285F261E3362C488FCBB74FFFDF77769FD8BD1B8D377EABC0913263CF7CA2BAFBC58B5297C3E85F70BD3BC39E9B33DB7078EDABDA197BFEAEA4B5F550F2CB6BEEB4C0BD100BD334877BA0F326A375D2E1D245EDD5DAE237DF6D9674FEC41D791DEA083C5ADD9B5FBD7BFFE755B908EE01CA1235A03E3FE902143B21D77DC31FBE0073F98972BAEB8227F5C848708D851E27EE5FD46508E10F3AD6F7D2BFBCA57BE92CF8BBF71FFEFFEEEEFDA827474FF8EFA132DD0F1FAD5E5EFFFFEEFF3F01DF3E3BCD3F6EF3DBA09C7F3460BB720DDBDEBDFCC9933F35303F6D8638FFCF38CCF6DFCF8F179888EF2B18F7D2C3BF1C413F3652B41BAFDF9F51D05E968C98EBA12ADD4D1653CDE6FB4427FE6339FC9C375FCD8F2EA57BFBAAD0744D4E9F821274E45B8EDB6DBD628D1CBE1D39FFE74F6DBDFFEB6ADBBF6BA42773C77E53DB5EFDA1DF3E3B488F81B3FF644EF8E58075BA2FEF5EBD76FEFFAFAFA19C982679F7DF6C6F45D8D1DFD7D31BD37D6C92E08A7EB0BD1DB6D81302D4403F4F07D90EB48D3E5D201EC57D201EBEAEE30D658FFFEFDEF4F9569DFDEB47EB756908E16C2AF7FFDEB79587EFBDBDFDE56A22B7665D93BEEB823EFEEFADDEF7E376F298CC7FDCFFFFC4F7EAE6BA9545A2B484717DA081BDFFFFEF7F379F1B8B81FD32B41FACF7FFE73B6E79E7BE6ADD7F137424E2C1BAD88713F5AFAE26F7557F02831605584F70828B14C842B41BAFBD6BF3815A0A3301AE73AD7D5D5E53FCE44D0DED8201D837AC58F3E51AFA23538CE853EF6D863F3DE15D1653C5ABAA37B78A5FE5C70C105F98F3F9D85E308C111A82BE1385AB8A3C74D74E18EF9F12340DCDF6BAFBDD60AD26F7EF39BF37398E339E25CEA9B6EBA297F4CB45A6FE9FA575353B3535A8FA7A7EDDFA2F81BF7FB5035DD9890BAA121BA2BC3B4100DD03BC2F6A195F01A8D38DB527D7DFDEAAA207DA84FA7871A3162C40EE9C075658C98BB2DCD9933E7E65491E6C7FB116436AC9C77DE79794B601C1C46E88856BD68058EF34DFBF5EB979D72CA296DE7484797D6FDF6DB2F0FAF71DE7304D8ED5ABBCE46088EE5DA07E9E872BBF7DE7BE75D6063DE273EF189FC7E048DEAAEDDD1C5FC939FFC64DE9537424C2C1BDDB5E3D7B657BDEA5579D86EFFDEE3F5E3B9E2F63FFFF33FE72DD78274F7AD7FD19DFBFCF3CFCF436FA544B8AD74ED8E9E0FD1721CA70C6C4C908EE5A35E45891F7D2224475D88201DF53846AAAE04E968118E501BE30244AB73A5443DFBC8473E9287DFA86B951F6536B4453ACE87AED4F1030E3860AB9C23BDAEED711FDD156D4858DDD810DD15615A8806E825FAF7EFBF6BCA1A2B2B0136063DDD16E275AB42F4CA785F3E9D1EECB4D34EBB2E5A62B6A5FFFCCFFF9C902AD3F982CC86971811BBB1B171ADAEDD71AE69B408D7D4D4E45DBA2BAD84712E68B45847D7D9E88A1D8F8B73542FBBECB23C8C5407E968BDFEE52F7F999708CADBB59EEF5C99561D2E6244E778AD0843D13219CB4637DD08D1D5AD7E9512AD83118E2210555AB523E047F75C41BAFBD6BFA83BBBEFBE7BDE721CE7E647E8AC04E9981FE7248F1C3972A38274E53259F1435EFC1814CF173F001D78E0817997EA1845BE12A46360B37505E34A39FAE8A3DB82740CA817F52A06418B7913264CC8EF57B748FFF18F7FCCBEF8C52F666F7DEB5B3B1DB5BBAB4697EF6BF5AF0BC3F4A686E8CD09D34234402F93B2C6C44A888D06826D215EB72A484FF4A9F4FC5F68FE71E0C0812F4537E16D61C9922577A48AF44CBC0F4166F3CF918ED6C3CAE05F77DE79E71ACBBFEE75AFCB434574AD8EF9D192172D7F312859254847B88EA0542995D1BEE36FF5F4582E9E73C182056D2127C2D576ADE797BEE52D6FC9C34CBC9FEACBFF4457EEB8F455F5FB8A20132D921D0D4E2548779F207DEDB5D7E6B723EC5682748CBA1DE733C7E71D01746383F4BEFBEE9BF78C886ED8115EE3079F18C13BEA49B43847F7F108B351D76330BCF8212706248B3A1CF7A3FEC5F3C50F3371BF32E0D8E69C23DD3E481F76D8611DFE28A4FE6DB530FD9DCD08D1EB0AD3470AD1007D47DA9F7FB112626390DDADDD2A1DAF575757D7D6AD3BDE8F4FA517686C6CBC2246AADD16D26B5F9E2A539320B37125AE995B39D7B912A4E3DACD719E6904E698FECD6F7E330F049556E90843718E73B41EC6FC18CD78C99225D9B469D3F2FB71F99FB8AC565CFEAA5222B8C4BCB89E74F5F4E86A1BE756470089D78DFF355A10B76BEDDA5D5F5F9FB73447508FEBFA46288A56EAE8B65B093BD597D08AAEE7D12A18ADE18274F70CD2712E7E74BD8E205B09D2871E7A68F6AFFFFAAF7977FD08B2EB0AD20B172E6CBB9456A50B760C44177532CEAF8F4B51459D8C1F84E2C795A83BF15AD105BCF21C11C0DFF39EF7E4CBC4F3C5E3B76B1D91BBFAB5E279A2C746B426C7F5A22B3F2CC5FDE8653165CA94B61F82CE3CF3CCBC1EC7FCF83FA377455C8A2B1E3376ECD8FCB5E25271EADF360BD3D521785342F4C63C8F100DD08BA5CC715B25C8464FBAAD295EAFAA35FA369F462F515B5BFBB6A38E3AEAC5AD7D5DB5E9D3A74797EE67E2F505998D2B1138E3803006499A376F5E1EA4E35CE7384F3A06088BF34963A0AF08099591973FF5A94FE5E79D56C24E848D1801396EC7E0648B172FEEF07AD5313FFEB69F1797D21A3468503E68D419679C912F1781A8D20A1DC124024974FF8EAE2C11C25E7CF1C50EFF9F08F4119E22A40BD2DD33487FED6B5FCB0373FC10D3BE6B77A5AC2B48C7359F635EE5FCF84A89A01CBD28E2DCEBE8761D3FB6C4B4A8D771BA405C76AB7DAB763C570C7016CF173FD04408EFECBD57C2F63DF7DCB3D6BCCA0F45F1A35374218F3103E27F8C1F952A3D35A24EC78F41EADF360FD3476EB7F9D7835ED7F308D100BD5C5D5DDD3E297BACAA04DAD8F76F0DF13A55217A55BC0F9F462F920E880F4907A6CB23D06C0DCF3CF3CCD454919E4AE51B82CCA60D00153F7C2C5DBAB4AD55375AEBE27CD3CA32D14258DDB5BAFAB11174A2752E6E4760896B0077D6F21DE795C6DF75BD9F78FD071E78200FC45BEB725682CCD6AB7F115E2B75205A71A3CEC40F24F1B77D7D897AD051BD5BBE7C79DBB5CA3B3A4DA1D26ADDBE15BBB3F714BD2D6214EE752D1325EA76FCF0D4511D8EEF40FC1F95EF45FBF9F1FDEA68BAFAB74DC2746F7A3D00B6917EFDFA8DABEEE21D3FB46F49F1FCD55DBAE3F57D0ABDD0C08103CF1C366CD88B71D0B725A503D319A9E2DE992AD5F70419459056FFD43FB661B815A201FA90A38E3AEAB529D0DE5B09B63150E9960AD3F1BCE9F55655B546DF1BAFEF53E8A58E3CF2C88B870E1DFADC966A997EE699676E88109D2AD22F0519459051FFD43FB661C815A201FAA09443764FE5E9EA96E91890B72BC5F355B744B7BEDEEED67E2F3760C08033060E1CF87C579F33DD7A4EF4ECDEDE122DC80832EA9F224877FBB02B4403F461298F7CA03A4C570620DBDCD1BCE3F1ED0616CB4374BC9EB5DE777EA9F9C6E1871FBEE4BCF3CE9B17E7166E8EE79E7BEEF6D6D1B99FE9CDE7440B32828CFAA7A87F3D224C0BD100545AA6EFAD0EBDD13A1D83E4C6556836462C1F8F6BD70A9DB53EBF96E83EF84BCD5BE3D254471C71C4D20B2FBCF0F1458B16BDBC11F5E9E5B973E7DE7CE699674E680DD04DF17C828C22C8A87FEA1FDB30FC0AD100B48973965B07206B1F80B3868686ECD24B2FCD07378D2B84C4A0A921FEC6FD981EF3EBEBEBD77A6C3C5F3CAF73A2FBB8FEFDFBFF63AA0CE7A720FCCC7FFCC77F3C357EFCF87BA64D9B76FF238F3C327BF1E2C52FA4FAB4EC99679E79E2A1871E9A9E0E16279F7DF6D913D363EE4F8F59108F8BC7F7C5F526C80832EA9F224877AB302D4403D0A1D64B63DDD64120DE94729B4B5CD1DEF6871D76D87EA962FCA45FBF7E57A54A7247D5B905F1F78E981EF363B9ED36FF9A9F828C22C8A87FEA1F5D11868568003624507F29659A89A9ACDCC8F01CCB4F8CC75B8B20C80832EA9FA2FEF586302D4403B0518E3AEAA85D52303EB45FBF7E85F4B798CA93A9542E65F562EBFD62EBFC4363796B0D04194146FD53D4BFDE12A6856800365B0ACB3555ADCF35D6080832828CFAA7A87FBD354C0BD1007455902E5705E9B23502828C20A3FE29EA5F6F0CD34234005D15A26B3A3827BAC69A0141469051FF14F5AF378569211A80AE0CD2E50E82B4566910640419F54F51FF7A4D981E2A4403D08521BA661D2375D7584320C80832EA9FA2FEF5F8301D07364234005D18A4CBEB08D25AA541901164D43F45FDEB15073CD633005DB54FA9D980EB47D7585320C80832EA9FA2FE09D200B0DD7A5BA3B54A832023C8A87F8AFA27480380FD0C08328A20ED7357FF1CE00080FD0C08328A20A3FEA97F38C001C07E060419459051FFD43F1CE000603F030832828CFAA708D20E7000B09F0104194146FD53D43F073800D8CF00828C20A3FE29EA9F031C00B09F01414611A47DEEEA9F031C00B09F0141461164D43FF50F073800D8CF40AF552C16572F5FBE5C88E806257D0EF3529059A1FE29EA9F031C00B09F816E6CDAB469F3162E5C28487483F2D4534F5D9682CC1DEA9FA2FE39C00100FB19E8C64AA5D2C137DC70C3D2F9F3E72FD632B8CD5A02E7CF9A356B420A31B3533948FD53D43F073800603F03DD5C1C3C474B542A2BE31CC99E562EBEF8E22C36183DF1BDB79695ADEBFF20F56F72A6A87F0E7000C07E06D8F21B8BB20D06E0000700EC67800DDB50D4C4C6A2B5D4582380031C00EC6700D6BDA1285705E9B2350238C001C07E06A0F38D44756BB45669C0010E00F633F633C07A3612E50E82B45669C0010E00F633001D6C203A6A8DD62A0D38C001C07E06A0930D44791D415AAB34E0000700FB1980AA8DC3BA5AA3B54A030E7000B09F0168B771286F4090D62A0D38C001C07E06C00603B0BD0200FB19C00603B0BD0200FB19C00603C0F60A00FB19C00603C0F60A00FB19C00603C0F60A00FB19C00603C0F60A00FB19001B0CC0F60A00EC67001B0CC0F60A00EC67001B0C00DB2B00EC67001B0C00DB2B00EC67001B0C00DB2BFA862CCB5EFDC4134F5C71EBADB7BE542C16B3C993272B5BB9A4F5BE7ADAB469F34AA5D2C16A24F633800D0680ED15DD5C0AD157A610972D5CB8305BBE7C79B672E54A652B9758EFB1FE6FB8E186A529581FA456623F03D86000D85ED18D454B7484388176DB97F9F3E72F4E41FA0EB512FB19C00603C0F68A6E2CBA736B89EE3E2DD32948AF502BB19F016C30006CAFE8C6E21C5D21B6FB94F83CD44AEC67001B0C00DB2B7A41907EE1B9F9D913775E903D34E5ACBCC4ED9826FC0AD2D8CF00361800B65708D2EDCAB22573B307AF1B9EDD77CD696B949816F30460411AFB19C00603C0F60A41BAAA3CFDD0556B85E84A99F3D0D502B0208DFD0C608301607B85205D5D1E2E8FEC3448C73C015890C67E06B0C100B0BD4290AE2A0F4E1ED169908E7902B0208DFD0C608301607B85202D480BD2D8CF00361800B657B069413A46E9EE2C48C73C015890C67E06B0C100B0BD4290AE2A8FDE3CB6D3201DF30460411AFB19C00603A06F6FAFB26CFBA1E75DF777EB5BACF19C5B5E577BC5153B564F1B5498F4E698DED9638E3B7FFAABA27436BF6174798F8D79ABF17AC3CE9FBCB35AB46583F45FE7DE9F3D78FD8FD6EED69DA6C53C015890C67E06B0C100E8D3DBAB93C695DF585F28DD9A87E5E6526343A1F4C7AA726E5BE86D2A8E69682A1F9BDF2E14EB1A464FFD604353E9ACC6A6E237D3E3FAD78F29FEBF3543F2B4BF4FCBDD1FA57D501F7141F9B5830AD3DE969EFFC14185291F6A3CE7DADD1A0BE5E6FAE6F2C44A49CF3DA4FD7B4DEF73707DA1784A87A1BC50FC9F34FFCF1D96A6D2399D05FDF6D3468C18B14347CB6EECF49E1CA4A33C39FDE2B582744C137E0569EC67001B0C803EBDBD3A6D5CF91D0DCDA5FD22EC368E2D7D3885E24B8634950EAC1F537A7F1E9453D06D098B57BC3ADD7EA6A1B9382305D9BB1B9B4A07A7FB97B704E9F2B763FAA9A3CA6FAD3C6FE3B8F27BD3FC071A0AE543A3C463EA9B26BFBB2D10379707A6F9B7A7607E7D0AD057A4F7F078FE98B153F649CBDF11E1FA94E6EBDFD9FEFD36164ADF6F6C2E1EDDD1FF128F6F6C9EFAD12829F40F4DCF3FBE727F50A1B857FBE5E3FF4CCF37A56D42966D1F3F1CA4322BBD8749F143C0264DEF0D417AC58AECD15BCE5BBB5B779A16F30460411AFB19C00603A0CF6EAF52A03D3C85D8A9290C2E8D401B41FAD4E6F207A2D4174AA745D06D59AEF4EF296CFFA1F2B86851CEE737977F9642EBA014AC8F1B31A2BC5304EE149A7F10CF178FA91F33E5ED79692EF74BD39E4BCF77C6A0C2A4D7E401BBA9343202FCE0A6D21722D046F84D7FA7A7E5FE9ACA8D430AE5BD237C37168A5FAE9408EFE97DFE67F5B453C716DFB356A86E2A1D1621BFA3FF396F816F2A9D939E2B8BF75F999EDEDBC969DAB5D1C29C1EFBBDC6E672FDA64CEFE9417AD992B9D9CC9B9B3B3D473AE6C53242B0208DFD0C608301D067B7576B74ED6E0DD2D1821BDDB52BE73FB7B6F05E9CCA7529ECFEA2B1B97842BA7D6F0AACBF8B926E3FD530B6F8A9149007E45DC09B4B3F8EE7CA5B9D0BE53BE2767D53F9271160235447EB759A775F7AAEA6541EAA1F5BFE5A7ACCF969997F49AF7B527A3F3F8C698D85299FCF0377A5A4909D967FA27A5A3CA661747997539AA7EE5929D1FD3B2D3BB67A5A2CD3FAE3C1C0D6E7BA29027DBE12A275395AC5D3EBB5FE70F08DF86161A3A7F7E420BD624536FFD152F6C0B5DFEF3444574A2C13CB6A9D16A4B19F016C3000FAE4F66AC8B8A9BBA750392FCE4BCEC36F737146BAFF9754FE9402EDFCEA65233CE7813B0FD2C52B23B0B686D63B2348E7A1724CE9FD9556ED14AA47A4E73BBB723F4ACBF314EBA205373D6E41BA3DF3F49137BD2982749AF6E9146EAF8AD6EE08D26BBCCFC2D44FA6E51F4BF36F896EDCD5F35A83F88555255AD9EF5B635AA17450BBFFE5E94185F2BBE276FE5E0BA5A7DAE6359586A4C0FED38D9DDE5383F4FA5AA1B54E0BD2D8CF00361800B65795005A280F4BA514ADC2D1321D41BAA50B75F1FE183CACB1A9F4CB3CC4364DF9D7FC3CE042E985F89BC2F3A8144E0BE971FB47892EE09520DDD24A5C3A272FE9B9F39277A52E8F8EC7B584D8F251794B750AD3718E75B48847308FB09BCA451D05E9FC5CEA1458E39CEE08FDEBFABFD6D5B53B44804EAF33F7FF9EBBF8F5F8E1A02A6497E33936767A4F0DD21BD20ABDAED669815890C67E06B0C100E853DBAB8EBA76A7E03B2E6FA51E33E563D5CBAED9225DBAAF25FCE601F8A94A90CECF192E946E8811B1F3E59A8A835A072BBBAB324A761EDA0BA59B238CB704F4624384FABC05BBA97C720AD7DF89C0FC7FC1B8FCED08AB95CB6FB504FED2F7373548E7F30BA5DFB7FDA0D034F9DDE9F56ECBDF7B73F180CAED8D9DDE5383F4A686E84A11880569EC67001B0C803EB5BD8A4B4F5507E9149E3F938FC8DD5C9A13C13606116B59EE96D7E581390FBFC50B22205705ECDF47908EA01CE722E7CB34958F8D16E4D656EFE3E3F25631AF12A6E31CE538B738CEA78E20DDD2ADBBF4482C1B97DE8A01CDF2E76B79BD99D5A362E7C1BCA5BBF665C79D7FF5EBD7FA9F9A4B27A5A07D6667FF73B48EA7C79FBEC663E2FDC5EBA4C01FA3866FEAF49E18A415411AFB19C00603C0F66A434374F3D48FA610FD7004CBD6707B710AB7D7B4B42297778A51ADE3DAD2F9BCD1E53DA2AB773E9A7673796084D5D6C7FC29CEA91E76FEE49DF381BF0AA5E2BA4A74056F7DDCB5D1FA9CB77EA7501B81B4322FBDA7232308B74EFFD5D09F5DF7860E0371BBD1B25BC3F8ED71E9ADF6D7B5DE10D152DE15D305694590DEC2DBAEB8DC5DEB6088382E066C3000DB2BAA65D9F65682202D48F75EADA796FC795DA5F28355BA3DB8B1B9F8DD28AD83225ED476BF506CF0EDB69F016C3000DB2B10A405E95EEFC4736FDCB5A1B9744FF48EE9A8C4BC5826968DC108A3874C0C86D8D05C3E242F85D2A3E9FE89ED47E5B79FB19F016C3000DB2B10A405E9DE1BA4E39AEE31227F8CFEBF46C9AF5F7F532C930F10985FBBBDF4449A363B6EB7963995DB3128A16FB8FD0C608301D85E81202D48F789207DDAB8F23BE21AF46B96296FAF04E958B661F4D40FA6FBBFC9073BAC2A3148624F1AF0CF7E06B0C100B0BD42905604E9CD0ED2A78FBCE94D71C9BD8642F9AA96926EC71500AA837473F1DFEA0BC5BBE37AF4D525062A8C79BEDDF633800D06607B0582B420DD6782F4A0C2A437A7003DAD323DAE1B5F99571DA4E39AED31A27F75C947EA17A4ED67001B0CC0F60A046941BAEF05E9D282FFEBB25D5AD03E48C7A8DD0DCDE59A18A53B1FC1BB506A1ADC34F57D29441F50DF5C3EDCB7DB7E06B0C1006CAF409016A4FB4C908EDB7957EEAA1297BF8BAEDCF932638B9F4ACBDD38A850DC2B5AA5E3DAF2F54DE5F3EAC74EF9524353714C9A775FFD98299FF10DB79F016C3000DB2B10A405E95E6DD8F99377AEEED25D1197B34AE5C108D211A81B0BE52F36164AFB8F1851DE294DBFB6BE50BA350278FC1DD2543A7048A1F4F186B153F6F10DB79F016C3000DB2B10A40569B09F016C30006CAF10A415411AFB19C00603C0F60A415AD902417AC488113BA8B5D8CF00361880ED95ED155BA65E9553A911A47B47905EB060C19EB367CF7EF0EEBBEF5EF9C31FFEF0C73535353BA9E5D8CF00361880ED157471BD6A2DEB0CD48274F70ED25996ED3873E6CCD12B56AC5895B54ACBBD7CF9E597CF3DFAE8A3F755D3B19F016C3000DB2BE8FA20BDCE402D4877DF20FDE4934FEEBF70E1C267B24ECC9A35EBA59123475E595B5BBBB31A8FFD0C608301D85E41D707E90E03B520DDFD8274F2A6C71E7BEC9A55AB5665EBB33A498F59D6D8D8F81DB51EFB19C00603B0BD822D13A4D708D48274F72AB7DE7A6BB674E9D2E5D9465AB264C94BE3C78FBFABB6B6764FB51FFB19C00603107814650B96AD15A41F7EF8E135EEDF71C71DD98A152BD65AEEC9279FDCA2EF63E1C2857958ED6CFEA2458BB2871E7A28BF3D6BD6ACECB9E79ECB962F5F9EFDE52F7FC9962D5BB645DFDBBC79F3B251A346658B172FDED81C9D3F261EAB4E2B9D157B5B409006804DFF8166AB77EDBEFAEAABB357BDEA556D01F6C61B6F8C7D7476DD75D7ADB1DC030F3C906DBFFDF6F9FC0B2EB820FBD4A73EB54619397264BEDCC48913B3C18307B795E38F3F3EFBD0873EB45679FCF1C7F350FC939FFCA4AD1C74D041D90E3BEC909D7DF6D96B4C7FF4D147F3E7BEF4D24BB3B7BDED6DF9ED9D77DE39BBFCF2CBB3B973E7E6EF77FAF4E95B7C5DC5FF76ECB1C75E5F2A9516AD5EBD7AD50664E857E6CF9F7FD931C71CF340FA5C2769910640900680AE0BD2DB64B0B1050B16E4A1F87DEF7B5F1E86E3F6673EF399ECDDEF7E777E3BE657961D346850F6E94F7F3ABF7DFBEDB76763C68CC9CB11471C9107D95FFCE217F9BC5FFFFAD7D9DE7BEF9DEDB4D34ED961871D967DF9CB5FCEBEF0852FE4A17A975D76C9E7C7F2D10A7EE59557E6CB7DF5AB5FEDB4C4B293264DCA83F7E9A79F9E3F47B158DC2641BA32D8585D5DDD61C3870F5FB8AEC1C656AD5A754F0C36963ED739B1BC5A0F80200D005D13A4B7E9E5AF227C4608DD6BAFBDB20F7EF0836D25827575388D2ED4BBEEBA6BF6BBDFFD2EFBEC673F9B5D76D965F9F43BEFBC33DB6DB7DDB24F7EF2936B7405BFF8E28BB337BDE94DF9EDEF7CE73BD91E7BEC913FEED5AF7E75F6F5AF7FBD2D4847ABF7873FFCE1BCCB78946815DFAEB535BC32EDE31FFF7876F3CD3767A3478FCE5EF39AD7E4ADE21FF8C007F2207DD14517E5CBC463468C1891EDB3CF3ED9FDF7DFBF5546ED8ED1B8070C1870DE8409139E7BE595575EACCAD0CFA7F576619A37277DB6E71AB51B00411A00BA663FB8CE00BDB583F4534F3DB5C6F4B85F1DA4BFFBDDEFE6F73FF1894FE40136CEA13EE18413F2601BA176C71D77CC860D1B96FDED6F7FCBE6CC99937DFFFBDFCF5EFFFAD767A552293BF2C823B3CF7DEE73595D5D5D1EAE23F0568274A5BB76DCEFACFCFCE73F6F7B5FEDBB76C7FCCF7FFEF3F9DF37BCE10DF97B9A3973E656BB8E74E8D7AFDFDEF5F5F5339205CF3EFBEC8D43860C29A5CFF6BE98AEA603204803C056B6B582F489279E989D76DA696D25026975908EF79102623E2DCE858EAEDBD1CAFCDBDFFE369F3F61C2843C3847E83DEFBCF3D608C2871F7E78DEAA1CE73FBFEE75AFCB4E39E594B58274B46ADF75D75D7917EE98175DBEE37EB494B70FD26F7EF39BF373952348C7B9D437DD7453FE9868B5DE9AD791AE565353B3535D5DDDE9E9F86651FC8DFB6A2F00823400F4C220FDD8638F65DFF8C637DA4A9C037DE08107B6DDAF6EDDEDDFBF7FDEFA1CE74E373535E561BBBEBEBEAD1C7AE8A16DDDBBABBB7647B08E30BDDF7EFB65AF7DED6BF3DB51E2DCE68D69918EF3A12390C7B4030E38609B9E23DD99112346ECA0D602204803402F0ED23178D755575D9507DB72B99CB7F656060D8BAEDA471D75547EFB97BFFC655BB0FDC8473E928D1D3B36FBDAD7BE969F1B1DE72CC7ED6F7DEB5B6B9C231D2DD47FFAD39FB24B2EB9243BEBACB3B2430E39247BE31BDF98DF8EF2C8238FB405E938FFFAB6DB6ECBDF4BBC46B470C7FDEA16E93FFEF18FD917BFF8C5ECAD6F7D6BA7A376BFF0C20BDB34480380200D00BD3848476B7384E0EBAFBF3EFFFB873FFC21EF76BDFFFEFB67175E78617E3B46D48EC1BC66CC98914F8BD1BA23D856AEE5FC9BDFFC260FC7D5CF1BDDB22BE72DBFE52D6FC94E3DF5D43C0047008FC1C6E2769438CF7A73CF916E1FA46394F0EAE505690004690010A4BBACC48060BBEFBE7BDE1DBB325858BCDE0D37DC908FDCDDD8D898BDE31DEFC807078B6B4D47C08E6B3CC728DBD1921DD7778E01C4221C57AEF71CE7298F1F3F3EEFF61DE73BCF9B372F6FE18E12ADDB9516EF2853A64CC9DF478CD41DAF15ADC971BDE808C5311A78DC8FE7AC2C1797E23AF3CC33F3201DF3E33DC7E067071F7C70FE9868258FD1C6A3DBB9200D80200D0082F41619682CCE778EDBFDFAF5CB5BA5B76B6D058EB01A236EDF7BEFBD79A08D56DE934E3A29EF6E1DCBD7D6D6E6E753B72F7139AAEAD7F8CB5FFE9277CFEEA8C479D5EDDFD3AC59B3F2D7BFE79E7BD69A57E95EFECD6F7E330FF6EF7AD7BBF2C01ED7948E4B6BC5BC77BEF39D6DADE582340082340008D25BB42C5FBE3C7BF1C517F3B2B55EB37D89CB674597EF65CB96AD352F02FDFCF9F3F3DBD5D7ACAE94A54B9776385D900640900600415AD94645900640900600415A11A40110A40140905604690004690010A415411A0041DA5A0000415A900600411A000469411A0004690010A415411A00411A00046945900640900600415A11A40110A40140905604690004696B01000469411A0004690010A405690010A40140905604690004690010A415411A00411A00046945900640900600415A11A40110A4AD050010A405690010A401409016A40140900600415A11A40110A40140905604690004690010A415411A00411A0004694590064090B61600409016A40140900600415A900600411A000469459006409006806EAE582CAE5EBE7CB910DB0D4AFA1CE6A520BD42AD04409006806E6CDAB469F3162E5C28C87683F2D4534F5D9682F41D6A25008234007463A552E9E01B6EB861E9FCF9F317F7E496E979F3E6F5E496E8F9B366CD9A9042F4EC540E522B0110A401A09B8BF0162DA1A9AC8C73747B5AB9F5D65BB351A3466513274ECC7AE2FB6F5DEF7708D10008D200C0169765D91B972E5DBA7CF1E2C5D9C08103AFB3460040900600D6E1B1C71EBB266B552A9516D5D5D51D66AD0080200D0074E0C9279FDC7FD5AA55951C9DAD5EBD7AD5F0E1C317D6D6D6EE6CED0080200D005449B979C7850B173E93B513D3060C18709E3504008234005065E6CC99A3B34E4C9830E1B97EFDFAED6D2D0180200D0024F3E7CFDF63C58A15AB3A0BD2AFBCF2CA8B83070F9E515353B393B50500823400F479B367CF7E305B8F1933662CA8ABAB3BDDDA0200411A00FAB4DADADA1DEFBEFBEE95EB0BD2CF3EFBEC8DE95860512C6FAD0180200D007DDAF0E1C3FF6BE5CA952FAF23473FDFD8D858D2220D0082340090C4B9CF975F7EF9DCCE52F4F4E9D32F4CC701F739471A00046900A0D5D1471FBDEFAC59B35E6A1FA257AD5A75CF800103E618B51B000469E8F36AAFB862C7534795DFBADE05B36CFB4185496FAEDC3D695CF98DD61EF44E23478EBC7275523D60774C4BC700E75A3B002048439FD7784EF11F1A0AE5ABE2764353E9AC8642E98FD5A5B1A9FCD57C5E73B9A6B1A9F4BBCAE3EA0BC5BB1BC64ED967D8F993771E31A2AC9B27F422B5B5B53B4F9E3C79592545CF9F3FFFB2B4FF9F13D3AD1D0010A4A14F3B6D5CF91DF5CDA5AF343497A60E6E2A7F2405E762DC1F52287DBC524E3CF7C65D5B8274E9C214A60F89DB439A4A0736148A33D3F27F4A65599AB79FB509BD4B7D7DFD914B962C7969F1E2C5D931C71CF3405D5DDD61D60A0008D2E040B9503A32955B53185E5CDF5C9ED858284D195228EFDD30BABC479453C716DF13CB4537EE149CEFAF1F5BFE5A7D53695C5AFE917C99B153F689F06D4D42EF347EFCF8BB468D1A95A57DFF246B03000469A05575D7EE08D229305FD9D2FA9C4AA1B4289FDE5CAE4F81FBE16885AE2F14FF234D7FBEBEB9744D04F008D2A9CCB526A1F7A9ADADDD33F6FBF1D7DA0000411A689577E96E2E3D9E9F0F9D827404EBCABC380FBA256C5FBB5BBA7D4A9AFFD3B89F96BD33FFDB5C9A5A7D1FB0DF0700EC50A1574B41787843A17C4B74EF8EEEDB2D2DD2A55FA5BF4D51D2ED05B1DCA04271AFB4CCFCC642F1BF1B9B4B8D69FA7DD18A9DFECE6EFD3BCBDA04FB7D00C00E15FA843546ED8E6EDACDE59AFA31A5F74719DC34F57D317D705371DF86A6F2C9F563A67C2C2E81D5BE05FA94E6A97BA6E53F676D82FD3E0060870ABD5E7DD3E477579F23DD58287E76C8B8A9BB574AC3E8F22E8DE3CAEF4D01FB47F9C0644DC531D1E53BBA7B579E2385EC33D2BCC1D626D8EF030076A8D0AB0D294CFD6443A1746F84E496409C5F47FA7FAB4B7DA17C7C4373F18014B60744A86E5DEE7B69DEED956EE1E9F68493C74E798B350AF6FB00801D2A00D8EF030076A80080FD3E00D8A10200F6FB0060870A00D8EF03801D2A0060BF0F0076A80080FD3E0060870A00F6FB00801D2A0060BF0F005B7587AA288AA2284ADF298E7E0000000000000000000000000000000000000000000000000000000000000000000080DCFF0797CC739D73D6B32D0000000049454E44AE426082, 1);
INSERT INTO `ACT_GE_BYTEARRAY` VALUES ('fa9b683d-1c51-11ec-94ee-5ef70686b817', 1, 'flowTranslate.bpmn', 'fa9b683c-1c51-11ec-94ee-5ef70686b817', 0x3C3F786D6C2076657273696F6E3D22312E302220656E636F64696E673D225554462D38223F3E0A3C646566696E6974696F6E7320786D6C6E733D22687474703A2F2F7777772E6F6D672E6F72672F737065632F42504D4E2F32303130303532342F4D4F44454C2220786D6C6E733A7873693D22687474703A2F2F7777772E77332E6F72672F323030312F584D4C536368656D612D696E7374616E63652220786D6C6E733A7873643D22687474703A2F2F7777772E77332E6F72672F323030312F584D4C536368656D612220786D6C6E733A666C6F7761626C653D22687474703A2F2F666C6F7761626C652E6F72672F62706D6E2220786D6C6E733A62706D6E64693D22687474703A2F2F7777772E6F6D672E6F72672F737065632F42504D4E2F32303130303532342F44492220786D6C6E733A6F6D6764633D22687474703A2F2F7777772E6F6D672E6F72672F737065632F44442F32303130303532342F44432220786D6C6E733A6F6D6764693D22687474703A2F2F7777772E6F6D672E6F72672F737065632F44442F32303130303532342F44492220786D6C6E733A62706D6E323D22687474703A2F2F7777772E6F6D672E6F72672F737065632F42504D4E2F32303130303532342F4D4F44454C2220786D6C6E733A64633D22687474703A2F2F7777772E6F6D672E6F72672F737065632F44442F32303130303532342F44432220786D6C6E733A64693D22687474703A2F2F7777772E6F6D672E6F72672F737065632F44442F32303130303532342F44492220747970654C616E67756167653D22687474703A2F2F7777772E77332E6F72672F323030312F584D4C536368656D61222065787072657373696F6E4C616E67756167653D22687474703A2F2F7777772E77332E6F72672F313939392F585061746822207461726765744E616D6573706163653D22687474703A2F2F666C6F7761626C652E6F72672F62706D6E222069643D226469616772616D5F666C6F775472616E736C61746522207873693A736368656D614C6F636174696F6E3D22687474703A2F2F7777772E6F6D672E6F72672F737065632F42504D4E2F32303130303532342F4D4F44454C2042504D4E32302E787364223E0A20203C70726F636573732069643D22666C6F775472616E736C61746522206E616D653D22E8BDACE58A9EE6B581E7A88B2220697345786563757461626C653D2274727565223E0A202020203C657874656E73696F6E456C656D656E74733E0A2020202020203C666C6F7761626C653A657865637574696F6E4C697374656E6572206576656E743D22656E642220636C6173733D22636F6D2E666C6F772E64656D6F2E636F6D6D6F6E2E666C6F772E6C697374656E65722E557064617465466C6F775374617475734C697374656E6572223E3C2F666C6F7761626C653A657865637574696F6E4C697374656E65723E0A202020203C2F657874656E73696F6E456C656D656E74733E0A202020203C73746172744576656E742069643D224576656E745F316F756B386B6A223E3C2F73746172744576656E743E0A202020203C757365725461736B2069643D2241637469766974795F303870396B6E6722206E616D653D22E5BD95E585A52220666C6F7761626C653A61737369676E65653D22247B7374617274557365724E616D657D2220666C6F7761626C653A666F726D4B65793D227B2671756F743B666F726D49642671756F743B3A2671756F743B313434303934353431313335343236373634382671756F743B2C2671756F743B726561644F6E6C792671756F743B3A66616C73652C2671756F743B67726F7570547970652671756F743B3A2671756F743B444550542671756F743B7D223E0A2020202020203C657874656E73696F6E456C656D656E74733E0A20202020202020203C666C6F7761626C653A6F7065726174696F6E4C6973743E0A202020202020202020203C666C6F7761626C653A666F726D4F7065726174696F6E2069643D223136333233383938333631303822206C6162656C3D22E68F90E4BAA42220747970653D226167726565222073686F774F726465723D2230223E3C2F666C6F7761626C653A666F726D4F7065726174696F6E3E0A20202020202020203C2F666C6F7761626C653A6F7065726174696F6E4C6973743E0A20202020202020203C666C6F7761626C653A7661726961626C654C6973743E3C2F666C6F7761626C653A7661726961626C654C6973743E0A2020202020203C2F657874656E73696F6E456C656D656E74733E0A202020203C2F757365725461736B3E0A202020203C73657175656E6365466C6F772069643D22466C6F775F30386C67766F302220736F757263655265663D224576656E745F316F756B386B6A22207461726765745265663D2241637469766974795F303870396B6E67223E3C2F73657175656E6365466C6F773E0A202020203C757365725461736B2069643D2241637469766974795F31326F6C72303122206E616D653D22E8BDACE58A9E2220666C6F7761626C653A63616E64696461746555736572733D22247B7374617274557365724E616D657D2C61646D696E2220666C6F7761626C653A666F726D4B65793D227B2671756F743B666F726D49642671756F743B3A2671756F743B313434303934353431313335343236373634382671756F743B2C2671756F743B726561644F6E6C792671756F743B3A747275652C2671756F743B67726F7570547970652671756F743B3A2671756F743B444550542671756F743B7D223E0A2020202020203C657874656E73696F6E456C656D656E74733E0A20202020202020203C666C6F7761626C653A6F7065726174696F6E4C6973743E0A202020202020202020203C666C6F7761626C653A666F726D4F7065726174696F6E2069643D223136333233383938343835353422206C6162656C3D22E5908CE6848F2220747970653D226167726565222073686F774F726465723D2230223E3C2F666C6F7761626C653A666F726D4F7065726174696F6E3E0A202020202020202020203C666C6F7761626C653A666F726D4F7065726174696F6E2069643D223136333233383938353339353922206C6162656C3D22E8BDACE58A9E2220747970653D227472616E73666572222073686F774F726465723D2231223E3C2F666C6F7761626C653A666F726D4F7065726174696F6E3E0A20202020202020203C2F666C6F7761626C653A6F7065726174696F6E4C6973743E0A20202020202020203C666C6F7761626C653A7661726961626C654C6973743E3C2F666C6F7761626C653A7661726961626C654C6973743E0A2020202020203C2F657874656E73696F6E456C656D656E74733E0A202020203C2F757365725461736B3E0A202020203C73657175656E6365466C6F772069643D22466C6F775F306E343566356A2220736F757263655265663D2241637469766974795F303870396B6E6722207461726765745265663D2241637469766974795F31326F6C723031223E3C2F73657175656E6365466C6F773E0A202020203C656E644576656E742069643D224576656E745F306C7A786E7738223E3C2F656E644576656E743E0A202020203C73657175656E6365466C6F772069643D22466C6F775F317338693965722220736F757263655265663D2241637469766974795F31326F6C72303122207461726765745265663D224576656E745F306C7A786E7738223E3C2F73657175656E6365466C6F773E0A20203C2F70726F636573733E0A20203C62706D6E64693A42504D4E4469616772616D2069643D2242504D4E4469616772616D5F666C6F775472616E736C617465223E0A202020203C62706D6E64693A42504D4E506C616E652062706D6E456C656D656E743D22666C6F775472616E736C617465222069643D2242504D4E506C616E655F666C6F775472616E736C617465223E0A2020202020203C62706D6E64693A42504D4E53686170652062706D6E456C656D656E743D224576656E745F316F756B386B6A222069643D2242504D4E53686170655F4576656E745F316F756B386B6A223E0A20202020202020203C6F6D6764633A426F756E6473206865696768743D2233362E30222077696474683D2233362E302220783D223133322E302220793D223331322E30223E3C2F6F6D6764633A426F756E64733E0A2020202020203C2F62706D6E64693A42504D4E53686170653E0A2020202020203C62706D6E64693A42504D4E53686170652062706D6E456C656D656E743D2241637469766974795F303870396B6E67222069643D2242504D4E53686170655F41637469766974795F303870396B6E67223E0A20202020202020203C6F6D6764633A426F756E6473206865696768743D2238302E30222077696474683D223130302E302220783D223232302E302220793D223239302E30223E3C2F6F6D6764633A426F756E64733E0A2020202020203C2F62706D6E64693A42504D4E53686170653E0A2020202020203C62706D6E64693A42504D4E53686170652062706D6E456C656D656E743D2241637469766974795F31326F6C723031222069643D2242504D4E53686170655F41637469766974795F31326F6C723031223E0A20202020202020203C6F6D6764633A426F756E6473206865696768743D2238302E30222077696474683D223130302E302220783D223338302E302220793D223239302E30223E3C2F6F6D6764633A426F756E64733E0A2020202020203C2F62706D6E64693A42504D4E53686170653E0A2020202020203C62706D6E64693A42504D4E53686170652062706D6E456C656D656E743D224576656E745F306C7A786E7738222069643D2242504D4E53686170655F4576656E745F306C7A786E7738223E0A20202020202020203C6F6D6764633A426F756E6473206865696768743D2233362E30222077696474683D2233362E302220783D223534322E302220793D223331322E30223E3C2F6F6D6764633A426F756E64733E0A2020202020203C2F62706D6E64693A42504D4E53686170653E0A2020202020203C62706D6E64693A42504D4E456467652062706D6E456C656D656E743D22466C6F775F30386C67766F30222069643D2242504D4E456467655F466C6F775F30386C67766F30223E0A20202020202020203C6F6D6764693A776179706F696E7420783D223136382E302220793D223333302E30223E3C2F6F6D6764693A776179706F696E743E0A20202020202020203C6F6D6764693A776179706F696E7420783D223232302E302220793D223333302E30223E3C2F6F6D6764693A776179706F696E743E0A2020202020203C2F62706D6E64693A42504D4E456467653E0A2020202020203C62706D6E64693A42504D4E456467652062706D6E456C656D656E743D22466C6F775F306E343566356A222069643D2242504D4E456467655F466C6F775F306E343566356A223E0A20202020202020203C6F6D6764693A776179706F696E7420783D223332302E302220793D223333302E30223E3C2F6F6D6764693A776179706F696E743E0A20202020202020203C6F6D6764693A776179706F696E7420783D223338302E302220793D223333302E30223E3C2F6F6D6764693A776179706F696E743E0A2020202020203C2F62706D6E64693A42504D4E456467653E0A2020202020203C62706D6E64693A42504D4E456467652062706D6E456C656D656E743D22466C6F775F31733869396572222069643D2242504D4E456467655F466C6F775F31733869396572223E0A20202020202020203C6F6D6764693A776179706F696E7420783D223438302E302220793D223333302E30223E3C2F6F6D6764693A776179706F696E743E0A20202020202020203C6F6D6764693A776179706F696E7420783D223534322E302220793D223333302E30223E3C2F6F6D6764693A776179706F696E743E0A2020202020203C2F62706D6E64693A42504D4E456467653E0A202020203C2F62706D6E64693A42504D4E506C616E653E0A20203C2F62706D6E64693A42504D4E4469616772616D3E0A3C2F646566696E6974696F6E733E, 0);
INSERT INTO `ACT_GE_BYTEARRAY` VALUES ('faa3f3be-1c51-11ec-94ee-5ef70686b817', 1, 'flowTranslate.flowTranslate.png', 'fa9b683c-1c51-11ec-94ee-5ef70686b817', 0x89504E470D0A1A0A0000000D494844520000024C0000017C08060000003DF6E4F3000012C84944415478DAEDDD796C55E5BA07E0A3C6391ABC0E51E3108FC744FF306AD43847FFF0E8F51AD118A002054B0A020E512243EE85EB05D43844A3880A18F530087A1D1A531447385CA2321A064183CA3C540A5806A52047D65DEF4A4B36A528A5B4DD6D9F277953BB67775FF6EF5BDF5AEBDB7FF90B0000000000000000000000000000000000000000000000000000000000000000000000000000000000000000000000000000000000000000000000000000000000000000000000000000000000000000000000000000000000000000000000000000000000000000000000000000000000000000000000000000000000000000000000000000000000000000000000000000000000000000000000000000000000000000000000000000000000000000000000000000000000000000000000000000000000000000000000000000000000000000000000000000000000000000000000000000000000000000000000000000000000000000000000000000000000000000000000000000000000000000000000000000000000000000000000000000000000000000000000000000000000000000000000000000000000000000000000000000000000000000000000000000000000000000000000000000000000000000000000000000000000000000000000000000000000000000000000000000000000000000000000000000000000000000000000000000000000000000000000000000000000000000000000000000000000000000000000000000000000000000000000000000000000000000000000000000000000000000000000000000000000000000000000000000000000000000000000000000000000000000000000000000000000000000000000000000000000000000000000000000000000000000000000000000000000000000000000000000000000000000000000000000000000000000000000000000000000000000000000000000000000000000000000000000000000000000000000000000000000000000000000000000000000000000000000000000000000000000000000000040BD254972C4D2A54BDF9E3E7DFA6F93274F4E3EFBEC33D5C895BEEFBBA64D9BB676CA9429B7EB3FFDA0FF00F2501A56EFA41F96C9BA75EB92CACACA64C78E1DAA912BDEF778FFA74E9DBA390DB05BF59FD27F007926B6ECE3C35270347D9595956D48036B96FE53FA0F20CFC46E105BF6F9B3A59F06D676FDA7F41F409E8963188445FE54FC3DF49FD27F00CD34B07ED954962C9DFD8F64D1E743B38AFF8ECB848CC0D27FFA0F4060A5B5B5624DB2F093FF4EE67FD86F8F8ACBE23A4123B0F49FFE0368F581B56A51E95E61555DAB174D1434024BFFE93F0081F5DD3F9FDA6760C575824660E93FFD07D0EA036BE16783F71958719DA01158FA4FFF01082C8125B0F49FFE033060FAE30FD1382B695F8115D7091A81A5FFF41F40AB0FAC1FBE7C719F8115D7091A81A5FFF41F40AB0FAC8D6B16240B3FFD9FBD7787A497C575824660E93FFD07D0EA032B6AD99CB17B05565C26640496FED37F00022B6AFBF6E487AF46ECBD3B24BD2CAE1334024BFFE93F80561D58B192F2F75F0EDFE73124719DD5960596FED37F00AD33B0D22DF7B21FA624DF7CFC5FFB0CABEA8ADBC46D6DED0B2CFDA7FF005A4D60FDD956BDAD7D81A5FFF41F40AB1F30EDCF56FD1F6DED0B1E81A5FFF41F408B0FAC030DABEA123C024BFFE93F80161F584A60E93FFDC7BE151515B5B9EBAEBBDA151414BC90FE9C9CD6B2B4B6A59554FD8CDF27575DDF2E6EEF5D23EF6CDEBCF9DF4A4B4B87BEF8E28BF3870C19B261C0800195BD7BF7DE158DDCAB57AF9D7DFBF6DD3270E0C09543870E9DD8AF5FBF7F4FEF72880193A01058FA4F1930FD998E1D3BFE3DCD9292B476540D8EF6B7E2F625717FEF224D6EE6CC99BD9E7FFEF9353D7BF64CD24152F2CE3BEF245F7FFD75B264C99264E3C68D49889FF17B5C1ED7F7EFDF7F577171F18E74E0F449A74E9DFE6AC0A40496FED37FD43250BA2A1DF0CCA8E320695F35231ECFBB4AA35BB060C17FBCFCF2CB6BEFB9E79EE4BDF7DE4BD6AF5F9FD445DC3EEE970E9C7EEBD3A7CFDB69239F24B094C0D27FFA8FA2A2A2A30A0A0A5E4A0739BB6A0E7C1E7AE8A164FCF8F17FB8611ED7C7ED6A1934ED8AC78DC7F72ED3E0D2BE3C6CD2A449A531501A33664CB275EBD6A43EE2FEF13869036F2B2C2CBC43602981A5FFF45FEB950E6ACE4C37A0E7E70E743A75EA948C1A352A59BD7A759DF2256E1FF78BFBD71838CD8BE7F16ED39083A536E3C68DFBFEBEFBEE4B962E5D9A1C4CF178E920ACB2B8B87888C052024BFFE9BF56B90BEEFCB4D6E40E6E9E7AEAA964D5AA55F5CA97B87F3C4E8D41D3AA783EEF3A0D32587AE185172A060D1A94545454240D211E77C08001DBBA76ED3A56602981A5FFF45FAB9B595A933BAB545A5A7A5033261EAFC66CD32A334D1CF4DD70E3C68DFB21064BF18FBB21C5E3F7EDDB7753E7CE9D070A2C25B0F49FFE6BF9E298A2DCDD70DDBA754BE6CE9DDB2019138F1B8F9FBB7BCE314D1C3471CCD2FDF7DFDF60334BB5CD3475EFDE7D4BDAC86D05961258FA4FFFB56C550778EF9E596AA8C152EEA02977A6299E5FD2536F6963DD1A07781FEC6396F6E798A6C2C2C28AF6EDDB9F2CB094C0D27FFAAF65AA5A3AE0F7EAC1CBC489131B2563E2797266997EB7E400F5164B07C4596C4D61C488116BD3461E26B094C0D27FFAAF65CA5D67290ECC6E4C350E049F21F13960B12865CC2E6DD9B2A549064CF1BC5DBA74D9DC1217B71458024BFFA9D63E60EAD0A1C38DB9BBE2EA7B36DC819C3D97BB6B2E5E8FE4E780C40ADE25252549531A3B76EC92B49147092C25B0F49FFE6B71B34B25D58395582FA929C4F3E6CC3295487EEA6CCB962D27F6EAD52B292F2F6FD20153FAFCFF4AB700D60D1E3CF85081A50496FED37F2D43FAB97E42EE77C335F6EC52EE2C53EE77CFC5EB3202A04E3EF8E08321F1DD70F9A07BF7EECBD346BEBA996C31FD33AD1B0496C0D27FAAB50E98F6A70FD3EBDBE57EDD4953AAF1352AED8C00A893E1C3877F135F949B0F468E1C19CBD83FD94C3E28AAFFD1FDE10786C01258FA4FB5E001D39FF6617AF9F0EADBBDF1C61B4D9A31F1FC39AF79B81100753264C8900DF12586F960DAB4690B0A0A0A4A9BD907C51F7E60082C81A5FF542B1830EDB30F3B76EC38A5FAFA3973E63469C6C4F357BF96785D4600D449FFFEFD2B1B7BEDA57D59BC7871EC929BDD4C3F286AFDC01058024BFFA9563460DAAB0FD39F2BAB2F6FEAAC89E7CF798D2B8D00A8935EBD7AEDFAF9E79FF362C0B471E3C6AD6913AF69E61F147B7C60082C81A5FF542B1C30E5F6E1AFD5BF3775D6C4F3E7CC306D3102A04EBA74E992ECDCB9332F064CE9EBD8B21FFF009B55B5D4C08AB5B3366FDEDCEC5E774BEBAFE6DE7F9B366D4A56AF5EBDC7655BB76E4D7EFCF1C7A4B2B2B2D6FB6CDBB62D59B46851F2CB2FBFE8BF66564D9D35F1FC39AFE75F4600D449CF9E3D77E6CB0CD3FAF5EB7F6C01334CCD6E9748ECD7FFDBDFFE566BBDF4D24BB5DEE7FAEBAF4F6EBAE9A666175A76C9E5574D98302169D3A64DB27DFBF6DD977DFCF1C7C921871C92CD06D4769F182CA5FF6BD94F334CF9DF87319363868916E1E1871FDE922FC7307DFBEDB7739AF1314CCDF6A0DB74A09A9D3D327AF4E83DEAF4D34F4F1E7FFCF15AEFF3D5575F25C71C734CD2AF5F3F81A5FF0EA8EEBDF7DEE4C4134F4C8E38E288E4DC73CF8DD5FE93F3CE3B2F39E59453B201535C16356EDCB8ECF6F139F5CD37DF24A5A5A5D980E9C30F3FCC7E8F8A3576F45F7EF6A163986831060D1AB42A5FCE92FBFCF3CF2737C3B3E45AC469DDE79F7F7E1642356B5F03A6A8679F7D3639F6D863F7DAA522B0F4DFFEFE2D8E3FFEF8E4CE3BEF4C9E7EFAE964D2A449C96BAFBD965C74D145C975D75D97FD7754BA2195DDFEEAABAFAEB547A362F15DFD979F7DE82C395A8CC183074FCC9775981E7BECB19266B40E538B583870C58A1549FCFD6346E9F5D75FDFA34E3BEDB4A473E7CED9F5CB972FDFEBBE77DC71471656B1189C0193FEAB6BC52C65CC24B56DDB3669D7AE5DF2D1471F25175C704172F4D14727279C7042F6DF51BD7BF7CE6E3F7FFEFC64E5CA95596F46DFC56C4159595936B8BAFBEEBB9365CB96E9BF3CEC43EB30D1620C1830E0E6FEFDFBEFCA8763BE3B75EAB4A0B9ACF4BDBFF27DC0142175CE39E724679C7146F63376C345189D75D659D9EF471E7964F673E2C4897BDCEFBBEFBE4B0E3DF4D06CCB3E6E1307E91A30E9BFBAD4D0A143B3DDBA31BB19FDD6A3478F24FD2CCAFA2FBE5D7EE4C89159458FC6ED2FBFFCF2ACDF1E79E491E4E4934FDEFD38D5334F1182FA2F2F075579B3D2F7830F3EB8CB4ADFD46786E9D0EEDDBBEF68EAEF925BBD7AF597690397F92EB9C6AF279E7822B9E4924BB22DF6D8EA8FF089DD6CB13576F8E187EF0EACDC8AE0BAF2CA2BB3FFBEF4D24BB399280326FD57979A316346045872E1851766C72E3DF7DC73C933CF3C931C76D861B1BB6477C5CC52D5DF2DDB6D77DB6DB765B34AD58F73F1C5176783A9E8D57C9F65F25D72BE4B8E66AE5FBF7E9F94949434E980E9D1471F9D9036F12881D5F815BB356EB8E1862C786217480453845804501CA754F3F6115A471D7554F2FEFBEFEF9EA58AD9A608400326FD57D75DC2B13B2E66990A0B0B93F1E3C72703070ECCEA965B6EC97A70E1C285D9CCD365975D969DA010B34B4F3EF9E4EEC788D9D161C38665B3A3F97E12426B1C3055CD3295540F56468D1AD5241913CF9B33602A91FC1CE816C05F8B8B8B7F8BB5759A424545C5ACB481CBE37508ACC6AF9F7EFA29E9DAB56B36508A908A9FB1051F67304580E59EF21D03EBD805174B0AE43EC68D37DE989C7AEAA9C9BC79F30496FEDBAFEAD6ADDBEE83B6A3D7E2F738E3EDDA6BAF4D468C18910D8CE260F0EAB597620634FD9CDA631770ACD914335271E6DC5B6FBD954C9F3E5DFFE5A10E1D3ADC583D58493FE71B7D96299EAF63C78EBB77C7C5EB91FC1CB03E7DFABC3D66CC98261930A5CFFDBF69130F13588D5F53A64CC98229D65C8AD7FAE9A79FEEDE2517BB4B62E6E88A2BAEC8D6BC79F3CD37B32DFE38483706D7359726B8E69A6B92934E3A2999356B96C0D27F7F5A0B162C4866CE9C991DB01DB34C71D9F7DF7F9FDC7CF3CD590F1E77DC71BBCF908BFE4A432EBBFC95575E497EFDF5D76CE62966A2E2C0F1DA4E4AD07F7937CB34A37AC012C7A835A678BE9CD9A519129F7A69DFBEFDC9454545DB1A7B9D8C3973E6C4AEB8F2787E81D5F815C7873CF0C003D98ACB113E1148B16BA37A5669F6ECD9C9EDB7DF9EEDB68B29ED385629B6F66B7BAC8A8A8A6CA629D6C71158FA6F7F2BCE82AB1E3055D7BBEFBE9B9C7DF6D9D95A4DF1FB175F7C919D39F7EAABAF66BFC72AF371365D0C969AD35A60AD79C0D4B163C7ABD2CFFADFAB072E7122496388E7C9192CFD1EAF43E2536F85858577F4ECD9B33282AF31949797FF5FDAC02BD26A2BB0F26301CBD825127F7FDFE5A5FF1A7397706D6B79C5203EB717376EDCB857BF6ED8B041FF35230505052FE5EE9A9B3B776E83664C3C7EEEAEB8787E49CF41535C5C3C64C08001DBE21F7743DABE7DFBB7E93F98D96933FFA7C052024BFFE9BF96AFA8A8E8A874E032AF7A0013C7AD35D4A0291E377DBEDF736697E6C5F34B790EAAAE5DBB8EEDDBB7EFA6869A692A2F2F9F1A83A5B4815F15584A60E93FFDD77AA49FFB67A6B52A77A6290EDA3F98E2F1726796AA9EEF4CE94E83E8DCB9F3C0E2E2E283FE3D7355C72CAD6CE9334B024B60E93F65C054BBF4F3FFFCDC4153F581E0F53D7B2EEE5FE300EF6CB014CFE75DA7A1B704DA161616568C1831626D9CBE5B1F9B366D9A5975365C794B3E664960092CFDA7F4DF7ECF34CDCB1DDCC46C539C5C12C7B4D571E1E3EC7E35669592AAC737B344A36D099C14A7FC77E9D265F3E8D1A397AC5FBF7E675DBEEE64CD9A355F0E19326442D54069583C9EC052024BFFE93FE298A2AA03C16B0E74B2AF518975E0E2CBE1972C59921DF41FE267FC1E97C7F535BEEEA4BA76C5E33A668926118B4AC64ADCE980A7BC478F1E2B468E1C3977DAB4690B162F5EBC72C3860DBFA47DBCB5BCBC7CE9A2458BE6A41F0A9FC517E9567D37DC4F71BF96B828A5C01258FA4FE9BF83B2617E55EE3A4DF5AC19960E205F1CD2A143876BD2867C221DC197A6CD392B675F74FC9C1597C7F571BBB87D6B7EB30496C0D27FCA8069BF074E7FAFFA1A951D751C24C5ED4BE2FEDE4510584A60E93FFDD72A141515B5490740EDD28DEF17D29F93D35A96D6B6AAC1D1B6AADF27575DDF2E6EEF5D0381A50496FED37F00024B092CFDA7FF000C980485C0D27FCA80094060092CFDA7F41F80C01258FA4FE93F008125B0F49FD27F00024B193029FD0720B094C0D27FFA0F40602981A5FFF41F80C052024BFFE93F00032625B0F49FFE034060092CFDA7F41F80C01258FA4FE93F008125B0F49FD27F00024B60E93FA5FF0004961258FA4FFF01082C25B0F49FFE036839264F9EBCABB2B25258E441A57F87B569606DD77F4AFF01E49969D3A6AD5DB76E9DC0C8835AB162C55B6960CDD27F4AFF01E4992953A6DC3E75EAD4CD6565651B6CE937D9967DD9F2E5CB27A461B532AD5BF59FD27F0079283E2463CB32AD1D710C836AF4DA51F5FEDFAAFFF483FE030000000000000000000000000000000000000000EAE5FF017CAAB3DCB95DE9AB0000000049454E44AE426082, 1);
COMMIT;

-- ----------------------------
-- Table structure for ACT_GE_PROPERTY
-- ----------------------------
DROP TABLE IF EXISTS `ACT_GE_PROPERTY`;
CREATE TABLE `ACT_GE_PROPERTY` (
  `NAME_` varchar(64) CHARACTER SET utf8 COLLATE utf8_bin NOT NULL,
  `VALUE_` varchar(300) CHARACTER SET utf8 COLLATE utf8_bin DEFAULT NULL,
  `REV_` int DEFAULT NULL,
  PRIMARY KEY (`NAME_`)
) ENGINE=InnoDB DEFAULT CHARSET=utf8mb3 COLLATE=utf8_bin;

-- ----------------------------
-- Records of ACT_GE_PROPERTY
-- ----------------------------
BEGIN;
INSERT INTO `ACT_GE_PROPERTY` VALUES ('batch.schema.version', '6.6.0.0', 1);
INSERT INTO `ACT_GE_PROPERTY` VALUES ('cfg.execution-related-entities-count', 'true', 1);
INSERT INTO `ACT_GE_PROPERTY` VALUES ('cfg.task-related-entities-count', 'true', 1);
INSERT INTO `ACT_GE_PROPERTY` VALUES ('common.schema.version', '6.6.0.0', 1);
INSERT INTO `ACT_GE_PROPERTY` VALUES ('entitylink.schema.version', '6.6.0.0', 1);
INSERT INTO `ACT_GE_PROPERTY` VALUES ('eventsubscription.schema.version', '6.6.0.0', 1);
INSERT INTO `ACT_GE_PROPERTY` VALUES ('identitylink.schema.version', '6.6.0.0', 1);
INSERT INTO `ACT_GE_PROPERTY` VALUES ('job.schema.version', '6.6.0.0', 1);
INSERT INTO `ACT_GE_PROPERTY` VALUES ('next.dbid', '1', 1);
INSERT INTO `ACT_GE_PROPERTY` VALUES ('schema.history', 'create(6.6.0.0)', 1);
INSERT INTO `ACT_GE_PROPERTY` VALUES ('schema.version', '6.6.0.0', 1);
INSERT INTO `ACT_GE_PROPERTY` VALUES ('task.schema.version', '6.6.0.0', 1);
INSERT INTO `ACT_GE_PROPERTY` VALUES ('variable.schema.version', '6.6.0.0', 1);
COMMIT;

-- ----------------------------
-- Table structure for ACT_HI_ACTINST
-- ----------------------------
DROP TABLE IF EXISTS `ACT_HI_ACTINST`;
CREATE TABLE `ACT_HI_ACTINST` (
  `ID_` varchar(64) CHARACTER SET utf8 COLLATE utf8_bin NOT NULL,
  `REV_` int DEFAULT '1',
  `PROC_DEF_ID_` varchar(64) CHARACTER SET utf8 COLLATE utf8_bin NOT NULL,
  `PROC_INST_ID_` varchar(64) CHARACTER SET utf8 COLLATE utf8_bin NOT NULL,
  `EXECUTION_ID_` varchar(64) CHARACTER SET utf8 COLLATE utf8_bin NOT NULL,
  `ACT_ID_` varchar(255) CHARACTER SET utf8 COLLATE utf8_bin NOT NULL,
  `TASK_ID_` varchar(64) CHARACTER SET utf8 COLLATE utf8_bin DEFAULT NULL,
  `CALL_PROC_INST_ID_` varchar(64) CHARACTER SET utf8 COLLATE utf8_bin DEFAULT NULL,
  `ACT_NAME_` varchar(255) CHARACTER SET utf8 COLLATE utf8_bin DEFAULT NULL,
  `ACT_TYPE_` varchar(255) CHARACTER SET utf8 COLLATE utf8_bin NOT NULL,
  `ASSIGNEE_` varchar(255) CHARACTER SET utf8 COLLATE utf8_bin DEFAULT NULL,
  `START_TIME_` datetime(3) NOT NULL,
  `END_TIME_` datetime(3) DEFAULT NULL,
  `TRANSACTION_ORDER_` int DEFAULT NULL,
  `DURATION_` bigint DEFAULT NULL,
  `DELETE_REASON_` varchar(4000) CHARACTER SET utf8 COLLATE utf8_bin DEFAULT NULL,
  `TENANT_ID_` varchar(255) CHARACTER SET utf8 COLLATE utf8_bin DEFAULT '',
  PRIMARY KEY (`ID_`),
  KEY `ACT_IDX_HI_ACT_INST_START` (`START_TIME_`),
  KEY `ACT_IDX_HI_ACT_INST_END` (`END_TIME_`),
  KEY `ACT_IDX_HI_ACT_INST_PROCINST` (`PROC_INST_ID_`,`ACT_ID_`),
  KEY `ACT_IDX_HI_ACT_INST_EXEC` (`EXECUTION_ID_`,`ACT_ID_`)
) ENGINE=InnoDB DEFAULT CHARSET=utf8mb3 COLLATE=utf8_bin;

-- ----------------------------
-- Records of ACT_HI_ACTINST
-- ----------------------------
BEGIN;
INSERT INTO `ACT_HI_ACTINST` VALUES ('0259372e-5e3d-11ec-8bee-f20bcee4e113', 1, 'flowConSign:2:a9103b25-5e3a-11ec-8bee-f20bcee4e113', '02591019-5e3d-11ec-8bee-f20bcee4e113', '0259372d-5e3d-11ec-8bee-f20bcee4e113', 'Event_0wpkj6e', NULL, NULL, NULL, 'startEvent', NULL, '2021-12-16 14:54:26.706', '2021-12-16 14:54:26.706', 1, 0, NULL, '');
INSERT INTO `ACT_HI_ACTINST` VALUES ('0259372f-5e3d-11ec-8bee-f20bcee4e113', 1, 'flowConSign:2:a9103b25-5e3a-11ec-8bee-f20bcee4e113', '02591019-5e3d-11ec-8bee-f20bcee4e113', '0259372d-5e3d-11ec-8bee-f20bcee4e113', 'Flow_111kyps', NULL, NULL, NULL, 'sequenceFlow', NULL, '2021-12-16 14:54:26.706', '2021-12-16 14:54:26.706', 2, 0, NULL, '');
INSERT INTO `ACT_HI_ACTINST` VALUES ('02593730-5e3d-11ec-8bee-f20bcee4e113', 2, 'flowConSign:2:a9103b25-5e3a-11ec-8bee-f20bcee4e113', '02591019-5e3d-11ec-8bee-f20bcee4e113', '0259372d-5e3d-11ec-8bee-f20bcee4e113', 'Activity_1xk7j4n', '02593731-5e3d-11ec-8bee-f20bcee4e113', NULL, '', 'userTask', 'userD', '2021-12-16 14:54:26.706', '2021-12-16 14:54:26.729', 3, 23, NULL, '');
INSERT INTO `ACT_HI_ACTINST` VALUES ('025cb9ae-5e3d-11ec-8bee-f20bcee4e113', 1, 'flowConSign:2:a9103b25-5e3a-11ec-8bee-f20bcee4e113', '02591019-5e3d-11ec-8bee-f20bcee4e113', '0259372d-5e3d-11ec-8bee-f20bcee4e113', 'Flow_0ct2yid', NULL, NULL, NULL, 'sequenceFlow', NULL, '2021-12-16 14:54:26.729', '2021-12-16 14:54:26.729', 1, 0, NULL, '');
INSERT INTO `ACT_HI_ACTINST` VALUES ('025d07d8-5e3d-11ec-8bee-f20bcee4e113', 2, 'flowConSign:2:a9103b25-5e3a-11ec-8bee-f20bcee4e113', '02591019-5e3d-11ec-8bee-f20bcee4e113', '025d07d3-5e3d-11ec-8bee-f20bcee4e113', 'Activity_006g6qo', '025d07d9-5e3d-11ec-8bee-f20bcee4e113', NULL, '', 'userTask', 'userA', '2021-12-16 14:54:26.731', '2021-12-16 14:54:48.026', 2, 21295, NULL, '');
INSERT INTO `ACT_HI_ACTINST` VALUES ('025d07dd-5e3d-11ec-8bee-f20bcee4e113', 2, 'flowConSign:2:a9103b25-5e3a-11ec-8bee-f20bcee4e113', '02591019-5e3d-11ec-8bee-f20bcee4e113', '025d07d4-5e3d-11ec-8bee-f20bcee4e113', 'Activity_006g6qo', '025d07de-5e3d-11ec-8bee-f20bcee4e113', NULL, '', 'userTask', 'userB', '2021-12-16 14:54:26.731', '2021-12-16 14:55:29.249', 3, 62518, NULL, '');
INSERT INTO `ACT_HI_ACTINST` VALUES ('150b9686-1cd7-11ec-acd8-3ae4f1d3c3af', 1, 'flowLeave:1:1bc2a35b-1c4e-11ec-94ee-5ef70686b817', 'e7ac71d9-1cd6-11ec-acd8-3ae4f1d3c3af', 'e7ad5c3e-1cd6-11ec-acd8-3ae4f1d3c3af', 'Flow_0so810a', NULL, NULL, '', 'sequenceFlow', NULL, '2021-09-24 09:31:03.827', '2021-09-24 09:31:03.827', 1, 0, NULL, '');
INSERT INTO `ACT_HI_ACTINST` VALUES ('150b9687-1cd7-11ec-acd8-3ae4f1d3c3af', 1, 'flowLeave:1:1bc2a35b-1c4e-11ec-94ee-5ef70686b817', 'e7ac71d9-1cd6-11ec-acd8-3ae4f1d3c3af', 'e7ad5c3e-1cd6-11ec-acd8-3ae4f1d3c3af', 'Event_04byxr7', NULL, NULL, NULL, 'endEvent', NULL, '2021-09-24 09:31:03.827', '2021-09-24 09:31:03.829', 2, 2, NULL, '');
INSERT INTO `ACT_HI_ACTINST` VALUES ('17547fdf-1cd8-11ec-acd8-3ae4f1d3c3af', 1, 'flowContract:2:9edd1d08-1cd7-11ec-acd8-3ae4f1d3c3af', '17547fd9-1cd8-11ec-acd8-3ae4f1d3c3af', '17547fde-1cd8-11ec-acd8-3ae4f1d3c3af', 'Event_1psmisd', NULL, NULL, NULL, 'startEvent', NULL, '2021-09-24 09:38:17.157', '2021-09-24 09:38:17.157', 1, 0, NULL, '');
INSERT INTO `ACT_HI_ACTINST` VALUES ('17547fe0-1cd8-11ec-acd8-3ae4f1d3c3af', 1, 'flowContract:2:9edd1d08-1cd7-11ec-acd8-3ae4f1d3c3af', '17547fd9-1cd8-11ec-acd8-3ae4f1d3c3af', '17547fde-1cd8-11ec-acd8-3ae4f1d3c3af', 'Flow_00cexea', NULL, NULL, NULL, 'sequenceFlow', NULL, '2021-09-24 09:38:17.157', '2021-09-24 09:38:17.157', 2, 0, NULL, '');
INSERT INTO `ACT_HI_ACTINST` VALUES ('17547fe1-1cd8-11ec-acd8-3ae4f1d3c3af', 2, 'flowContract:2:9edd1d08-1cd7-11ec-acd8-3ae4f1d3c3af', '17547fd9-1cd8-11ec-acd8-3ae4f1d3c3af', '17547fde-1cd8-11ec-acd8-3ae4f1d3c3af', 'Activity_0nyla1r', '1754a6f2-1cd8-11ec-acd8-3ae4f1d3c3af', NULL, '', 'userTask', 'userD', '2021-09-24 09:38:17.157', '2021-09-24 09:38:17.178', 3, 21, NULL, '');
INSERT INTO `ACT_HI_ACTINST` VALUES ('1757db47-1cd8-11ec-acd8-3ae4f1d3c3af', 1, 'flowContract:2:9edd1d08-1cd7-11ec-acd8-3ae4f1d3c3af', '17547fd9-1cd8-11ec-acd8-3ae4f1d3c3af', '17547fde-1cd8-11ec-acd8-3ae4f1d3c3af', 'Flow_04kcajc', NULL, NULL, NULL, 'sequenceFlow', NULL, '2021-09-24 09:38:17.179', '2021-09-24 09:38:17.179', 1, 0, NULL, '');
INSERT INTO `ACT_HI_ACTINST` VALUES ('1757db48-1cd8-11ec-acd8-3ae4f1d3c3af', 3, 'flowContract:2:9edd1d08-1cd7-11ec-acd8-3ae4f1d3c3af', '17547fd9-1cd8-11ec-acd8-3ae4f1d3c3af', '17547fde-1cd8-11ec-acd8-3ae4f1d3c3af', 'Activity_1ucrh52', '1757db49-1cd8-11ec-acd8-3ae4f1d3c3af', NULL, '', 'userTask', 'leaderTJ', '2021-09-24 09:38:17.179', '2021-09-24 09:38:34.591', 2, 17412, NULL, '');
INSERT INTO `ACT_HI_ACTINST` VALUES ('1b22e386-5e3d-11ec-8bee-f20bcee4e113', 2, 'flowConSign:2:a9103b25-5e3a-11ec-8bee-f20bcee4e113', '02591019-5e3d-11ec-8bee-f20bcee4e113', '1b226e52-5e3d-11ec-8bee-f20bcee4e113', 'Activity_006g6qo', '1b22e387-5e3d-11ec-8bee-f20bcee4e113', NULL, '', 'userTask', 'userD', '2021-12-16 14:55:08.293', '2021-12-16 14:55:41.665', 1, 33372, NULL, '');
INSERT INTO `ACT_HI_ACTINST` VALUES ('1b41a38a-1cd9-11ec-acd8-3ae4f1d3c3af', 1, 'flowContract:3:d28aadd0-1cd8-11ec-acd8-3ae4f1d3c3af', '1b41a384-1cd9-11ec-acd8-3ae4f1d3c3af', '1b41a389-1cd9-11ec-acd8-3ae4f1d3c3af', 'Event_1psmisd', NULL, NULL, NULL, 'startEvent', NULL, '2021-09-24 09:45:33.241', '2021-09-24 09:45:33.241', 1, 0, NULL, '');
INSERT INTO `ACT_HI_ACTINST` VALUES ('1b41a38b-1cd9-11ec-acd8-3ae4f1d3c3af', 1, 'flowContract:3:d28aadd0-1cd8-11ec-acd8-3ae4f1d3c3af', '1b41a384-1cd9-11ec-acd8-3ae4f1d3c3af', '1b41a389-1cd9-11ec-acd8-3ae4f1d3c3af', 'Flow_00cexea', NULL, NULL, NULL, 'sequenceFlow', NULL, '2021-09-24 09:45:33.241', '2021-09-24 09:45:33.241', 2, 0, NULL, '');
INSERT INTO `ACT_HI_ACTINST` VALUES ('1b41a38c-1cd9-11ec-acd8-3ae4f1d3c3af', 2, 'flowContract:3:d28aadd0-1cd8-11ec-acd8-3ae4f1d3c3af', '1b41a384-1cd9-11ec-acd8-3ae4f1d3c3af', '1b41a389-1cd9-11ec-acd8-3ae4f1d3c3af', 'Activity_0nyla1r', '1b41a38d-1cd9-11ec-acd8-3ae4f1d3c3af', NULL, '', 'userTask', 'userD', '2021-09-24 09:45:33.241', '2021-09-24 09:45:33.259', 3, 18, NULL, '');
INSERT INTO `ACT_HI_ACTINST` VALUES ('1b4488c2-1cd9-11ec-acd8-3ae4f1d3c3af', 1, 'flowContract:3:d28aadd0-1cd8-11ec-acd8-3ae4f1d3c3af', '1b41a384-1cd9-11ec-acd8-3ae4f1d3c3af', '1b41a389-1cd9-11ec-acd8-3ae4f1d3c3af', 'Flow_04kcajc', NULL, NULL, NULL, 'sequenceFlow', NULL, '2021-09-24 09:45:33.260', '2021-09-24 09:45:33.260', 1, 0, NULL, '');
INSERT INTO `ACT_HI_ACTINST` VALUES ('1b4488c3-1cd9-11ec-acd8-3ae4f1d3c3af', 3, 'flowContract:3:d28aadd0-1cd8-11ec-acd8-3ae4f1d3c3af', '1b41a384-1cd9-11ec-acd8-3ae4f1d3c3af', '1b41a389-1cd9-11ec-acd8-3ae4f1d3c3af', 'Activity_1ucrh52', '1b4488c4-1cd9-11ec-acd8-3ae4f1d3c3af', NULL, '', 'userTask', 'leaderTJ', '2021-09-24 09:45:33.260', '2021-09-24 09:45:53.142', 2, 19882, NULL, '');
INSERT INTO `ACT_HI_ACTINST` VALUES ('21b8de9e-1cd8-11ec-acd8-3ae4f1d3c3af', 1, 'flowContract:2:9edd1d08-1cd7-11ec-acd8-3ae4f1d3c3af', '17547fd9-1cd8-11ec-acd8-3ae4f1d3c3af', '17547fde-1cd8-11ec-acd8-3ae4f1d3c3af', 'Flow_026fvnq', NULL, NULL, NULL, 'sequenceFlow', NULL, '2021-09-24 09:38:34.592', '2021-09-24 09:38:34.592', 1, 0, NULL, '');
INSERT INTO `ACT_HI_ACTINST` VALUES ('21b905af-1cd8-11ec-acd8-3ae4f1d3c3af', 1, 'flowContract:2:9edd1d08-1cd7-11ec-acd8-3ae4f1d3c3af', '17547fd9-1cd8-11ec-acd8-3ae4f1d3c3af', '17547fde-1cd8-11ec-acd8-3ae4f1d3c3af', 'Gateway_09cdxtf', NULL, NULL, NULL, 'parallelGateway', NULL, '2021-09-24 09:38:34.593', '2021-09-24 09:38:34.593', 2, 0, NULL, '');
INSERT INTO `ACT_HI_ACTINST` VALUES ('21b92cc1-1cd8-11ec-acd8-3ae4f1d3c3af', 1, 'flowContract:2:9edd1d08-1cd7-11ec-acd8-3ae4f1d3c3af', '17547fd9-1cd8-11ec-acd8-3ae4f1d3c3af', '17547fde-1cd8-11ec-acd8-3ae4f1d3c3af', 'Flow_0zz0u9g', NULL, NULL, NULL, 'sequenceFlow', NULL, '2021-09-24 09:38:34.594', '2021-09-24 09:38:34.594', 3, 0, NULL, '');
INSERT INTO `ACT_HI_ACTINST` VALUES ('21b92cc2-1cd8-11ec-acd8-3ae4f1d3c3af', 1, 'flowContract:2:9edd1d08-1cd7-11ec-acd8-3ae4f1d3c3af', '17547fd9-1cd8-11ec-acd8-3ae4f1d3c3af', '21b92cc0-1cd8-11ec-acd8-3ae4f1d3c3af', 'Flow_1yxqbe0', NULL, NULL, NULL, 'sequenceFlow', NULL, '2021-09-24 09:38:34.594', '2021-09-24 09:38:34.594', 4, 0, NULL, '');
INSERT INTO `ACT_HI_ACTINST` VALUES ('21b953d3-1cd8-11ec-acd8-3ae4f1d3c3af', 3, 'flowContract:2:9edd1d08-1cd7-11ec-acd8-3ae4f1d3c3af', '17547fd9-1cd8-11ec-acd8-3ae4f1d3c3af', '17547fde-1cd8-11ec-acd8-3ae4f1d3c3af', 'Activity_138m4nn', '21b953d4-1cd8-11ec-acd8-3ae4f1d3c3af', NULL, '', 'userTask', 'admin', '2021-09-24 09:38:34.595', '2021-09-24 09:38:58.969', 5, 24374, NULL, '');
INSERT INTO `ACT_HI_ACTINST` VALUES ('21b97ae7-1cd8-11ec-acd8-3ae4f1d3c3af', 2, 'flowContract:2:9edd1d08-1cd7-11ec-acd8-3ae4f1d3c3af', '17547fd9-1cd8-11ec-acd8-3ae4f1d3c3af', '21b92cc0-1cd8-11ec-acd8-3ae4f1d3c3af', 'Activity_0tm3mph', '21b97ae8-1cd8-11ec-acd8-3ae4f1d3c3af', NULL, '', 'userTask', 'admin', '2021-09-24 09:38:34.596', '2021-09-24 09:38:51.865', 6, 17269, NULL, '');
INSERT INTO `ACT_HI_ACTINST` VALUES ('22f48359-1d0e-11ec-8336-3ae4f1d3c3af', 1, 'flowSubmit:2:1d2bc8f7-1c51-11ec-94ee-5ef70686b817', '22f398f3-1d0e-11ec-8336-3ae4f1d3c3af', '22f45c48-1d0e-11ec-8336-3ae4f1d3c3af', 'Event_17n2rw9', NULL, NULL, NULL, 'startEvent', NULL, '2021-09-24 16:05:09.484', '2021-09-24 16:05:09.489', 1, 5, NULL, '');
INSERT INTO `ACT_HI_ACTINST` VALUES ('22f5e2ea-1d0e-11ec-8336-3ae4f1d3c3af', 1, 'flowSubmit:2:1d2bc8f7-1c51-11ec-94ee-5ef70686b817', '22f398f3-1d0e-11ec-8336-3ae4f1d3c3af', '22f45c48-1d0e-11ec-8336-3ae4f1d3c3af', 'Flow_00ldvag', NULL, NULL, NULL, 'sequenceFlow', NULL, '2021-09-24 16:05:09.493', '2021-09-24 16:05:09.493', 2, 0, NULL, '');
INSERT INTO `ACT_HI_ACTINST` VALUES ('22f5e2eb-1d0e-11ec-8336-3ae4f1d3c3af', 2, 'flowSubmit:2:1d2bc8f7-1c51-11ec-94ee-5ef70686b817', '22f398f3-1d0e-11ec-8336-3ae4f1d3c3af', '22f45c48-1d0e-11ec-8336-3ae4f1d3c3af', 'Activity_03kjurt', '22f9b37c-1d0e-11ec-8336-3ae4f1d3c3af', NULL, '', 'userTask', 'userD', '2021-09-24 16:05:09.493', '2021-09-24 16:05:09.579', 3, 86, NULL, '');
INSERT INTO `ACT_HI_ACTINST` VALUES ('23030251-1d0e-11ec-8336-3ae4f1d3c3af', 1, 'flowSubmit:2:1d2bc8f7-1c51-11ec-94ee-5ef70686b817', '22f398f3-1d0e-11ec-8336-3ae4f1d3c3af', '22f45c48-1d0e-11ec-8336-3ae4f1d3c3af', 'Flow_0x9dx2t', NULL, NULL, NULL, 'sequenceFlow', NULL, '2021-09-24 16:05:09.579', '2021-09-24 16:05:09.579', 1, 0, NULL, '');
INSERT INTO `ACT_HI_ACTINST` VALUES ('23032962-1d0e-11ec-8336-3ae4f1d3c3af', 3, 'flowSubmit:2:1d2bc8f7-1c51-11ec-94ee-5ef70686b817', '22f398f3-1d0e-11ec-8336-3ae4f1d3c3af', '22f45c48-1d0e-11ec-8336-3ae4f1d3c3af', 'Activity_0ywxfwu', '23032963-1d0e-11ec-8336-3ae4f1d3c3af', NULL, '', 'userTask', 'leaderTJ', '2021-09-24 16:05:09.580', '2021-09-24 16:50:20.667', 2, 2711087, NULL, '');
INSERT INTO `ACT_HI_ACTINST` VALUES ('271e4969-1cd9-11ec-acd8-3ae4f1d3c3af', 1, 'flowContract:3:d28aadd0-1cd8-11ec-acd8-3ae4f1d3c3af', '1b41a384-1cd9-11ec-acd8-3ae4f1d3c3af', '1b41a389-1cd9-11ec-acd8-3ae4f1d3c3af', 'Flow_026fvnq', NULL, NULL, NULL, 'sequenceFlow', NULL, '2021-09-24 09:45:53.142', '2021-09-24 09:45:53.142', 1, 0, NULL, '');
INSERT INTO `ACT_HI_ACTINST` VALUES ('271e707a-1cd9-11ec-acd8-3ae4f1d3c3af', 1, 'flowContract:3:d28aadd0-1cd8-11ec-acd8-3ae4f1d3c3af', '1b41a384-1cd9-11ec-acd8-3ae4f1d3c3af', '1b41a389-1cd9-11ec-acd8-3ae4f1d3c3af', 'Gateway_09cdxtf', NULL, NULL, NULL, 'parallelGateway', NULL, '2021-09-24 09:45:53.143', '2021-09-24 09:45:53.143', 2, 0, NULL, '');
INSERT INTO `ACT_HI_ACTINST` VALUES ('271e978c-1cd9-11ec-acd8-3ae4f1d3c3af', 1, 'flowContract:3:d28aadd0-1cd8-11ec-acd8-3ae4f1d3c3af', '1b41a384-1cd9-11ec-acd8-3ae4f1d3c3af', '1b41a389-1cd9-11ec-acd8-3ae4f1d3c3af', 'Flow_0zz0u9g', NULL, NULL, NULL, 'sequenceFlow', NULL, '2021-09-24 09:45:53.144', '2021-09-24 09:45:53.144', 3, 0, NULL, '');
INSERT INTO `ACT_HI_ACTINST` VALUES ('271e978d-1cd9-11ec-acd8-3ae4f1d3c3af', 1, 'flowContract:3:d28aadd0-1cd8-11ec-acd8-3ae4f1d3c3af', '1b41a384-1cd9-11ec-acd8-3ae4f1d3c3af', '271e978b-1cd9-11ec-acd8-3ae4f1d3c3af', 'Flow_1yxqbe0', NULL, NULL, NULL, 'sequenceFlow', NULL, '2021-09-24 09:45:53.144', '2021-09-24 09:45:53.144', 4, 0, NULL, '');
INSERT INTO `ACT_HI_ACTINST` VALUES ('271e978e-1cd9-11ec-acd8-3ae4f1d3c3af', 3, 'flowContract:3:d28aadd0-1cd8-11ec-acd8-3ae4f1d3c3af', '1b41a384-1cd9-11ec-acd8-3ae4f1d3c3af', '1b41a389-1cd9-11ec-acd8-3ae4f1d3c3af', 'Activity_138m4nn', '271e978f-1cd9-11ec-acd8-3ae4f1d3c3af', NULL, '', 'userTask', 'admin', '2021-09-24 09:45:53.144', '2021-09-24 09:46:12.596', 5, 19452, NULL, '');
INSERT INTO `ACT_HI_ACTINST` VALUES ('271ebea2-1cd9-11ec-acd8-3ae4f1d3c3af', 2, 'flowContract:3:d28aadd0-1cd8-11ec-acd8-3ae4f1d3c3af', '1b41a384-1cd9-11ec-acd8-3ae4f1d3c3af', '271e978b-1cd9-11ec-acd8-3ae4f1d3c3af', 'Activity_0tm3mph', '271ebea3-1cd9-11ec-acd8-3ae4f1d3c3af', NULL, '', 'userTask', 'admin', '2021-09-24 09:45:53.145', '2021-09-24 09:46:06.323', 6, 13178, NULL, '');
INSERT INTO `ACT_HI_ACTINST` VALUES ('2c04853b-1cd8-11ec-acd8-3ae4f1d3c3af', 1, 'flowContract:2:9edd1d08-1cd7-11ec-acd8-3ae4f1d3c3af', '17547fd9-1cd8-11ec-acd8-3ae4f1d3c3af', '21b92cc0-1cd8-11ec-acd8-3ae4f1d3c3af', 'Flow_1uvj3ds', NULL, NULL, NULL, 'sequenceFlow', NULL, '2021-09-24 09:38:51.865', '2021-09-24 09:38:51.865', 1, 0, NULL, '');
INSERT INTO `ACT_HI_ACTINST` VALUES ('2c04ac4c-1cd8-11ec-acd8-3ae4f1d3c3af', 1, 'flowContract:2:9edd1d08-1cd7-11ec-acd8-3ae4f1d3c3af', '17547fd9-1cd8-11ec-acd8-3ae4f1d3c3af', '21b92cc0-1cd8-11ec-acd8-3ae4f1d3c3af', 'Gateway_0oy6ofl', NULL, NULL, NULL, 'parallelGateway', NULL, '2021-09-24 09:38:51.866', '2021-09-24 09:38:51.866', 2, 0, NULL, '');
INSERT INTO `ACT_HI_ACTINST` VALUES ('2ef98c46-1cd9-11ec-acd8-3ae4f1d3c3af', 1, 'flowContract:3:d28aadd0-1cd8-11ec-acd8-3ae4f1d3c3af', '1b41a384-1cd9-11ec-acd8-3ae4f1d3c3af', '271e978b-1cd9-11ec-acd8-3ae4f1d3c3af', 'Flow_1uvj3ds', NULL, NULL, NULL, 'sequenceFlow', NULL, '2021-09-24 09:46:06.323', '2021-09-24 09:46:06.323', 1, 0, NULL, '');
INSERT INTO `ACT_HI_ACTINST` VALUES ('2ef9b357-1cd9-11ec-acd8-3ae4f1d3c3af', 1, 'flowContract:3:d28aadd0-1cd8-11ec-acd8-3ae4f1d3c3af', '1b41a384-1cd9-11ec-acd8-3ae4f1d3c3af', '271e978b-1cd9-11ec-acd8-3ae4f1d3c3af', 'Gateway_0oy6ofl', NULL, NULL, NULL, 'parallelGateway', NULL, '2021-09-24 09:46:06.324', '2021-09-24 09:46:06.324', 2, 0, NULL, '');
INSERT INTO `ACT_HI_ACTINST` VALUES ('2f0893ec-5e3d-11ec-8bee-f20bcee4e113', 1, 'flowConSign:2:a9103b25-5e3a-11ec-8bee-f20bcee4e113', '02591019-5e3d-11ec-8bee-f20bcee4e113', '2f0893eb-5e3d-11ec-8bee-f20bcee4e113', 'Flow_052kvzh', NULL, NULL, NULL, 'sequenceFlow', NULL, '2021-12-16 14:55:41.675', '2021-12-16 14:55:41.675', 1, 0, NULL, '');
INSERT INTO `ACT_HI_ACTINST` VALUES ('2f0893ed-5e3d-11ec-8bee-f20bcee4e113', 1, 'flowConSign:2:a9103b25-5e3a-11ec-8bee-f20bcee4e113', '02591019-5e3d-11ec-8bee-f20bcee4e113', '2f0893eb-5e3d-11ec-8bee-f20bcee4e113', 'Activity_0p7omdm', '2f0893ee-5e3d-11ec-8bee-f20bcee4e113', NULL, '', 'userTask', 'admin', '2021-12-16 14:55:41.675', NULL, 2, NULL, NULL, '');
INSERT INTO `ACT_HI_ACTINST` VALUES ('3040a850-1cd8-11ec-acd8-3ae4f1d3c3af', 1, 'flowContract:2:9edd1d08-1cd7-11ec-acd8-3ae4f1d3c3af', '17547fd9-1cd8-11ec-acd8-3ae4f1d3c3af', '17547fde-1cd8-11ec-acd8-3ae4f1d3c3af', 'Flow_124e8z3', NULL, NULL, NULL, 'sequenceFlow', NULL, '2021-09-24 09:38:58.970', '2021-09-24 09:38:58.970', 1, 0, NULL, '');
INSERT INTO `ACT_HI_ACTINST` VALUES ('3040a851-1cd8-11ec-acd8-3ae4f1d3c3af', 1, 'flowContract:2:9edd1d08-1cd7-11ec-acd8-3ae4f1d3c3af', '17547fd9-1cd8-11ec-acd8-3ae4f1d3c3af', '17547fde-1cd8-11ec-acd8-3ae4f1d3c3af', 'Gateway_0oy6ofl', NULL, NULL, NULL, 'parallelGateway', NULL, '2021-09-24 09:38:58.970', '2021-09-24 09:38:58.971', 2, 1, NULL, '');
INSERT INTO `ACT_HI_ACTINST` VALUES ('3040cf62-1cd8-11ec-acd8-3ae4f1d3c3af', 1, 'flowContract:2:9edd1d08-1cd7-11ec-acd8-3ae4f1d3c3af', '17547fd9-1cd8-11ec-acd8-3ae4f1d3c3af', '17547fde-1cd8-11ec-acd8-3ae4f1d3c3af', 'Flow_1kyhnlz', NULL, NULL, NULL, 'sequenceFlow', NULL, '2021-09-24 09:38:58.971', '2021-09-24 09:38:58.971', 3, 0, NULL, '');
INSERT INTO `ACT_HI_ACTINST` VALUES ('3040cf63-1cd8-11ec-acd8-3ae4f1d3c3af', 3, 'flowContract:2:9edd1d08-1cd7-11ec-acd8-3ae4f1d3c3af', '17547fd9-1cd8-11ec-acd8-3ae4f1d3c3af', '17547fde-1cd8-11ec-acd8-3ae4f1d3c3af', 'Activity_1yuuyie', '3040cf64-1cd8-11ec-acd8-3ae4f1d3c3af', NULL, '', 'userTask', 'leaderTJ', '2021-09-24 09:38:58.971', '2021-09-24 09:39:52.105', 4, 53134, NULL, '');
INSERT INTO `ACT_HI_ACTINST` VALUES ('32b6e26a-1cd9-11ec-acd8-3ae4f1d3c3af', 1, 'flowContract:3:d28aadd0-1cd8-11ec-acd8-3ae4f1d3c3af', '1b41a384-1cd9-11ec-acd8-3ae4f1d3c3af', '1b41a389-1cd9-11ec-acd8-3ae4f1d3c3af', 'Flow_124e8z3', NULL, NULL, NULL, 'sequenceFlow', NULL, '2021-09-24 09:46:12.597', '2021-09-24 09:46:12.597', 1, 0, NULL, '');
INSERT INTO `ACT_HI_ACTINST` VALUES ('32b6e26b-1cd9-11ec-acd8-3ae4f1d3c3af', 1, 'flowContract:3:d28aadd0-1cd8-11ec-acd8-3ae4f1d3c3af', '1b41a384-1cd9-11ec-acd8-3ae4f1d3c3af', '1b41a389-1cd9-11ec-acd8-3ae4f1d3c3af', 'Gateway_0oy6ofl', NULL, NULL, NULL, 'parallelGateway', NULL, '2021-09-24 09:46:12.597', '2021-09-24 09:46:12.598', 2, 1, NULL, '');
INSERT INTO `ACT_HI_ACTINST` VALUES ('32b7097c-1cd9-11ec-acd8-3ae4f1d3c3af', 1, 'flowContract:3:d28aadd0-1cd8-11ec-acd8-3ae4f1d3c3af', '1b41a384-1cd9-11ec-acd8-3ae4f1d3c3af', '1b41a389-1cd9-11ec-acd8-3ae4f1d3c3af', 'Flow_1kyhnlz', NULL, NULL, NULL, 'sequenceFlow', NULL, '2021-09-24 09:46:12.598', '2021-09-24 09:46:12.598', 3, 0, NULL, '');
INSERT INTO `ACT_HI_ACTINST` VALUES ('32b7097d-1cd9-11ec-acd8-3ae4f1d3c3af', 3, 'flowContract:3:d28aadd0-1cd8-11ec-acd8-3ae4f1d3c3af', '1b41a384-1cd9-11ec-acd8-3ae4f1d3c3af', '1b41a389-1cd9-11ec-acd8-3ae4f1d3c3af', 'Activity_1yuuyie', '32b7097e-1cd9-11ec-acd8-3ae4f1d3c3af', NULL, '', 'userTask', 'leaderTJ2', '2021-09-24 09:46:12.598', '2021-09-24 09:47:39.942', 4, 87344, NULL, '');
INSERT INTO `ACT_HI_ACTINST` VALUES ('420171fe-1cd7-11ec-acd8-3ae4f1d3c3af', 1, 'flowSubmit:2:1d2bc8f7-1c51-11ec-94ee-5ef70686b817', '420171f8-1cd7-11ec-acd8-3ae4f1d3c3af', '420171fd-1cd7-11ec-acd8-3ae4f1d3c3af', 'Event_17n2rw9', NULL, NULL, NULL, 'startEvent', NULL, '2021-09-24 09:32:19.258', '2021-09-24 09:32:19.258', 1, 0, NULL, '');
INSERT INTO `ACT_HI_ACTINST` VALUES ('420171ff-1cd7-11ec-acd8-3ae4f1d3c3af', 1, 'flowSubmit:2:1d2bc8f7-1c51-11ec-94ee-5ef70686b817', '420171f8-1cd7-11ec-acd8-3ae4f1d3c3af', '420171fd-1cd7-11ec-acd8-3ae4f1d3c3af', 'Flow_00ldvag', NULL, NULL, NULL, 'sequenceFlow', NULL, '2021-09-24 09:32:19.258', '2021-09-24 09:32:19.258', 2, 0, NULL, '');
INSERT INTO `ACT_HI_ACTINST` VALUES ('42017200-1cd7-11ec-acd8-3ae4f1d3c3af', 2, 'flowSubmit:2:1d2bc8f7-1c51-11ec-94ee-5ef70686b817', '420171f8-1cd7-11ec-acd8-3ae4f1d3c3af', '420171fd-1cd7-11ec-acd8-3ae4f1d3c3af', 'Activity_03kjurt', '42019911-1cd7-11ec-acd8-3ae4f1d3c3af', NULL, '', 'userTask', 'userD', '2021-09-24 09:32:19.258', '2021-09-24 09:32:19.282', 3, 24, NULL, '');
INSERT INTO `ACT_HI_ACTINST` VALUES ('42051b86-1cd7-11ec-acd8-3ae4f1d3c3af', 1, 'flowSubmit:2:1d2bc8f7-1c51-11ec-94ee-5ef70686b817', '420171f8-1cd7-11ec-acd8-3ae4f1d3c3af', '420171fd-1cd7-11ec-acd8-3ae4f1d3c3af', 'Flow_0x9dx2t', NULL, NULL, NULL, 'sequenceFlow', NULL, '2021-09-24 09:32:19.282', '2021-09-24 09:32:19.282', 1, 0, NULL, '');
INSERT INTO `ACT_HI_ACTINST` VALUES ('42051b87-1cd7-11ec-acd8-3ae4f1d3c3af', 3, 'flowSubmit:2:1d2bc8f7-1c51-11ec-94ee-5ef70686b817', '420171f8-1cd7-11ec-acd8-3ae4f1d3c3af', '420171fd-1cd7-11ec-acd8-3ae4f1d3c3af', 'Activity_0ywxfwu', '42054298-1cd7-11ec-acd8-3ae4f1d3c3af', NULL, '', 'userTask', 'leaderTJ', '2021-09-24 09:32:19.282', '2021-09-24 09:32:30.145', 2, 10863, NULL, '');
INSERT INTO `ACT_HI_ACTINST` VALUES ('487eab7e-1cd7-11ec-acd8-3ae4f1d3c3af', 1, 'flowSubmit:2:1d2bc8f7-1c51-11ec-94ee-5ef70686b817', '420171f8-1cd7-11ec-acd8-3ae4f1d3c3af', '420171fd-1cd7-11ec-acd8-3ae4f1d3c3af', 'Flow_18p3hqb', NULL, NULL, '', 'sequenceFlow', NULL, '2021-09-24 09:32:30.145', '2021-09-24 09:32:30.145', 1, 0, NULL, '');
INSERT INTO `ACT_HI_ACTINST` VALUES ('487ed28f-1cd7-11ec-acd8-3ae4f1d3c3af', 1, 'flowSubmit:2:1d2bc8f7-1c51-11ec-94ee-5ef70686b817', '420171f8-1cd7-11ec-acd8-3ae4f1d3c3af', '420171fd-1cd7-11ec-acd8-3ae4f1d3c3af', 'Gateway_179zgnp', NULL, NULL, NULL, 'exclusiveGateway', NULL, '2021-09-24 09:32:30.146', '2021-09-24 09:32:30.147', 2, 1, NULL, '');
INSERT INTO `ACT_HI_ACTINST` VALUES ('487ef9a0-1cd7-11ec-acd8-3ae4f1d3c3af', 1, 'flowSubmit:2:1d2bc8f7-1c51-11ec-94ee-5ef70686b817', '420171f8-1cd7-11ec-acd8-3ae4f1d3c3af', '420171fd-1cd7-11ec-acd8-3ae4f1d3c3af', 'Flow_058cmsb', NULL, NULL, '1000', 'sequenceFlow', NULL, '2021-09-24 09:32:30.147', '2021-09-24 09:32:30.147', 3, 0, NULL, '');
INSERT INTO `ACT_HI_ACTINST` VALUES ('487ef9a1-1cd7-11ec-acd8-3ae4f1d3c3af', 3, 'flowSubmit:2:1d2bc8f7-1c51-11ec-94ee-5ef70686b817', '420171f8-1cd7-11ec-acd8-3ae4f1d3c3af', '420171fd-1cd7-11ec-acd8-3ae4f1d3c3af', 'Activity_0qay48u', '487ef9a2-1cd7-11ec-acd8-3ae4f1d3c3af', NULL, '', 'userTask', 'leader', '2021-09-24 09:32:30.147', '2021-09-24 09:33:02.293', 4, 32146, NULL, '');
INSERT INTO `ACT_HI_ACTINST` VALUES ('4afeba20-5e38-11ec-9f5e-f20bcee4e113', 1, 'flowLeave:2:de31b55a-5e35-11ec-9f5e-f20bcee4e113', 'e13cdd0b-5e36-11ec-9f5e-f20bcee4e113', 'e13d7950-5e36-11ec-9f5e-f20bcee4e113', 'Flow_1hbob37', NULL, NULL, '', 'sequenceFlow', NULL, '2021-12-16 14:20:41.103', '2021-12-16 14:20:41.103', 1, 0, NULL, '');
INSERT INTO `ACT_HI_ACTINST` VALUES ('4afee131-5e38-11ec-9f5e-f20bcee4e113', 3, 'flowLeave:2:de31b55a-5e35-11ec-9f5e-f20bcee4e113', 'e13cdd0b-5e36-11ec-9f5e-f20bcee4e113', 'e13d7950-5e36-11ec-9f5e-f20bcee4e113', 'Activity_0olxatv', '4afee132-5e38-11ec-9f5e-f20bcee4e113', NULL, 'HR', 'userTask', 'leaderHR', '2021-12-16 14:20:41.104', '2021-12-16 14:39:22.573', 2, 1121469, NULL, '');
INSERT INTO `ACT_HI_ACTINST` VALUES ('4fec6a4a-1cd8-11ec-acd8-3ae4f1d3c3af', 1, 'flowContract:2:9edd1d08-1cd7-11ec-acd8-3ae4f1d3c3af', '17547fd9-1cd8-11ec-acd8-3ae4f1d3c3af', '17547fde-1cd8-11ec-acd8-3ae4f1d3c3af', 'Flow_0di6qa6', NULL, NULL, '', 'sequenceFlow', NULL, '2021-09-24 09:39:52.105', '2021-09-24 09:39:52.105', 1, 0, NULL, '');
INSERT INTO `ACT_HI_ACTINST` VALUES ('4fec915b-1cd8-11ec-acd8-3ae4f1d3c3af', 3, 'flowContract:2:9edd1d08-1cd7-11ec-acd8-3ae4f1d3c3af', '17547fd9-1cd8-11ec-acd8-3ae4f1d3c3af', '17547fde-1cd8-11ec-acd8-3ae4f1d3c3af', 'Activity_1eewt01', '4fec915c-1cd8-11ec-acd8-3ae4f1d3c3af', NULL, '', 'userTask', 'leaderLaw', '2021-09-24 09:39:52.106', '2021-09-24 09:40:52.217', 2, 60111, NULL, '');
INSERT INTO `ACT_HI_ACTINST` VALUES ('5ba837d8-1cd7-11ec-acd8-3ae4f1d3c3af', 1, 'flowSubmit:2:1d2bc8f7-1c51-11ec-94ee-5ef70686b817', '420171f8-1cd7-11ec-acd8-3ae4f1d3c3af', '420171fd-1cd7-11ec-acd8-3ae4f1d3c3af', 'Flow_0ycx8fb', NULL, NULL, '', 'sequenceFlow', NULL, '2021-09-24 09:33:02.294', '2021-09-24 09:33:02.294', 1, 0, NULL, '');
INSERT INTO `ACT_HI_ACTINST` VALUES ('5ba837d9-1cd7-11ec-acd8-3ae4f1d3c3af', 1, 'flowSubmit:2:1d2bc8f7-1c51-11ec-94ee-5ef70686b817', '420171f8-1cd7-11ec-acd8-3ae4f1d3c3af', '420171fd-1cd7-11ec-acd8-3ae4f1d3c3af', 'Event_0nvjxgh', NULL, NULL, NULL, 'endEvent', NULL, '2021-09-24 09:33:02.294', '2021-09-24 09:33:02.295', 2, 1, NULL, '');
INSERT INTO `ACT_HI_ACTINST` VALUES ('66c6d394-1cd9-11ec-acd8-3ae4f1d3c3af', 1, 'flowContract:3:d28aadd0-1cd8-11ec-acd8-3ae4f1d3c3af', '1b41a384-1cd9-11ec-acd8-3ae4f1d3c3af', '1b41a389-1cd9-11ec-acd8-3ae4f1d3c3af', 'Flow_0di6qa6', NULL, NULL, '', 'sequenceFlow', NULL, '2021-09-24 09:47:39.943', '2021-09-24 09:47:39.943', 1, 0, NULL, '');
INSERT INTO `ACT_HI_ACTINST` VALUES ('66c6d395-1cd9-11ec-acd8-3ae4f1d3c3af', 3, 'flowContract:3:d28aadd0-1cd8-11ec-acd8-3ae4f1d3c3af', '1b41a384-1cd9-11ec-acd8-3ae4f1d3c3af', '1b41a389-1cd9-11ec-acd8-3ae4f1d3c3af', 'Activity_1eewt01', '66c6d396-1cd9-11ec-acd8-3ae4f1d3c3af', NULL, '', 'userTask', 'leaderLaw', '2021-09-24 09:47:39.943', '2021-09-24 09:48:03.392', 2, 23449, NULL, '');
INSERT INTO `ACT_HI_ACTINST` VALUES ('6cadc9cd-5e3c-11ec-8bee-f20bcee4e113', 1, 'flowContract:5:4b726726-5e3c-11ec-8bee-f20bcee4e113', '6cada2b7-5e3c-11ec-8bee-f20bcee4e113', '6cadc9cc-5e3c-11ec-8bee-f20bcee4e113', 'Event_1psmisd', NULL, NULL, NULL, 'startEvent', NULL, '2021-12-16 14:50:15.602', '2021-12-16 14:50:15.602', 1, 0, NULL, '');
INSERT INTO `ACT_HI_ACTINST` VALUES ('6cadc9ce-5e3c-11ec-8bee-f20bcee4e113', 1, 'flowContract:5:4b726726-5e3c-11ec-8bee-f20bcee4e113', '6cada2b7-5e3c-11ec-8bee-f20bcee4e113', '6cadc9cc-5e3c-11ec-8bee-f20bcee4e113', 'Flow_00cexea', NULL, NULL, NULL, 'sequenceFlow', NULL, '2021-12-16 14:50:15.602', '2021-12-16 14:50:15.602', 2, 0, NULL, '');
INSERT INTO `ACT_HI_ACTINST` VALUES ('6cadc9cf-5e3c-11ec-8bee-f20bcee4e113', 2, 'flowContract:5:4b726726-5e3c-11ec-8bee-f20bcee4e113', '6cada2b7-5e3c-11ec-8bee-f20bcee4e113', '6cadc9cc-5e3c-11ec-8bee-f20bcee4e113', 'Activity_0nyla1r', '6cadc9d0-5e3c-11ec-8bee-f20bcee4e113', NULL, '', 'userTask', 'userD', '2021-12-16 14:50:15.602', '2021-12-16 14:50:15.623', 3, 21, NULL, '');
INSERT INTO `ACT_HI_ACTINST` VALUES ('6cb12535-5e3c-11ec-8bee-f20bcee4e113', 1, 'flowContract:5:4b726726-5e3c-11ec-8bee-f20bcee4e113', '6cada2b7-5e3c-11ec-8bee-f20bcee4e113', '6cadc9cc-5e3c-11ec-8bee-f20bcee4e113', 'Flow_04kcajc', NULL, NULL, NULL, 'sequenceFlow', NULL, '2021-12-16 14:50:15.624', '2021-12-16 14:50:15.624', 1, 0, NULL, '');
INSERT INTO `ACT_HI_ACTINST` VALUES ('6cb12536-5e3c-11ec-8bee-f20bcee4e113', 3, 'flowContract:5:4b726726-5e3c-11ec-8bee-f20bcee4e113', '6cada2b7-5e3c-11ec-8bee-f20bcee4e113', '6cadc9cc-5e3c-11ec-8bee-f20bcee4e113', 'Activity_1ucrh52', '6cb12537-5e3c-11ec-8bee-f20bcee4e113', NULL, '', 'userTask', 'leaderTJ', '2021-12-16 14:50:15.624', '2021-12-16 14:50:58.045', 2, 42421, NULL, '');
INSERT INTO `ACT_HI_ACTINST` VALUES ('7138d683-1d1d-11ec-8336-3ae4f1d3c3af', 1, 'flowSubmit:2:1d2bc8f7-1c51-11ec-94ee-5ef70686b817', '7138d67d-1d1d-11ec-8336-3ae4f1d3c3af', '7138d682-1d1d-11ec-8336-3ae4f1d3c3af', 'Event_17n2rw9', NULL, NULL, NULL, 'startEvent', NULL, '2021-09-24 17:54:43.245', '2021-09-24 17:54:43.246', 1, 1, NULL, '');
INSERT INTO `ACT_HI_ACTINST` VALUES ('7138fd94-1d1d-11ec-8336-3ae4f1d3c3af', 1, 'flowSubmit:2:1d2bc8f7-1c51-11ec-94ee-5ef70686b817', '7138d67d-1d1d-11ec-8336-3ae4f1d3c3af', '7138d682-1d1d-11ec-8336-3ae4f1d3c3af', 'Flow_00ldvag', NULL, NULL, NULL, 'sequenceFlow', NULL, '2021-09-24 17:54:43.246', '2021-09-24 17:54:43.246', 2, 0, NULL, '');
INSERT INTO `ACT_HI_ACTINST` VALUES ('7138fd95-1d1d-11ec-8336-3ae4f1d3c3af', 2, 'flowSubmit:2:1d2bc8f7-1c51-11ec-94ee-5ef70686b817', '7138d67d-1d1d-11ec-8336-3ae4f1d3c3af', '7138d682-1d1d-11ec-8336-3ae4f1d3c3af', 'Activity_03kjurt', '7138fd96-1d1d-11ec-8336-3ae4f1d3c3af', NULL, '', 'userTask', 'userD', '2021-09-24 17:54:43.246', '2021-09-24 17:54:43.277', 3, 31, NULL, '');
INSERT INTO `ACT_HI_ACTINST` VALUES ('713ddf9b-1d1d-11ec-8336-3ae4f1d3c3af', 1, 'flowSubmit:2:1d2bc8f7-1c51-11ec-94ee-5ef70686b817', '7138d67d-1d1d-11ec-8336-3ae4f1d3c3af', '7138d682-1d1d-11ec-8336-3ae4f1d3c3af', 'Flow_0x9dx2t', NULL, NULL, NULL, 'sequenceFlow', NULL, '2021-09-24 17:54:43.278', '2021-09-24 17:54:43.278', 1, 0, NULL, '');
INSERT INTO `ACT_HI_ACTINST` VALUES ('713ddf9c-1d1d-11ec-8336-3ae4f1d3c3af', 1, 'flowSubmit:2:1d2bc8f7-1c51-11ec-94ee-5ef70686b817', '7138d67d-1d1d-11ec-8336-3ae4f1d3c3af', '7138d682-1d1d-11ec-8336-3ae4f1d3c3af', 'Activity_0ywxfwu', '713e06ad-1d1d-11ec-8336-3ae4f1d3c3af', NULL, '', 'userTask', NULL, '2021-09-24 17:54:43.278', NULL, 2, NULL, NULL, '');
INSERT INTO `ACT_HI_ACTINST` VALUES ('719d8e5f-1cd7-11ec-acd8-3ae4f1d3c3af', 1, 'flowContract:1:1bbc0c53-1c51-11ec-94ee-5ef70686b817', '719d8e5a-1cd7-11ec-acd8-3ae4f1d3c3af', '719d8e5e-1cd7-11ec-acd8-3ae4f1d3c3af', 'Event_1psmisd', NULL, NULL, NULL, 'startEvent', NULL, '2021-09-24 09:33:39.134', '2021-09-24 09:33:39.134', 1, 0, NULL, '');
INSERT INTO `ACT_HI_ACTINST` VALUES ('719d8e60-1cd7-11ec-acd8-3ae4f1d3c3af', 1, 'flowContract:1:1bbc0c53-1c51-11ec-94ee-5ef70686b817', '719d8e5a-1cd7-11ec-acd8-3ae4f1d3c3af', '719d8e5e-1cd7-11ec-acd8-3ae4f1d3c3af', 'Flow_00cexea', NULL, NULL, NULL, 'sequenceFlow', NULL, '2021-09-24 09:33:39.134', '2021-09-24 09:33:39.134', 2, 0, NULL, '');
INSERT INTO `ACT_HI_ACTINST` VALUES ('719d8e61-1cd7-11ec-acd8-3ae4f1d3c3af', 2, 'flowContract:1:1bbc0c53-1c51-11ec-94ee-5ef70686b817', '719d8e5a-1cd7-11ec-acd8-3ae4f1d3c3af', '719d8e5e-1cd7-11ec-acd8-3ae4f1d3c3af', 'Activity_0nyla1r', '719d8e62-1cd7-11ec-acd8-3ae4f1d3c3af', NULL, '', 'userTask', NULL, '2021-09-24 09:33:39.134', '2021-09-24 09:34:08.588', 3, 29454, NULL, '');
INSERT INTO `ACT_HI_ACTINST` VALUES ('72f394e9-1d14-11ec-8336-3ae4f1d3c3af', 1, 'flowSubmit:2:1d2bc8f7-1c51-11ec-94ee-5ef70686b817', '22f398f3-1d0e-11ec-8336-3ae4f1d3c3af', '22f45c48-1d0e-11ec-8336-3ae4f1d3c3af', 'Flow_18p3hqb', NULL, NULL, '', 'sequenceFlow', NULL, '2021-09-24 16:50:20.676', '2021-09-24 16:50:20.676', 1, 0, NULL, '');
INSERT INTO `ACT_HI_ACTINST` VALUES ('72f3bbfa-1d14-11ec-8336-3ae4f1d3c3af', 1, 'flowSubmit:2:1d2bc8f7-1c51-11ec-94ee-5ef70686b817', '22f398f3-1d0e-11ec-8336-3ae4f1d3c3af', '22f45c48-1d0e-11ec-8336-3ae4f1d3c3af', 'Gateway_179zgnp', NULL, NULL, NULL, 'exclusiveGateway', NULL, '2021-09-24 16:50:20.677', '2021-09-24 16:50:20.678', 2, 1, NULL, '');
INSERT INTO `ACT_HI_ACTINST` VALUES ('72f3e30b-1d14-11ec-8336-3ae4f1d3c3af', 1, 'flowSubmit:2:1d2bc8f7-1c51-11ec-94ee-5ef70686b817', '22f398f3-1d0e-11ec-8336-3ae4f1d3c3af', '22f45c48-1d0e-11ec-8336-3ae4f1d3c3af', 'Flow_1qigakr', NULL, NULL, '1000', 'sequenceFlow', NULL, '2021-09-24 16:50:20.678', '2021-09-24 16:50:20.678', 3, 0, NULL, '');
INSERT INTO `ACT_HI_ACTINST` VALUES ('72f3e30c-1d14-11ec-8336-3ae4f1d3c3af', 1, 'flowSubmit:2:1d2bc8f7-1c51-11ec-94ee-5ef70686b817', '22f398f3-1d0e-11ec-8336-3ae4f1d3c3af', '22f45c48-1d0e-11ec-8336-3ae4f1d3c3af', 'Event_0nvjxgh', NULL, NULL, NULL, 'endEvent', NULL, '2021-09-24 16:50:20.678', '2021-09-24 16:50:20.679', 4, 1, NULL, '');
INSERT INTO `ACT_HI_ACTINST` VALUES ('73c0c759-1cd8-11ec-acd8-3ae4f1d3c3af', 1, 'flowContract:2:9edd1d08-1cd7-11ec-acd8-3ae4f1d3c3af', '17547fd9-1cd8-11ec-acd8-3ae4f1d3c3af', '17547fde-1cd8-11ec-acd8-3ae4f1d3c3af', 'Flow_0zmsn3x', NULL, NULL, NULL, 'sequenceFlow', NULL, '2021-09-24 09:40:52.217', '2021-09-24 09:40:52.217', 1, 0, NULL, '');
INSERT INTO `ACT_HI_ACTINST` VALUES ('73c163a5-1cd8-11ec-acd8-3ae4f1d3c3af', 2, 'flowContract:2:9edd1d08-1cd7-11ec-acd8-3ae4f1d3c3af', '17547fd9-1cd8-11ec-acd8-3ae4f1d3c3af', '73c1157e-1cd8-11ec-acd8-3ae4f1d3c3af', 'Activity_098ncvw', '73c163a6-1cd8-11ec-acd8-3ae4f1d3c3af', NULL, '', 'userTask', 'userB', '2021-09-24 09:40:52.221', '2021-09-24 09:41:55.361', 2, 63140, NULL, '');
INSERT INTO `ACT_HI_ACTINST` VALUES ('73c18aba-1cd8-11ec-acd8-3ae4f1d3c3af', 2, 'flowContract:2:9edd1d08-1cd7-11ec-acd8-3ae4f1d3c3af', '17547fd9-1cd8-11ec-acd8-3ae4f1d3c3af', '73c13c8f-1cd8-11ec-acd8-3ae4f1d3c3af', 'Activity_098ncvw', '73c18abb-1cd8-11ec-acd8-3ae4f1d3c3af', NULL, '', 'userTask', 'userC', '2021-09-24 09:40:52.222', '2021-09-24 09:42:14.512', 3, 82290, NULL, '');
INSERT INTO `ACT_HI_ACTINST` VALUES ('73c18abf-1cd8-11ec-acd8-3ae4f1d3c3af', 2, 'flowContract:2:9edd1d08-1cd7-11ec-acd8-3ae4f1d3c3af', '17547fd9-1cd8-11ec-acd8-3ae4f1d3c3af', '73c13c90-1cd8-11ec-acd8-3ae4f1d3c3af', 'Activity_098ncvw', '73c18ac0-1cd8-11ec-acd8-3ae4f1d3c3af', NULL, '', 'userTask', 'leaderLaw', '2021-09-24 09:40:52.222', '2021-09-24 09:41:36.323', 4, 44101, NULL, '');
INSERT INTO `ACT_HI_ACTINST` VALUES ('74c10343-1cd9-11ec-acd8-3ae4f1d3c3af', 1, 'flowContract:3:d28aadd0-1cd8-11ec-acd8-3ae4f1d3c3af', '1b41a384-1cd9-11ec-acd8-3ae4f1d3c3af', '1b41a389-1cd9-11ec-acd8-3ae4f1d3c3af', 'Flow_0zmsn3x', NULL, NULL, NULL, 'sequenceFlow', NULL, '2021-09-24 09:48:03.393', '2021-09-24 09:48:03.393', 1, 0, NULL, '');
INSERT INTO `ACT_HI_ACTINST` VALUES ('74c12a5d-1cd9-11ec-acd8-3ae4f1d3c3af', 2, 'flowContract:3:d28aadd0-1cd8-11ec-acd8-3ae4f1d3c3af', '1b41a384-1cd9-11ec-acd8-3ae4f1d3c3af', '74c10348-1cd9-11ec-acd8-3ae4f1d3c3af', 'Activity_098ncvw', '74c12a5e-1cd9-11ec-acd8-3ae4f1d3c3af', NULL, '', 'userTask', 'leaderLaw', '2021-09-24 09:48:03.394', '2021-09-24 09:48:12.066', 2, 8672, NULL, '');
INSERT INTO `ACT_HI_ACTINST` VALUES ('74c12a61-1cd9-11ec-acd8-3ae4f1d3c3af', 2, 'flowContract:3:d28aadd0-1cd8-11ec-acd8-3ae4f1d3c3af', '1b41a384-1cd9-11ec-acd8-3ae4f1d3c3af', '74c10349-1cd9-11ec-acd8-3ae4f1d3c3af', 'Activity_098ncvw', '74c15172-1cd9-11ec-acd8-3ae4f1d3c3af', NULL, '', 'userTask', 'userC', '2021-09-24 09:48:03.394', '2021-09-24 09:49:14.528', 3, 71134, NULL, '');
INSERT INTO `ACT_HI_ACTINST` VALUES ('7a4309f6-1cd8-11ec-acd8-3ae4f1d3c3af', 2, 'flowContract:2:9edd1d08-1cd7-11ec-acd8-3ae4f1d3c3af', '17547fd9-1cd8-11ec-acd8-3ae4f1d3c3af', '7a4294c2-1cd8-11ec-acd8-3ae4f1d3c3af', 'Activity_098ncvw', '7a4309f7-1cd8-11ec-acd8-3ae4f1d3c3af', NULL, '', 'userTask', 'admin', '2021-09-24 09:41:03.137', '2021-09-24 09:43:49.221', 1, 166084, NULL, '');
INSERT INTO `ACT_HI_ACTINST` VALUES ('832c0853-1cd7-11ec-acd8-3ae4f1d3c3af', 1, 'flowContract:1:1bbc0c53-1c51-11ec-94ee-5ef70686b817', '719d8e5a-1cd7-11ec-acd8-3ae4f1d3c3af', '719d8e5e-1cd7-11ec-acd8-3ae4f1d3c3af', '817c52e168a14ade88f104c0d6c43755', NULL, NULL, NULL, 'sequenceFlow', NULL, '2021-09-24 09:34:08.589', '2021-09-24 09:34:08.589', 1, 0, NULL, '');
INSERT INTO `ACT_HI_ACTINST` VALUES ('832c0854-1cd7-11ec-acd8-3ae4f1d3c3af', 1, 'flowContract:1:1bbc0c53-1c51-11ec-94ee-5ef70686b817', '719d8e5a-1cd7-11ec-acd8-3ae4f1d3c3af', '719d8e5e-1cd7-11ec-acd8-3ae4f1d3c3af', 'Event_12ajo3d', NULL, NULL, NULL, 'endEvent', NULL, '2021-09-24 09:34:08.589', '2021-09-24 09:34:08.590', 2, 1, NULL, '');
INSERT INTO `ACT_HI_ACTINST` VALUES ('85fa3a9c-5e3c-11ec-8bee-f20bcee4e113', 1, 'flowContract:5:4b726726-5e3c-11ec-8bee-f20bcee4e113', '6cada2b7-5e3c-11ec-8bee-f20bcee4e113', '6cadc9cc-5e3c-11ec-8bee-f20bcee4e113', 'Flow_026fvnq', NULL, NULL, NULL, 'sequenceFlow', NULL, '2021-12-16 14:50:58.046', '2021-12-16 14:50:58.046', 1, 0, NULL, '');
INSERT INTO `ACT_HI_ACTINST` VALUES ('85fa3a9d-5e3c-11ec-8bee-f20bcee4e113', 1, 'flowContract:5:4b726726-5e3c-11ec-8bee-f20bcee4e113', '6cada2b7-5e3c-11ec-8bee-f20bcee4e113', '6cadc9cc-5e3c-11ec-8bee-f20bcee4e113', 'Gateway_09cdxtf', NULL, NULL, NULL, 'parallelGateway', NULL, '2021-12-16 14:50:58.046', '2021-12-16 14:50:58.047', 2, 1, NULL, '');
INSERT INTO `ACT_HI_ACTINST` VALUES ('85fa88bf-5e3c-11ec-8bee-f20bcee4e113', 1, 'flowContract:5:4b726726-5e3c-11ec-8bee-f20bcee4e113', '6cada2b7-5e3c-11ec-8bee-f20bcee4e113', '6cadc9cc-5e3c-11ec-8bee-f20bcee4e113', 'Flow_0zz0u9g', NULL, NULL, NULL, 'sequenceFlow', NULL, '2021-12-16 14:50:58.048', '2021-12-16 14:50:58.048', 3, 0, NULL, '');
INSERT INTO `ACT_HI_ACTINST` VALUES ('85fa88c0-5e3c-11ec-8bee-f20bcee4e113', 1, 'flowContract:5:4b726726-5e3c-11ec-8bee-f20bcee4e113', '6cada2b7-5e3c-11ec-8bee-f20bcee4e113', '85fa88be-5e3c-11ec-8bee-f20bcee4e113', 'Flow_1yxqbe0', NULL, NULL, NULL, 'sequenceFlow', NULL, '2021-12-16 14:50:58.048', '2021-12-16 14:50:58.048', 4, 0, NULL, '');
INSERT INTO `ACT_HI_ACTINST` VALUES ('85faafd1-5e3c-11ec-8bee-f20bcee4e113', 3, 'flowContract:5:4b726726-5e3c-11ec-8bee-f20bcee4e113', '6cada2b7-5e3c-11ec-8bee-f20bcee4e113', '6cadc9cc-5e3c-11ec-8bee-f20bcee4e113', 'Activity_138m4nn', '85faafd2-5e3c-11ec-8bee-f20bcee4e113', NULL, '', 'userTask', 'leaderTJ', '2021-12-16 14:50:58.049', '2021-12-16 14:51:08.376', 5, 10327, NULL, '');
INSERT INTO `ACT_HI_ACTINST` VALUES ('85faafd4-5e3c-11ec-8bee-f20bcee4e113', 2, 'flowContract:5:4b726726-5e3c-11ec-8bee-f20bcee4e113', '6cada2b7-5e3c-11ec-8bee-f20bcee4e113', '85fa88be-5e3c-11ec-8bee-f20bcee4e113', 'Activity_0tm3mph', '85faafd5-5e3c-11ec-8bee-f20bcee4e113', NULL, '', 'userTask', 'admin', '2021-12-16 14:50:58.049', '2021-12-16 14:51:28.348', 6, 30299, NULL, '');
INSERT INTO `ACT_HI_ACTINST` VALUES ('8b4134b9-1cd9-11ec-acd8-3ae4f1d3c3af', 2, 'flowContract:3:d28aadd0-1cd8-11ec-acd8-3ae4f1d3c3af', '1b41a384-1cd9-11ec-acd8-3ae4f1d3c3af', '8b410da5-1cd9-11ec-acd8-3ae4f1d3c3af', 'Activity_098ncvw', '8b4134ba-1cd9-11ec-acd8-3ae4f1d3c3af', NULL, '', 'userTask', 'userB', '2021-09-24 09:48:41.143', '2021-09-24 09:48:54.255', 1, 13112, NULL, '');
INSERT INTO `ACT_HI_ACTINST` VALUES ('8c229d5a-5e3c-11ec-8bee-f20bcee4e113', 1, 'flowContract:5:4b726726-5e3c-11ec-8bee-f20bcee4e113', '6cada2b7-5e3c-11ec-8bee-f20bcee4e113', '6cadc9cc-5e3c-11ec-8bee-f20bcee4e113', 'Flow_124e8z3', NULL, NULL, NULL, 'sequenceFlow', NULL, '2021-12-16 14:51:08.377', '2021-12-16 14:51:08.377', 1, 0, NULL, '');
INSERT INTO `ACT_HI_ACTINST` VALUES ('8c229d5b-5e3c-11ec-8bee-f20bcee4e113', 1, 'flowContract:5:4b726726-5e3c-11ec-8bee-f20bcee4e113', '6cada2b7-5e3c-11ec-8bee-f20bcee4e113', '6cadc9cc-5e3c-11ec-8bee-f20bcee4e113', 'Gateway_0oy6ofl', NULL, NULL, NULL, 'parallelGateway', NULL, '2021-12-16 14:51:08.377', '2021-12-16 14:51:08.378', 2, 1, NULL, '');
INSERT INTO `ACT_HI_ACTINST` VALUES ('980a199d-5e3c-11ec-8bee-f20bcee4e113', 1, 'flowContract:5:4b726726-5e3c-11ec-8bee-f20bcee4e113', '6cada2b7-5e3c-11ec-8bee-f20bcee4e113', '85fa88be-5e3c-11ec-8bee-f20bcee4e113', 'Flow_1uvj3ds', NULL, NULL, NULL, 'sequenceFlow', NULL, '2021-12-16 14:51:28.349', '2021-12-16 14:51:28.349', 1, 0, NULL, '');
INSERT INTO `ACT_HI_ACTINST` VALUES ('980a40ae-5e3c-11ec-8bee-f20bcee4e113', 1, 'flowContract:5:4b726726-5e3c-11ec-8bee-f20bcee4e113', '6cada2b7-5e3c-11ec-8bee-f20bcee4e113', '85fa88be-5e3c-11ec-8bee-f20bcee4e113', 'Gateway_0oy6ofl', NULL, NULL, NULL, 'parallelGateway', NULL, '2021-12-16 14:51:28.350', '2021-12-16 14:51:28.351', 2, 1, NULL, '');
INSERT INTO `ACT_HI_ACTINST` VALUES ('980a67bf-5e3c-11ec-8bee-f20bcee4e113', 1, 'flowContract:5:4b726726-5e3c-11ec-8bee-f20bcee4e113', '6cada2b7-5e3c-11ec-8bee-f20bcee4e113', '85fa88be-5e3c-11ec-8bee-f20bcee4e113', 'Flow_1kyhnlz', NULL, NULL, NULL, 'sequenceFlow', NULL, '2021-12-16 14:51:28.351', '2021-12-16 14:51:28.351', 3, 0, NULL, '');
INSERT INTO `ACT_HI_ACTINST` VALUES ('980a67c0-5e3c-11ec-8bee-f20bcee4e113', 3, 'flowContract:5:4b726726-5e3c-11ec-8bee-f20bcee4e113', '6cada2b7-5e3c-11ec-8bee-f20bcee4e113', '85fa88be-5e3c-11ec-8bee-f20bcee4e113', 'Activity_1yuuyie', '980a8ed1-5e3c-11ec-8bee-f20bcee4e113', NULL, '', 'userTask', 'leaderTJ', '2021-12-16 14:51:28.351', '2021-12-16 14:51:46.376', 4, 18025, NULL, '');
INSERT INTO `ACT_HI_ACTINST` VALUES ('9e8377a4-5e3b-11ec-8bee-f20bcee4e113', 1, 'flowSubmit:4:76c5d27b-5e3b-11ec-8bee-f20bcee4e113', '9e83779e-5e3b-11ec-8bee-f20bcee4e113', '9e8377a3-5e3b-11ec-8bee-f20bcee4e113', 'Event_17n2rw9', NULL, NULL, NULL, 'startEvent', NULL, '2021-12-16 14:44:29.714', '2021-12-16 14:44:29.714', 1, 0, NULL, '');
INSERT INTO `ACT_HI_ACTINST` VALUES ('9e8377a5-5e3b-11ec-8bee-f20bcee4e113', 1, 'flowSubmit:4:76c5d27b-5e3b-11ec-8bee-f20bcee4e113', '9e83779e-5e3b-11ec-8bee-f20bcee4e113', '9e8377a3-5e3b-11ec-8bee-f20bcee4e113', 'Flow_00ldvag', NULL, NULL, NULL, 'sequenceFlow', NULL, '2021-12-16 14:44:29.714', '2021-12-16 14:44:29.714', 2, 0, NULL, '');
INSERT INTO `ACT_HI_ACTINST` VALUES ('9e8377a6-5e3b-11ec-8bee-f20bcee4e113', 2, 'flowSubmit:4:76c5d27b-5e3b-11ec-8bee-f20bcee4e113', '9e83779e-5e3b-11ec-8bee-f20bcee4e113', '9e8377a3-5e3b-11ec-8bee-f20bcee4e113', 'Activity_03kjurt', '9e8377a7-5e3b-11ec-8bee-f20bcee4e113', NULL, '', 'userTask', 'userA', '2021-12-16 14:44:29.714', '2021-12-16 14:44:29.738', 3, 24, NULL, '');
INSERT INTO `ACT_HI_ACTINST` VALUES ('9e87212c-5e3b-11ec-8bee-f20bcee4e113', 1, 'flowSubmit:4:76c5d27b-5e3b-11ec-8bee-f20bcee4e113', '9e83779e-5e3b-11ec-8bee-f20bcee4e113', '9e8377a3-5e3b-11ec-8bee-f20bcee4e113', 'Flow_0x9dx2t', NULL, NULL, NULL, 'sequenceFlow', NULL, '2021-12-16 14:44:29.738', '2021-12-16 14:44:29.738', 1, 0, NULL, '');
INSERT INTO `ACT_HI_ACTINST` VALUES ('9e87483d-5e3b-11ec-8bee-f20bcee4e113', 3, 'flowSubmit:4:76c5d27b-5e3b-11ec-8bee-f20bcee4e113', '9e83779e-5e3b-11ec-8bee-f20bcee4e113', '9e8377a3-5e3b-11ec-8bee-f20bcee4e113', 'Activity_0ywxfwu', '9e87483e-5e3b-11ec-8bee-f20bcee4e113', NULL, '', 'userTask', 'leaderHR', '2021-12-16 14:44:29.739', '2021-12-16 14:44:54.317', 2, 24578, 'Change activity to Activity_03kjurt', '');
INSERT INTO `ACT_HI_ACTINST` VALUES ('9f2844af-1cd9-11ec-acd8-3ae4f1d3c3af', 1, 'flowContract:3:d28aadd0-1cd8-11ec-acd8-3ae4f1d3c3af', '1b41a384-1cd9-11ec-acd8-3ae4f1d3c3af', '9f2844ae-1cd9-11ec-acd8-3ae4f1d3c3af', 'Flow_0jyv1zb', NULL, NULL, NULL, 'sequenceFlow', NULL, '2021-09-24 09:49:14.534', '2021-09-24 09:49:14.534', 1, 0, NULL, '');
INSERT INTO `ACT_HI_ACTINST` VALUES ('9f2844b0-1cd9-11ec-acd8-3ae4f1d3c3af', 1, 'flowContract:3:d28aadd0-1cd8-11ec-acd8-3ae4f1d3c3af', '1b41a384-1cd9-11ec-acd8-3ae4f1d3c3af', '9f2844ae-1cd9-11ec-acd8-3ae4f1d3c3af', 'Gateway_1m5fruz', NULL, NULL, NULL, 'exclusiveGateway', NULL, '2021-09-24 09:49:14.534', '2021-09-24 09:49:14.535', 2, 1, NULL, '');
INSERT INTO `ACT_HI_ACTINST` VALUES ('9f286bc1-1cd9-11ec-acd8-3ae4f1d3c3af', 1, 'flowContract:3:d28aadd0-1cd8-11ec-acd8-3ae4f1d3c3af', '1b41a384-1cd9-11ec-acd8-3ae4f1d3c3af', '9f2844ae-1cd9-11ec-acd8-3ae4f1d3c3af', 'Flow_1f8yxov', NULL, NULL, '40%', 'sequenceFlow', NULL, '2021-09-24 09:49:14.535', '2021-09-24 09:49:14.535', 3, 0, NULL, '');
INSERT INTO `ACT_HI_ACTINST` VALUES ('9f286bc2-1cd9-11ec-acd8-3ae4f1d3c3af', 3, 'flowContract:3:d28aadd0-1cd8-11ec-acd8-3ae4f1d3c3af', '1b41a384-1cd9-11ec-acd8-3ae4f1d3c3af', '9f2844ae-1cd9-11ec-acd8-3ae4f1d3c3af', 'Activity_1h3pnxy', '9f286bc3-1cd9-11ec-acd8-3ae4f1d3c3af', NULL, '', 'userTask', 'leader', '2021-09-24 09:49:14.535', '2021-09-24 09:49:45.793', 4, 31258, NULL, '');
INSERT INTO `ACT_HI_ACTINST` VALUES ('a2c8f465-5e3c-11ec-8bee-f20bcee4e113', 1, 'flowContract:5:4b726726-5e3c-11ec-8bee-f20bcee4e113', '6cada2b7-5e3c-11ec-8bee-f20bcee4e113', '85fa88be-5e3c-11ec-8bee-f20bcee4e113', 'Flow_0di6qa6', NULL, NULL, '', 'sequenceFlow', NULL, '2021-12-16 14:51:46.377', '2021-12-16 14:51:46.377', 1, 0, NULL, '');
INSERT INTO `ACT_HI_ACTINST` VALUES ('a2c8f466-5e3c-11ec-8bee-f20bcee4e113', 3, 'flowContract:5:4b726726-5e3c-11ec-8bee-f20bcee4e113', '6cada2b7-5e3c-11ec-8bee-f20bcee4e113', '85fa88be-5e3c-11ec-8bee-f20bcee4e113', 'Activity_1eewt01', 'a2c91b77-5e3c-11ec-8bee-f20bcee4e113', NULL, '', 'userTask', 'leaderLaw', '2021-12-16 14:51:46.377', '2021-12-16 14:52:22.061', 2, 35684, NULL, '');
INSERT INTO `ACT_HI_ACTINST` VALUES ('ad2e32a4-5e3b-11ec-8bee-f20bcee4e113', 2, 'flowSubmit:4:76c5d27b-5e3b-11ec-8bee-f20bcee4e113', '9e83779e-5e3b-11ec-8bee-f20bcee4e113', 'ad2e32a3-5e3b-11ec-8bee-f20bcee4e113', 'Activity_03kjurt', 'ad2e32a5-5e3b-11ec-8bee-f20bcee4e113', NULL, '', 'userTask', 'userA', '2021-12-16 14:44:54.321', '2021-12-16 14:45:16.929', 1, 22608, NULL, '');
INSERT INTO `ACT_HI_ACTINST` VALUES ('b1ca2a78-1cd9-11ec-acd8-3ae4f1d3c3af', 1, 'flowContract:3:d28aadd0-1cd8-11ec-acd8-3ae4f1d3c3af', '1b41a384-1cd9-11ec-acd8-3ae4f1d3c3af', '9f2844ae-1cd9-11ec-acd8-3ae4f1d3c3af', 'Flow_1a3qclm', NULL, NULL, '', 'sequenceFlow', NULL, '2021-09-24 09:49:45.794', '2021-09-24 09:49:45.794', 1, 0, NULL, '');
INSERT INTO `ACT_HI_ACTINST` VALUES ('b1ca2a79-1cd9-11ec-acd8-3ae4f1d3c3af', 1, 'flowContract:3:d28aadd0-1cd8-11ec-acd8-3ae4f1d3c3af', '1b41a384-1cd9-11ec-acd8-3ae4f1d3c3af', '9f2844ae-1cd9-11ec-acd8-3ae4f1d3c3af', 'Event_12ajo3d', NULL, NULL, NULL, 'endEvent', NULL, '2021-09-24 09:49:45.794', '2021-09-24 09:49:45.794', 2, 0, NULL, '');
INSERT INTO `ACT_HI_ACTINST` VALUES ('b80e0dc4-5e3c-11ec-8bee-f20bcee4e113', 1, 'flowContract:5:4b726726-5e3c-11ec-8bee-f20bcee4e113', '6cada2b7-5e3c-11ec-8bee-f20bcee4e113', '85fa88be-5e3c-11ec-8bee-f20bcee4e113', 'Flow_0zmsn3x', NULL, NULL, NULL, 'sequenceFlow', NULL, '2021-12-16 14:52:22.062', '2021-12-16 14:52:22.062', 1, 0, NULL, '');
INSERT INTO `ACT_HI_ACTINST` VALUES ('b80eaa10-5e3c-11ec-8bee-f20bcee4e113', 2, 'flowContract:5:4b726726-5e3c-11ec-8bee-f20bcee4e113', '6cada2b7-5e3c-11ec-8bee-f20bcee4e113', 'b80e82f9-5e3c-11ec-8bee-f20bcee4e113', 'Activity_098ncvw', 'b80ed121-5e3c-11ec-8bee-f20bcee4e113', NULL, '', 'userTask', 'userB', '2021-12-16 14:52:22.066', '2021-12-16 14:52:53.159', 2, 31093, NULL, '');
INSERT INTO `ACT_HI_ACTINST` VALUES ('b80ef835-5e3c-11ec-8bee-f20bcee4e113', 2, 'flowContract:5:4b726726-5e3c-11ec-8bee-f20bcee4e113', '6cada2b7-5e3c-11ec-8bee-f20bcee4e113', 'b80e82fa-5e3c-11ec-8bee-f20bcee4e113', 'Activity_098ncvw', 'b80ef836-5e3c-11ec-8bee-f20bcee4e113', NULL, '', 'userTask', 'leaderLaw', '2021-12-16 14:52:22.068', '2021-12-16 14:52:31.629', 3, 9561, NULL, '');
INSERT INTO `ACT_HI_ACTINST` VALUES ('b80ef839-5e3c-11ec-8bee-f20bcee4e113', 2, 'flowContract:5:4b726726-5e3c-11ec-8bee-f20bcee4e113', '6cada2b7-5e3c-11ec-8bee-f20bcee4e113', 'b80e82fb-5e3c-11ec-8bee-f20bcee4e113', 'Activity_098ncvw', 'b80ef83a-5e3c-11ec-8bee-f20bcee4e113', NULL, '', 'userTask', 'userC', '2021-12-16 14:52:22.068', '2021-12-16 14:53:15.834', 4, 53766, NULL, '');
INSERT INTO `ACT_HI_ACTINST` VALUES ('baa80eb7-5e3b-11ec-8bee-f20bcee4e113', 1, 'flowSubmit:4:76c5d27b-5e3b-11ec-8bee-f20bcee4e113', '9e83779e-5e3b-11ec-8bee-f20bcee4e113', 'ad2e32a3-5e3b-11ec-8bee-f20bcee4e113', 'Flow_0x9dx2t', NULL, NULL, NULL, 'sequenceFlow', NULL, '2021-12-16 14:45:16.930', '2021-12-16 14:45:16.930', 1, 0, NULL, '');
INSERT INTO `ACT_HI_ACTINST` VALUES ('baa80eb8-5e3b-11ec-8bee-f20bcee4e113', 3, 'flowSubmit:4:76c5d27b-5e3b-11ec-8bee-f20bcee4e113', '9e83779e-5e3b-11ec-8bee-f20bcee4e113', 'ad2e32a3-5e3b-11ec-8bee-f20bcee4e113', 'Activity_0ywxfwu', 'baa80eb9-5e3b-11ec-8bee-f20bcee4e113', NULL, '', 'userTask', 'leaderHR', '2021-12-16 14:45:16.930', '2021-12-16 14:45:27.598', 2, 10668, NULL, '');
INSERT INTO `ACT_HI_ACTINST` VALUES ('c104048f-5e3b-11ec-8bee-f20bcee4e113', 1, 'flowSubmit:4:76c5d27b-5e3b-11ec-8bee-f20bcee4e113', '9e83779e-5e3b-11ec-8bee-f20bcee4e113', 'ad2e32a3-5e3b-11ec-8bee-f20bcee4e113', 'Flow_18p3hqb', NULL, NULL, '', 'sequenceFlow', NULL, '2021-12-16 14:45:27.599', '2021-12-16 14:45:27.599', 1, 0, NULL, '');
INSERT INTO `ACT_HI_ACTINST` VALUES ('c1040490-5e3b-11ec-8bee-f20bcee4e113', 1, 'flowSubmit:4:76c5d27b-5e3b-11ec-8bee-f20bcee4e113', '9e83779e-5e3b-11ec-8bee-f20bcee4e113', 'ad2e32a3-5e3b-11ec-8bee-f20bcee4e113', 'Gateway_179zgnp', NULL, NULL, NULL, 'exclusiveGateway', NULL, '2021-12-16 14:45:27.599', '2021-12-16 14:45:27.600', 2, 1, NULL, '');
INSERT INTO `ACT_HI_ACTINST` VALUES ('c10452b1-5e3b-11ec-8bee-f20bcee4e113', 1, 'flowSubmit:4:76c5d27b-5e3b-11ec-8bee-f20bcee4e113', '9e83779e-5e3b-11ec-8bee-f20bcee4e113', 'ad2e32a3-5e3b-11ec-8bee-f20bcee4e113', 'Flow_1qigakr', NULL, NULL, '1000', 'sequenceFlow', NULL, '2021-12-16 14:45:27.601', '2021-12-16 14:45:27.601', 3, 0, NULL, '');
INSERT INTO `ACT_HI_ACTINST` VALUES ('c10452b2-5e3b-11ec-8bee-f20bcee4e113', 1, 'flowSubmit:4:76c5d27b-5e3b-11ec-8bee-f20bcee4e113', '9e83779e-5e3b-11ec-8bee-f20bcee4e113', 'ad2e32a3-5e3b-11ec-8bee-f20bcee4e113', 'Event_0nvjxgh', NULL, NULL, NULL, 'endEvent', NULL, '2021-12-16 14:45:27.601', '2021-12-16 14:45:27.601', 4, 0, NULL, '');
INSERT INTO `ACT_HI_ACTINST` VALUES ('c8b7005f-1cd9-11ec-acd8-3ae4f1d3c3af', 1, 'flowTranslate:1:faa41acf-1c51-11ec-94ee-5ef70686b817', 'c8b7005a-1cd9-11ec-acd8-3ae4f1d3c3af', 'c8b7005e-1cd9-11ec-acd8-3ae4f1d3c3af', 'Event_1ouk8kj', NULL, NULL, NULL, 'startEvent', NULL, '2021-09-24 09:50:24.256', '2021-09-24 09:50:24.256', 1, 0, NULL, '');
INSERT INTO `ACT_HI_ACTINST` VALUES ('c8b70060-1cd9-11ec-acd8-3ae4f1d3c3af', 1, 'flowTranslate:1:faa41acf-1c51-11ec-94ee-5ef70686b817', 'c8b7005a-1cd9-11ec-acd8-3ae4f1d3c3af', 'c8b7005e-1cd9-11ec-acd8-3ae4f1d3c3af', 'Flow_08lgvo0', NULL, NULL, NULL, 'sequenceFlow', NULL, '2021-09-24 09:50:24.256', '2021-09-24 09:50:24.256', 2, 0, NULL, '');
INSERT INTO `ACT_HI_ACTINST` VALUES ('c8b70061-1cd9-11ec-acd8-3ae4f1d3c3af', 2, 'flowTranslate:1:faa41acf-1c51-11ec-94ee-5ef70686b817', 'c8b7005a-1cd9-11ec-acd8-3ae4f1d3c3af', 'c8b7005e-1cd9-11ec-acd8-3ae4f1d3c3af', 'Activity_08p9kng', 'c8b70062-1cd9-11ec-acd8-3ae4f1d3c3af', NULL, '', 'userTask', 'admin', '2021-09-24 09:50:24.256', '2021-09-24 09:50:24.273', 3, 17, NULL, '');
INSERT INTO `ACT_HI_ACTINST` VALUES ('c8b99877-1cd9-11ec-acd8-3ae4f1d3c3af', 1, 'flowTranslate:1:faa41acf-1c51-11ec-94ee-5ef70686b817', 'c8b7005a-1cd9-11ec-acd8-3ae4f1d3c3af', 'c8b7005e-1cd9-11ec-acd8-3ae4f1d3c3af', 'Flow_0n45f5j', NULL, NULL, NULL, 'sequenceFlow', NULL, '2021-09-24 09:50:24.273', '2021-09-24 09:50:24.273', 1, 0, NULL, '');
INSERT INTO `ACT_HI_ACTINST` VALUES ('c8b9bf88-1cd9-11ec-acd8-3ae4f1d3c3af', 4, 'flowTranslate:1:faa41acf-1c51-11ec-94ee-5ef70686b817', 'c8b7005a-1cd9-11ec-acd8-3ae4f1d3c3af', 'c8b7005e-1cd9-11ec-acd8-3ae4f1d3c3af', 'Activity_12olr01', 'c8b9bf89-1cd9-11ec-acd8-3ae4f1d3c3af', NULL, '', 'userTask', 'leaderHR', '2021-09-24 09:50:24.274', '2021-09-24 09:51:06.959', 2, 42685, NULL, '');
INSERT INTO `ACT_HI_ACTINST` VALUES ('d81cfe6f-5e3c-11ec-8bee-f20bcee4e113', 1, 'flowContract:5:4b726726-5e3c-11ec-8bee-f20bcee4e113', '6cada2b7-5e3c-11ec-8bee-f20bcee4e113', 'd81cfe6e-5e3c-11ec-8bee-f20bcee4e113', 'Flow_0jyv1zb', NULL, NULL, NULL, 'sequenceFlow', NULL, '2021-12-16 14:53:15.847', '2021-12-16 14:53:15.847', 1, 0, NULL, '');
INSERT INTO `ACT_HI_ACTINST` VALUES ('d81cfe70-5e3c-11ec-8bee-f20bcee4e113', 1, 'flowContract:5:4b726726-5e3c-11ec-8bee-f20bcee4e113', '6cada2b7-5e3c-11ec-8bee-f20bcee4e113', 'd81cfe6e-5e3c-11ec-8bee-f20bcee4e113', 'Gateway_1m5fruz', NULL, NULL, NULL, 'exclusiveGateway', NULL, '2021-12-16 14:53:15.847', '2021-12-16 14:53:15.848', 2, 1, NULL, '');
INSERT INTO `ACT_HI_ACTINST` VALUES ('d81d2481-5e3c-11ec-8bee-f20bcee4e113', 1, 'flowContract:5:4b726726-5e3c-11ec-8bee-f20bcee4e113', '6cada2b7-5e3c-11ec-8bee-f20bcee4e113', 'd81cfe6e-5e3c-11ec-8bee-f20bcee4e113', 'Flow_1f8yxov', NULL, NULL, '40%', 'sequenceFlow', NULL, '2021-12-16 14:53:15.848', '2021-12-16 14:53:15.848', 3, 0, NULL, '');
INSERT INTO `ACT_HI_ACTINST` VALUES ('d81d2482-5e3c-11ec-8bee-f20bcee4e113', 3, 'flowContract:5:4b726726-5e3c-11ec-8bee-f20bcee4e113', '6cada2b7-5e3c-11ec-8bee-f20bcee4e113', 'd81cfe6e-5e3c-11ec-8bee-f20bcee4e113', 'Activity_1h3pnxy', 'd81d2483-5e3c-11ec-8bee-f20bcee4e113', NULL, '', 'userTask', 'admin', '2021-12-16 14:53:15.848', '2021-12-16 14:53:53.766', 4, 37918, NULL, '');
INSERT INTO `ACT_HI_ACTINST` VALUES ('dd42d1d2-1cd8-11ec-acd8-3ae4f1d3c3af', 1, 'flowContract:2:9edd1d08-1cd7-11ec-acd8-3ae4f1d3c3af', '17547fd9-1cd8-11ec-acd8-3ae4f1d3c3af', 'dd42d1d1-1cd8-11ec-acd8-3ae4f1d3c3af', '04daf3f805bc4e2898c586df4fdb97a9', NULL, NULL, NULL, 'sequenceFlow', NULL, '2021-09-24 09:43:49.230', '2021-09-24 09:43:49.230', 1, 0, NULL, '');
INSERT INTO `ACT_HI_ACTINST` VALUES ('dd42d1d3-1cd8-11ec-acd8-3ae4f1d3c3af', 1, 'flowContract:2:9edd1d08-1cd7-11ec-acd8-3ae4f1d3c3af', '17547fd9-1cd8-11ec-acd8-3ae4f1d3c3af', 'dd42d1d1-1cd8-11ec-acd8-3ae4f1d3c3af', 'Event_12ajo3d', NULL, NULL, NULL, 'endEvent', NULL, '2021-09-24 09:43:49.230', '2021-09-24 09:43:49.230', 2, 0, NULL, '');
INSERT INTO `ACT_HI_ACTINST` VALUES ('e13d7951-5e36-11ec-9f5e-f20bcee4e113', 1, 'flowLeave:2:de31b55a-5e35-11ec-9f5e-f20bcee4e113', 'e13cdd0b-5e36-11ec-9f5e-f20bcee4e113', 'e13d7950-5e36-11ec-9f5e-f20bcee4e113', 'Event_1c9ukkq', NULL, NULL, NULL, 'startEvent', NULL, '2021-12-16 14:10:34.179', '2021-12-16 14:10:34.182', 1, 3, NULL, '');
INSERT INTO `ACT_HI_ACTINST` VALUES ('e13e3ca2-5e36-11ec-9f5e-f20bcee4e113', 1, 'flowLeave:2:de31b55a-5e35-11ec-9f5e-f20bcee4e113', 'e13cdd0b-5e36-11ec-9f5e-f20bcee4e113', 'e13d7950-5e36-11ec-9f5e-f20bcee4e113', 'Flow_05fy9wh', NULL, NULL, NULL, 'sequenceFlow', NULL, '2021-12-16 14:10:34.184', '2021-12-16 14:10:34.184', 2, 0, NULL, '');
INSERT INTO `ACT_HI_ACTINST` VALUES ('e13e3ca3-5e36-11ec-9f5e-f20bcee4e113', 2, 'flowLeave:2:de31b55a-5e35-11ec-9f5e-f20bcee4e113', 'e13cdd0b-5e36-11ec-9f5e-f20bcee4e113', 'e13d7950-5e36-11ec-9f5e-f20bcee4e113', 'Activity_0sc2yuf', 'e140fbc4-5e36-11ec-9f5e-f20bcee4e113', NULL, '', 'userTask', 'userA', '2021-12-16 14:10:34.184', '2021-12-16 14:10:34.260', 3, 76, NULL, '');
INSERT INTO `ACT_HI_ACTINST` VALUES ('e149fc79-5e36-11ec-9f5e-f20bcee4e113', 1, 'flowLeave:2:de31b55a-5e35-11ec-9f5e-f20bcee4e113', 'e13cdd0b-5e36-11ec-9f5e-f20bcee4e113', 'e13d7950-5e36-11ec-9f5e-f20bcee4e113', 'Flow_0pme0vr', NULL, NULL, NULL, 'sequenceFlow', NULL, '2021-12-16 14:10:34.261', '2021-12-16 14:10:34.261', 1, 0, NULL, '');
INSERT INTO `ACT_HI_ACTINST` VALUES ('e149fc7a-5e36-11ec-9f5e-f20bcee4e113', 3, 'flowLeave:2:de31b55a-5e35-11ec-9f5e-f20bcee4e113', 'e13cdd0b-5e36-11ec-9f5e-f20bcee4e113', 'e13d7950-5e36-11ec-9f5e-f20bcee4e113', 'Activity_1jw5u20', 'e14a238b-5e36-11ec-9f5e-f20bcee4e113', NULL, '', 'userTask', 'leaderHR', '2021-12-16 14:10:34.261', '2021-12-16 14:20:41.094', 2, 606833, NULL, '');
INSERT INTO `ACT_HI_ACTINST` VALUES ('e22af662-1cd9-11ec-acd8-3ae4f1d3c3af', 1, 'flowTranslate:1:faa41acf-1c51-11ec-94ee-5ef70686b817', 'c8b7005a-1cd9-11ec-acd8-3ae4f1d3c3af', 'c8b7005e-1cd9-11ec-acd8-3ae4f1d3c3af', 'Flow_1s8i9er', NULL, NULL, NULL, 'sequenceFlow', NULL, '2021-09-24 09:51:06.959', '2021-09-24 09:51:06.959', 1, 0, NULL, '');
INSERT INTO `ACT_HI_ACTINST` VALUES ('e22b1d73-1cd9-11ec-acd8-3ae4f1d3c3af', 1, 'flowTranslate:1:faa41acf-1c51-11ec-94ee-5ef70686b817', 'c8b7005a-1cd9-11ec-acd8-3ae4f1d3c3af', 'c8b7005e-1cd9-11ec-acd8-3ae4f1d3c3af', 'Event_0lzxnw8', NULL, NULL, NULL, 'endEvent', NULL, '2021-09-24 09:51:06.960', '2021-09-24 09:51:06.960', 2, 0, NULL, '');
INSERT INTO `ACT_HI_ACTINST` VALUES ('e774fa9c-5e3a-11ec-8bee-f20bcee4e113', 1, 'flowLeave:2:de31b55a-5e35-11ec-9f5e-f20bcee4e113', 'e13cdd0b-5e36-11ec-9f5e-f20bcee4e113', 'e13d7950-5e36-11ec-9f5e-f20bcee4e113', 'Flow_0so810a', NULL, NULL, '', 'sequenceFlow', NULL, '2021-12-16 14:39:22.596', '2021-12-16 14:39:22.596', 1, 0, NULL, '');
INSERT INTO `ACT_HI_ACTINST` VALUES ('e77521ad-5e3a-11ec-8bee-f20bcee4e113', 1, 'flowLeave:2:de31b55a-5e35-11ec-9f5e-f20bcee4e113', 'e13cdd0b-5e36-11ec-9f5e-f20bcee4e113', 'e13d7950-5e36-11ec-9f5e-f20bcee4e113', 'Event_04byxr7', NULL, NULL, NULL, 'endEvent', NULL, '2021-12-16 14:39:22.597', '2021-12-16 14:39:22.598', 2, 1, NULL, '');
INSERT INTO `ACT_HI_ACTINST` VALUES ('e7ad5c3f-1cd6-11ec-acd8-3ae4f1d3c3af', 1, 'flowLeave:1:1bc2a35b-1c4e-11ec-94ee-5ef70686b817', 'e7ac71d9-1cd6-11ec-acd8-3ae4f1d3c3af', 'e7ad5c3e-1cd6-11ec-acd8-3ae4f1d3c3af', 'Event_1c9ukkq', NULL, NULL, NULL, 'startEvent', NULL, '2021-09-24 09:29:47.712', '2021-09-24 09:29:47.717', 1, 5, NULL, '');
INSERT INTO `ACT_HI_ACTINST` VALUES ('e7ae6db0-1cd6-11ec-acd8-3ae4f1d3c3af', 1, 'flowLeave:1:1bc2a35b-1c4e-11ec-94ee-5ef70686b817', 'e7ac71d9-1cd6-11ec-acd8-3ae4f1d3c3af', 'e7ad5c3e-1cd6-11ec-acd8-3ae4f1d3c3af', 'Flow_05fy9wh', NULL, NULL, NULL, 'sequenceFlow', NULL, '2021-09-24 09:29:47.719', '2021-09-24 09:29:47.719', 2, 0, NULL, '');
INSERT INTO `ACT_HI_ACTINST` VALUES ('e7ae94c1-1cd6-11ec-acd8-3ae4f1d3c3af', 2, 'flowLeave:1:1bc2a35b-1c4e-11ec-94ee-5ef70686b817', 'e7ac71d9-1cd6-11ec-acd8-3ae4f1d3c3af', 'e7ad5c3e-1cd6-11ec-acd8-3ae4f1d3c3af', 'Activity_0sc2yuf', 'e7b1c912-1cd6-11ec-acd8-3ae4f1d3c3af', NULL, '', 'userTask', 'userD', '2021-09-24 09:29:47.720', '2021-09-24 09:29:47.780', 3, 60, NULL, '');
INSERT INTO `ACT_HI_ACTINST` VALUES ('e7b7e397-1cd6-11ec-acd8-3ae4f1d3c3af', 1, 'flowLeave:1:1bc2a35b-1c4e-11ec-94ee-5ef70686b817', 'e7ac71d9-1cd6-11ec-acd8-3ae4f1d3c3af', 'e7ad5c3e-1cd6-11ec-acd8-3ae4f1d3c3af', 'Flow_0pme0vr', NULL, NULL, NULL, 'sequenceFlow', NULL, '2021-09-24 09:29:47.781', '2021-09-24 09:29:47.781', 1, 0, NULL, '');
INSERT INTO `ACT_HI_ACTINST` VALUES ('e7b80aa8-1cd6-11ec-acd8-3ae4f1d3c3af', 3, 'flowLeave:1:1bc2a35b-1c4e-11ec-94ee-5ef70686b817', 'e7ac71d9-1cd6-11ec-acd8-3ae4f1d3c3af', 'e7ad5c3e-1cd6-11ec-acd8-3ae4f1d3c3af', 'Activity_1jw5u20', 'e7b80aa9-1cd6-11ec-acd8-3ae4f1d3c3af', NULL, '', 'userTask', 'leaderTJ', '2021-09-24 09:29:47.782', '2021-09-24 09:30:12.027', 2, 24245, NULL, '');
INSERT INTO `ACT_HI_ACTINST` VALUES ('eeb71f77-5e3c-11ec-8bee-f20bcee4e113', 1, 'flowContract:5:4b726726-5e3c-11ec-8bee-f20bcee4e113', '6cada2b7-5e3c-11ec-8bee-f20bcee4e113', 'd81cfe6e-5e3c-11ec-8bee-f20bcee4e113', 'Flow_1a3qclm', NULL, NULL, '', 'sequenceFlow', NULL, '2021-12-16 14:53:53.767', '2021-12-16 14:53:53.767', 1, 0, NULL, '');
INSERT INTO `ACT_HI_ACTINST` VALUES ('eeb74688-5e3c-11ec-8bee-f20bcee4e113', 1, 'flowContract:5:4b726726-5e3c-11ec-8bee-f20bcee4e113', '6cada2b7-5e3c-11ec-8bee-f20bcee4e113', 'd81cfe6e-5e3c-11ec-8bee-f20bcee4e113', 'Event_12ajo3d', NULL, NULL, NULL, 'endEvent', NULL, '2021-12-16 14:53:53.768', '2021-12-16 14:53:53.768', 2, 0, NULL, '');
INSERT INTO `ACT_HI_ACTINST` VALUES ('f62d0f9f-1cd6-11ec-acd8-3ae4f1d3c3af', 1, 'flowLeave:1:1bc2a35b-1c4e-11ec-94ee-5ef70686b817', 'e7ac71d9-1cd6-11ec-acd8-3ae4f1d3c3af', 'e7ad5c3e-1cd6-11ec-acd8-3ae4f1d3c3af', 'Flow_1hbob37', NULL, NULL, '', 'sequenceFlow', NULL, '2021-09-24 09:30:12.037', '2021-09-24 09:30:12.037', 1, 0, NULL, '');
INSERT INTO `ACT_HI_ACTINST` VALUES ('f62d36b0-1cd6-11ec-acd8-3ae4f1d3c3af', 3, 'flowLeave:1:1bc2a35b-1c4e-11ec-94ee-5ef70686b817', 'e7ac71d9-1cd6-11ec-acd8-3ae4f1d3c3af', 'e7ad5c3e-1cd6-11ec-acd8-3ae4f1d3c3af', 'Activity_0olxatv', 'f62d36b1-1cd6-11ec-acd8-3ae4f1d3c3af', NULL, 'HR', 'userTask', 'userA', '2021-09-24 09:30:12.038', '2021-09-24 09:31:03.826', 2, 51788, NULL, '');
COMMIT;

-- ----------------------------
-- Table structure for ACT_HI_ATTACHMENT
-- ----------------------------
DROP TABLE IF EXISTS `ACT_HI_ATTACHMENT`;
CREATE TABLE `ACT_HI_ATTACHMENT` (
  `ID_` varchar(64) CHARACTER SET utf8 COLLATE utf8_bin NOT NULL,
  `REV_` int DEFAULT NULL,
  `USER_ID_` varchar(255) CHARACTER SET utf8 COLLATE utf8_bin DEFAULT NULL,
  `NAME_` varchar(255) CHARACTER SET utf8 COLLATE utf8_bin DEFAULT NULL,
  `DESCRIPTION_` varchar(4000) CHARACTER SET utf8 COLLATE utf8_bin DEFAULT NULL,
  `TYPE_` varchar(255) CHARACTER SET utf8 COLLATE utf8_bin DEFAULT NULL,
  `TASK_ID_` varchar(64) CHARACTER SET utf8 COLLATE utf8_bin DEFAULT NULL,
  `PROC_INST_ID_` varchar(64) CHARACTER SET utf8 COLLATE utf8_bin DEFAULT NULL,
  `URL_` varchar(4000) CHARACTER SET utf8 COLLATE utf8_bin DEFAULT NULL,
  `CONTENT_ID_` varchar(64) CHARACTER SET utf8 COLLATE utf8_bin DEFAULT NULL,
  `TIME_` datetime(3) DEFAULT NULL,
  PRIMARY KEY (`ID_`)
) ENGINE=InnoDB DEFAULT CHARSET=utf8mb3 COLLATE=utf8_bin;

-- ----------------------------
-- Table structure for ACT_HI_COMMENT
-- ----------------------------
DROP TABLE IF EXISTS `ACT_HI_COMMENT`;
CREATE TABLE `ACT_HI_COMMENT` (
  `ID_` varchar(64) CHARACTER SET utf8 COLLATE utf8_bin NOT NULL,
  `TYPE_` varchar(255) CHARACTER SET utf8 COLLATE utf8_bin DEFAULT NULL,
  `TIME_` datetime(3) NOT NULL,
  `USER_ID_` varchar(255) CHARACTER SET utf8 COLLATE utf8_bin DEFAULT NULL,
  `TASK_ID_` varchar(64) CHARACTER SET utf8 COLLATE utf8_bin DEFAULT NULL,
  `PROC_INST_ID_` varchar(64) CHARACTER SET utf8 COLLATE utf8_bin DEFAULT NULL,
  `ACTION_` varchar(255) CHARACTER SET utf8 COLLATE utf8_bin DEFAULT NULL,
  `MESSAGE_` varchar(4000) CHARACTER SET utf8 COLLATE utf8_bin DEFAULT NULL,
  `FULL_MSG_` longblob,
  PRIMARY KEY (`ID_`)
) ENGINE=InnoDB DEFAULT CHARSET=utf8mb3 COLLATE=utf8_bin;

-- ----------------------------
-- Records of ACT_HI_COMMENT
-- ----------------------------
BEGIN;
INSERT INTO `ACT_HI_COMMENT` VALUES ('15061845-1cd7-11ec-acd8-3ae4f1d3c3af', 'event', '2021-09-24 09:31:03.791', NULL, 'f62d36b1-1cd6-11ec-acd8-3ae4f1d3c3af', NULL, 'AddUserLink', 'userA_|_assignee', NULL);
INSERT INTO `ACT_HI_COMMENT` VALUES ('21b3123d-1cd8-11ec-acd8-3ae4f1d3c3af', 'event', '2021-09-24 09:38:34.554', NULL, '1757db49-1cd8-11ec-acd8-3ae4f1d3c3af', NULL, 'AddUserLink', 'leaderTJ_|_assignee', NULL);
INSERT INTO `ACT_HI_COMMENT` VALUES ('27198e78-1cd9-11ec-acd8-3ae4f1d3c3af', 'event', '2021-09-24 09:45:53.111', NULL, '1b4488c4-1cd9-11ec-acd8-3ae4f1d3c3af', NULL, 'AddUserLink', 'leaderTJ_|_assignee', NULL);
INSERT INTO `ACT_HI_COMMENT` VALUES ('303a3fae-1cd8-11ec-acd8-3ae4f1d3c3af', 'event', '2021-09-24 09:38:58.928', 'userD', '21b953d4-1cd8-11ec-acd8-3ae4f1d3c3af', NULL, 'AddUserLink', 'admin_|_assignee', NULL);
INSERT INTO `ACT_HI_COMMENT` VALUES ('32b29ca9-1cd9-11ec-acd8-3ae4f1d3c3af', 'event', '2021-09-24 09:46:12.569', NULL, '271e978f-1cd9-11ec-acd8-3ae4f1d3c3af', NULL, 'AddUserLink', 'admin_|_assignee', NULL);
INSERT INTO `ACT_HI_COMMENT` VALUES ('48797b5c-1cd7-11ec-acd8-3ae4f1d3c3af', 'event', '2021-09-24 09:32:30.111', NULL, '42054298-1cd7-11ec-acd8-3ae4f1d3c3af', NULL, 'AddUserLink', 'leaderTJ_|_assignee', NULL);
INSERT INTO `ACT_HI_COMMENT` VALUES ('4af962ef-5e38-11ec-9f5e-f20bcee4e113', 'event', '2021-12-16 14:20:41.068', NULL, 'e14a238b-5e36-11ec-9f5e-f20bcee4e113', NULL, 'AddUserLink', 'leaderHR_|_assignee', NULL);
INSERT INTO `ACT_HI_COMMENT` VALUES ('4fe76138-1cd8-11ec-acd8-3ae4f1d3c3af', 'event', '2021-09-24 09:39:52.072', 'userD', '3040cf64-1cd8-11ec-acd8-3ae4f1d3c3af', NULL, 'AddUserLink', 'leaderTJ_|_assignee', NULL);
INSERT INTO `ACT_HI_COMMENT` VALUES ('5ba3a3f6-1cd7-11ec-acd8-3ae4f1d3c3af', 'event', '2021-09-24 09:33:02.264', 'userD', '487ef9a2-1cd7-11ec-acd8-3ae4f1d3c3af', NULL, 'AddUserLink', 'leader_|_assignee', NULL);
INSERT INTO `ACT_HI_COMMENT` VALUES ('66c218a3-1cd9-11ec-acd8-3ae4f1d3c3af', 'event', '2021-09-24 09:47:39.912', NULL, '32b7097e-1cd9-11ec-acd8-3ae4f1d3c3af', NULL, 'AddUserLink', 'leaderTJ2_|_assignee', NULL);
INSERT INTO `ACT_HI_COMMENT` VALUES ('72ea6d27-1d14-11ec-8336-3ae4f1d3c3af', 'event', '2021-09-24 16:50:20.616', NULL, '23032963-1d0e-11ec-8336-3ae4f1d3c3af', NULL, 'AddUserLink', 'leaderTJ_|_assignee', NULL);
INSERT INTO `ACT_HI_COMMENT` VALUES ('73bb4910-1cd8-11ec-acd8-3ae4f1d3c3af', 'event', '2021-09-24 09:40:52.181', NULL, '4fec915c-1cd8-11ec-acd8-3ae4f1d3c3af', NULL, 'AddUserLink', 'leaderLaw_|_assignee', NULL);
INSERT INTO `ACT_HI_COMMENT` VALUES ('74bc484a-1cd9-11ec-acd8-3ae4f1d3c3af', 'event', '2021-09-24 09:48:03.362', NULL, '66c6d396-1cd9-11ec-acd8-3ae4f1d3c3af', NULL, 'AddUserLink', 'leaderLaw_|_assignee', NULL);
INSERT INTO `ACT_HI_COMMENT` VALUES ('85f72d5b-5e3c-11ec-8bee-f20bcee4e113', 'event', '2021-12-16 14:50:58.026', NULL, '6cb12537-5e3c-11ec-8bee-f20bcee4e113', NULL, 'AddUserLink', 'leaderTJ_|_assignee', NULL);
INSERT INTO `ACT_HI_COMMENT` VALUES ('8c1f9019-5e3c-11ec-8bee-f20bcee4e113', 'event', '2021-12-16 14:51:08.357', NULL, '85faafd2-5e3c-11ec-8bee-f20bcee4e113', NULL, 'AddUserLink', 'leaderTJ_|_assignee', NULL);
INSERT INTO `ACT_HI_COMMENT` VALUES ('a2c65c54-5e3c-11ec-8bee-f20bcee4e113', 'event', '2021-12-16 14:51:46.360', NULL, '980a8ed1-5e3c-11ec-8bee-f20bcee4e113', NULL, 'AddUserLink', 'leaderTJ_|_assignee', NULL);
INSERT INTO `ACT_HI_COMMENT` VALUES ('ad2a8922-5e3b-11ec-8bee-f20bcee4e113', 'event', '2021-12-16 14:44:54.297', NULL, '9e87483e-5e3b-11ec-8bee-f20bcee4e113', NULL, 'AddUserLink', 'leaderHR_|_assignee', NULL);
INSERT INTO `ACT_HI_COMMENT` VALUES ('b1c60bc7-1cd9-11ec-acd8-3ae4f1d3c3af', 'event', '2021-09-24 09:49:45.767', NULL, '9f286bc3-1cd9-11ec-acd8-3ae4f1d3c3af', NULL, 'AddUserLink', 'leader_|_assignee', NULL);
INSERT INTO `ACT_HI_COMMENT` VALUES ('b80422ab-5e3c-11ec-8bee-f20bcee4e113', 'event', '2021-12-16 14:52:21.997', NULL, 'a2c91b77-5e3c-11ec-8bee-f20bcee4e113', NULL, 'AddUserLink', 'leaderLaw_|_assignee', NULL);
INSERT INTO `ACT_HI_COMMENT` VALUES ('c1011e5c-5e3b-11ec-8bee-f20bcee4e113', 'event', '2021-12-16 14:45:27.580', 'userA', 'baa80eb9-5e3b-11ec-8bee-f20bcee4e113', NULL, 'AddUserLink', 'leaderHR_|_assignee', NULL);
INSERT INTO `ACT_HI_COMMENT` VALUES ('d2ab382d-1cd9-11ec-acd8-3ae4f1d3c3af', 'event', '2021-09-24 09:50:40.956', 'userD', 'c8b9bf89-1cd9-11ec-acd8-3ae4f1d3c3af', NULL, 'AddUserLink', 'admin_|_assignee', NULL);
INSERT INTO `ACT_HI_COMMENT` VALUES ('d2afa500-1cd9-11ec-acd8-3ae4f1d3c3af', 'event', '2021-09-24 09:50:40.985', 'userD', 'c8b9bf89-1cd9-11ec-acd8-3ae4f1d3c3af', NULL, 'AddUserLink', 'leaderHR_|_assignee', NULL);
INSERT INTO `ACT_HI_COMMENT` VALUES ('e76ac16b-5e3a-11ec-8bee-f20bcee4e113', 'event', '2021-12-16 14:39:22.529', NULL, '4afee132-5e38-11ec-9f5e-f20bcee4e113', NULL, 'AddUserLink', 'leaderHR_|_assignee', NULL);
INSERT INTO `ACT_HI_COMMENT` VALUES ('eeb43946-5e3c-11ec-8bee-f20bcee4e113', 'event', '2021-12-16 14:53:53.748', NULL, 'd81d2483-5e3c-11ec-8bee-f20bcee4e113', NULL, 'AddUserLink', 'admin_|_assignee', NULL);
INSERT INTO `ACT_HI_COMMENT` VALUES ('f6245d0d-1cd6-11ec-acd8-3ae4f1d3c3af', 'event', '2021-09-24 09:30:11.980', 'userD', 'e7b80aa9-1cd6-11ec-acd8-3ae4f1d3c3af', NULL, 'AddUserLink', 'leaderTJ_|_assignee', NULL);
COMMIT;

-- ----------------------------
-- Table structure for ACT_HI_DETAIL
-- ----------------------------
DROP TABLE IF EXISTS `ACT_HI_DETAIL`;
CREATE TABLE `ACT_HI_DETAIL` (
  `ID_` varchar(64) CHARACTER SET utf8 COLLATE utf8_bin NOT NULL,
  `TYPE_` varchar(255) CHARACTER SET utf8 COLLATE utf8_bin NOT NULL,
  `PROC_INST_ID_` varchar(64) CHARACTER SET utf8 COLLATE utf8_bin DEFAULT NULL,
  `EXECUTION_ID_` varchar(64) CHARACTER SET utf8 COLLATE utf8_bin DEFAULT NULL,
  `TASK_ID_` varchar(64) CHARACTER SET utf8 COLLATE utf8_bin DEFAULT NULL,
  `ACT_INST_ID_` varchar(64) CHARACTER SET utf8 COLLATE utf8_bin DEFAULT NULL,
  `NAME_` varchar(255) CHARACTER SET utf8 COLLATE utf8_bin NOT NULL,
  `VAR_TYPE_` varchar(255) CHARACTER SET utf8 COLLATE utf8_bin DEFAULT NULL,
  `REV_` int DEFAULT NULL,
  `TIME_` datetime(3) NOT NULL,
  `BYTEARRAY_ID_` varchar(64) CHARACTER SET utf8 COLLATE utf8_bin DEFAULT NULL,
  `DOUBLE_` double DEFAULT NULL,
  `LONG_` bigint DEFAULT NULL,
  `TEXT_` varchar(4000) CHARACTER SET utf8 COLLATE utf8_bin DEFAULT NULL,
  `TEXT2_` varchar(4000) CHARACTER SET utf8 COLLATE utf8_bin DEFAULT NULL,
  PRIMARY KEY (`ID_`),
  KEY `ACT_IDX_HI_DETAIL_PROC_INST` (`PROC_INST_ID_`),
  KEY `ACT_IDX_HI_DETAIL_ACT_INST` (`ACT_INST_ID_`),
  KEY `ACT_IDX_HI_DETAIL_TIME` (`TIME_`),
  KEY `ACT_IDX_HI_DETAIL_NAME` (`NAME_`),
  KEY `ACT_IDX_HI_DETAIL_TASK_ID` (`TASK_ID_`)
) ENGINE=InnoDB DEFAULT CHARSET=utf8mb3 COLLATE=utf8_bin;

-- ----------------------------
-- Table structure for ACT_HI_ENTITYLINK
-- ----------------------------
DROP TABLE IF EXISTS `ACT_HI_ENTITYLINK`;
CREATE TABLE `ACT_HI_ENTITYLINK` (
  `ID_` varchar(64) CHARACTER SET utf8 COLLATE utf8_bin NOT NULL,
  `LINK_TYPE_` varchar(255) CHARACTER SET utf8 COLLATE utf8_bin DEFAULT NULL,
  `CREATE_TIME_` datetime(3) DEFAULT NULL,
  `SCOPE_ID_` varchar(255) CHARACTER SET utf8 COLLATE utf8_bin DEFAULT NULL,
  `SUB_SCOPE_ID_` varchar(255) CHARACTER SET utf8 COLLATE utf8_bin DEFAULT NULL,
  `SCOPE_TYPE_` varchar(255) CHARACTER SET utf8 COLLATE utf8_bin DEFAULT NULL,
  `SCOPE_DEFINITION_ID_` varchar(255) CHARACTER SET utf8 COLLATE utf8_bin DEFAULT NULL,
  `PARENT_ELEMENT_ID_` varchar(255) CHARACTER SET utf8 COLLATE utf8_bin DEFAULT NULL,
  `REF_SCOPE_ID_` varchar(255) CHARACTER SET utf8 COLLATE utf8_bin DEFAULT NULL,
  `REF_SCOPE_TYPE_` varchar(255) CHARACTER SET utf8 COLLATE utf8_bin DEFAULT NULL,
  `REF_SCOPE_DEFINITION_ID_` varchar(255) CHARACTER SET utf8 COLLATE utf8_bin DEFAULT NULL,
  `ROOT_SCOPE_ID_` varchar(255) CHARACTER SET utf8 COLLATE utf8_bin DEFAULT NULL,
  `ROOT_SCOPE_TYPE_` varchar(255) CHARACTER SET utf8 COLLATE utf8_bin DEFAULT NULL,
  `HIERARCHY_TYPE_` varchar(255) CHARACTER SET utf8 COLLATE utf8_bin DEFAULT NULL,
  PRIMARY KEY (`ID_`),
  KEY `ACT_IDX_HI_ENT_LNK_SCOPE` (`SCOPE_ID_`,`SCOPE_TYPE_`,`LINK_TYPE_`),
  KEY `ACT_IDX_HI_ENT_LNK_ROOT_SCOPE` (`ROOT_SCOPE_ID_`,`ROOT_SCOPE_TYPE_`,`LINK_TYPE_`),
  KEY `ACT_IDX_HI_ENT_LNK_SCOPE_DEF` (`SCOPE_DEFINITION_ID_`,`SCOPE_TYPE_`,`LINK_TYPE_`)
) ENGINE=InnoDB DEFAULT CHARSET=utf8mb3 COLLATE=utf8_bin;

-- ----------------------------
-- Table structure for ACT_HI_IDENTITYLINK
-- ----------------------------
DROP TABLE IF EXISTS `ACT_HI_IDENTITYLINK`;
CREATE TABLE `ACT_HI_IDENTITYLINK` (
  `ID_` varchar(64) CHARACTER SET utf8 COLLATE utf8_bin NOT NULL,
  `GROUP_ID_` varchar(255) CHARACTER SET utf8 COLLATE utf8_bin DEFAULT NULL,
  `TYPE_` varchar(255) CHARACTER SET utf8 COLLATE utf8_bin DEFAULT NULL,
  `USER_ID_` varchar(255) CHARACTER SET utf8 COLLATE utf8_bin DEFAULT NULL,
  `TASK_ID_` varchar(64) CHARACTER SET utf8 COLLATE utf8_bin DEFAULT NULL,
  `CREATE_TIME_` datetime(3) DEFAULT NULL,
  `PROC_INST_ID_` varchar(64) CHARACTER SET utf8 COLLATE utf8_bin DEFAULT NULL,
  `SCOPE_ID_` varchar(255) CHARACTER SET utf8 COLLATE utf8_bin DEFAULT NULL,
  `SUB_SCOPE_ID_` varchar(255) CHARACTER SET utf8 COLLATE utf8_bin DEFAULT NULL,
  `SCOPE_TYPE_` varchar(255) CHARACTER SET utf8 COLLATE utf8_bin DEFAULT NULL,
  `SCOPE_DEFINITION_ID_` varchar(255) CHARACTER SET utf8 COLLATE utf8_bin DEFAULT NULL,
  PRIMARY KEY (`ID_`),
  KEY `ACT_IDX_HI_IDENT_LNK_USER` (`USER_ID_`),
  KEY `ACT_IDX_HI_IDENT_LNK_SCOPE` (`SCOPE_ID_`,`SCOPE_TYPE_`),
  KEY `ACT_IDX_HI_IDENT_LNK_SUB_SCOPE` (`SUB_SCOPE_ID_`,`SCOPE_TYPE_`),
  KEY `ACT_IDX_HI_IDENT_LNK_SCOPE_DEF` (`SCOPE_DEFINITION_ID_`,`SCOPE_TYPE_`),
  KEY `ACT_IDX_HI_IDENT_LNK_TASK` (`TASK_ID_`),
  KEY `ACT_IDX_HI_IDENT_LNK_PROCINST` (`PROC_INST_ID_`)
) ENGINE=InnoDB DEFAULT CHARSET=utf8mb3 COLLATE=utf8_bin;

-- ----------------------------
-- Records of ACT_HI_IDENTITYLINK
-- ----------------------------
BEGIN;
INSERT INTO `ACT_HI_IDENTITYLINK` VALUES ('0259101a-5e3d-11ec-8bee-f20bcee4e113', NULL, 'starter', 'userD', NULL, '2021-12-16 14:54:26.705', '02591019-5e3d-11ec-8bee-f20bcee4e113', NULL, NULL, NULL, NULL);
INSERT INTO `ACT_HI_IDENTITYLINK` VALUES ('02593732-5e3d-11ec-8bee-f20bcee4e113', NULL, 'assignee', 'userD', '02593731-5e3d-11ec-8bee-f20bcee4e113', '2021-12-16 14:54:26.706', NULL, NULL, NULL, NULL, NULL);
INSERT INTO `ACT_HI_IDENTITYLINK` VALUES ('02593733-5e3d-11ec-8bee-f20bcee4e113', NULL, 'participant', 'userD', NULL, '2021-12-16 14:54:26.706', '02591019-5e3d-11ec-8bee-f20bcee4e113', NULL, NULL, NULL, NULL);
INSERT INTO `ACT_HI_IDENTITYLINK` VALUES ('025c447d-5e3d-11ec-8bee-f20bcee4e113', NULL, 'participant', 'userD', NULL, '2021-12-16 14:54:26.726', '02591019-5e3d-11ec-8bee-f20bcee4e113', NULL, NULL, NULL, NULL);
INSERT INTO `ACT_HI_IDENTITYLINK` VALUES ('025d07da-5e3d-11ec-8bee-f20bcee4e113', NULL, 'assignee', 'userA', '025d07d9-5e3d-11ec-8bee-f20bcee4e113', '2021-12-16 14:54:26.731', NULL, NULL, NULL, NULL, NULL);
INSERT INTO `ACT_HI_IDENTITYLINK` VALUES ('025d07db-5e3d-11ec-8bee-f20bcee4e113', NULL, 'participant', 'userA', NULL, '2021-12-16 14:54:26.731', '02591019-5e3d-11ec-8bee-f20bcee4e113', NULL, NULL, NULL, NULL);
INSERT INTO `ACT_HI_IDENTITYLINK` VALUES ('025d07df-5e3d-11ec-8bee-f20bcee4e113', NULL, 'assignee', 'userB', '025d07de-5e3d-11ec-8bee-f20bcee4e113', '2021-12-16 14:54:26.731', NULL, NULL, NULL, NULL, NULL);
INSERT INTO `ACT_HI_IDENTITYLINK` VALUES ('025d07e0-5e3d-11ec-8bee-f20bcee4e113', NULL, 'participant', 'userB', NULL, '2021-12-16 14:54:26.731', '02591019-5e3d-11ec-8bee-f20bcee4e113', NULL, NULL, NULL, NULL);
INSERT INTO `ACT_HI_IDENTITYLINK` VALUES ('0f0da081-5e3d-11ec-8bee-f20bcee4e113', NULL, 'participant', 'userD', NULL, '2021-12-16 14:54:48.021', '02591019-5e3d-11ec-8bee-f20bcee4e113', NULL, NULL, NULL, NULL);
INSERT INTO `ACT_HI_IDENTITYLINK` VALUES ('1505f133-1cd7-11ec-acd8-3ae4f1d3c3af', NULL, 'assignee', 'userA', 'f62d36b1-1cd6-11ec-acd8-3ae4f1d3c3af', '2021-09-24 09:31:03.789', NULL, NULL, NULL, NULL, NULL);
INSERT INTO `ACT_HI_IDENTITYLINK` VALUES ('15061844-1cd7-11ec-acd8-3ae4f1d3c3af', NULL, 'participant', 'userA', NULL, '2021-09-24 09:31:03.791', 'e7ac71d9-1cd6-11ec-acd8-3ae4f1d3c3af', NULL, NULL, NULL, NULL);
INSERT INTO `ACT_HI_IDENTITYLINK` VALUES ('17547fda-1cd8-11ec-acd8-3ae4f1d3c3af', NULL, 'starter', 'userD', NULL, '2021-09-24 09:38:17.157', '17547fd9-1cd8-11ec-acd8-3ae4f1d3c3af', NULL, NULL, NULL, NULL);
INSERT INTO `ACT_HI_IDENTITYLINK` VALUES ('1754a6f3-1cd8-11ec-acd8-3ae4f1d3c3af', NULL, 'assignee', 'userD', '1754a6f2-1cd8-11ec-acd8-3ae4f1d3c3af', '2021-09-24 09:38:17.158', NULL, NULL, NULL, NULL, NULL);
INSERT INTO `ACT_HI_IDENTITYLINK` VALUES ('1754a6f4-1cd8-11ec-acd8-3ae4f1d3c3af', NULL, 'participant', 'userD', NULL, '2021-09-24 09:38:17.158', '17547fd9-1cd8-11ec-acd8-3ae4f1d3c3af', NULL, NULL, NULL, NULL);
INSERT INTO `ACT_HI_IDENTITYLINK` VALUES ('17576616-1cd8-11ec-acd8-3ae4f1d3c3af', NULL, 'participant', 'userD', NULL, '2021-09-24 09:38:17.176', '17547fd9-1cd8-11ec-acd8-3ae4f1d3c3af', NULL, NULL, NULL, NULL);
INSERT INTO `ACT_HI_IDENTITYLINK` VALUES ('1758025a-1cd8-11ec-acd8-3ae4f1d3c3af', '1440964519391137792', 'candidate', NULL, '1757db49-1cd8-11ec-acd8-3ae4f1d3c3af', '2021-09-24 09:38:17.180', NULL, NULL, NULL, NULL, NULL);
INSERT INTO `ACT_HI_IDENTITYLINK` VALUES ('1b22e388-5e3d-11ec-8bee-f20bcee4e113', NULL, 'assignee', 'userD', '1b22e387-5e3d-11ec-8bee-f20bcee4e113', '2021-12-16 14:55:08.293', NULL, NULL, NULL, NULL, NULL);
INSERT INTO `ACT_HI_IDENTITYLINK` VALUES ('1b41a385-1cd9-11ec-acd8-3ae4f1d3c3af', NULL, 'starter', 'userD', NULL, '2021-09-24 09:45:33.241', '1b41a384-1cd9-11ec-acd8-3ae4f1d3c3af', NULL, NULL, NULL, NULL);
INSERT INTO `ACT_HI_IDENTITYLINK` VALUES ('1b41a38e-1cd9-11ec-acd8-3ae4f1d3c3af', NULL, 'assignee', 'userD', '1b41a38d-1cd9-11ec-acd8-3ae4f1d3c3af', '2021-09-24 09:45:33.241', NULL, NULL, NULL, NULL, NULL);
INSERT INTO `ACT_HI_IDENTITYLINK` VALUES ('1b41a38f-1cd9-11ec-acd8-3ae4f1d3c3af', NULL, 'participant', 'userD', NULL, '2021-09-24 09:45:33.241', '1b41a384-1cd9-11ec-acd8-3ae4f1d3c3af', NULL, NULL, NULL, NULL);
INSERT INTO `ACT_HI_IDENTITYLINK` VALUES ('1b441391-1cd9-11ec-acd8-3ae4f1d3c3af', NULL, 'participant', 'userD', NULL, '2021-09-24 09:45:33.258', '1b41a384-1cd9-11ec-acd8-3ae4f1d3c3af', NULL, NULL, NULL, NULL);
INSERT INTO `ACT_HI_IDENTITYLINK` VALUES ('1b4488c5-1cd9-11ec-acd8-3ae4f1d3c3af', '1440964519391137792', 'candidate', NULL, '1b4488c4-1cd9-11ec-acd8-3ae4f1d3c3af', '2021-09-24 09:45:33.260', NULL, NULL, NULL, NULL, NULL);
INSERT INTO `ACT_HI_IDENTITYLINK` VALUES ('21b2eb2b-1cd8-11ec-acd8-3ae4f1d3c3af', NULL, 'assignee', 'leaderTJ', '1757db49-1cd8-11ec-acd8-3ae4f1d3c3af', '2021-09-24 09:38:34.553', NULL, NULL, NULL, NULL, NULL);
INSERT INTO `ACT_HI_IDENTITYLINK` VALUES ('21b3123c-1cd8-11ec-acd8-3ae4f1d3c3af', NULL, 'participant', 'leaderTJ', NULL, '2021-09-24 09:38:34.554', '17547fd9-1cd8-11ec-acd8-3ae4f1d3c3af', NULL, NULL, NULL, NULL);
INSERT INTO `ACT_HI_IDENTITYLINK` VALUES ('21b953d5-1cd8-11ec-acd8-3ae4f1d3c3af', NULL, 'candidate', 'admin', '21b953d4-1cd8-11ec-acd8-3ae4f1d3c3af', '2021-09-24 09:38:34.595', NULL, NULL, NULL, NULL, NULL);
INSERT INTO `ACT_HI_IDENTITYLINK` VALUES ('21b953d6-1cd8-11ec-acd8-3ae4f1d3c3af', NULL, 'participant', 'admin', NULL, '2021-09-24 09:38:34.596', '17547fd9-1cd8-11ec-acd8-3ae4f1d3c3af', NULL, NULL, NULL, NULL);
INSERT INTO `ACT_HI_IDENTITYLINK` VALUES ('21b97ae9-1cd8-11ec-acd8-3ae4f1d3c3af', NULL, 'assignee', 'admin', '21b97ae8-1cd8-11ec-acd8-3ae4f1d3c3af', '2021-09-24 09:38:34.596', NULL, NULL, NULL, NULL, NULL);
INSERT INTO `ACT_HI_IDENTITYLINK` VALUES ('22f3c004-1d0e-11ec-8336-3ae4f1d3c3af', NULL, 'starter', 'userD', NULL, '2021-09-24 16:05:09.480', '22f398f3-1d0e-11ec-8336-3ae4f1d3c3af', NULL, NULL, NULL, NULL);
INSERT INTO `ACT_HI_IDENTITYLINK` VALUES ('22fa76cd-1d0e-11ec-8336-3ae4f1d3c3af', NULL, 'assignee', 'userD', '22f9b37c-1d0e-11ec-8336-3ae4f1d3c3af', '2021-09-24 16:05:09.523', NULL, NULL, NULL, NULL, NULL);
INSERT INTO `ACT_HI_IDENTITYLINK` VALUES ('22fa9dde-1d0e-11ec-8336-3ae4f1d3c3af', NULL, 'participant', 'userD', NULL, '2021-09-24 16:05:09.524', '22f398f3-1d0e-11ec-8336-3ae4f1d3c3af', NULL, NULL, NULL, NULL);
INSERT INTO `ACT_HI_IDENTITYLINK` VALUES ('23023f00-1d0e-11ec-8336-3ae4f1d3c3af', NULL, 'participant', 'userD', NULL, '2021-09-24 16:05:09.574', '22f398f3-1d0e-11ec-8336-3ae4f1d3c3af', NULL, NULL, NULL, NULL);
INSERT INTO `ACT_HI_IDENTITYLINK` VALUES ('23035074-1d0e-11ec-8336-3ae4f1d3c3af', '1440964519391137792', 'candidate', NULL, '23032963-1d0e-11ec-8336-3ae4f1d3c3af', '2021-09-24 16:05:09.581', NULL, NULL, NULL, NULL, NULL);
INSERT INTO `ACT_HI_IDENTITYLINK` VALUES ('27196766-1cd9-11ec-acd8-3ae4f1d3c3af', NULL, 'assignee', 'leaderTJ', '1b4488c4-1cd9-11ec-acd8-3ae4f1d3c3af', '2021-09-24 09:45:53.110', NULL, NULL, NULL, NULL, NULL);
INSERT INTO `ACT_HI_IDENTITYLINK` VALUES ('27198e77-1cd9-11ec-acd8-3ae4f1d3c3af', NULL, 'participant', 'leaderTJ', NULL, '2021-09-24 09:45:53.111', '1b41a384-1cd9-11ec-acd8-3ae4f1d3c3af', NULL, NULL, NULL, NULL);
INSERT INTO `ACT_HI_IDENTITYLINK` VALUES ('271e9790-1cd9-11ec-acd8-3ae4f1d3c3af', NULL, 'candidate', 'admin', '271e978f-1cd9-11ec-acd8-3ae4f1d3c3af', '2021-09-24 09:45:53.144', NULL, NULL, NULL, NULL, NULL);
INSERT INTO `ACT_HI_IDENTITYLINK` VALUES ('271ebea1-1cd9-11ec-acd8-3ae4f1d3c3af', NULL, 'participant', 'admin', NULL, '2021-09-24 09:45:53.145', '1b41a384-1cd9-11ec-acd8-3ae4f1d3c3af', NULL, NULL, NULL, NULL);
INSERT INTO `ACT_HI_IDENTITYLINK` VALUES ('271ebea4-1cd9-11ec-acd8-3ae4f1d3c3af', NULL, 'assignee', 'admin', '271ebea3-1cd9-11ec-acd8-3ae4f1d3c3af', '2021-09-24 09:45:53.145', NULL, NULL, NULL, NULL, NULL);
INSERT INTO `ACT_HI_IDENTITYLINK` VALUES ('279fe909-5e3d-11ec-8bee-f20bcee4e113', NULL, 'participant', 'userA', NULL, '2021-12-16 14:55:29.245', '02591019-5e3d-11ec-8bee-f20bcee4e113', NULL, NULL, NULL, NULL);
INSERT INTO `ACT_HI_IDENTITYLINK` VALUES ('2c04371a-1cd8-11ec-acd8-3ae4f1d3c3af', NULL, 'participant', 'userD', NULL, '2021-09-24 09:38:51.863', '17547fd9-1cd8-11ec-acd8-3ae4f1d3c3af', NULL, NULL, NULL, NULL);
INSERT INTO `ACT_HI_IDENTITYLINK` VALUES ('2ef91715-1cd9-11ec-acd8-3ae4f1d3c3af', NULL, 'participant', 'userD', NULL, '2021-09-24 09:46:06.320', '1b41a384-1cd9-11ec-acd8-3ae4f1d3c3af', NULL, NULL, NULL, NULL);
INSERT INTO `ACT_HI_IDENTITYLINK` VALUES ('2f06710a-5e3d-11ec-8bee-f20bcee4e113', NULL, 'participant', 'userD', NULL, '2021-12-16 14:55:41.661', '02591019-5e3d-11ec-8bee-f20bcee4e113', NULL, NULL, NULL, NULL);
INSERT INTO `ACT_HI_IDENTITYLINK` VALUES ('2f0893ef-5e3d-11ec-8bee-f20bcee4e113', NULL, 'assignee', 'admin', '2f0893ee-5e3d-11ec-8bee-f20bcee4e113', '2021-12-16 14:55:41.675', NULL, NULL, NULL, NULL, NULL);
INSERT INTO `ACT_HI_IDENTITYLINK` VALUES ('2f0893f0-5e3d-11ec-8bee-f20bcee4e113', NULL, 'participant', 'admin', NULL, '2021-12-16 14:55:41.675', '02591019-5e3d-11ec-8bee-f20bcee4e113', NULL, NULL, NULL, NULL);
INSERT INTO `ACT_HI_IDENTITYLINK` VALUES ('303a189d-1cd8-11ec-acd8-3ae4f1d3c3af', NULL, 'assignee', 'admin', '21b953d4-1cd8-11ec-acd8-3ae4f1d3c3af', '2021-09-24 09:38:58.927', NULL, NULL, NULL, NULL, NULL);
INSERT INTO `ACT_HI_IDENTITYLINK` VALUES ('30400c0f-1cd8-11ec-acd8-3ae4f1d3c3af', NULL, 'participant', 'userD', NULL, '2021-09-24 09:38:58.966', '17547fd9-1cd8-11ec-acd8-3ae4f1d3c3af', NULL, NULL, NULL, NULL);
INSERT INTO `ACT_HI_IDENTITYLINK` VALUES ('3040cf65-1cd8-11ec-acd8-3ae4f1d3c3af', '1440964519395332096', 'candidate', NULL, '3040cf64-1cd8-11ec-acd8-3ae4f1d3c3af', '2021-09-24 09:38:58.971', NULL, NULL, NULL, NULL, NULL);
INSERT INTO `ACT_HI_IDENTITYLINK` VALUES ('3040cf66-1cd8-11ec-acd8-3ae4f1d3c3af', '1440964519391137792', 'candidate', NULL, '3040cf64-1cd8-11ec-acd8-3ae4f1d3c3af', '2021-09-24 09:38:58.971', NULL, NULL, NULL, NULL, NULL);
INSERT INTO `ACT_HI_IDENTITYLINK` VALUES ('32b27598-1cd9-11ec-acd8-3ae4f1d3c3af', NULL, 'assignee', 'admin', '271e978f-1cd9-11ec-acd8-3ae4f1d3c3af', '2021-09-24 09:46:12.568', NULL, NULL, NULL, NULL, NULL);
INSERT INTO `ACT_HI_IDENTITYLINK` VALUES ('32b7308f-1cd9-11ec-acd8-3ae4f1d3c3af', '1440964519395332096', 'candidate', NULL, '32b7097e-1cd9-11ec-acd8-3ae4f1d3c3af', '2021-09-24 09:46:12.599', NULL, NULL, NULL, NULL, NULL);
INSERT INTO `ACT_HI_IDENTITYLINK` VALUES ('32b73090-1cd9-11ec-acd8-3ae4f1d3c3af', '1440964519391137792', 'candidate', NULL, '32b7097e-1cd9-11ec-acd8-3ae4f1d3c3af', '2021-09-24 09:46:12.599', NULL, NULL, NULL, NULL, NULL);
INSERT INTO `ACT_HI_IDENTITYLINK` VALUES ('420171f9-1cd7-11ec-acd8-3ae4f1d3c3af', NULL, 'starter', 'userD', NULL, '2021-09-24 09:32:19.258', '420171f8-1cd7-11ec-acd8-3ae4f1d3c3af', NULL, NULL, NULL, NULL);
INSERT INTO `ACT_HI_IDENTITYLINK` VALUES ('42019912-1cd7-11ec-acd8-3ae4f1d3c3af', NULL, 'assignee', 'userD', '42019911-1cd7-11ec-acd8-3ae4f1d3c3af', '2021-09-24 09:32:19.259', NULL, NULL, NULL, NULL, NULL);
INSERT INTO `ACT_HI_IDENTITYLINK` VALUES ('42019913-1cd7-11ec-acd8-3ae4f1d3c3af', NULL, 'participant', 'userD', NULL, '2021-09-24 09:32:19.259', '420171f8-1cd7-11ec-acd8-3ae4f1d3c3af', NULL, NULL, NULL, NULL);
INSERT INTO `ACT_HI_IDENTITYLINK` VALUES ('4204cd65-1cd7-11ec-acd8-3ae4f1d3c3af', NULL, 'participant', 'userD', NULL, '2021-09-24 09:32:19.280', '420171f8-1cd7-11ec-acd8-3ae4f1d3c3af', NULL, NULL, NULL, NULL);
INSERT INTO `ACT_HI_IDENTITYLINK` VALUES ('42054299-1cd7-11ec-acd8-3ae4f1d3c3af', '1440964519391137792', 'candidate', NULL, '42054298-1cd7-11ec-acd8-3ae4f1d3c3af', '2021-09-24 09:32:19.283', NULL, NULL, NULL, NULL, NULL);
INSERT INTO `ACT_HI_IDENTITYLINK` VALUES ('48792d3a-1cd7-11ec-acd8-3ae4f1d3c3af', NULL, 'assignee', 'leaderTJ', '42054298-1cd7-11ec-acd8-3ae4f1d3c3af', '2021-09-24 09:32:30.109', NULL, NULL, NULL, NULL, NULL);
INSERT INTO `ACT_HI_IDENTITYLINK` VALUES ('48797b5b-1cd7-11ec-acd8-3ae4f1d3c3af', NULL, 'participant', 'leaderTJ', NULL, '2021-09-24 09:32:30.111', '420171f8-1cd7-11ec-acd8-3ae4f1d3c3af', NULL, NULL, NULL, NULL);
INSERT INTO `ACT_HI_IDENTITYLINK` VALUES ('487f20b3-1cd7-11ec-acd8-3ae4f1d3c3af', '1440911410581213416', 'candidate', NULL, '487ef9a2-1cd7-11ec-acd8-3ae4f1d3c3af', '2021-09-24 09:32:30.148', NULL, NULL, NULL, NULL, NULL);
INSERT INTO `ACT_HI_IDENTITYLINK` VALUES ('4af914cd-5e38-11ec-9f5e-f20bcee4e113', NULL, 'assignee', 'leaderHR', 'e14a238b-5e36-11ec-9f5e-f20bcee4e113', '2021-12-16 14:20:41.066', NULL, NULL, NULL, NULL, NULL);
INSERT INTO `ACT_HI_IDENTITYLINK` VALUES ('4af962ee-5e38-11ec-9f5e-f20bcee4e113', NULL, 'participant', 'leaderHR', NULL, '2021-12-16 14:20:41.068', 'e13cdd0b-5e36-11ec-9f5e-f20bcee4e113', NULL, NULL, NULL, NULL);
INSERT INTO `ACT_HI_IDENTITYLINK` VALUES ('4afee133-5e38-11ec-9f5e-f20bcee4e113', '1440964221780103168', 'candidate', NULL, '4afee132-5e38-11ec-9f5e-f20bcee4e113', '2021-12-16 14:20:41.104', NULL, NULL, NULL, NULL, NULL);
INSERT INTO `ACT_HI_IDENTITYLINK` VALUES ('4fe73a27-1cd8-11ec-acd8-3ae4f1d3c3af', NULL, 'assignee', 'leaderTJ', '3040cf64-1cd8-11ec-acd8-3ae4f1d3c3af', '2021-09-24 09:39:52.071', NULL, NULL, NULL, NULL, NULL);
INSERT INTO `ACT_HI_IDENTITYLINK` VALUES ('4febf519-1cd8-11ec-acd8-3ae4f1d3c3af', NULL, 'participant', 'userD', NULL, '2021-09-24 09:39:52.102', '17547fd9-1cd8-11ec-acd8-3ae4f1d3c3af', NULL, NULL, NULL, NULL);
INSERT INTO `ACT_HI_IDENTITYLINK` VALUES ('4fec915d-1cd8-11ec-acd8-3ae4f1d3c3af', '1440964387979399168', 'candidate', NULL, '4fec915c-1cd8-11ec-acd8-3ae4f1d3c3af', '2021-09-24 09:39:52.106', NULL, NULL, NULL, NULL, NULL);
INSERT INTO `ACT_HI_IDENTITYLINK` VALUES ('5ba37ce4-1cd7-11ec-acd8-3ae4f1d3c3af', NULL, 'assignee', 'leader', '487ef9a2-1cd7-11ec-acd8-3ae4f1d3c3af', '2021-09-24 09:33:02.263', NULL, NULL, NULL, NULL, NULL);
INSERT INTO `ACT_HI_IDENTITYLINK` VALUES ('5ba3a3f5-1cd7-11ec-acd8-3ae4f1d3c3af', NULL, 'participant', 'leader', NULL, '2021-09-24 09:33:02.264', '420171f8-1cd7-11ec-acd8-3ae4f1d3c3af', NULL, NULL, NULL, NULL);
INSERT INTO `ACT_HI_IDENTITYLINK` VALUES ('5ba7c2a7-1cd7-11ec-acd8-3ae4f1d3c3af', NULL, 'participant', 'userD', NULL, '2021-09-24 09:33:02.291', '420171f8-1cd7-11ec-acd8-3ae4f1d3c3af', NULL, NULL, NULL, NULL);
INSERT INTO `ACT_HI_IDENTITYLINK` VALUES ('66c1f191-1cd9-11ec-acd8-3ae4f1d3c3af', NULL, 'assignee', 'leaderTJ2', '32b7097e-1cd9-11ec-acd8-3ae4f1d3c3af', '2021-09-24 09:47:39.911', NULL, NULL, NULL, NULL, NULL);
INSERT INTO `ACT_HI_IDENTITYLINK` VALUES ('66c218a2-1cd9-11ec-acd8-3ae4f1d3c3af', NULL, 'participant', 'leaderTJ2', NULL, '2021-09-24 09:47:39.912', '1b41a384-1cd9-11ec-acd8-3ae4f1d3c3af', NULL, NULL, NULL, NULL);
INSERT INTO `ACT_HI_IDENTITYLINK` VALUES ('66c6d397-1cd9-11ec-acd8-3ae4f1d3c3af', '1440964387979399168', 'candidate', NULL, '66c6d396-1cd9-11ec-acd8-3ae4f1d3c3af', '2021-09-24 09:47:39.943', NULL, NULL, NULL, NULL, NULL);
INSERT INTO `ACT_HI_IDENTITYLINK` VALUES ('6cada2b8-5e3c-11ec-8bee-f20bcee4e113', NULL, 'starter', 'userD', NULL, '2021-12-16 14:50:15.601', '6cada2b7-5e3c-11ec-8bee-f20bcee4e113', NULL, NULL, NULL, NULL);
INSERT INTO `ACT_HI_IDENTITYLINK` VALUES ('6cadc9d1-5e3c-11ec-8bee-f20bcee4e113', NULL, 'assignee', 'userD', '6cadc9d0-5e3c-11ec-8bee-f20bcee4e113', '2021-12-16 14:50:15.602', NULL, NULL, NULL, NULL, NULL);
INSERT INTO `ACT_HI_IDENTITYLINK` VALUES ('6cadc9d2-5e3c-11ec-8bee-f20bcee4e113', NULL, 'participant', 'userD', NULL, '2021-12-16 14:50:15.602', '6cada2b7-5e3c-11ec-8bee-f20bcee4e113', NULL, NULL, NULL, NULL);
INSERT INTO `ACT_HI_IDENTITYLINK` VALUES ('6cb088f4-5e3c-11ec-8bee-f20bcee4e113', NULL, 'participant', 'userD', NULL, '2021-12-16 14:50:15.620', '6cada2b7-5e3c-11ec-8bee-f20bcee4e113', NULL, NULL, NULL, NULL);
INSERT INTO `ACT_HI_IDENTITYLINK` VALUES ('6cb12538-5e3c-11ec-8bee-f20bcee4e113', '1440964519391137792', 'candidate', NULL, '6cb12537-5e3c-11ec-8bee-f20bcee4e113', '2021-12-16 14:50:15.624', NULL, NULL, NULL, NULL, NULL);
INSERT INTO `ACT_HI_IDENTITYLINK` VALUES ('7138d67e-1d1d-11ec-8336-3ae4f1d3c3af', NULL, 'starter', 'userD', NULL, '2021-09-24 17:54:43.245', '7138d67d-1d1d-11ec-8336-3ae4f1d3c3af', NULL, NULL, NULL, NULL);
INSERT INTO `ACT_HI_IDENTITYLINK` VALUES ('7138fd97-1d1d-11ec-8336-3ae4f1d3c3af', NULL, 'assignee', 'userD', '7138fd96-1d1d-11ec-8336-3ae4f1d3c3af', '2021-09-24 17:54:43.246', NULL, NULL, NULL, NULL, NULL);
INSERT INTO `ACT_HI_IDENTITYLINK` VALUES ('7138fd98-1d1d-11ec-8336-3ae4f1d3c3af', NULL, 'participant', 'userD', NULL, '2021-09-24 17:54:43.246', '7138d67d-1d1d-11ec-8336-3ae4f1d3c3af', NULL, NULL, NULL, NULL);
INSERT INTO `ACT_HI_IDENTITYLINK` VALUES ('713d6a6a-1d1d-11ec-8336-3ae4f1d3c3af', NULL, 'participant', 'userD', NULL, '2021-09-24 17:54:43.275', '7138d67d-1d1d-11ec-8336-3ae4f1d3c3af', NULL, NULL, NULL, NULL);
INSERT INTO `ACT_HI_IDENTITYLINK` VALUES ('713e06ae-1d1d-11ec-8336-3ae4f1d3c3af', '1440964519391137792', 'candidate', NULL, '713e06ad-1d1d-11ec-8336-3ae4f1d3c3af', '2021-09-24 17:54:43.279', NULL, NULL, NULL, NULL, NULL);
INSERT INTO `ACT_HI_IDENTITYLINK` VALUES ('719d8e5b-1cd7-11ec-acd8-3ae4f1d3c3af', NULL, 'starter', 'userD', NULL, '2021-09-24 09:33:39.134', '719d8e5a-1cd7-11ec-acd8-3ae4f1d3c3af', NULL, NULL, NULL, NULL);
INSERT INTO `ACT_HI_IDENTITYLINK` VALUES ('72ea4615-1d14-11ec-8336-3ae4f1d3c3af', NULL, 'assignee', 'leaderTJ', '23032963-1d0e-11ec-8336-3ae4f1d3c3af', '2021-09-24 16:50:20.614', NULL, NULL, NULL, NULL, NULL);
INSERT INTO `ACT_HI_IDENTITYLINK` VALUES ('72ea6d26-1d14-11ec-8336-3ae4f1d3c3af', NULL, 'participant', 'leaderTJ', NULL, '2021-09-24 16:50:20.616', '22f398f3-1d0e-11ec-8336-3ae4f1d3c3af', NULL, NULL, NULL, NULL);
INSERT INTO `ACT_HI_IDENTITYLINK` VALUES ('73bafaee-1cd8-11ec-acd8-3ae4f1d3c3af', NULL, 'assignee', 'leaderLaw', '4fec915c-1cd8-11ec-acd8-3ae4f1d3c3af', '2021-09-24 09:40:52.179', NULL, NULL, NULL, NULL, NULL);
INSERT INTO `ACT_HI_IDENTITYLINK` VALUES ('73bb21ff-1cd8-11ec-acd8-3ae4f1d3c3af', NULL, 'participant', 'leaderLaw', NULL, '2021-09-24 09:40:52.180', '17547fd9-1cd8-11ec-acd8-3ae4f1d3c3af', NULL, NULL, NULL, NULL);
INSERT INTO `ACT_HI_IDENTITYLINK` VALUES ('73c163a7-1cd8-11ec-acd8-3ae4f1d3c3af', NULL, 'assignee', 'userB', '73c163a6-1cd8-11ec-acd8-3ae4f1d3c3af', '2021-09-24 09:40:52.221', NULL, NULL, NULL, NULL, NULL);
INSERT INTO `ACT_HI_IDENTITYLINK` VALUES ('73c18ab8-1cd8-11ec-acd8-3ae4f1d3c3af', NULL, 'participant', 'userB', NULL, '2021-09-24 09:40:52.222', '17547fd9-1cd8-11ec-acd8-3ae4f1d3c3af', NULL, NULL, NULL, NULL);
INSERT INTO `ACT_HI_IDENTITYLINK` VALUES ('73c18abc-1cd8-11ec-acd8-3ae4f1d3c3af', NULL, 'assignee', 'userC', '73c18abb-1cd8-11ec-acd8-3ae4f1d3c3af', '2021-09-24 09:40:52.222', NULL, NULL, NULL, NULL, NULL);
INSERT INTO `ACT_HI_IDENTITYLINK` VALUES ('73c18abd-1cd8-11ec-acd8-3ae4f1d3c3af', NULL, 'participant', 'userC', NULL, '2021-09-24 09:40:52.222', '17547fd9-1cd8-11ec-acd8-3ae4f1d3c3af', NULL, NULL, NULL, NULL);
INSERT INTO `ACT_HI_IDENTITYLINK` VALUES ('73c18ac1-1cd8-11ec-acd8-3ae4f1d3c3af', NULL, 'assignee', 'leaderLaw', '73c18ac0-1cd8-11ec-acd8-3ae4f1d3c3af', '2021-09-24 09:40:52.222', NULL, NULL, NULL, NULL, NULL);
INSERT INTO `ACT_HI_IDENTITYLINK` VALUES ('74bc2138-1cd9-11ec-acd8-3ae4f1d3c3af', NULL, 'assignee', 'leaderLaw', '66c6d396-1cd9-11ec-acd8-3ae4f1d3c3af', '2021-09-24 09:48:03.361', NULL, NULL, NULL, NULL, NULL);
INSERT INTO `ACT_HI_IDENTITYLINK` VALUES ('74bc4849-1cd9-11ec-acd8-3ae4f1d3c3af', NULL, 'participant', 'leaderLaw', NULL, '2021-09-24 09:48:03.362', '1b41a384-1cd9-11ec-acd8-3ae4f1d3c3af', NULL, NULL, NULL, NULL);
INSERT INTO `ACT_HI_IDENTITYLINK` VALUES ('74c12a5f-1cd9-11ec-acd8-3ae4f1d3c3af', NULL, 'assignee', 'leaderLaw', '74c12a5e-1cd9-11ec-acd8-3ae4f1d3c3af', '2021-09-24 09:48:03.394', NULL, NULL, NULL, NULL, NULL);
INSERT INTO `ACT_HI_IDENTITYLINK` VALUES ('74c15173-1cd9-11ec-acd8-3ae4f1d3c3af', NULL, 'assignee', 'userC', '74c15172-1cd9-11ec-acd8-3ae4f1d3c3af', '2021-09-24 09:48:03.395', NULL, NULL, NULL, NULL, NULL);
INSERT INTO `ACT_HI_IDENTITYLINK` VALUES ('74c15174-1cd9-11ec-acd8-3ae4f1d3c3af', NULL, 'participant', 'userC', NULL, '2021-09-24 09:48:03.395', '1b41a384-1cd9-11ec-acd8-3ae4f1d3c3af', NULL, NULL, NULL, NULL);
INSERT INTO `ACT_HI_IDENTITYLINK` VALUES ('7a4309f8-1cd8-11ec-acd8-3ae4f1d3c3af', NULL, 'assignee', 'admin', '7a4309f7-1cd8-11ec-acd8-3ae4f1d3c3af', '2021-09-24 09:41:03.137', NULL, NULL, NULL, NULL, NULL);
INSERT INTO `ACT_HI_IDENTITYLINK` VALUES ('85f70649-5e3c-11ec-8bee-f20bcee4e113', NULL, 'assignee', 'leaderTJ', '6cb12537-5e3c-11ec-8bee-f20bcee4e113', '2021-12-16 14:50:58.025', NULL, NULL, NULL, NULL, NULL);
INSERT INTO `ACT_HI_IDENTITYLINK` VALUES ('85f72d5a-5e3c-11ec-8bee-f20bcee4e113', NULL, 'participant', 'leaderTJ', NULL, '2021-12-16 14:50:58.026', '6cada2b7-5e3c-11ec-8bee-f20bcee4e113', NULL, NULL, NULL, NULL);
INSERT INTO `ACT_HI_IDENTITYLINK` VALUES ('85faafd3-5e3c-11ec-8bee-f20bcee4e113', '1440963698460987392', 'candidate', NULL, '85faafd2-5e3c-11ec-8bee-f20bcee4e113', '2021-12-16 14:50:58.049', NULL, NULL, NULL, NULL, NULL);
INSERT INTO `ACT_HI_IDENTITYLINK` VALUES ('85faafd6-5e3c-11ec-8bee-f20bcee4e113', NULL, 'assignee', 'admin', '85faafd5-5e3c-11ec-8bee-f20bcee4e113', '2021-12-16 14:50:58.049', NULL, NULL, NULL, NULL, NULL);
INSERT INTO `ACT_HI_IDENTITYLINK` VALUES ('85fad6e7-5e3c-11ec-8bee-f20bcee4e113', NULL, 'participant', 'admin', NULL, '2021-12-16 14:50:58.050', '6cada2b7-5e3c-11ec-8bee-f20bcee4e113', NULL, NULL, NULL, NULL);
INSERT INTO `ACT_HI_IDENTITYLINK` VALUES ('8b4134bb-1cd9-11ec-acd8-3ae4f1d3c3af', NULL, 'assignee', 'userB', '8b4134ba-1cd9-11ec-acd8-3ae4f1d3c3af', '2021-09-24 09:48:41.143', NULL, NULL, NULL, NULL, NULL);
INSERT INTO `ACT_HI_IDENTITYLINK` VALUES ('8b415bcc-1cd9-11ec-acd8-3ae4f1d3c3af', NULL, 'participant', 'userB', NULL, '2021-09-24 09:48:41.144', '1b41a384-1cd9-11ec-acd8-3ae4f1d3c3af', NULL, NULL, NULL, NULL);
INSERT INTO `ACT_HI_IDENTITYLINK` VALUES ('8c1f6908-5e3c-11ec-8bee-f20bcee4e113', NULL, 'assignee', 'leaderTJ', '85faafd2-5e3c-11ec-8bee-f20bcee4e113', '2021-12-16 14:51:08.356', NULL, NULL, NULL, NULL, NULL);
INSERT INTO `ACT_HI_IDENTITYLINK` VALUES ('9809a46c-5e3c-11ec-8bee-f20bcee4e113', NULL, 'participant', 'userA', NULL, '2021-12-16 14:51:28.346', '6cada2b7-5e3c-11ec-8bee-f20bcee4e113', NULL, NULL, NULL, NULL);
INSERT INTO `ACT_HI_IDENTITYLINK` VALUES ('980a8ed2-5e3c-11ec-8bee-f20bcee4e113', '1440964519391137792', 'candidate', NULL, '980a8ed1-5e3c-11ec-8bee-f20bcee4e113', '2021-12-16 14:51:28.352', NULL, NULL, NULL, NULL, NULL);
INSERT INTO `ACT_HI_IDENTITYLINK` VALUES ('9e83779f-5e3b-11ec-8bee-f20bcee4e113', NULL, 'starter', 'userA', NULL, '2021-12-16 14:44:29.714', '9e83779e-5e3b-11ec-8bee-f20bcee4e113', NULL, NULL, NULL, NULL);
INSERT INTO `ACT_HI_IDENTITYLINK` VALUES ('9e8377a8-5e3b-11ec-8bee-f20bcee4e113', NULL, 'assignee', 'userA', '9e8377a7-5e3b-11ec-8bee-f20bcee4e113', '2021-12-16 14:44:29.714', NULL, NULL, NULL, NULL, NULL);
INSERT INTO `ACT_HI_IDENTITYLINK` VALUES ('9e8377a9-5e3b-11ec-8bee-f20bcee4e113', NULL, 'participant', 'userA', NULL, '2021-12-16 14:44:29.714', '9e83779e-5e3b-11ec-8bee-f20bcee4e113', NULL, NULL, NULL, NULL);
INSERT INTO `ACT_HI_IDENTITYLINK` VALUES ('9e86abfb-5e3b-11ec-8bee-f20bcee4e113', NULL, 'participant', 'userA', NULL, '2021-12-16 14:44:29.735', '9e83779e-5e3b-11ec-8bee-f20bcee4e113', NULL, NULL, NULL, NULL);
INSERT INTO `ACT_HI_IDENTITYLINK` VALUES ('9e87483f-5e3b-11ec-8bee-f20bcee4e113', '1440964221780103168', 'candidate', NULL, '9e87483e-5e3b-11ec-8bee-f20bcee4e113', '2021-12-16 14:44:29.739', NULL, NULL, NULL, NULL, NULL);
INSERT INTO `ACT_HI_IDENTITYLINK` VALUES ('9f26e51d-1cd9-11ec-acd8-3ae4f1d3c3af', NULL, 'participant', 'userD', NULL, '2021-09-24 09:49:14.525', '1b41a384-1cd9-11ec-acd8-3ae4f1d3c3af', NULL, NULL, NULL, NULL);
INSERT INTO `ACT_HI_IDENTITYLINK` VALUES ('9f2892d4-1cd9-11ec-acd8-3ae4f1d3c3af', '1440911410581213416', 'candidate', NULL, '9f286bc3-1cd9-11ec-acd8-3ae4f1d3c3af', '2021-09-24 09:49:14.536', NULL, NULL, NULL, NULL, NULL);
INSERT INTO `ACT_HI_IDENTITYLINK` VALUES ('a2c60e33-5e3c-11ec-8bee-f20bcee4e113', NULL, 'assignee', 'leaderTJ', '980a8ed1-5e3c-11ec-8bee-f20bcee4e113', '2021-12-16 14:51:46.358', NULL, NULL, NULL, NULL, NULL);
INSERT INTO `ACT_HI_IDENTITYLINK` VALUES ('a2c91b78-5e3c-11ec-8bee-f20bcee4e113', '1440964387979399168', 'candidate', NULL, 'a2c91b77-5e3c-11ec-8bee-f20bcee4e113', '2021-12-16 14:51:46.378', NULL, NULL, NULL, NULL, NULL);
INSERT INTO `ACT_HI_IDENTITYLINK` VALUES ('a4cd8ab9-1cd8-11ec-acd8-3ae4f1d3c3af', NULL, 'participant', 'userD', NULL, '2021-09-24 09:42:14.509', '17547fd9-1cd8-11ec-acd8-3ae4f1d3c3af', NULL, NULL, NULL, NULL);
INSERT INTO `ACT_HI_IDENTITYLINK` VALUES ('ad2a6210-5e3b-11ec-8bee-f20bcee4e113', NULL, 'assignee', 'leaderHR', '9e87483e-5e3b-11ec-8bee-f20bcee4e113', '2021-12-16 14:44:54.296', NULL, NULL, NULL, NULL, NULL);
INSERT INTO `ACT_HI_IDENTITYLINK` VALUES ('ad2a8921-5e3b-11ec-8bee-f20bcee4e113', NULL, 'participant', 'leaderHR', NULL, '2021-12-16 14:44:54.297', '9e83779e-5e3b-11ec-8bee-f20bcee4e113', NULL, NULL, NULL, NULL);
INSERT INTO `ACT_HI_IDENTITYLINK` VALUES ('ad2e59b6-5e3b-11ec-8bee-f20bcee4e113', NULL, 'assignee', 'userA', 'ad2e32a5-5e3b-11ec-8bee-f20bcee4e113', '2021-12-16 14:44:54.322', NULL, NULL, NULL, NULL, NULL);
INSERT INTO `ACT_HI_IDENTITYLINK` VALUES ('b1c5bda5-1cd9-11ec-acd8-3ae4f1d3c3af', NULL, 'assignee', 'leader', '9f286bc3-1cd9-11ec-acd8-3ae4f1d3c3af', '2021-09-24 09:49:45.765', NULL, NULL, NULL, NULL, NULL);
INSERT INTO `ACT_HI_IDENTITYLINK` VALUES ('b1c60bc6-1cd9-11ec-acd8-3ae4f1d3c3af', NULL, 'participant', 'leader', NULL, '2021-09-24 09:49:45.767', '1b41a384-1cd9-11ec-acd8-3ae4f1d3c3af', NULL, NULL, NULL, NULL);
INSERT INTO `ACT_HI_IDENTITYLINK` VALUES ('b803d489-5e3c-11ec-8bee-f20bcee4e113', NULL, 'assignee', 'leaderLaw', 'a2c91b77-5e3c-11ec-8bee-f20bcee4e113', '2021-12-16 14:52:21.995', NULL, NULL, NULL, NULL, NULL);
INSERT INTO `ACT_HI_IDENTITYLINK` VALUES ('b80422aa-5e3c-11ec-8bee-f20bcee4e113', NULL, 'participant', 'leaderLaw', NULL, '2021-12-16 14:52:21.997', '6cada2b7-5e3c-11ec-8bee-f20bcee4e113', NULL, NULL, NULL, NULL);
INSERT INTO `ACT_HI_IDENTITYLINK` VALUES ('b80ed122-5e3c-11ec-8bee-f20bcee4e113', NULL, 'assignee', 'userB', 'b80ed121-5e3c-11ec-8bee-f20bcee4e113', '2021-12-16 14:52:22.067', NULL, NULL, NULL, NULL, NULL);
INSERT INTO `ACT_HI_IDENTITYLINK` VALUES ('b80ed123-5e3c-11ec-8bee-f20bcee4e113', NULL, 'participant', 'userB', NULL, '2021-12-16 14:52:22.067', '6cada2b7-5e3c-11ec-8bee-f20bcee4e113', NULL, NULL, NULL, NULL);
INSERT INTO `ACT_HI_IDENTITYLINK` VALUES ('b80ef837-5e3c-11ec-8bee-f20bcee4e113', NULL, 'assignee', 'leaderLaw', 'b80ef836-5e3c-11ec-8bee-f20bcee4e113', '2021-12-16 14:52:22.068', NULL, NULL, NULL, NULL, NULL);
INSERT INTO `ACT_HI_IDENTITYLINK` VALUES ('b80ef83b-5e3c-11ec-8bee-f20bcee4e113', NULL, 'assignee', 'userC', 'b80ef83a-5e3c-11ec-8bee-f20bcee4e113', '2021-12-16 14:52:22.068', NULL, NULL, NULL, NULL, NULL);
INSERT INTO `ACT_HI_IDENTITYLINK` VALUES ('b80ef83c-5e3c-11ec-8bee-f20bcee4e113', NULL, 'participant', 'userC', NULL, '2021-12-16 14:52:22.068', '6cada2b7-5e3c-11ec-8bee-f20bcee4e113', NULL, NULL, NULL, NULL);
INSERT INTO `ACT_HI_IDENTITYLINK` VALUES ('baa835ca-5e3b-11ec-8bee-f20bcee4e113', '1440964221780103168', 'candidate', NULL, 'baa80eb9-5e3b-11ec-8bee-f20bcee4e113', '2021-12-16 14:45:16.931', NULL, NULL, NULL, NULL, NULL);
INSERT INTO `ACT_HI_IDENTITYLINK` VALUES ('bdc1197d-5e3c-11ec-8bee-f20bcee4e113', NULL, 'participant', 'userA', NULL, '2021-12-16 14:52:31.624', '6cada2b7-5e3c-11ec-8bee-f20bcee4e113', NULL, NULL, NULL, NULL);
INSERT INTO `ACT_HI_IDENTITYLINK` VALUES ('c100f74b-5e3b-11ec-8bee-f20bcee4e113', NULL, 'assignee', 'leaderHR', 'baa80eb9-5e3b-11ec-8bee-f20bcee4e113', '2021-12-16 14:45:27.579', NULL, NULL, NULL, NULL, NULL);
INSERT INTO `ACT_HI_IDENTITYLINK` VALUES ('c103684e-5e3b-11ec-8bee-f20bcee4e113', NULL, 'participant', 'userA', NULL, '2021-12-16 14:45:27.595', '9e83779e-5e3b-11ec-8bee-f20bcee4e113', NULL, NULL, NULL, NULL);
INSERT INTO `ACT_HI_IDENTITYLINK` VALUES ('c8b7005b-1cd9-11ec-acd8-3ae4f1d3c3af', NULL, 'starter', 'admin', NULL, '2021-09-24 09:50:24.256', 'c8b7005a-1cd9-11ec-acd8-3ae4f1d3c3af', NULL, NULL, NULL, NULL);
INSERT INTO `ACT_HI_IDENTITYLINK` VALUES ('c8b72773-1cd9-11ec-acd8-3ae4f1d3c3af', NULL, 'assignee', 'admin', 'c8b70062-1cd9-11ec-acd8-3ae4f1d3c3af', '2021-09-24 09:50:24.257', NULL, NULL, NULL, NULL, NULL);
INSERT INTO `ACT_HI_IDENTITYLINK` VALUES ('c8b72774-1cd9-11ec-acd8-3ae4f1d3c3af', NULL, 'participant', 'admin', NULL, '2021-09-24 09:50:24.257', 'c8b7005a-1cd9-11ec-acd8-3ae4f1d3c3af', NULL, NULL, NULL, NULL);
INSERT INTO `ACT_HI_IDENTITYLINK` VALUES ('c8b94a56-1cd9-11ec-acd8-3ae4f1d3c3af', NULL, 'participant', 'admin', NULL, '2021-09-24 09:50:24.271', 'c8b7005a-1cd9-11ec-acd8-3ae4f1d3c3af', NULL, NULL, NULL, NULL);
INSERT INTO `ACT_HI_IDENTITYLINK` VALUES ('c8b9bf8a-1cd9-11ec-acd8-3ae4f1d3c3af', NULL, 'candidate', 'admin', 'c8b9bf89-1cd9-11ec-acd8-3ae4f1d3c3af', '2021-09-24 09:50:24.274', NULL, NULL, NULL, NULL, NULL);
INSERT INTO `ACT_HI_IDENTITYLINK` VALUES ('c8b9bf8b-1cd9-11ec-acd8-3ae4f1d3c3af', NULL, 'candidate', 'admin', 'c8b9bf89-1cd9-11ec-acd8-3ae4f1d3c3af', '2021-09-24 09:50:24.274', NULL, NULL, NULL, NULL, NULL);
INSERT INTO `ACT_HI_IDENTITYLINK` VALUES ('d2ab111c-1cd9-11ec-acd8-3ae4f1d3c3af', NULL, 'assignee', 'admin', 'c8b9bf89-1cd9-11ec-acd8-3ae4f1d3c3af', '2021-09-24 09:50:40.955', NULL, NULL, NULL, NULL, NULL);
INSERT INTO `ACT_HI_IDENTITYLINK` VALUES ('d2af56de-1cd9-11ec-acd8-3ae4f1d3c3af', NULL, 'assignee', 'leaderHR', 'c8b9bf89-1cd9-11ec-acd8-3ae4f1d3c3af', '2021-09-24 09:50:40.983', NULL, NULL, NULL, NULL, NULL);
INSERT INTO `ACT_HI_IDENTITYLINK` VALUES ('d2afa4ff-1cd9-11ec-acd8-3ae4f1d3c3af', NULL, 'participant', 'leaderHR', NULL, '2021-09-24 09:50:40.985', 'c8b7005a-1cd9-11ec-acd8-3ae4f1d3c3af', NULL, NULL, NULL, NULL);
INSERT INTO `ACT_HI_IDENTITYLINK` VALUES ('d81d2484-5e3c-11ec-8bee-f20bcee4e113', '1440911410581213416', 'candidate', NULL, 'd81d2483-5e3c-11ec-8bee-f20bcee4e113', '2021-12-16 14:53:15.848', NULL, NULL, NULL, NULL, NULL);
INSERT INTO `ACT_HI_IDENTITYLINK` VALUES ('e13cdd0c-5e36-11ec-9f5e-f20bcee4e113', NULL, 'starter', 'userA', NULL, '2021-12-16 14:10:34.176', 'e13cdd0b-5e36-11ec-9f5e-f20bcee4e113', NULL, NULL, NULL, NULL);
INSERT INTO `ACT_HI_IDENTITYLINK` VALUES ('e1419805-5e36-11ec-9f5e-f20bcee4e113', NULL, 'assignee', 'userA', 'e140fbc4-5e36-11ec-9f5e-f20bcee4e113', '2021-12-16 14:10:34.206', NULL, NULL, NULL, NULL, NULL);
INSERT INTO `ACT_HI_IDENTITYLINK` VALUES ('e1419806-5e36-11ec-9f5e-f20bcee4e113', NULL, 'participant', 'userA', NULL, '2021-12-16 14:10:34.206', 'e13cdd0b-5e36-11ec-9f5e-f20bcee4e113', NULL, NULL, NULL, NULL);
INSERT INTO `ACT_HI_IDENTITYLINK` VALUES ('e1493928-5e36-11ec-9f5e-f20bcee4e113', NULL, 'participant', 'userA', NULL, '2021-12-16 14:10:34.256', 'e13cdd0b-5e36-11ec-9f5e-f20bcee4e113', NULL, NULL, NULL, NULL);
INSERT INTO `ACT_HI_IDENTITYLINK` VALUES ('e14a238c-5e36-11ec-9f5e-f20bcee4e113', '1440964221780103168', 'candidate', NULL, 'e14a238b-5e36-11ec-9f5e-f20bcee4e113', '2021-12-16 14:10:34.262', NULL, NULL, NULL, NULL, NULL);
INSERT INTO `ACT_HI_IDENTITYLINK` VALUES ('e22a8131-1cd9-11ec-acd8-3ae4f1d3c3af', NULL, 'participant', 'userD', NULL, '2021-09-24 09:51:06.956', 'c8b7005a-1cd9-11ec-acd8-3ae4f1d3c3af', NULL, NULL, NULL, NULL);
INSERT INTO `ACT_HI_IDENTITYLINK` VALUES ('e769fe1a-5e3a-11ec-8bee-f20bcee4e113', NULL, 'assignee', 'leaderHR', '4afee132-5e38-11ec-9f5e-f20bcee4e113', '2021-12-16 14:39:22.524', NULL, NULL, NULL, NULL, NULL);
INSERT INTO `ACT_HI_IDENTITYLINK` VALUES ('e7ac98ea-1cd6-11ec-acd8-3ae4f1d3c3af', NULL, 'starter', 'userD', NULL, '2021-09-24 09:29:47.708', 'e7ac71d9-1cd6-11ec-acd8-3ae4f1d3c3af', NULL, NULL, NULL, NULL);
INSERT INTO `ACT_HI_IDENTITYLINK` VALUES ('e7b26553-1cd6-11ec-acd8-3ae4f1d3c3af', NULL, 'assignee', 'userD', 'e7b1c912-1cd6-11ec-acd8-3ae4f1d3c3af', '2021-09-24 09:29:47.745', NULL, NULL, NULL, NULL, NULL);
INSERT INTO `ACT_HI_IDENTITYLINK` VALUES ('e7b26554-1cd6-11ec-acd8-3ae4f1d3c3af', NULL, 'participant', 'userD', NULL, '2021-09-24 09:29:47.745', 'e7ac71d9-1cd6-11ec-acd8-3ae4f1d3c3af', NULL, NULL, NULL, NULL);
INSERT INTO `ACT_HI_IDENTITYLINK` VALUES ('e7b72046-1cd6-11ec-acd8-3ae4f1d3c3af', NULL, 'participant', 'userD', NULL, '2021-09-24 09:29:47.776', 'e7ac71d9-1cd6-11ec-acd8-3ae4f1d3c3af', NULL, NULL, NULL, NULL);
INSERT INTO `ACT_HI_IDENTITYLINK` VALUES ('e7b80aaa-1cd6-11ec-acd8-3ae4f1d3c3af', '1440964519391137792', 'candidate', NULL, 'e7b80aa9-1cd6-11ec-acd8-3ae4f1d3c3af', '2021-09-24 09:29:47.782', NULL, NULL, NULL, NULL, NULL);
INSERT INTO `ACT_HI_IDENTITYLINK` VALUES ('eeb41235-5e3c-11ec-8bee-f20bcee4e113', NULL, 'assignee', 'admin', 'd81d2483-5e3c-11ec-8bee-f20bcee4e113', '2021-12-16 14:53:53.747', NULL, NULL, NULL, NULL, NULL);
INSERT INTO `ACT_HI_IDENTITYLINK` VALUES ('f62435fb-1cd6-11ec-acd8-3ae4f1d3c3af', NULL, 'assignee', 'leaderTJ', 'e7b80aa9-1cd6-11ec-acd8-3ae4f1d3c3af', '2021-09-24 09:30:11.979', NULL, NULL, NULL, NULL, NULL);
INSERT INTO `ACT_HI_IDENTITYLINK` VALUES ('f6245d0c-1cd6-11ec-acd8-3ae4f1d3c3af', NULL, 'participant', 'leaderTJ', NULL, '2021-09-24 09:30:11.980', 'e7ac71d9-1cd6-11ec-acd8-3ae4f1d3c3af', NULL, NULL, NULL, NULL);
INSERT INTO `ACT_HI_IDENTITYLINK` VALUES ('f62aecbe-1cd6-11ec-acd8-3ae4f1d3c3af', NULL, 'participant', 'userD', NULL, '2021-09-24 09:30:12.023', 'e7ac71d9-1cd6-11ec-acd8-3ae4f1d3c3af', NULL, NULL, NULL, NULL);
INSERT INTO `ACT_HI_IDENTITYLINK` VALUES ('f62d36b2-1cd6-11ec-acd8-3ae4f1d3c3af', '1440964221855600640', 'candidate', NULL, 'f62d36b1-1cd6-11ec-acd8-3ae4f1d3c3af', '2021-09-24 09:30:12.038', NULL, NULL, NULL, NULL, NULL);
COMMIT;

-- ----------------------------
-- Table structure for ACT_HI_PROCINST
-- ----------------------------
DROP TABLE IF EXISTS `ACT_HI_PROCINST`;
CREATE TABLE `ACT_HI_PROCINST` (
  `ID_` varchar(64) CHARACTER SET utf8 COLLATE utf8_bin NOT NULL,
  `REV_` int DEFAULT '1',
  `PROC_INST_ID_` varchar(64) CHARACTER SET utf8 COLLATE utf8_bin NOT NULL,
  `BUSINESS_KEY_` varchar(255) CHARACTER SET utf8 COLLATE utf8_bin DEFAULT NULL,
  `PROC_DEF_ID_` varchar(64) CHARACTER SET utf8 COLLATE utf8_bin NOT NULL,
  `START_TIME_` datetime(3) NOT NULL,
  `END_TIME_` datetime(3) DEFAULT NULL,
  `DURATION_` bigint DEFAULT NULL,
  `START_USER_ID_` varchar(255) CHARACTER SET utf8 COLLATE utf8_bin DEFAULT NULL,
  `START_ACT_ID_` varchar(255) CHARACTER SET utf8 COLLATE utf8_bin DEFAULT NULL,
  `END_ACT_ID_` varchar(255) CHARACTER SET utf8 COLLATE utf8_bin DEFAULT NULL,
  `SUPER_PROCESS_INSTANCE_ID_` varchar(64) CHARACTER SET utf8 COLLATE utf8_bin DEFAULT NULL,
  `DELETE_REASON_` varchar(4000) CHARACTER SET utf8 COLLATE utf8_bin DEFAULT NULL,
  `TENANT_ID_` varchar(255) CHARACTER SET utf8 COLLATE utf8_bin DEFAULT '',
  `NAME_` varchar(255) CHARACTER SET utf8 COLLATE utf8_bin DEFAULT NULL,
  `CALLBACK_ID_` varchar(255) CHARACTER SET utf8 COLLATE utf8_bin DEFAULT NULL,
  `CALLBACK_TYPE_` varchar(255) CHARACTER SET utf8 COLLATE utf8_bin DEFAULT NULL,
  `REFERENCE_ID_` varchar(255) CHARACTER SET utf8 COLLATE utf8_bin DEFAULT NULL,
  `REFERENCE_TYPE_` varchar(255) CHARACTER SET utf8 COLLATE utf8_bin DEFAULT NULL,
  PRIMARY KEY (`ID_`),
  UNIQUE KEY `PROC_INST_ID_` (`PROC_INST_ID_`),
  KEY `ACT_IDX_HI_PRO_INST_END` (`END_TIME_`),
  KEY `ACT_IDX_HI_PRO_I_BUSKEY` (`BUSINESS_KEY_`)
) ENGINE=InnoDB DEFAULT CHARSET=utf8mb3 COLLATE=utf8_bin;

-- ----------------------------
-- Records of ACT_HI_PROCINST
-- ----------------------------
BEGIN;
INSERT INTO `ACT_HI_PROCINST` VALUES ('02591019-5e3d-11ec-8bee-f20bcee4e113', 1, '02591019-5e3d-11ec-8bee-f20bcee4e113', '1471373134455115776', 'flowConSign:2:a9103b25-5e3a-11ec-8bee-f20bcee4e113', '2021-12-16 14:54:26.705', NULL, NULL, 'userD', 'Event_0wpkj6e', NULL, NULL, NULL, '', NULL, NULL, NULL, NULL, NULL);
INSERT INTO `ACT_HI_PROCINST` VALUES ('17547fd9-1cd8-11ec-acd8-3ae4f1d3c3af', 2, '17547fd9-1cd8-11ec-acd8-3ae4f1d3c3af', '1441215377508929536', 'flowContract:2:9edd1d08-1cd7-11ec-acd8-3ae4f1d3c3af', '2021-09-24 09:38:17.157', '2021-09-24 09:43:49.235', 332078, 'userD', 'Event_1psmisd', 'Event_12ajo3d', NULL, NULL, '', NULL, NULL, NULL, NULL, NULL);
INSERT INTO `ACT_HI_PROCINST` VALUES ('1b41a384-1cd9-11ec-acd8-3ae4f1d3c3af', 2, '1b41a384-1cd9-11ec-acd8-3ae4f1d3c3af', '1441217206602960896', 'flowContract:3:d28aadd0-1cd8-11ec-acd8-3ae4f1d3c3af', '2021-09-24 09:45:33.241', '2021-09-24 09:49:45.799', 252558, 'userD', 'Event_1psmisd', 'Event_12ajo3d', NULL, NULL, '', NULL, NULL, NULL, NULL, NULL);
INSERT INTO `ACT_HI_PROCINST` VALUES ('22f398f3-1d0e-11ec-8336-3ae4f1d3c3af', 2, '22f398f3-1d0e-11ec-8336-3ae4f1d3c3af', '1441312736167333888', 'flowSubmit:2:1d2bc8f7-1c51-11ec-94ee-5ef70686b817', '2021-09-24 16:05:09.478', '2021-09-24 16:50:20.693', 2711215, 'userD', 'Event_17n2rw9', 'Event_0nvjxgh', NULL, NULL, '', NULL, NULL, NULL, NULL, NULL);
INSERT INTO `ACT_HI_PROCINST` VALUES ('420171f8-1cd7-11ec-acd8-3ae4f1d3c3af', 2, '420171f8-1cd7-11ec-acd8-3ae4f1d3c3af', '1441213876367527936', 'flowSubmit:2:1d2bc8f7-1c51-11ec-94ee-5ef70686b817', '2021-09-24 09:32:19.258', '2021-09-24 09:33:02.300', 43042, 'userD', 'Event_17n2rw9', 'Event_0nvjxgh', NULL, NULL, '', NULL, NULL, NULL, NULL, NULL);
INSERT INTO `ACT_HI_PROCINST` VALUES ('6cada2b7-5e3c-11ec-8bee-f20bcee4e113', 2, '6cada2b7-5e3c-11ec-8bee-f20bcee4e113', '1471372081240215552', 'flowContract:5:4b726726-5e3c-11ec-8bee-f20bcee4e113', '2021-12-16 14:50:15.601', '2021-12-16 14:53:53.780', 218179, 'userD', 'Event_1psmisd', 'Event_12ajo3d', NULL, NULL, '', NULL, NULL, NULL, NULL, NULL);
INSERT INTO `ACT_HI_PROCINST` VALUES ('7138d67d-1d1d-11ec-8336-3ae4f1d3c3af', 1, '7138d67d-1d1d-11ec-8336-3ae4f1d3c3af', '1441340309442138112', 'flowSubmit:2:1d2bc8f7-1c51-11ec-94ee-5ef70686b817', '2021-09-24 17:54:43.245', NULL, NULL, 'userD', 'Event_17n2rw9', NULL, NULL, NULL, '', NULL, NULL, NULL, NULL, NULL);
INSERT INTO `ACT_HI_PROCINST` VALUES ('719d8e5a-1cd7-11ec-acd8-3ae4f1d3c3af', 2, '719d8e5a-1cd7-11ec-acd8-3ae4f1d3c3af', NULL, 'flowContract:1:1bbc0c53-1c51-11ec-94ee-5ef70686b817', '2021-09-24 09:33:39.134', '2021-09-24 09:34:08.597', 29463, 'userD', 'Event_1psmisd', 'Event_12ajo3d', NULL, NULL, '', NULL, NULL, NULL, NULL, NULL);
INSERT INTO `ACT_HI_PROCINST` VALUES ('9e83779e-5e3b-11ec-8bee-f20bcee4e113', 2, '9e83779e-5e3b-11ec-8bee-f20bcee4e113', '1471370630484987904', 'flowSubmit:4:76c5d27b-5e3b-11ec-8bee-f20bcee4e113', '2021-12-16 14:44:29.714', '2021-12-16 14:45:27.608', 57894, 'userA', 'Event_17n2rw9', 'Event_0nvjxgh', NULL, NULL, '', NULL, NULL, NULL, NULL, NULL);
INSERT INTO `ACT_HI_PROCINST` VALUES ('c8b7005a-1cd9-11ec-acd8-3ae4f1d3c3af', 2, 'c8b7005a-1cd9-11ec-acd8-3ae4f1d3c3af', '1441218427220922368', 'flowTranslate:1:faa41acf-1c51-11ec-94ee-5ef70686b817', '2021-09-24 09:50:24.256', '2021-09-24 09:51:06.964', 42708, 'admin', 'Event_1ouk8kj', 'Event_0lzxnw8', NULL, NULL, '', NULL, NULL, NULL, NULL, NULL);
INSERT INTO `ACT_HI_PROCINST` VALUES ('e13cdd0b-5e36-11ec-9f5e-f20bcee4e113', 2, 'e13cdd0b-5e36-11ec-9f5e-f20bcee4e113', '1471362092782063616', 'flowLeave:2:de31b55a-5e35-11ec-9f5e-f20bcee4e113', '2021-12-16 14:10:34.175', '2021-12-16 14:39:22.618', 1728443, 'userA', 'Event_1c9ukkq', 'Event_04byxr7', NULL, NULL, '', NULL, NULL, NULL, NULL, NULL);
INSERT INTO `ACT_HI_PROCINST` VALUES ('e7ac71d9-1cd6-11ec-acd8-3ae4f1d3c3af', 2, 'e7ac71d9-1cd6-11ec-acd8-3ae4f1d3c3af', '1441213240326492160', 'flowLeave:1:1bc2a35b-1c4e-11ec-94ee-5ef70686b817', '2021-09-24 09:29:47.706', '2021-09-24 09:31:03.843', 76137, 'userD', 'Event_1c9ukkq', 'Event_04byxr7', NULL, NULL, '', NULL, NULL, NULL, NULL, NULL);
COMMIT;

-- ----------------------------
-- Table structure for ACT_HI_TASKINST
-- ----------------------------
DROP TABLE IF EXISTS `ACT_HI_TASKINST`;
CREATE TABLE `ACT_HI_TASKINST` (
  `ID_` varchar(64) CHARACTER SET utf8 COLLATE utf8_bin NOT NULL,
  `REV_` int DEFAULT '1',
  `PROC_DEF_ID_` varchar(64) CHARACTER SET utf8 COLLATE utf8_bin DEFAULT NULL,
  `TASK_DEF_ID_` varchar(64) CHARACTER SET utf8 COLLATE utf8_bin DEFAULT NULL,
  `TASK_DEF_KEY_` varchar(255) CHARACTER SET utf8 COLLATE utf8_bin DEFAULT NULL,
  `PROC_INST_ID_` varchar(64) CHARACTER SET utf8 COLLATE utf8_bin DEFAULT NULL,
  `EXECUTION_ID_` varchar(64) CHARACTER SET utf8 COLLATE utf8_bin DEFAULT NULL,
  `SCOPE_ID_` varchar(255) CHARACTER SET utf8 COLLATE utf8_bin DEFAULT NULL,
  `SUB_SCOPE_ID_` varchar(255) CHARACTER SET utf8 COLLATE utf8_bin DEFAULT NULL,
  `SCOPE_TYPE_` varchar(255) CHARACTER SET utf8 COLLATE utf8_bin DEFAULT NULL,
  `SCOPE_DEFINITION_ID_` varchar(255) CHARACTER SET utf8 COLLATE utf8_bin DEFAULT NULL,
  `PROPAGATED_STAGE_INST_ID_` varchar(255) CHARACTER SET utf8 COLLATE utf8_bin DEFAULT NULL,
  `NAME_` varchar(255) CHARACTER SET utf8 COLLATE utf8_bin DEFAULT NULL,
  `PARENT_TASK_ID_` varchar(64) CHARACTER SET utf8 COLLATE utf8_bin DEFAULT NULL,
  `DESCRIPTION_` varchar(4000) CHARACTER SET utf8 COLLATE utf8_bin DEFAULT NULL,
  `OWNER_` varchar(255) CHARACTER SET utf8 COLLATE utf8_bin DEFAULT NULL,
  `ASSIGNEE_` varchar(255) CHARACTER SET utf8 COLLATE utf8_bin DEFAULT NULL,
  `START_TIME_` datetime(3) NOT NULL,
  `CLAIM_TIME_` datetime(3) DEFAULT NULL,
  `END_TIME_` datetime(3) DEFAULT NULL,
  `DURATION_` bigint DEFAULT NULL,
  `DELETE_REASON_` varchar(4000) CHARACTER SET utf8 COLLATE utf8_bin DEFAULT NULL,
  `PRIORITY_` int DEFAULT NULL,
  `DUE_DATE_` datetime(3) DEFAULT NULL,
  `FORM_KEY_` varchar(255) CHARACTER SET utf8 COLLATE utf8_bin DEFAULT NULL,
  `CATEGORY_` varchar(255) CHARACTER SET utf8 COLLATE utf8_bin DEFAULT NULL,
  `TENANT_ID_` varchar(255) CHARACTER SET utf8 COLLATE utf8_bin DEFAULT '',
  `LAST_UPDATED_TIME_` datetime(3) DEFAULT NULL,
  PRIMARY KEY (`ID_`),
  KEY `ACT_IDX_HI_TASK_SCOPE` (`SCOPE_ID_`,`SCOPE_TYPE_`),
  KEY `ACT_IDX_HI_TASK_SUB_SCOPE` (`SUB_SCOPE_ID_`,`SCOPE_TYPE_`),
  KEY `ACT_IDX_HI_TASK_SCOPE_DEF` (`SCOPE_DEFINITION_ID_`,`SCOPE_TYPE_`),
  KEY `ACT_IDX_HI_TASK_INST_PROCINST` (`PROC_INST_ID_`)
) ENGINE=InnoDB DEFAULT CHARSET=utf8mb3 COLLATE=utf8_bin;

-- ----------------------------
-- Records of ACT_HI_TASKINST
-- ----------------------------
BEGIN;
INSERT INTO `ACT_HI_TASKINST` VALUES ('02593731-5e3d-11ec-8bee-f20bcee4e113', 2, 'flowConSign:2:a9103b25-5e3a-11ec-8bee-f20bcee4e113', NULL, 'Activity_1xk7j4n', '02591019-5e3d-11ec-8bee-f20bcee4e113', '0259372d-5e3d-11ec-8bee-f20bcee4e113', NULL, NULL, NULL, NULL, NULL, '', NULL, NULL, NULL, 'userD', '2021-12-16 14:54:26.706', NULL, '2021-12-16 14:54:26.727', 21, NULL, 50, NULL, '{\"formId\":\"1440945411354267648\",\"readOnly\":false,\"groupType\":\"ASSIGNEE\"}', NULL, '', '2021-12-16 14:54:26.727');
INSERT INTO `ACT_HI_TASKINST` VALUES ('025d07d9-5e3d-11ec-8bee-f20bcee4e113', 2, 'flowConSign:2:a9103b25-5e3a-11ec-8bee-f20bcee4e113', NULL, 'Activity_006g6qo', '02591019-5e3d-11ec-8bee-f20bcee4e113', '025d07d3-5e3d-11ec-8bee-f20bcee4e113', NULL, NULL, NULL, NULL, NULL, '', NULL, NULL, NULL, 'userA', '2021-12-16 14:54:26.731', NULL, '2021-12-16 14:54:48.022', 21291, NULL, 50, NULL, '{\"formId\":\"1440945411354267648\",\"readOnly\":true,\"groupType\":\"ASSIGNEE\"}', NULL, '', '2021-12-16 14:54:48.022');
INSERT INTO `ACT_HI_TASKINST` VALUES ('025d07de-5e3d-11ec-8bee-f20bcee4e113', 2, 'flowConSign:2:a9103b25-5e3a-11ec-8bee-f20bcee4e113', NULL, 'Activity_006g6qo', '02591019-5e3d-11ec-8bee-f20bcee4e113', '025d07d4-5e3d-11ec-8bee-f20bcee4e113', NULL, NULL, NULL, NULL, NULL, '', NULL, NULL, NULL, 'userB', '2021-12-16 14:54:26.731', NULL, '2021-12-16 14:55:29.246', 62515, NULL, 50, NULL, '{\"formId\":\"1440945411354267648\",\"readOnly\":true,\"groupType\":\"ASSIGNEE\"}', NULL, '', '2021-12-16 14:55:29.246');
INSERT INTO `ACT_HI_TASKINST` VALUES ('1754a6f2-1cd8-11ec-acd8-3ae4f1d3c3af', 2, 'flowContract:2:9edd1d08-1cd7-11ec-acd8-3ae4f1d3c3af', NULL, 'Activity_0nyla1r', '17547fd9-1cd8-11ec-acd8-3ae4f1d3c3af', '17547fde-1cd8-11ec-acd8-3ae4f1d3c3af', NULL, NULL, NULL, NULL, NULL, '', NULL, NULL, NULL, 'userD', '2021-09-24 09:38:17.157', NULL, '2021-09-24 09:38:17.177', 20, NULL, 50, NULL, '{\"formId\":\"1440954920348946432\",\"readOnly\":false,\"groupType\":\"DEPT\"}', NULL, '', '2021-09-24 09:38:17.177');
INSERT INTO `ACT_HI_TASKINST` VALUES ('1757db49-1cd8-11ec-acd8-3ae4f1d3c3af', 3, 'flowContract:2:9edd1d08-1cd7-11ec-acd8-3ae4f1d3c3af', NULL, 'Activity_1ucrh52', '17547fd9-1cd8-11ec-acd8-3ae4f1d3c3af', '17547fde-1cd8-11ec-acd8-3ae4f1d3c3af', NULL, NULL, NULL, NULL, NULL, '', NULL, NULL, NULL, 'leaderTJ', '2021-09-24 09:38:17.179', '2021-09-24 09:38:34.551', '2021-09-24 09:38:34.590', 17411, NULL, 50, NULL, '{\"formId\":\"1440954920348946432\",\"readOnly\":true,\"groupType\":\"DEPT_POST_LEADER\"}', NULL, '', '2021-09-24 09:38:34.590');
INSERT INTO `ACT_HI_TASKINST` VALUES ('1b22e387-5e3d-11ec-8bee-f20bcee4e113', 2, 'flowConSign:2:a9103b25-5e3a-11ec-8bee-f20bcee4e113', NULL, 'Activity_006g6qo', '02591019-5e3d-11ec-8bee-f20bcee4e113', '1b226e52-5e3d-11ec-8bee-f20bcee4e113', NULL, NULL, NULL, NULL, NULL, '', NULL, NULL, NULL, 'userD', '2021-12-16 14:55:08.293', NULL, '2021-12-16 14:55:41.662', 33369, NULL, 50, NULL, '{\"formId\":\"1440945411354267648\",\"readOnly\":true,\"groupType\":\"ASSIGNEE\"}', NULL, '', '2021-12-16 14:55:41.662');
INSERT INTO `ACT_HI_TASKINST` VALUES ('1b41a38d-1cd9-11ec-acd8-3ae4f1d3c3af', 2, 'flowContract:3:d28aadd0-1cd8-11ec-acd8-3ae4f1d3c3af', NULL, 'Activity_0nyla1r', '1b41a384-1cd9-11ec-acd8-3ae4f1d3c3af', '1b41a389-1cd9-11ec-acd8-3ae4f1d3c3af', NULL, NULL, NULL, NULL, NULL, '', NULL, NULL, NULL, 'userD', '2021-09-24 09:45:33.241', NULL, '2021-09-24 09:45:33.258', 17, NULL, 50, NULL, '{\"formId\":\"1440954920348946432\",\"readOnly\":false,\"groupType\":\"DEPT\"}', NULL, '', '2021-09-24 09:45:33.258');
INSERT INTO `ACT_HI_TASKINST` VALUES ('1b4488c4-1cd9-11ec-acd8-3ae4f1d3c3af', 3, 'flowContract:3:d28aadd0-1cd8-11ec-acd8-3ae4f1d3c3af', NULL, 'Activity_1ucrh52', '1b41a384-1cd9-11ec-acd8-3ae4f1d3c3af', '1b41a389-1cd9-11ec-acd8-3ae4f1d3c3af', NULL, NULL, NULL, NULL, NULL, '', NULL, NULL, NULL, 'leaderTJ', '2021-09-24 09:45:33.260', '2021-09-24 09:45:53.107', '2021-09-24 09:45:53.140', 19880, NULL, 50, NULL, '{\"formId\":\"1440954920348946432\",\"readOnly\":true,\"groupType\":\"DEPT_POST_LEADER\"}', NULL, '', '2021-09-24 09:45:53.140');
INSERT INTO `ACT_HI_TASKINST` VALUES ('21b953d4-1cd8-11ec-acd8-3ae4f1d3c3af', 3, 'flowContract:2:9edd1d08-1cd7-11ec-acd8-3ae4f1d3c3af', NULL, 'Activity_138m4nn', '17547fd9-1cd8-11ec-acd8-3ae4f1d3c3af', '17547fde-1cd8-11ec-acd8-3ae4f1d3c3af', NULL, NULL, NULL, NULL, NULL, '', NULL, NULL, NULL, 'admin', '2021-09-24 09:38:34.595', '2021-09-24 09:38:58.922', '2021-09-24 09:38:58.967', 24372, NULL, 50, NULL, '{\"formId\":\"1440955194991972352\",\"readOnly\":true,\"groupType\":\"DEPT\"}', NULL, '', '2021-09-24 09:38:58.967');
INSERT INTO `ACT_HI_TASKINST` VALUES ('21b97ae8-1cd8-11ec-acd8-3ae4f1d3c3af', 2, 'flowContract:2:9edd1d08-1cd7-11ec-acd8-3ae4f1d3c3af', NULL, 'Activity_0tm3mph', '17547fd9-1cd8-11ec-acd8-3ae4f1d3c3af', '21b92cc0-1cd8-11ec-acd8-3ae4f1d3c3af', NULL, NULL, NULL, NULL, NULL, '', NULL, NULL, NULL, 'admin', '2021-09-24 09:38:34.596', NULL, '2021-09-24 09:38:51.863', 17267, NULL, 50, NULL, '{\"formId\":\"1440955194991972352\",\"readOnly\":true,\"groupType\":\"DEPT\"}', NULL, '', '2021-09-24 09:38:51.863');
INSERT INTO `ACT_HI_TASKINST` VALUES ('22f9b37c-1d0e-11ec-8336-3ae4f1d3c3af', 2, 'flowSubmit:2:1d2bc8f7-1c51-11ec-94ee-5ef70686b817', NULL, 'Activity_03kjurt', '22f398f3-1d0e-11ec-8336-3ae4f1d3c3af', '22f45c48-1d0e-11ec-8336-3ae4f1d3c3af', NULL, NULL, NULL, NULL, NULL, '', NULL, NULL, NULL, 'userD', '2021-09-24 16:05:09.494', NULL, '2021-09-24 16:05:09.575', 81, NULL, 50, NULL, '{\"formId\":\"1440947675041107968\",\"readOnly\":false,\"groupType\":\"DEPT\"}', NULL, '', '2021-09-24 16:05:09.575');
INSERT INTO `ACT_HI_TASKINST` VALUES ('23032963-1d0e-11ec-8336-3ae4f1d3c3af', 3, 'flowSubmit:2:1d2bc8f7-1c51-11ec-94ee-5ef70686b817', NULL, 'Activity_0ywxfwu', '22f398f3-1d0e-11ec-8336-3ae4f1d3c3af', '22f45c48-1d0e-11ec-8336-3ae4f1d3c3af', NULL, NULL, NULL, NULL, NULL, '', NULL, NULL, NULL, 'leaderTJ', '2021-09-24 16:05:09.580', '2021-09-24 16:50:20.612', '2021-09-24 16:50:20.665', 2711085, NULL, 50, NULL, '{\"formId\":\"1440947675041107968\",\"readOnly\":true,\"groupType\":\"DEPT_POST_LEADER\"}', NULL, '', '2021-09-24 16:50:20.665');
INSERT INTO `ACT_HI_TASKINST` VALUES ('271e978f-1cd9-11ec-acd8-3ae4f1d3c3af', 3, 'flowContract:3:d28aadd0-1cd8-11ec-acd8-3ae4f1d3c3af', NULL, 'Activity_138m4nn', '1b41a384-1cd9-11ec-acd8-3ae4f1d3c3af', '1b41a389-1cd9-11ec-acd8-3ae4f1d3c3af', NULL, NULL, NULL, NULL, NULL, '', NULL, NULL, NULL, 'admin', '2021-09-24 09:45:53.144', '2021-09-24 09:46:12.565', '2021-09-24 09:46:12.595', 19451, NULL, 50, NULL, '{\"formId\":\"1440955194991972352\",\"readOnly\":true,\"groupType\":\"DEPT\"}', NULL, '', '2021-09-24 09:46:12.595');
INSERT INTO `ACT_HI_TASKINST` VALUES ('271ebea3-1cd9-11ec-acd8-3ae4f1d3c3af', 2, 'flowContract:3:d28aadd0-1cd8-11ec-acd8-3ae4f1d3c3af', NULL, 'Activity_0tm3mph', '1b41a384-1cd9-11ec-acd8-3ae4f1d3c3af', '271e978b-1cd9-11ec-acd8-3ae4f1d3c3af', NULL, NULL, NULL, NULL, NULL, '', NULL, NULL, NULL, 'admin', '2021-09-24 09:45:53.145', NULL, '2021-09-24 09:46:06.321', 13176, NULL, 50, NULL, '{\"formId\":\"1440955194991972352\",\"readOnly\":true,\"groupType\":\"DEPT\"}', NULL, '', '2021-09-24 09:46:06.321');
INSERT INTO `ACT_HI_TASKINST` VALUES ('2f0893ee-5e3d-11ec-8bee-f20bcee4e113', 1, 'flowConSign:2:a9103b25-5e3a-11ec-8bee-f20bcee4e113', NULL, 'Activity_0p7omdm', '02591019-5e3d-11ec-8bee-f20bcee4e113', '2f0893eb-5e3d-11ec-8bee-f20bcee4e113', NULL, NULL, NULL, NULL, NULL, '', NULL, NULL, NULL, 'admin', '2021-12-16 14:55:41.675', NULL, NULL, NULL, NULL, 50, NULL, '{\"formId\":\"1440945411354267648\",\"readOnly\":true,\"groupType\":\"ASSIGNEE\"}', NULL, '', '2021-12-16 14:55:41.675');
INSERT INTO `ACT_HI_TASKINST` VALUES ('3040cf64-1cd8-11ec-acd8-3ae4f1d3c3af', 3, 'flowContract:2:9edd1d08-1cd7-11ec-acd8-3ae4f1d3c3af', NULL, 'Activity_1yuuyie', '17547fd9-1cd8-11ec-acd8-3ae4f1d3c3af', '17547fde-1cd8-11ec-acd8-3ae4f1d3c3af', NULL, NULL, NULL, NULL, NULL, '', NULL, NULL, NULL, 'leaderTJ', '2021-09-24 09:38:58.971', '2021-09-24 09:39:52.069', '2021-09-24 09:39:52.103', 53132, NULL, 50, NULL, '{\"formId\":\"1440955127790833664\",\"readOnly\":true,\"groupType\":\"POST\"}', NULL, '', '2021-09-24 09:39:52.103');
INSERT INTO `ACT_HI_TASKINST` VALUES ('32b7097e-1cd9-11ec-acd8-3ae4f1d3c3af', 3, 'flowContract:3:d28aadd0-1cd8-11ec-acd8-3ae4f1d3c3af', NULL, 'Activity_1yuuyie', '1b41a384-1cd9-11ec-acd8-3ae4f1d3c3af', '1b41a389-1cd9-11ec-acd8-3ae4f1d3c3af', NULL, NULL, NULL, NULL, NULL, '', NULL, NULL, NULL, 'leaderTJ2', '2021-09-24 09:46:12.598', '2021-09-24 09:47:39.909', '2021-09-24 09:47:39.940', 87342, NULL, 50, NULL, '{\"formId\":\"1440955127790833664\",\"readOnly\":true,\"groupType\":\"POST\"}', NULL, '', '2021-09-24 09:47:39.940');
INSERT INTO `ACT_HI_TASKINST` VALUES ('42019911-1cd7-11ec-acd8-3ae4f1d3c3af', 2, 'flowSubmit:2:1d2bc8f7-1c51-11ec-94ee-5ef70686b817', NULL, 'Activity_03kjurt', '420171f8-1cd7-11ec-acd8-3ae4f1d3c3af', '420171fd-1cd7-11ec-acd8-3ae4f1d3c3af', NULL, NULL, NULL, NULL, NULL, '', NULL, NULL, NULL, 'userD', '2021-09-24 09:32:19.258', NULL, '2021-09-24 09:32:19.280', 22, NULL, 50, NULL, '{\"formId\":\"1440947675041107968\",\"readOnly\":false,\"groupType\":\"DEPT\"}', NULL, '', '2021-09-24 09:32:19.280');
INSERT INTO `ACT_HI_TASKINST` VALUES ('42054298-1cd7-11ec-acd8-3ae4f1d3c3af', 3, 'flowSubmit:2:1d2bc8f7-1c51-11ec-94ee-5ef70686b817', NULL, 'Activity_0ywxfwu', '420171f8-1cd7-11ec-acd8-3ae4f1d3c3af', '420171fd-1cd7-11ec-acd8-3ae4f1d3c3af', NULL, NULL, NULL, NULL, NULL, '', NULL, NULL, NULL, 'leaderTJ', '2021-09-24 09:32:19.283', '2021-09-24 09:32:30.107', '2021-09-24 09:32:30.143', 10860, NULL, 50, NULL, '{\"formId\":\"1440947675041107968\",\"readOnly\":true,\"groupType\":\"DEPT_POST_LEADER\"}', NULL, '', '2021-09-24 09:32:30.143');
INSERT INTO `ACT_HI_TASKINST` VALUES ('487ef9a2-1cd7-11ec-acd8-3ae4f1d3c3af', 3, 'flowSubmit:2:1d2bc8f7-1c51-11ec-94ee-5ef70686b817', NULL, 'Activity_0qay48u', '420171f8-1cd7-11ec-acd8-3ae4f1d3c3af', '420171fd-1cd7-11ec-acd8-3ae4f1d3c3af', NULL, NULL, NULL, NULL, NULL, '', NULL, NULL, NULL, 'leader', '2021-09-24 09:32:30.147', '2021-09-24 09:33:02.260', '2021-09-24 09:33:02.292', 32145, NULL, 50, NULL, '{\"formId\":\"1440947675041107968\",\"readOnly\":true,\"groupType\":\"DEPT\"}', NULL, '', '2021-09-24 09:33:02.292');
INSERT INTO `ACT_HI_TASKINST` VALUES ('4afee132-5e38-11ec-9f5e-f20bcee4e113', 3, 'flowLeave:2:de31b55a-5e35-11ec-9f5e-f20bcee4e113', NULL, 'Activity_0olxatv', 'e13cdd0b-5e36-11ec-9f5e-f20bcee4e113', 'e13d7950-5e36-11ec-9f5e-f20bcee4e113', NULL, NULL, NULL, NULL, NULL, 'HR', NULL, NULL, NULL, 'leaderHR', '2021-12-16 14:20:41.104', '2021-12-16 14:39:22.519', '2021-12-16 14:39:22.568', 1121464, NULL, 50, NULL, '{\"formId\":\"1440945411354267648\",\"readOnly\":true,\"groupType\":\"POST\"}', NULL, '', '2021-12-16 14:39:22.568');
INSERT INTO `ACT_HI_TASKINST` VALUES ('4fec915c-1cd8-11ec-acd8-3ae4f1d3c3af', 3, 'flowContract:2:9edd1d08-1cd7-11ec-acd8-3ae4f1d3c3af', NULL, 'Activity_1eewt01', '17547fd9-1cd8-11ec-acd8-3ae4f1d3c3af', '17547fde-1cd8-11ec-acd8-3ae4f1d3c3af', NULL, NULL, NULL, NULL, NULL, '', NULL, NULL, NULL, 'leaderLaw', '2021-09-24 09:39:52.106', '2021-09-24 09:40:52.177', '2021-09-24 09:40:52.215', 60109, NULL, 50, NULL, '{\"formId\":\"1440955001093492736\",\"readOnly\":true,\"groupType\":\"POST\"}', NULL, '', '2021-09-24 09:40:52.215');
INSERT INTO `ACT_HI_TASKINST` VALUES ('66c6d396-1cd9-11ec-acd8-3ae4f1d3c3af', 3, 'flowContract:3:d28aadd0-1cd8-11ec-acd8-3ae4f1d3c3af', NULL, 'Activity_1eewt01', '1b41a384-1cd9-11ec-acd8-3ae4f1d3c3af', '1b41a389-1cd9-11ec-acd8-3ae4f1d3c3af', NULL, NULL, NULL, NULL, NULL, '', NULL, NULL, NULL, 'leaderLaw', '2021-09-24 09:47:39.943', '2021-09-24 09:48:03.359', '2021-09-24 09:48:03.390', 23447, NULL, 50, NULL, '{\"formId\":\"1440955001093492736\",\"readOnly\":true,\"groupType\":\"POST\"}', NULL, '', '2021-09-24 09:48:03.390');
INSERT INTO `ACT_HI_TASKINST` VALUES ('6cadc9d0-5e3c-11ec-8bee-f20bcee4e113', 2, 'flowContract:5:4b726726-5e3c-11ec-8bee-f20bcee4e113', NULL, 'Activity_0nyla1r', '6cada2b7-5e3c-11ec-8bee-f20bcee4e113', '6cadc9cc-5e3c-11ec-8bee-f20bcee4e113', NULL, NULL, NULL, NULL, NULL, '', NULL, NULL, NULL, 'userD', '2021-12-16 14:50:15.602', NULL, '2021-12-16 14:50:15.621', 19, NULL, 50, NULL, '{\"formId\":\"1440954920348946432\",\"readOnly\":false,\"groupType\":\"ASSIGNEE\"}', NULL, '', '2021-12-16 14:50:15.621');
INSERT INTO `ACT_HI_TASKINST` VALUES ('6cb12537-5e3c-11ec-8bee-f20bcee4e113', 3, 'flowContract:5:4b726726-5e3c-11ec-8bee-f20bcee4e113', NULL, 'Activity_1ucrh52', '6cada2b7-5e3c-11ec-8bee-f20bcee4e113', '6cadc9cc-5e3c-11ec-8bee-f20bcee4e113', NULL, NULL, NULL, NULL, NULL, '', NULL, NULL, NULL, 'leaderTJ', '2021-12-16 14:50:15.624', '2021-12-16 14:50:58.022', '2021-12-16 14:50:58.043', 42419, NULL, 50, NULL, '{\"formId\":\"1440954920348946432\",\"readOnly\":true,\"groupType\":\"DEPT_POST_LEADER\"}', NULL, '', '2021-12-16 14:50:58.043');
INSERT INTO `ACT_HI_TASKINST` VALUES ('7138fd96-1d1d-11ec-8336-3ae4f1d3c3af', 2, 'flowSubmit:2:1d2bc8f7-1c51-11ec-94ee-5ef70686b817', NULL, 'Activity_03kjurt', '7138d67d-1d1d-11ec-8336-3ae4f1d3c3af', '7138d682-1d1d-11ec-8336-3ae4f1d3c3af', NULL, NULL, NULL, NULL, NULL, '', NULL, NULL, NULL, 'userD', '2021-09-24 17:54:43.246', NULL, '2021-09-24 17:54:43.276', 30, NULL, 50, NULL, '{\"formId\":\"1440947675041107968\",\"readOnly\":false,\"groupType\":\"DEPT\"}', NULL, '', '2021-09-24 17:54:43.276');
INSERT INTO `ACT_HI_TASKINST` VALUES ('713e06ad-1d1d-11ec-8336-3ae4f1d3c3af', 1, 'flowSubmit:2:1d2bc8f7-1c51-11ec-94ee-5ef70686b817', NULL, 'Activity_0ywxfwu', '7138d67d-1d1d-11ec-8336-3ae4f1d3c3af', '7138d682-1d1d-11ec-8336-3ae4f1d3c3af', NULL, NULL, NULL, NULL, NULL, '', NULL, NULL, NULL, NULL, '2021-09-24 17:54:43.278', NULL, NULL, NULL, NULL, 50, NULL, '{\"formId\":\"1440947675041107968\",\"readOnly\":true,\"groupType\":\"DEPT_POST_LEADER\"}', NULL, '', '2021-09-24 17:54:43.279');
INSERT INTO `ACT_HI_TASKINST` VALUES ('719d8e62-1cd7-11ec-acd8-3ae4f1d3c3af', 2, 'flowContract:1:1bbc0c53-1c51-11ec-94ee-5ef70686b817', NULL, 'Activity_0nyla1r', '719d8e5a-1cd7-11ec-acd8-3ae4f1d3c3af', '719d8e5e-1cd7-11ec-acd8-3ae4f1d3c3af', NULL, NULL, NULL, NULL, NULL, '', NULL, NULL, NULL, NULL, '2021-09-24 09:33:39.134', NULL, '2021-09-24 09:34:08.586', 29452, NULL, 50, NULL, '{\"formId\":\"1440954920348946432\",\"readOnly\":false,\"groupType\":\"DEPT\"}', NULL, '', '2021-09-24 09:34:08.586');
INSERT INTO `ACT_HI_TASKINST` VALUES ('73c163a6-1cd8-11ec-acd8-3ae4f1d3c3af', 2, 'flowContract:2:9edd1d08-1cd7-11ec-acd8-3ae4f1d3c3af', NULL, 'Activity_098ncvw', '17547fd9-1cd8-11ec-acd8-3ae4f1d3c3af', '73c1157e-1cd8-11ec-acd8-3ae4f1d3c3af', NULL, NULL, NULL, NULL, NULL, '', NULL, NULL, NULL, 'userB', '2021-09-24 09:40:52.221', NULL, '2021-09-24 09:41:55.359', 63138, NULL, 50, NULL, '{\"formId\":\"1440955001093492736\",\"readOnly\":true,\"groupType\":\"DEPT\"}', NULL, '', '2021-09-24 09:41:55.359');
INSERT INTO `ACT_HI_TASKINST` VALUES ('73c18abb-1cd8-11ec-acd8-3ae4f1d3c3af', 2, 'flowContract:2:9edd1d08-1cd7-11ec-acd8-3ae4f1d3c3af', NULL, 'Activity_098ncvw', '17547fd9-1cd8-11ec-acd8-3ae4f1d3c3af', '73c13c8f-1cd8-11ec-acd8-3ae4f1d3c3af', NULL, NULL, NULL, NULL, NULL, '', NULL, NULL, NULL, 'userC', '2021-09-24 09:40:52.222', NULL, '2021-09-24 09:42:14.510', 82288, NULL, 50, NULL, '{\"formId\":\"1440955001093492736\",\"readOnly\":true,\"groupType\":\"DEPT\"}', NULL, '', '2021-09-24 09:42:14.510');
INSERT INTO `ACT_HI_TASKINST` VALUES ('73c18ac0-1cd8-11ec-acd8-3ae4f1d3c3af', 2, 'flowContract:2:9edd1d08-1cd7-11ec-acd8-3ae4f1d3c3af', NULL, 'Activity_098ncvw', '17547fd9-1cd8-11ec-acd8-3ae4f1d3c3af', '73c13c90-1cd8-11ec-acd8-3ae4f1d3c3af', NULL, NULL, NULL, NULL, NULL, '', NULL, NULL, NULL, 'leaderLaw', '2021-09-24 09:40:52.222', NULL, '2021-09-24 09:41:36.318', 44096, NULL, 50, NULL, '{\"formId\":\"1440955001093492736\",\"readOnly\":true,\"groupType\":\"DEPT\"}', NULL, '', '2021-09-24 09:41:36.318');
INSERT INTO `ACT_HI_TASKINST` VALUES ('74c12a5e-1cd9-11ec-acd8-3ae4f1d3c3af', 2, 'flowContract:3:d28aadd0-1cd8-11ec-acd8-3ae4f1d3c3af', NULL, 'Activity_098ncvw', '1b41a384-1cd9-11ec-acd8-3ae4f1d3c3af', '74c10348-1cd9-11ec-acd8-3ae4f1d3c3af', NULL, NULL, NULL, NULL, NULL, '', NULL, NULL, NULL, 'leaderLaw', '2021-09-24 09:48:03.394', NULL, '2021-09-24 09:48:12.063', 8669, NULL, 50, NULL, '{\"formId\":\"1440955001093492736\",\"readOnly\":true,\"groupType\":\"DEPT\"}', NULL, '', '2021-09-24 09:48:12.063');
INSERT INTO `ACT_HI_TASKINST` VALUES ('74c15172-1cd9-11ec-acd8-3ae4f1d3c3af', 2, 'flowContract:3:d28aadd0-1cd8-11ec-acd8-3ae4f1d3c3af', NULL, 'Activity_098ncvw', '1b41a384-1cd9-11ec-acd8-3ae4f1d3c3af', '74c10349-1cd9-11ec-acd8-3ae4f1d3c3af', NULL, NULL, NULL, NULL, NULL, '', NULL, NULL, NULL, 'userC', '2021-09-24 09:48:03.395', NULL, '2021-09-24 09:49:14.526', 71131, NULL, 50, NULL, '{\"formId\":\"1440955001093492736\",\"readOnly\":true,\"groupType\":\"DEPT\"}', NULL, '', '2021-09-24 09:49:14.526');
INSERT INTO `ACT_HI_TASKINST` VALUES ('7a4309f7-1cd8-11ec-acd8-3ae4f1d3c3af', 2, 'flowContract:2:9edd1d08-1cd7-11ec-acd8-3ae4f1d3c3af', NULL, 'Activity_098ncvw', '17547fd9-1cd8-11ec-acd8-3ae4f1d3c3af', '7a4294c2-1cd8-11ec-acd8-3ae4f1d3c3af', NULL, NULL, NULL, NULL, NULL, '', NULL, NULL, NULL, 'admin', '2021-09-24 09:41:03.137', NULL, '2021-09-24 09:43:49.214', 166077, NULL, 50, NULL, '{\"formId\":\"1440955001093492736\",\"readOnly\":true,\"groupType\":\"DEPT\"}', NULL, '', '2021-09-24 09:43:49.214');
INSERT INTO `ACT_HI_TASKINST` VALUES ('85faafd2-5e3c-11ec-8bee-f20bcee4e113', 3, 'flowContract:5:4b726726-5e3c-11ec-8bee-f20bcee4e113', NULL, 'Activity_138m4nn', '6cada2b7-5e3c-11ec-8bee-f20bcee4e113', '6cadc9cc-5e3c-11ec-8bee-f20bcee4e113', NULL, NULL, NULL, NULL, NULL, '', NULL, NULL, NULL, 'leaderTJ', '2021-12-16 14:50:58.049', '2021-12-16 14:51:08.351', '2021-12-16 14:51:08.374', 10325, NULL, 50, NULL, '{\"formId\":\"1440955194991972352\",\"readOnly\":true,\"groupType\":\"DEPT\"}', NULL, '', '2021-12-16 14:51:08.374');
INSERT INTO `ACT_HI_TASKINST` VALUES ('85faafd5-5e3c-11ec-8bee-f20bcee4e113', 2, 'flowContract:5:4b726726-5e3c-11ec-8bee-f20bcee4e113', NULL, 'Activity_0tm3mph', '6cada2b7-5e3c-11ec-8bee-f20bcee4e113', '85fa88be-5e3c-11ec-8bee-f20bcee4e113', NULL, NULL, NULL, NULL, NULL, '', NULL, NULL, NULL, 'admin', '2021-12-16 14:50:58.049', NULL, '2021-12-16 14:51:28.346', 30297, NULL, 50, NULL, '{\"formId\":\"1440955194991972352\",\"readOnly\":true,\"groupType\":\"ASSIGNEE\"}', NULL, '', '2021-12-16 14:51:28.346');
INSERT INTO `ACT_HI_TASKINST` VALUES ('8b4134ba-1cd9-11ec-acd8-3ae4f1d3c3af', 2, 'flowContract:3:d28aadd0-1cd8-11ec-acd8-3ae4f1d3c3af', NULL, 'Activity_098ncvw', '1b41a384-1cd9-11ec-acd8-3ae4f1d3c3af', '8b410da5-1cd9-11ec-acd8-3ae4f1d3c3af', NULL, NULL, NULL, NULL, NULL, '', NULL, NULL, NULL, 'userB', '2021-09-24 09:48:41.143', NULL, '2021-09-24 09:48:54.253', 13110, NULL, 50, NULL, '{\"formId\":\"1440955001093492736\",\"readOnly\":true,\"groupType\":\"DEPT\"}', NULL, '', '2021-09-24 09:48:54.253');
INSERT INTO `ACT_HI_TASKINST` VALUES ('980a8ed1-5e3c-11ec-8bee-f20bcee4e113', 3, 'flowContract:5:4b726726-5e3c-11ec-8bee-f20bcee4e113', NULL, 'Activity_1yuuyie', '6cada2b7-5e3c-11ec-8bee-f20bcee4e113', '85fa88be-5e3c-11ec-8bee-f20bcee4e113', NULL, NULL, NULL, NULL, NULL, '', NULL, NULL, NULL, 'leaderTJ', '2021-12-16 14:51:28.351', '2021-12-16 14:51:46.356', '2021-12-16 14:51:46.374', 18023, NULL, 50, NULL, '{\"formId\":\"1440955127790833664\",\"readOnly\":true,\"groupType\":\"POST\"}', NULL, '', '2021-12-16 14:51:46.374');
INSERT INTO `ACT_HI_TASKINST` VALUES ('9e8377a7-5e3b-11ec-8bee-f20bcee4e113', 2, 'flowSubmit:4:76c5d27b-5e3b-11ec-8bee-f20bcee4e113', NULL, 'Activity_03kjurt', '9e83779e-5e3b-11ec-8bee-f20bcee4e113', '9e8377a3-5e3b-11ec-8bee-f20bcee4e113', NULL, NULL, NULL, NULL, NULL, '', NULL, NULL, NULL, 'userA', '2021-12-16 14:44:29.714', NULL, '2021-12-16 14:44:29.736', 22, NULL, 50, NULL, '{\"formId\":\"1440947675041107968\",\"readOnly\":false,\"groupType\":\"ASSIGNEE\"}', NULL, '', '2021-12-16 14:44:29.736');
INSERT INTO `ACT_HI_TASKINST` VALUES ('9e87483e-5e3b-11ec-8bee-f20bcee4e113', 3, 'flowSubmit:4:76c5d27b-5e3b-11ec-8bee-f20bcee4e113', NULL, 'Activity_0ywxfwu', '9e83779e-5e3b-11ec-8bee-f20bcee4e113', '9e8377a3-5e3b-11ec-8bee-f20bcee4e113', NULL, NULL, NULL, NULL, NULL, '', NULL, NULL, NULL, 'leaderHR', '2021-12-16 14:44:29.739', '2021-12-16 14:44:54.293', '2021-12-16 14:44:54.319', 24580, 'Change activity to Activity_03kjurt', 50, NULL, '{\"formId\":\"1440947675041107968\",\"readOnly\":true,\"groupType\":\"DEPT_POST_LEADER\"}', NULL, '', '2021-12-16 14:44:54.319');
INSERT INTO `ACT_HI_TASKINST` VALUES ('9f286bc3-1cd9-11ec-acd8-3ae4f1d3c3af', 3, 'flowContract:3:d28aadd0-1cd8-11ec-acd8-3ae4f1d3c3af', NULL, 'Activity_1h3pnxy', '1b41a384-1cd9-11ec-acd8-3ae4f1d3c3af', '9f2844ae-1cd9-11ec-acd8-3ae4f1d3c3af', NULL, NULL, NULL, NULL, NULL, '', NULL, NULL, NULL, 'leader', '2021-09-24 09:49:14.535', '2021-09-24 09:49:45.763', '2021-09-24 09:49:45.792', 31257, NULL, 50, NULL, '{\"formId\":\"1440954920348946432\",\"readOnly\":true,\"groupType\":\"DEPT\"}', NULL, '', '2021-09-24 09:49:45.792');
INSERT INTO `ACT_HI_TASKINST` VALUES ('a2c91b77-5e3c-11ec-8bee-f20bcee4e113', 3, 'flowContract:5:4b726726-5e3c-11ec-8bee-f20bcee4e113', NULL, 'Activity_1eewt01', '6cada2b7-5e3c-11ec-8bee-f20bcee4e113', '85fa88be-5e3c-11ec-8bee-f20bcee4e113', NULL, NULL, NULL, NULL, NULL, '', NULL, NULL, NULL, 'leaderLaw', '2021-12-16 14:51:46.378', '2021-12-16 14:52:21.993', '2021-12-16 14:52:22.059', 35681, NULL, 50, NULL, '{\"formId\":\"1440955001093492736\",\"readOnly\":true,\"groupType\":\"POST\"}', NULL, '', '2021-12-16 14:52:22.059');
INSERT INTO `ACT_HI_TASKINST` VALUES ('ad2e32a5-5e3b-11ec-8bee-f20bcee4e113', 2, 'flowSubmit:4:76c5d27b-5e3b-11ec-8bee-f20bcee4e113', NULL, 'Activity_03kjurt', '9e83779e-5e3b-11ec-8bee-f20bcee4e113', 'ad2e32a3-5e3b-11ec-8bee-f20bcee4e113', NULL, NULL, NULL, NULL, NULL, '', NULL, NULL, NULL, 'userA', '2021-12-16 14:44:54.321', NULL, '2021-12-16 14:45:16.927', 22606, NULL, 50, NULL, '{\"formId\":\"1440947675041107968\",\"readOnly\":false,\"groupType\":\"ASSIGNEE\"}', NULL, '', '2021-12-16 14:45:16.927');
INSERT INTO `ACT_HI_TASKINST` VALUES ('b80ed121-5e3c-11ec-8bee-f20bcee4e113', 2, 'flowContract:5:4b726726-5e3c-11ec-8bee-f20bcee4e113', NULL, 'Activity_098ncvw', '6cada2b7-5e3c-11ec-8bee-f20bcee4e113', 'b80e82f9-5e3c-11ec-8bee-f20bcee4e113', NULL, NULL, NULL, NULL, NULL, '', NULL, NULL, NULL, 'userB', '2021-12-16 14:52:22.066', NULL, '2021-12-16 14:52:53.155', 31089, NULL, 50, NULL, '{\"formId\":\"1440955001093492736\",\"readOnly\":true,\"groupType\":\"ASSIGNEE\"}', NULL, '', '2021-12-16 14:52:53.155');
INSERT INTO `ACT_HI_TASKINST` VALUES ('b80ef836-5e3c-11ec-8bee-f20bcee4e113', 2, 'flowContract:5:4b726726-5e3c-11ec-8bee-f20bcee4e113', NULL, 'Activity_098ncvw', '6cada2b7-5e3c-11ec-8bee-f20bcee4e113', 'b80e82fa-5e3c-11ec-8bee-f20bcee4e113', NULL, NULL, NULL, NULL, NULL, '', NULL, NULL, NULL, 'leaderLaw', '2021-12-16 14:52:22.068', NULL, '2021-12-16 14:52:31.625', 9557, NULL, 50, NULL, '{\"formId\":\"1440955001093492736\",\"readOnly\":true,\"groupType\":\"ASSIGNEE\"}', NULL, '', '2021-12-16 14:52:31.625');
INSERT INTO `ACT_HI_TASKINST` VALUES ('b80ef83a-5e3c-11ec-8bee-f20bcee4e113', 2, 'flowContract:5:4b726726-5e3c-11ec-8bee-f20bcee4e113', NULL, 'Activity_098ncvw', '6cada2b7-5e3c-11ec-8bee-f20bcee4e113', 'b80e82fb-5e3c-11ec-8bee-f20bcee4e113', NULL, NULL, NULL, NULL, NULL, '', NULL, NULL, NULL, 'userC', '2021-12-16 14:52:22.068', NULL, '2021-12-16 14:53:15.828', 53760, NULL, 50, NULL, '{\"formId\":\"1440955001093492736\",\"readOnly\":true,\"groupType\":\"ASSIGNEE\"}', NULL, '', '2021-12-16 14:53:15.828');
INSERT INTO `ACT_HI_TASKINST` VALUES ('baa80eb9-5e3b-11ec-8bee-f20bcee4e113', 3, 'flowSubmit:4:76c5d27b-5e3b-11ec-8bee-f20bcee4e113', NULL, 'Activity_0ywxfwu', '9e83779e-5e3b-11ec-8bee-f20bcee4e113', 'ad2e32a3-5e3b-11ec-8bee-f20bcee4e113', NULL, NULL, NULL, NULL, NULL, '', NULL, NULL, NULL, 'leaderHR', '2021-12-16 14:45:16.930', '2021-12-16 14:45:27.577', '2021-12-16 14:45:27.596', 10666, NULL, 50, NULL, '{\"formId\":\"1440947675041107968\",\"readOnly\":true,\"groupType\":\"DEPT_POST_LEADER\"}', NULL, '', '2021-12-16 14:45:27.596');
INSERT INTO `ACT_HI_TASKINST` VALUES ('c8b70062-1cd9-11ec-acd8-3ae4f1d3c3af', 2, 'flowTranslate:1:faa41acf-1c51-11ec-94ee-5ef70686b817', NULL, 'Activity_08p9kng', 'c8b7005a-1cd9-11ec-acd8-3ae4f1d3c3af', 'c8b7005e-1cd9-11ec-acd8-3ae4f1d3c3af', NULL, NULL, NULL, NULL, NULL, '', NULL, NULL, NULL, 'admin', '2021-09-24 09:50:24.256', NULL, '2021-09-24 09:50:24.272', 16, NULL, 50, NULL, '{\"formId\":\"1440945411354267648\",\"readOnly\":false,\"groupType\":\"DEPT\"}', NULL, '', '2021-09-24 09:50:24.272');
INSERT INTO `ACT_HI_TASKINST` VALUES ('c8b9bf89-1cd9-11ec-acd8-3ae4f1d3c3af', 4, 'flowTranslate:1:faa41acf-1c51-11ec-94ee-5ef70686b817', NULL, 'Activity_12olr01', 'c8b7005a-1cd9-11ec-acd8-3ae4f1d3c3af', 'c8b7005e-1cd9-11ec-acd8-3ae4f1d3c3af', NULL, NULL, NULL, NULL, NULL, '', NULL, NULL, NULL, 'leaderHR', '2021-09-24 09:50:24.274', '2021-09-24 09:50:40.953', '2021-09-24 09:51:06.958', 42684, NULL, 50, NULL, '{\"formId\":\"1440945411354267648\",\"readOnly\":true,\"groupType\":\"DEPT\"}', NULL, '', '2021-09-24 09:51:06.958');
INSERT INTO `ACT_HI_TASKINST` VALUES ('d81d2483-5e3c-11ec-8bee-f20bcee4e113', 3, 'flowContract:5:4b726726-5e3c-11ec-8bee-f20bcee4e113', NULL, 'Activity_1h3pnxy', '6cada2b7-5e3c-11ec-8bee-f20bcee4e113', 'd81cfe6e-5e3c-11ec-8bee-f20bcee4e113', NULL, NULL, NULL, NULL, NULL, '', NULL, NULL, NULL, 'admin', '2021-12-16 14:53:15.848', '2021-12-16 14:53:53.744', '2021-12-16 14:53:53.764', 37916, NULL, 50, NULL, '{\"formId\":\"1440954920348946432\",\"readOnly\":true,\"groupType\":\"DEPT\"}', NULL, '', '2021-12-16 14:53:53.764');
INSERT INTO `ACT_HI_TASKINST` VALUES ('e140fbc4-5e36-11ec-9f5e-f20bcee4e113', 2, 'flowLeave:2:de31b55a-5e35-11ec-9f5e-f20bcee4e113', NULL, 'Activity_0sc2yuf', 'e13cdd0b-5e36-11ec-9f5e-f20bcee4e113', 'e13d7950-5e36-11ec-9f5e-f20bcee4e113', NULL, NULL, NULL, NULL, NULL, '', NULL, NULL, NULL, 'userA', '2021-12-16 14:10:34.185', NULL, '2021-12-16 14:10:34.257', 72, NULL, 50, NULL, '{\"formId\":\"1440945411354267648\",\"readOnly\":false,\"groupType\":\"ASSIGNEE\"}', NULL, '', '2021-12-16 14:10:34.257');
INSERT INTO `ACT_HI_TASKINST` VALUES ('e14a238b-5e36-11ec-9f5e-f20bcee4e113', 3, 'flowLeave:2:de31b55a-5e35-11ec-9f5e-f20bcee4e113', NULL, 'Activity_1jw5u20', 'e13cdd0b-5e36-11ec-9f5e-f20bcee4e113', 'e13d7950-5e36-11ec-9f5e-f20bcee4e113', NULL, NULL, NULL, NULL, NULL, '', NULL, NULL, NULL, 'leaderHR', '2021-12-16 14:10:34.261', '2021-12-16 14:20:41.064', '2021-12-16 14:20:41.091', 606830, NULL, 50, NULL, '{\"formId\":\"1440945411354267648\",\"readOnly\":true,\"groupType\":\"DEPT_POST_LEADER\"}', NULL, '', '2021-12-16 14:20:41.091');
INSERT INTO `ACT_HI_TASKINST` VALUES ('e7b1c912-1cd6-11ec-acd8-3ae4f1d3c3af', 2, 'flowLeave:1:1bc2a35b-1c4e-11ec-94ee-5ef70686b817', NULL, 'Activity_0sc2yuf', 'e7ac71d9-1cd6-11ec-acd8-3ae4f1d3c3af', 'e7ad5c3e-1cd6-11ec-acd8-3ae4f1d3c3af', NULL, NULL, NULL, NULL, NULL, '', NULL, NULL, NULL, 'userD', '2021-09-24 09:29:47.720', NULL, '2021-09-24 09:29:47.777', 57, NULL, 50, NULL, '{\"formId\":\"1440945411354267648\",\"readOnly\":false,\"groupType\":\"DEPT\"}', NULL, '', '2021-09-24 09:29:47.777');
INSERT INTO `ACT_HI_TASKINST` VALUES ('e7b80aa9-1cd6-11ec-acd8-3ae4f1d3c3af', 3, 'flowLeave:1:1bc2a35b-1c4e-11ec-94ee-5ef70686b817', NULL, 'Activity_1jw5u20', 'e7ac71d9-1cd6-11ec-acd8-3ae4f1d3c3af', 'e7ad5c3e-1cd6-11ec-acd8-3ae4f1d3c3af', NULL, NULL, NULL, NULL, NULL, '', NULL, NULL, NULL, 'leaderTJ', '2021-09-24 09:29:47.782', '2021-09-24 09:30:11.977', '2021-09-24 09:30:12.026', 24244, NULL, 50, NULL, '{\"formId\":\"1440945411354267648\",\"readOnly\":true,\"groupType\":\"DEPT_POST_LEADER\"}', NULL, '', '2021-09-24 09:30:12.026');
INSERT INTO `ACT_HI_TASKINST` VALUES ('f62d36b1-1cd6-11ec-acd8-3ae4f1d3c3af', 3, 'flowLeave:1:1bc2a35b-1c4e-11ec-94ee-5ef70686b817', NULL, 'Activity_0olxatv', 'e7ac71d9-1cd6-11ec-acd8-3ae4f1d3c3af', 'e7ad5c3e-1cd6-11ec-acd8-3ae4f1d3c3af', NULL, NULL, NULL, NULL, NULL, 'HR', NULL, NULL, NULL, 'userA', '2021-09-24 09:30:12.038', '2021-09-24 09:31:03.787', '2021-09-24 09:31:03.825', 51787, NULL, 50, NULL, '{\"formId\":\"1440945411354267648\",\"readOnly\":true,\"groupType\":\"POST\"}', NULL, '', '2021-09-24 09:31:03.825');
COMMIT;

-- ----------------------------
-- Table structure for ACT_HI_TSK_LOG
-- ----------------------------
DROP TABLE IF EXISTS `ACT_HI_TSK_LOG`;
CREATE TABLE `ACT_HI_TSK_LOG` (
  `ID_` bigint NOT NULL AUTO_INCREMENT,
  `TYPE_` varchar(64) CHARACTER SET utf8 COLLATE utf8_bin DEFAULT NULL,
  `TASK_ID_` varchar(64) CHARACTER SET utf8 COLLATE utf8_bin NOT NULL,
  `TIME_STAMP_` timestamp(3) NOT NULL DEFAULT CURRENT_TIMESTAMP(3) ON UPDATE CURRENT_TIMESTAMP(3),
  `USER_ID_` varchar(255) CHARACTER SET utf8 COLLATE utf8_bin DEFAULT NULL,
  `DATA_` varchar(4000) CHARACTER SET utf8 COLLATE utf8_bin DEFAULT NULL,
  `EXECUTION_ID_` varchar(64) CHARACTER SET utf8 COLLATE utf8_bin DEFAULT NULL,
  `PROC_INST_ID_` varchar(64) CHARACTER SET utf8 COLLATE utf8_bin DEFAULT NULL,
  `PROC_DEF_ID_` varchar(64) CHARACTER SET utf8 COLLATE utf8_bin DEFAULT NULL,
  `SCOPE_ID_` varchar(255) CHARACTER SET utf8 COLLATE utf8_bin DEFAULT NULL,
  `SCOPE_DEFINITION_ID_` varchar(255) CHARACTER SET utf8 COLLATE utf8_bin DEFAULT NULL,
  `SUB_SCOPE_ID_` varchar(255) CHARACTER SET utf8 COLLATE utf8_bin DEFAULT NULL,
  `SCOPE_TYPE_` varchar(255) CHARACTER SET utf8 COLLATE utf8_bin DEFAULT NULL,
  `TENANT_ID_` varchar(255) CHARACTER SET utf8 COLLATE utf8_bin DEFAULT '',
  PRIMARY KEY (`ID_`)
) ENGINE=InnoDB DEFAULT CHARSET=utf8mb3 COLLATE=utf8_bin;

-- ----------------------------
-- Table structure for ACT_HI_VARINST
-- ----------------------------
DROP TABLE IF EXISTS `ACT_HI_VARINST`;
CREATE TABLE `ACT_HI_VARINST` (
  `ID_` varchar(64) CHARACTER SET utf8 COLLATE utf8_bin NOT NULL,
  `REV_` int DEFAULT '1',
  `PROC_INST_ID_` varchar(64) CHARACTER SET utf8 COLLATE utf8_bin DEFAULT NULL,
  `EXECUTION_ID_` varchar(64) CHARACTER SET utf8 COLLATE utf8_bin DEFAULT NULL,
  `TASK_ID_` varchar(64) CHARACTER SET utf8 COLLATE utf8_bin DEFAULT NULL,
  `NAME_` varchar(255) CHARACTER SET utf8 COLLATE utf8_bin NOT NULL,
  `VAR_TYPE_` varchar(100) CHARACTER SET utf8 COLLATE utf8_bin DEFAULT NULL,
  `SCOPE_ID_` varchar(255) CHARACTER SET utf8 COLLATE utf8_bin DEFAULT NULL,
  `SUB_SCOPE_ID_` varchar(255) CHARACTER SET utf8 COLLATE utf8_bin DEFAULT NULL,
  `SCOPE_TYPE_` varchar(255) CHARACTER SET utf8 COLLATE utf8_bin DEFAULT NULL,
  `BYTEARRAY_ID_` varchar(64) CHARACTER SET utf8 COLLATE utf8_bin DEFAULT NULL,
  `DOUBLE_` double DEFAULT NULL,
  `LONG_` bigint DEFAULT NULL,
  `TEXT_` varchar(4000) CHARACTER SET utf8 COLLATE utf8_bin DEFAULT NULL,
  `TEXT2_` varchar(4000) CHARACTER SET utf8 COLLATE utf8_bin DEFAULT NULL,
  `CREATE_TIME_` datetime(3) DEFAULT NULL,
  `LAST_UPDATED_TIME_` datetime(3) DEFAULT NULL,
  PRIMARY KEY (`ID_`),
  KEY `ACT_IDX_HI_PROCVAR_NAME_TYPE` (`NAME_`,`VAR_TYPE_`),
  KEY `ACT_IDX_HI_VAR_SCOPE_ID_TYPE` (`SCOPE_ID_`,`SCOPE_TYPE_`),
  KEY `ACT_IDX_HI_VAR_SUB_ID_TYPE` (`SUB_SCOPE_ID_`,`SCOPE_TYPE_`),
  KEY `ACT_IDX_HI_PROCVAR_PROC_INST` (`PROC_INST_ID_`),
  KEY `ACT_IDX_HI_PROCVAR_TASK_ID` (`TASK_ID_`),
  KEY `ACT_IDX_HI_PROCVAR_EXE` (`EXECUTION_ID_`)
) ENGINE=InnoDB DEFAULT CHARSET=utf8mb3 COLLATE=utf8_bin;

-- ----------------------------
-- Records of ACT_HI_VARINST
-- ----------------------------
BEGIN;
INSERT INTO `ACT_HI_VARINST` VALUES ('0259101b-5e3d-11ec-8bee-f20bcee4e113', 0, '02591019-5e3d-11ec-8bee-f20bcee4e113', '02591019-5e3d-11ec-8bee-f20bcee4e113', NULL, 'startUserName', 'string', NULL, NULL, NULL, NULL, NULL, NULL, 'userD', NULL, '2021-12-16 14:54:26.705', '2021-12-16 14:54:26.705');
INSERT INTO `ACT_HI_VARINST` VALUES ('0259101c-5e3d-11ec-8bee-f20bcee4e113', 0, '02591019-5e3d-11ec-8bee-f20bcee4e113', '02591019-5e3d-11ec-8bee-f20bcee4e113', NULL, 'initiator', 'string', NULL, NULL, NULL, NULL, NULL, NULL, 'userD', NULL, '2021-12-16 14:54:26.706', '2021-12-16 14:54:26.706');
INSERT INTO `ACT_HI_VARINST` VALUES ('025bf654-5e3d-11ec-8bee-f20bcee4e113', 3, '02591019-5e3d-11ec-8bee-f20bcee4e113', '02591019-5e3d-11ec-8bee-f20bcee4e113', NULL, 'multiRefuseCount', 'integer', NULL, NULL, NULL, NULL, NULL, 0, '0', NULL, '2021-12-16 14:54:26.724', '2021-12-16 14:55:41.659');
INSERT INTO `ACT_HI_VARINST` VALUES ('025c4476-5e3d-11ec-8bee-f20bcee4e113', 0, '02591019-5e3d-11ec-8bee-f20bcee4e113', '02591019-5e3d-11ec-8bee-f20bcee4e113', NULL, 'assigneeList', 'serializable', NULL, NULL, NULL, '025c4477-5e3d-11ec-8bee-f20bcee4e113', NULL, NULL, NULL, NULL, '2021-12-16 14:54:26.726', '2021-12-16 14:54:26.726');
INSERT INTO `ACT_HI_VARINST` VALUES ('025c4478-5e3d-11ec-8bee-f20bcee4e113', 3, '02591019-5e3d-11ec-8bee-f20bcee4e113', '02591019-5e3d-11ec-8bee-f20bcee4e113', NULL, 'multiAbstainCount', 'integer', NULL, NULL, NULL, NULL, NULL, 0, '0', NULL, '2021-12-16 14:54:26.726', '2021-12-16 14:55:41.659');
INSERT INTO `ACT_HI_VARINST` VALUES ('025c4479-5e3d-11ec-8bee-f20bcee4e113', 3, '02591019-5e3d-11ec-8bee-f20bcee4e113', '02591019-5e3d-11ec-8bee-f20bcee4e113', NULL, 'operationType', 'string', NULL, NULL, NULL, NULL, NULL, NULL, 'multi_agree', NULL, '2021-12-16 14:54:26.726', '2021-12-16 14:55:41.660');
INSERT INTO `ACT_HI_VARINST` VALUES ('025c447a-5e3d-11ec-8bee-f20bcee4e113', 0, '02591019-5e3d-11ec-8bee-f20bcee4e113', '02591019-5e3d-11ec-8bee-f20bcee4e113', NULL, 'multiSignStartTask', 'string', NULL, NULL, NULL, NULL, NULL, NULL, '02593731-5e3d-11ec-8bee-f20bcee4e113', NULL, '2021-12-16 14:54:26.726', '2021-12-16 14:54:26.726');
INSERT INTO `ACT_HI_VARINST` VALUES ('025c447b-5e3d-11ec-8bee-f20bcee4e113', 3, '02591019-5e3d-11ec-8bee-f20bcee4e113', '02591019-5e3d-11ec-8bee-f20bcee4e113', NULL, 'multiAgreeCount', 'integer', NULL, NULL, NULL, NULL, NULL, 3, '3', NULL, '2021-12-16 14:54:26.726', '2021-12-16 14:55:41.660');
INSERT INTO `ACT_HI_VARINST` VALUES ('025c447c-5e3d-11ec-8bee-f20bcee4e113', 3, '02591019-5e3d-11ec-8bee-f20bcee4e113', '02591019-5e3d-11ec-8bee-f20bcee4e113', NULL, 'multiNumOfInstances', 'integer', NULL, NULL, NULL, NULL, NULL, 3, '3', NULL, '2021-12-16 14:54:26.726', '2021-12-16 14:55:41.661');
INSERT INTO `ACT_HI_VARINST` VALUES ('025ce0c0-5e3d-11ec-8bee-f20bcee4e113', 1, '02591019-5e3d-11ec-8bee-f20bcee4e113', '025ce0bf-5e3d-11ec-8bee-f20bcee4e113', NULL, 'nrOfInstances', 'integer', NULL, NULL, NULL, NULL, NULL, 3, '3', NULL, '2021-12-16 14:54:26.730', '2021-12-16 14:55:08.291');
INSERT INTO `ACT_HI_VARINST` VALUES ('025ce0c1-5e3d-11ec-8bee-f20bcee4e113', 3, '02591019-5e3d-11ec-8bee-f20bcee4e113', '025ce0bf-5e3d-11ec-8bee-f20bcee4e113', NULL, 'nrOfCompletedInstances', 'integer', NULL, NULL, NULL, NULL, NULL, 3, '3', NULL, '2021-12-16 14:54:26.730', '2021-12-16 14:55:41.664');
INSERT INTO `ACT_HI_VARINST` VALUES ('025d07d2-5e3d-11ec-8bee-f20bcee4e113', 3, '02591019-5e3d-11ec-8bee-f20bcee4e113', '025ce0bf-5e3d-11ec-8bee-f20bcee4e113', NULL, 'nrOfActiveInstances', 'integer', NULL, NULL, NULL, NULL, NULL, -1, '-1', NULL, '2021-12-16 14:54:26.731', '2021-12-16 14:55:41.664');
INSERT INTO `ACT_HI_VARINST` VALUES ('025d07d5-5e3d-11ec-8bee-f20bcee4e113', 0, '02591019-5e3d-11ec-8bee-f20bcee4e113', '025d07d3-5e3d-11ec-8bee-f20bcee4e113', NULL, 'assignee', 'string', NULL, NULL, NULL, NULL, NULL, NULL, 'userA', NULL, '2021-12-16 14:54:26.731', '2021-12-16 14:54:26.731');
INSERT INTO `ACT_HI_VARINST` VALUES ('025d07d6-5e3d-11ec-8bee-f20bcee4e113', 0, '02591019-5e3d-11ec-8bee-f20bcee4e113', '025d07d4-5e3d-11ec-8bee-f20bcee4e113', NULL, 'assignee', 'string', NULL, NULL, NULL, NULL, NULL, NULL, 'userB', NULL, '2021-12-16 14:54:26.731', '2021-12-16 14:54:26.731');
INSERT INTO `ACT_HI_VARINST` VALUES ('025d07d7-5e3d-11ec-8bee-f20bcee4e113', 0, '02591019-5e3d-11ec-8bee-f20bcee4e113', '025d07d3-5e3d-11ec-8bee-f20bcee4e113', NULL, 'loopCounter', 'integer', NULL, NULL, NULL, NULL, NULL, 0, '0', NULL, '2021-12-16 14:54:26.731', '2021-12-16 14:54:26.731');
INSERT INTO `ACT_HI_VARINST` VALUES ('025d07dc-5e3d-11ec-8bee-f20bcee4e113', 0, '02591019-5e3d-11ec-8bee-f20bcee4e113', '025d07d4-5e3d-11ec-8bee-f20bcee4e113', NULL, 'loopCounter', 'integer', NULL, NULL, NULL, NULL, NULL, 1, '1', NULL, '2021-12-16 14:54:26.731', '2021-12-16 14:54:26.731');
INSERT INTO `ACT_HI_VARINST` VALUES ('17547fdb-1cd8-11ec-acd8-3ae4f1d3c3af', 0, '17547fd9-1cd8-11ec-acd8-3ae4f1d3c3af', '17547fd9-1cd8-11ec-acd8-3ae4f1d3c3af', NULL, 'startUserName', 'string', NULL, NULL, NULL, NULL, NULL, NULL, 'userD', NULL, '2021-09-24 09:38:17.157', '2021-09-24 09:38:17.157');
INSERT INTO `ACT_HI_VARINST` VALUES ('17547fdc-1cd8-11ec-acd8-3ae4f1d3c3af', 0, '17547fd9-1cd8-11ec-acd8-3ae4f1d3c3af', '17547fd9-1cd8-11ec-acd8-3ae4f1d3c3af', NULL, 'deptPostLeader', 'long', NULL, NULL, NULL, NULL, NULL, 1440964519391137792, '1440964519391137792', NULL, '2021-09-24 09:38:17.157', '2021-09-24 09:38:17.157');
INSERT INTO `ACT_HI_VARINST` VALUES ('17547fdd-1cd8-11ec-acd8-3ae4f1d3c3af', 0, '17547fd9-1cd8-11ec-acd8-3ae4f1d3c3af', '17547fd9-1cd8-11ec-acd8-3ae4f1d3c3af', NULL, 'initiator', 'string', NULL, NULL, NULL, NULL, NULL, NULL, 'userD', NULL, '2021-09-24 09:38:17.157', '2021-09-24 09:38:17.157');
INSERT INTO `ACT_HI_VARINST` VALUES ('17576615-1cd8-11ec-acd8-3ae4f1d3c3af', 8, '17547fd9-1cd8-11ec-acd8-3ae4f1d3c3af', '17547fd9-1cd8-11ec-acd8-3ae4f1d3c3af', NULL, 'operationType', 'string', NULL, NULL, NULL, NULL, NULL, NULL, 'multi_agree', NULL, '2021-09-24 09:38:17.176', '2021-09-24 09:42:14.508');
INSERT INTO `ACT_HI_VARINST` VALUES ('1b22bc73-5e3d-11ec-8bee-f20bcee4e113', 0, '02591019-5e3d-11ec-8bee-f20bcee4e113', '1b226e52-5e3d-11ec-8bee-f20bcee4e113', NULL, 'multiSignStartTask', 'string', NULL, NULL, NULL, NULL, NULL, NULL, '02593731-5e3d-11ec-8bee-f20bcee4e113', NULL, '2021-12-16 14:55:08.292', '2021-12-16 14:55:08.292');
INSERT INTO `ACT_HI_VARINST` VALUES ('1b22bc74-5e3d-11ec-8bee-f20bcee4e113', 0, '02591019-5e3d-11ec-8bee-f20bcee4e113', '1b226e52-5e3d-11ec-8bee-f20bcee4e113', NULL, 'assignee', 'string', NULL, NULL, NULL, NULL, NULL, NULL, 'userD', NULL, '2021-12-16 14:55:08.292', '2021-12-16 14:55:08.292');
INSERT INTO `ACT_HI_VARINST` VALUES ('1b22e385-5e3d-11ec-8bee-f20bcee4e113', 0, '02591019-5e3d-11ec-8bee-f20bcee4e113', '1b226e52-5e3d-11ec-8bee-f20bcee4e113', NULL, 'loopCounter', 'integer', NULL, NULL, NULL, NULL, NULL, 2, '2', NULL, '2021-12-16 14:55:08.293', '2021-12-16 14:55:08.293');
INSERT INTO `ACT_HI_VARINST` VALUES ('1b41a386-1cd9-11ec-acd8-3ae4f1d3c3af', 0, '1b41a384-1cd9-11ec-acd8-3ae4f1d3c3af', '1b41a384-1cd9-11ec-acd8-3ae4f1d3c3af', NULL, 'startUserName', 'string', NULL, NULL, NULL, NULL, NULL, NULL, 'userD', NULL, '2021-09-24 09:45:33.241', '2021-09-24 09:45:33.241');
INSERT INTO `ACT_HI_VARINST` VALUES ('1b41a387-1cd9-11ec-acd8-3ae4f1d3c3af', 0, '1b41a384-1cd9-11ec-acd8-3ae4f1d3c3af', '1b41a384-1cd9-11ec-acd8-3ae4f1d3c3af', NULL, 'deptPostLeader', 'long', NULL, NULL, NULL, NULL, NULL, 1440964519391137792, '1440964519391137792', NULL, '2021-09-24 09:45:33.241', '2021-09-24 09:45:33.241');
INSERT INTO `ACT_HI_VARINST` VALUES ('1b41a388-1cd9-11ec-acd8-3ae4f1d3c3af', 0, '1b41a384-1cd9-11ec-acd8-3ae4f1d3c3af', '1b41a384-1cd9-11ec-acd8-3ae4f1d3c3af', NULL, 'initiator', 'string', NULL, NULL, NULL, NULL, NULL, NULL, 'userD', NULL, '2021-09-24 09:45:33.241', '2021-09-24 09:45:33.241');
INSERT INTO `ACT_HI_VARINST` VALUES ('1b441390-1cd9-11ec-acd8-3ae4f1d3c3af', 9, '1b41a384-1cd9-11ec-acd8-3ae4f1d3c3af', '1b41a384-1cd9-11ec-acd8-3ae4f1d3c3af', NULL, 'operationType', 'string', NULL, NULL, NULL, NULL, NULL, NULL, 'agree', NULL, '2021-09-24 09:45:33.257', '2021-09-24 09:49:45.791');
INSERT INTO `ACT_HI_VARINST` VALUES ('22f40e25-1d0e-11ec-8336-3ae4f1d3c3af', 0, '22f398f3-1d0e-11ec-8336-3ae4f1d3c3af', '22f398f3-1d0e-11ec-8336-3ae4f1d3c3af', NULL, 'startUserName', 'string', NULL, NULL, NULL, NULL, NULL, NULL, 'userD', NULL, '2021-09-24 16:05:09.482', '2021-09-24 16:05:09.482');
INSERT INTO `ACT_HI_VARINST` VALUES ('22f45c46-1d0e-11ec-8336-3ae4f1d3c3af', 0, '22f398f3-1d0e-11ec-8336-3ae4f1d3c3af', '22f398f3-1d0e-11ec-8336-3ae4f1d3c3af', NULL, 'deptPostLeader', 'long', NULL, NULL, NULL, NULL, NULL, 1440964519391137792, '1440964519391137792', NULL, '2021-09-24 16:05:09.483', '2021-09-24 16:05:09.483');
INSERT INTO `ACT_HI_VARINST` VALUES ('22f45c47-1d0e-11ec-8336-3ae4f1d3c3af', 0, '22f398f3-1d0e-11ec-8336-3ae4f1d3c3af', '22f398f3-1d0e-11ec-8336-3ae4f1d3c3af', NULL, 'initiator', 'string', NULL, NULL, NULL, NULL, NULL, NULL, 'userD', NULL, '2021-09-24 16:05:09.483', '2021-09-24 16:05:09.483');
INSERT INTO `ACT_HI_VARINST` VALUES ('230217ef-1d0e-11ec-8336-3ae4f1d3c3af', 1, '22f398f3-1d0e-11ec-8336-3ae4f1d3c3af', '22f398f3-1d0e-11ec-8336-3ae4f1d3c3af', NULL, 'operationType', 'string', NULL, NULL, NULL, NULL, NULL, NULL, 'agree', NULL, '2021-09-24 16:05:09.574', '2021-09-24 16:50:20.663');
INSERT INTO `ACT_HI_VARINST` VALUES ('420171fa-1cd7-11ec-acd8-3ae4f1d3c3af', 0, '420171f8-1cd7-11ec-acd8-3ae4f1d3c3af', '420171f8-1cd7-11ec-acd8-3ae4f1d3c3af', NULL, 'startUserName', 'string', NULL, NULL, NULL, NULL, NULL, NULL, 'userD', NULL, '2021-09-24 09:32:19.258', '2021-09-24 09:32:19.258');
INSERT INTO `ACT_HI_VARINST` VALUES ('420171fb-1cd7-11ec-acd8-3ae4f1d3c3af', 0, '420171f8-1cd7-11ec-acd8-3ae4f1d3c3af', '420171f8-1cd7-11ec-acd8-3ae4f1d3c3af', NULL, 'deptPostLeader', 'long', NULL, NULL, NULL, NULL, NULL, 1440964519391137792, '1440964519391137792', NULL, '2021-09-24 09:32:19.258', '2021-09-24 09:32:19.258');
INSERT INTO `ACT_HI_VARINST` VALUES ('420171fc-1cd7-11ec-acd8-3ae4f1d3c3af', 0, '420171f8-1cd7-11ec-acd8-3ae4f1d3c3af', '420171f8-1cd7-11ec-acd8-3ae4f1d3c3af', NULL, 'initiator', 'string', NULL, NULL, NULL, NULL, NULL, NULL, 'userD', NULL, '2021-09-24 09:32:19.258', '2021-09-24 09:32:19.258');
INSERT INTO `ACT_HI_VARINST` VALUES ('4204cd64-1cd7-11ec-acd8-3ae4f1d3c3af', 2, '420171f8-1cd7-11ec-acd8-3ae4f1d3c3af', '420171f8-1cd7-11ec-acd8-3ae4f1d3c3af', NULL, 'operationType', 'string', NULL, NULL, NULL, NULL, NULL, NULL, 'agree', NULL, '2021-09-24 09:32:19.280', '2021-09-24 09:33:02.290');
INSERT INTO `ACT_HI_VARINST` VALUES ('487e364d-1cd7-11ec-acd8-3ae4f1d3c3af', 0, '420171f8-1cd7-11ec-acd8-3ae4f1d3c3af', '420171f8-1cd7-11ec-acd8-3ae4f1d3c3af', NULL, 'totalAmount', 'integer', NULL, NULL, NULL, NULL, NULL, 1200, '1200', NULL, '2021-09-24 09:32:30.142', '2021-09-24 09:32:30.142');
INSERT INTO `ACT_HI_VARINST` VALUES ('6cada2b9-5e3c-11ec-8bee-f20bcee4e113', 0, '6cada2b7-5e3c-11ec-8bee-f20bcee4e113', '6cada2b7-5e3c-11ec-8bee-f20bcee4e113', NULL, 'startUserName', 'string', NULL, NULL, NULL, NULL, NULL, NULL, 'userD', NULL, '2021-12-16 14:50:15.601', '2021-12-16 14:50:15.601');
INSERT INTO `ACT_HI_VARINST` VALUES ('6cadc9ca-5e3c-11ec-8bee-f20bcee4e113', 0, '6cada2b7-5e3c-11ec-8bee-f20bcee4e113', '6cada2b7-5e3c-11ec-8bee-f20bcee4e113', NULL, 'deptPostLeader', 'string', NULL, NULL, NULL, NULL, NULL, NULL, '1440964519391137792', NULL, '2021-12-16 14:50:15.602', '2021-12-16 14:50:15.602');
INSERT INTO `ACT_HI_VARINST` VALUES ('6cadc9cb-5e3c-11ec-8bee-f20bcee4e113', 0, '6cada2b7-5e3c-11ec-8bee-f20bcee4e113', '6cada2b7-5e3c-11ec-8bee-f20bcee4e113', NULL, 'initiator', 'string', NULL, NULL, NULL, NULL, NULL, NULL, 'userD', NULL, '2021-12-16 14:50:15.602', '2021-12-16 14:50:15.602');
INSERT INTO `ACT_HI_VARINST` VALUES ('6cb088f3-5e3c-11ec-8bee-f20bcee4e113', 9, '6cada2b7-5e3c-11ec-8bee-f20bcee4e113', '6cada2b7-5e3c-11ec-8bee-f20bcee4e113', NULL, 'operationType', 'string', NULL, NULL, NULL, NULL, NULL, NULL, 'agree', NULL, '2021-12-16 14:50:15.620', '2021-12-16 14:53:53.763');
INSERT INTO `ACT_HI_VARINST` VALUES ('7138d67f-1d1d-11ec-8336-3ae4f1d3c3af', 0, '7138d67d-1d1d-11ec-8336-3ae4f1d3c3af', '7138d67d-1d1d-11ec-8336-3ae4f1d3c3af', NULL, 'startUserName', 'string', NULL, NULL, NULL, NULL, NULL, NULL, 'userD', NULL, '2021-09-24 17:54:43.245', '2021-09-24 17:54:43.245');
INSERT INTO `ACT_HI_VARINST` VALUES ('7138d680-1d1d-11ec-8336-3ae4f1d3c3af', 0, '7138d67d-1d1d-11ec-8336-3ae4f1d3c3af', '7138d67d-1d1d-11ec-8336-3ae4f1d3c3af', NULL, 'deptPostLeader', 'long', NULL, NULL, NULL, NULL, NULL, 1440964519391137792, '1440964519391137792', NULL, '2021-09-24 17:54:43.245', '2021-09-24 17:54:43.245');
INSERT INTO `ACT_HI_VARINST` VALUES ('7138d681-1d1d-11ec-8336-3ae4f1d3c3af', 0, '7138d67d-1d1d-11ec-8336-3ae4f1d3c3af', '7138d67d-1d1d-11ec-8336-3ae4f1d3c3af', NULL, 'initiator', 'string', NULL, NULL, NULL, NULL, NULL, NULL, 'userD', NULL, '2021-09-24 17:54:43.245', '2021-09-24 17:54:43.245');
INSERT INTO `ACT_HI_VARINST` VALUES ('713d6a69-1d1d-11ec-8336-3ae4f1d3c3af', 0, '7138d67d-1d1d-11ec-8336-3ae4f1d3c3af', '7138d67d-1d1d-11ec-8336-3ae4f1d3c3af', NULL, 'operationType', 'string', NULL, NULL, NULL, NULL, NULL, NULL, 'agree', NULL, '2021-09-24 17:54:43.275', '2021-09-24 17:54:43.275');
INSERT INTO `ACT_HI_VARINST` VALUES ('719d8e5c-1cd7-11ec-acd8-3ae4f1d3c3af', 0, '719d8e5a-1cd7-11ec-acd8-3ae4f1d3c3af', '719d8e5a-1cd7-11ec-acd8-3ae4f1d3c3af', NULL, 'startUserName', 'string', NULL, NULL, NULL, NULL, NULL, NULL, 'userD', NULL, '2021-09-24 09:33:39.134', '2021-09-24 09:33:39.134');
INSERT INTO `ACT_HI_VARINST` VALUES ('719d8e5d-1cd7-11ec-acd8-3ae4f1d3c3af', 0, '719d8e5a-1cd7-11ec-acd8-3ae4f1d3c3af', '719d8e5a-1cd7-11ec-acd8-3ae4f1d3c3af', NULL, 'initiator', 'string', NULL, NULL, NULL, NULL, NULL, NULL, 'userD', NULL, '2021-09-24 09:33:39.134', '2021-09-24 09:33:39.134');
INSERT INTO `ACT_HI_VARINST` VALUES ('72f19918-1d14-11ec-8336-3ae4f1d3c3af', 0, '22f398f3-1d0e-11ec-8336-3ae4f1d3c3af', '22f398f3-1d0e-11ec-8336-3ae4f1d3c3af', NULL, 'totalAmount', 'integer', NULL, NULL, NULL, NULL, NULL, 800, '800', NULL, '2021-09-24 16:50:20.663', '2021-09-24 16:50:20.663');
INSERT INTO `ACT_HI_VARINST` VALUES ('73bfb5e1-1cd8-11ec-acd8-3ae4f1d3c3af', 3, '17547fd9-1cd8-11ec-acd8-3ae4f1d3c3af', '17547fd9-1cd8-11ec-acd8-3ae4f1d3c3af', NULL, 'multiRefuseCount', 'integer', NULL, NULL, NULL, NULL, NULL, 1, '1', NULL, '2021-09-24 09:40:52.210', '2021-09-24 09:42:14.508');
INSERT INTO `ACT_HI_VARINST` VALUES ('73c02b13-1cd8-11ec-acd8-3ae4f1d3c3af', 0, '17547fd9-1cd8-11ec-acd8-3ae4f1d3c3af', '17547fd9-1cd8-11ec-acd8-3ae4f1d3c3af', NULL, 'assigneeList', 'serializable', NULL, NULL, NULL, '73c05224-1cd8-11ec-acd8-3ae4f1d3c3af', NULL, NULL, NULL, NULL, '2021-09-24 09:40:52.213', '2021-09-24 09:40:52.213');
INSERT INTO `ACT_HI_VARINST` VALUES ('73c05225-1cd8-11ec-acd8-3ae4f1d3c3af', 3, '17547fd9-1cd8-11ec-acd8-3ae4f1d3c3af', '17547fd9-1cd8-11ec-acd8-3ae4f1d3c3af', NULL, 'multiAbstainCount', 'integer', NULL, NULL, NULL, NULL, NULL, 0, '0', NULL, '2021-09-24 09:40:52.214', '2021-09-24 09:42:14.508');
INSERT INTO `ACT_HI_VARINST` VALUES ('73c05226-1cd8-11ec-acd8-3ae4f1d3c3af', 0, '17547fd9-1cd8-11ec-acd8-3ae4f1d3c3af', '17547fd9-1cd8-11ec-acd8-3ae4f1d3c3af', NULL, 'multiSignStartTask', 'string', NULL, NULL, NULL, NULL, NULL, NULL, '4fec915c-1cd8-11ec-acd8-3ae4f1d3c3af', NULL, '2021-09-24 09:40:52.214', '2021-09-24 09:40:52.214');
INSERT INTO `ACT_HI_VARINST` VALUES ('73c05227-1cd8-11ec-acd8-3ae4f1d3c3af', 3, '17547fd9-1cd8-11ec-acd8-3ae4f1d3c3af', '17547fd9-1cd8-11ec-acd8-3ae4f1d3c3af', NULL, 'multiAgreeCount', 'integer', NULL, NULL, NULL, NULL, NULL, 2, '2', NULL, '2021-09-24 09:40:52.214', '2021-09-24 09:42:14.508');
INSERT INTO `ACT_HI_VARINST` VALUES ('73c05228-1cd8-11ec-acd8-3ae4f1d3c3af', 3, '17547fd9-1cd8-11ec-acd8-3ae4f1d3c3af', '17547fd9-1cd8-11ec-acd8-3ae4f1d3c3af', NULL, 'multiNumOfInstances', 'integer', NULL, NULL, NULL, NULL, NULL, 4, '4', NULL, '2021-09-24 09:40:52.214', '2021-09-24 09:42:14.509');
INSERT INTO `ACT_HI_VARINST` VALUES ('73c1157b-1cd8-11ec-acd8-3ae4f1d3c3af', 1, '17547fd9-1cd8-11ec-acd8-3ae4f1d3c3af', '73c0ee6a-1cd8-11ec-acd8-3ae4f1d3c3af', NULL, 'nrOfInstances', 'integer', NULL, NULL, NULL, NULL, NULL, 4, '4', NULL, '2021-09-24 09:40:52.219', '2021-09-24 09:41:03.135');
INSERT INTO `ACT_HI_VARINST` VALUES ('73c1157c-1cd8-11ec-acd8-3ae4f1d3c3af', 4, '17547fd9-1cd8-11ec-acd8-3ae4f1d3c3af', '73c0ee6a-1cd8-11ec-acd8-3ae4f1d3c3af', NULL, 'nrOfCompletedInstances', 'integer', NULL, NULL, NULL, NULL, NULL, 4, '4', NULL, '2021-09-24 09:40:52.219', '2021-09-24 09:43:49.220');
INSERT INTO `ACT_HI_VARINST` VALUES ('73c1157d-1cd8-11ec-acd8-3ae4f1d3c3af', 4, '17547fd9-1cd8-11ec-acd8-3ae4f1d3c3af', '73c0ee6a-1cd8-11ec-acd8-3ae4f1d3c3af', NULL, 'nrOfActiveInstances', 'integer', NULL, NULL, NULL, NULL, NULL, -1, '-1', NULL, '2021-09-24 09:40:52.219', '2021-09-24 09:43:49.220');
INSERT INTO `ACT_HI_VARINST` VALUES ('73c13c91-1cd8-11ec-acd8-3ae4f1d3c3af', 0, '17547fd9-1cd8-11ec-acd8-3ae4f1d3c3af', '73c1157e-1cd8-11ec-acd8-3ae4f1d3c3af', NULL, 'assignee', 'string', NULL, NULL, NULL, NULL, NULL, NULL, 'userB', NULL, '2021-09-24 09:40:52.220', '2021-09-24 09:40:52.220');
INSERT INTO `ACT_HI_VARINST` VALUES ('73c13c92-1cd8-11ec-acd8-3ae4f1d3c3af', 0, '17547fd9-1cd8-11ec-acd8-3ae4f1d3c3af', '73c13c8f-1cd8-11ec-acd8-3ae4f1d3c3af', NULL, 'assignee', 'string', NULL, NULL, NULL, NULL, NULL, NULL, 'userC', NULL, '2021-09-24 09:40:52.221', '2021-09-24 09:40:52.221');
INSERT INTO `ACT_HI_VARINST` VALUES ('73c163a3-1cd8-11ec-acd8-3ae4f1d3c3af', 0, '17547fd9-1cd8-11ec-acd8-3ae4f1d3c3af', '73c13c90-1cd8-11ec-acd8-3ae4f1d3c3af', NULL, 'assignee', 'string', NULL, NULL, NULL, NULL, NULL, NULL, 'leaderLaw', NULL, '2021-09-24 09:40:52.221', '2021-09-24 09:40:52.221');
INSERT INTO `ACT_HI_VARINST` VALUES ('73c163a4-1cd8-11ec-acd8-3ae4f1d3c3af', 0, '17547fd9-1cd8-11ec-acd8-3ae4f1d3c3af', '73c1157e-1cd8-11ec-acd8-3ae4f1d3c3af', NULL, 'loopCounter', 'integer', NULL, NULL, NULL, NULL, NULL, 0, '0', NULL, '2021-09-24 09:40:52.221', '2021-09-24 09:40:52.221');
INSERT INTO `ACT_HI_VARINST` VALUES ('73c18ab9-1cd8-11ec-acd8-3ae4f1d3c3af', 0, '17547fd9-1cd8-11ec-acd8-3ae4f1d3c3af', '73c13c8f-1cd8-11ec-acd8-3ae4f1d3c3af', NULL, 'loopCounter', 'integer', NULL, NULL, NULL, NULL, NULL, 1, '1', NULL, '2021-09-24 09:40:52.222', '2021-09-24 09:40:52.222');
INSERT INTO `ACT_HI_VARINST` VALUES ('73c18abe-1cd8-11ec-acd8-3ae4f1d3c3af', 0, '17547fd9-1cd8-11ec-acd8-3ae4f1d3c3af', '73c13c90-1cd8-11ec-acd8-3ae4f1d3c3af', NULL, 'loopCounter', 'integer', NULL, NULL, NULL, NULL, NULL, 2, '2', NULL, '2021-09-24 09:40:52.222', '2021-09-24 09:40:52.222');
INSERT INTO `ACT_HI_VARINST` VALUES ('74c066fb-1cd9-11ec-acd8-3ae4f1d3c3af', 3, '1b41a384-1cd9-11ec-acd8-3ae4f1d3c3af', '1b41a384-1cd9-11ec-acd8-3ae4f1d3c3af', NULL, 'multiRefuseCount', 'integer', NULL, NULL, NULL, NULL, NULL, 0, '0', NULL, '2021-09-24 09:48:03.389', '2021-09-24 09:49:14.524');
INSERT INTO `ACT_HI_VARINST` VALUES ('74c066fd-1cd9-11ec-acd8-3ae4f1d3c3af', 0, '1b41a384-1cd9-11ec-acd8-3ae4f1d3c3af', '1b41a384-1cd9-11ec-acd8-3ae4f1d3c3af', NULL, 'assigneeList', 'serializable', NULL, NULL, NULL, '74c066fe-1cd9-11ec-acd8-3ae4f1d3c3af', NULL, NULL, NULL, NULL, '2021-09-24 09:48:03.389', '2021-09-24 09:48:03.389');
INSERT INTO `ACT_HI_VARINST` VALUES ('74c066ff-1cd9-11ec-acd8-3ae4f1d3c3af', 3, '1b41a384-1cd9-11ec-acd8-3ae4f1d3c3af', '1b41a384-1cd9-11ec-acd8-3ae4f1d3c3af', NULL, 'multiAbstainCount', 'integer', NULL, NULL, NULL, NULL, NULL, 0, '0', NULL, '2021-09-24 09:48:03.389', '2021-09-24 09:49:14.524');
INSERT INTO `ACT_HI_VARINST` VALUES ('74c08e10-1cd9-11ec-acd8-3ae4f1d3c3af', 0, '1b41a384-1cd9-11ec-acd8-3ae4f1d3c3af', '1b41a384-1cd9-11ec-acd8-3ae4f1d3c3af', NULL, 'multiSignStartTask', 'string', NULL, NULL, NULL, NULL, NULL, NULL, '66c6d396-1cd9-11ec-acd8-3ae4f1d3c3af', NULL, '2021-09-24 09:48:03.390', '2021-09-24 09:48:03.390');
INSERT INTO `ACT_HI_VARINST` VALUES ('74c08e11-1cd9-11ec-acd8-3ae4f1d3c3af', 3, '1b41a384-1cd9-11ec-acd8-3ae4f1d3c3af', '1b41a384-1cd9-11ec-acd8-3ae4f1d3c3af', NULL, 'multiAgreeCount', 'integer', NULL, NULL, NULL, NULL, NULL, 3, '3', NULL, '2021-09-24 09:48:03.390', '2021-09-24 09:49:14.524');
INSERT INTO `ACT_HI_VARINST` VALUES ('74c08e12-1cd9-11ec-acd8-3ae4f1d3c3af', 3, '1b41a384-1cd9-11ec-acd8-3ae4f1d3c3af', '1b41a384-1cd9-11ec-acd8-3ae4f1d3c3af', NULL, 'multiNumOfInstances', 'integer', NULL, NULL, NULL, NULL, NULL, 3, '3', NULL, '2021-09-24 09:48:03.390', '2021-09-24 09:49:14.525');
INSERT INTO `ACT_HI_VARINST` VALUES ('74c10345-1cd9-11ec-acd8-3ae4f1d3c3af', 1, '1b41a384-1cd9-11ec-acd8-3ae4f1d3c3af', '74c10344-1cd9-11ec-acd8-3ae4f1d3c3af', NULL, 'nrOfInstances', 'integer', NULL, NULL, NULL, NULL, NULL, 3, '3', NULL, '2021-09-24 09:48:03.393', '2021-09-24 09:48:41.142');
INSERT INTO `ACT_HI_VARINST` VALUES ('74c10346-1cd9-11ec-acd8-3ae4f1d3c3af', 3, '1b41a384-1cd9-11ec-acd8-3ae4f1d3c3af', '74c10344-1cd9-11ec-acd8-3ae4f1d3c3af', NULL, 'nrOfCompletedInstances', 'integer', NULL, NULL, NULL, NULL, NULL, 3, '3', NULL, '2021-09-24 09:48:03.393', '2021-09-24 09:49:14.527');
INSERT INTO `ACT_HI_VARINST` VALUES ('74c10347-1cd9-11ec-acd8-3ae4f1d3c3af', 3, '1b41a384-1cd9-11ec-acd8-3ae4f1d3c3af', '74c10344-1cd9-11ec-acd8-3ae4f1d3c3af', NULL, 'nrOfActiveInstances', 'integer', NULL, NULL, NULL, NULL, NULL, -1, '-1', NULL, '2021-09-24 09:48:03.393', '2021-09-24 09:49:14.527');
INSERT INTO `ACT_HI_VARINST` VALUES ('74c1034a-1cd9-11ec-acd8-3ae4f1d3c3af', 0, '1b41a384-1cd9-11ec-acd8-3ae4f1d3c3af', '74c10348-1cd9-11ec-acd8-3ae4f1d3c3af', NULL, 'assignee', 'string', NULL, NULL, NULL, NULL, NULL, NULL, 'leaderLaw', NULL, '2021-09-24 09:48:03.393', '2021-09-24 09:48:03.393');
INSERT INTO `ACT_HI_VARINST` VALUES ('74c12a5b-1cd9-11ec-acd8-3ae4f1d3c3af', 0, '1b41a384-1cd9-11ec-acd8-3ae4f1d3c3af', '74c10349-1cd9-11ec-acd8-3ae4f1d3c3af', NULL, 'assignee', 'string', NULL, NULL, NULL, NULL, NULL, NULL, 'userC', NULL, '2021-09-24 09:48:03.394', '2021-09-24 09:48:03.394');
INSERT INTO `ACT_HI_VARINST` VALUES ('74c12a5c-1cd9-11ec-acd8-3ae4f1d3c3af', 0, '1b41a384-1cd9-11ec-acd8-3ae4f1d3c3af', '74c10348-1cd9-11ec-acd8-3ae4f1d3c3af', NULL, 'loopCounter', 'integer', NULL, NULL, NULL, NULL, NULL, 0, '0', NULL, '2021-09-24 09:48:03.394', '2021-09-24 09:48:03.394');
INSERT INTO `ACT_HI_VARINST` VALUES ('74c12a60-1cd9-11ec-acd8-3ae4f1d3c3af', 0, '1b41a384-1cd9-11ec-acd8-3ae4f1d3c3af', '74c10349-1cd9-11ec-acd8-3ae4f1d3c3af', NULL, 'loopCounter', 'integer', NULL, NULL, NULL, NULL, NULL, 1, '1', NULL, '2021-09-24 09:48:03.394', '2021-09-24 09:48:03.394');
INSERT INTO `ACT_HI_VARINST` VALUES ('7a4309f3-1cd8-11ec-acd8-3ae4f1d3c3af', 0, '17547fd9-1cd8-11ec-acd8-3ae4f1d3c3af', '7a4294c2-1cd8-11ec-acd8-3ae4f1d3c3af', NULL, 'multiSignStartTask', 'string', NULL, NULL, NULL, NULL, NULL, NULL, '4fec915c-1cd8-11ec-acd8-3ae4f1d3c3af', NULL, '2021-09-24 09:41:03.137', '2021-09-24 09:41:03.137');
INSERT INTO `ACT_HI_VARINST` VALUES ('7a4309f4-1cd8-11ec-acd8-3ae4f1d3c3af', 0, '17547fd9-1cd8-11ec-acd8-3ae4f1d3c3af', '7a4294c2-1cd8-11ec-acd8-3ae4f1d3c3af', NULL, 'assignee', 'string', NULL, NULL, NULL, NULL, NULL, NULL, 'admin', NULL, '2021-09-24 09:41:03.137', '2021-09-24 09:41:03.137');
INSERT INTO `ACT_HI_VARINST` VALUES ('7a4309f5-1cd8-11ec-acd8-3ae4f1d3c3af', 0, '17547fd9-1cd8-11ec-acd8-3ae4f1d3c3af', '7a4294c2-1cd8-11ec-acd8-3ae4f1d3c3af', NULL, 'loopCounter', 'integer', NULL, NULL, NULL, NULL, NULL, 3, '3', NULL, '2021-09-24 09:41:03.137', '2021-09-24 09:41:03.137');
INSERT INTO `ACT_HI_VARINST` VALUES ('8b4134b6-1cd9-11ec-acd8-3ae4f1d3c3af', 0, '1b41a384-1cd9-11ec-acd8-3ae4f1d3c3af', '8b410da5-1cd9-11ec-acd8-3ae4f1d3c3af', NULL, 'multiSignStartTask', 'string', NULL, NULL, NULL, NULL, NULL, NULL, '66c6d396-1cd9-11ec-acd8-3ae4f1d3c3af', NULL, '2021-09-24 09:48:41.143', '2021-09-24 09:48:41.143');
INSERT INTO `ACT_HI_VARINST` VALUES ('8b4134b7-1cd9-11ec-acd8-3ae4f1d3c3af', 0, '1b41a384-1cd9-11ec-acd8-3ae4f1d3c3af', '8b410da5-1cd9-11ec-acd8-3ae4f1d3c3af', NULL, 'assignee', 'string', NULL, NULL, NULL, NULL, NULL, NULL, 'userB', NULL, '2021-09-24 09:48:41.143', '2021-09-24 09:48:41.143');
INSERT INTO `ACT_HI_VARINST` VALUES ('8b4134b8-1cd9-11ec-acd8-3ae4f1d3c3af', 0, '1b41a384-1cd9-11ec-acd8-3ae4f1d3c3af', '8b410da5-1cd9-11ec-acd8-3ae4f1d3c3af', NULL, 'loopCounter', 'integer', NULL, NULL, NULL, NULL, NULL, 2, '2', NULL, '2021-09-24 09:48:41.143', '2021-09-24 09:48:41.143');
INSERT INTO `ACT_HI_VARINST` VALUES ('9e8377a0-5e3b-11ec-8bee-f20bcee4e113', 0, '9e83779e-5e3b-11ec-8bee-f20bcee4e113', '9e83779e-5e3b-11ec-8bee-f20bcee4e113', NULL, 'startUserName', 'string', NULL, NULL, NULL, NULL, NULL, NULL, 'userA', NULL, '2021-12-16 14:44:29.714', '2021-12-16 14:44:29.714');
INSERT INTO `ACT_HI_VARINST` VALUES ('9e8377a1-5e3b-11ec-8bee-f20bcee4e113', 0, '9e83779e-5e3b-11ec-8bee-f20bcee4e113', '9e83779e-5e3b-11ec-8bee-f20bcee4e113', NULL, 'deptPostLeader', 'string', NULL, NULL, NULL, NULL, NULL, NULL, '1440964221780103168', NULL, '2021-12-16 14:44:29.714', '2021-12-16 14:44:29.714');
INSERT INTO `ACT_HI_VARINST` VALUES ('9e8377a2-5e3b-11ec-8bee-f20bcee4e113', 0, '9e83779e-5e3b-11ec-8bee-f20bcee4e113', '9e83779e-5e3b-11ec-8bee-f20bcee4e113', NULL, 'initiator', 'string', NULL, NULL, NULL, NULL, NULL, NULL, 'userA', NULL, '2021-12-16 14:44:29.714', '2021-12-16 14:44:29.714');
INSERT INTO `ACT_HI_VARINST` VALUES ('9e86abfa-5e3b-11ec-8bee-f20bcee4e113', 2, '9e83779e-5e3b-11ec-8bee-f20bcee4e113', '9e83779e-5e3b-11ec-8bee-f20bcee4e113', NULL, 'operationType', 'string', NULL, NULL, NULL, NULL, NULL, NULL, 'agree', NULL, '2021-12-16 14:44:29.735', '2021-12-16 14:45:27.594');
INSERT INTO `ACT_HI_VARINST` VALUES ('b80cae2c-5e3c-11ec-8bee-f20bcee4e113', 3, '6cada2b7-5e3c-11ec-8bee-f20bcee4e113', '6cada2b7-5e3c-11ec-8bee-f20bcee4e113', NULL, 'multiRefuseCount', 'integer', NULL, NULL, NULL, NULL, NULL, 1, '1', NULL, '2021-12-16 14:52:22.053', '2021-12-16 14:53:15.825');
INSERT INTO `ACT_HI_VARINST` VALUES ('b80d4a6e-5e3c-11ec-8bee-f20bcee4e113', 0, '6cada2b7-5e3c-11ec-8bee-f20bcee4e113', '6cada2b7-5e3c-11ec-8bee-f20bcee4e113', NULL, 'assigneeList', 'serializable', NULL, NULL, NULL, 'b80d4a6f-5e3c-11ec-8bee-f20bcee4e113', NULL, NULL, NULL, NULL, '2021-12-16 14:52:22.057', '2021-12-16 14:52:22.057');
INSERT INTO `ACT_HI_VARINST` VALUES ('b80d4a70-5e3c-11ec-8bee-f20bcee4e113', 3, '6cada2b7-5e3c-11ec-8bee-f20bcee4e113', '6cada2b7-5e3c-11ec-8bee-f20bcee4e113', NULL, 'multiAbstainCount', 'integer', NULL, NULL, NULL, NULL, NULL, 0, '0', NULL, '2021-12-16 14:52:22.057', '2021-12-16 14:53:15.826');
INSERT INTO `ACT_HI_VARINST` VALUES ('b80d7181-5e3c-11ec-8bee-f20bcee4e113', 0, '6cada2b7-5e3c-11ec-8bee-f20bcee4e113', '6cada2b7-5e3c-11ec-8bee-f20bcee4e113', NULL, 'multiSignStartTask', 'string', NULL, NULL, NULL, NULL, NULL, NULL, 'a2c91b77-5e3c-11ec-8bee-f20bcee4e113', NULL, '2021-12-16 14:52:22.058', '2021-12-16 14:52:22.058');
INSERT INTO `ACT_HI_VARINST` VALUES ('b80d7182-5e3c-11ec-8bee-f20bcee4e113', 3, '6cada2b7-5e3c-11ec-8bee-f20bcee4e113', '6cada2b7-5e3c-11ec-8bee-f20bcee4e113', NULL, 'multiAgreeCount', 'integer', NULL, NULL, NULL, NULL, NULL, 2, '2', NULL, '2021-12-16 14:52:22.058', '2021-12-16 14:53:15.827');
INSERT INTO `ACT_HI_VARINST` VALUES ('b80d7183-5e3c-11ec-8bee-f20bcee4e113', 3, '6cada2b7-5e3c-11ec-8bee-f20bcee4e113', '6cada2b7-5e3c-11ec-8bee-f20bcee4e113', NULL, 'multiNumOfInstances', 'integer', NULL, NULL, NULL, NULL, NULL, 3, '3', NULL, '2021-12-16 14:52:22.058', '2021-12-16 14:53:15.827');
INSERT INTO `ACT_HI_VARINST` VALUES ('b80e82f6-5e3c-11ec-8bee-f20bcee4e113', 0, '6cada2b7-5e3c-11ec-8bee-f20bcee4e113', 'b80e34d5-5e3c-11ec-8bee-f20bcee4e113', NULL, 'nrOfInstances', 'integer', NULL, NULL, NULL, NULL, NULL, 3, '3', NULL, '2021-12-16 14:52:22.065', '2021-12-16 14:52:22.065');
INSERT INTO `ACT_HI_VARINST` VALUES ('b80e82f7-5e3c-11ec-8bee-f20bcee4e113', 3, '6cada2b7-5e3c-11ec-8bee-f20bcee4e113', 'b80e34d5-5e3c-11ec-8bee-f20bcee4e113', NULL, 'nrOfCompletedInstances', 'integer', NULL, NULL, NULL, NULL, NULL, 3, '3', NULL, '2021-12-16 14:52:22.065', '2021-12-16 14:53:15.831');
INSERT INTO `ACT_HI_VARINST` VALUES ('b80e82f8-5e3c-11ec-8bee-f20bcee4e113', 3, '6cada2b7-5e3c-11ec-8bee-f20bcee4e113', 'b80e34d5-5e3c-11ec-8bee-f20bcee4e113', NULL, 'nrOfActiveInstances', 'integer', NULL, NULL, NULL, NULL, NULL, 0, '0', NULL, '2021-12-16 14:52:22.065', '2021-12-16 14:53:15.831');
INSERT INTO `ACT_HI_VARINST` VALUES ('b80e82fc-5e3c-11ec-8bee-f20bcee4e113', 0, '6cada2b7-5e3c-11ec-8bee-f20bcee4e113', 'b80e82f9-5e3c-11ec-8bee-f20bcee4e113', NULL, 'assignee', 'string', NULL, NULL, NULL, NULL, NULL, NULL, 'userB', NULL, '2021-12-16 14:52:22.065', '2021-12-16 14:52:22.065');
INSERT INTO `ACT_HI_VARINST` VALUES ('b80eaa0d-5e3c-11ec-8bee-f20bcee4e113', 0, '6cada2b7-5e3c-11ec-8bee-f20bcee4e113', 'b80e82fa-5e3c-11ec-8bee-f20bcee4e113', NULL, 'assignee', 'string', NULL, NULL, NULL, NULL, NULL, NULL, 'leaderLaw', NULL, '2021-12-16 14:52:22.066', '2021-12-16 14:52:22.066');
INSERT INTO `ACT_HI_VARINST` VALUES ('b80eaa0e-5e3c-11ec-8bee-f20bcee4e113', 0, '6cada2b7-5e3c-11ec-8bee-f20bcee4e113', 'b80e82fb-5e3c-11ec-8bee-f20bcee4e113', NULL, 'assignee', 'string', NULL, NULL, NULL, NULL, NULL, NULL, 'userC', NULL, '2021-12-16 14:52:22.066', '2021-12-16 14:52:22.066');
INSERT INTO `ACT_HI_VARINST` VALUES ('b80eaa0f-5e3c-11ec-8bee-f20bcee4e113', 0, '6cada2b7-5e3c-11ec-8bee-f20bcee4e113', 'b80e82f9-5e3c-11ec-8bee-f20bcee4e113', NULL, 'loopCounter', 'integer', NULL, NULL, NULL, NULL, NULL, 0, '0', NULL, '2021-12-16 14:52:22.066', '2021-12-16 14:52:22.066');
INSERT INTO `ACT_HI_VARINST` VALUES ('b80ed124-5e3c-11ec-8bee-f20bcee4e113', 0, '6cada2b7-5e3c-11ec-8bee-f20bcee4e113', 'b80e82fa-5e3c-11ec-8bee-f20bcee4e113', NULL, 'loopCounter', 'integer', NULL, NULL, NULL, NULL, NULL, 1, '1', NULL, '2021-12-16 14:52:22.067', '2021-12-16 14:52:22.067');
INSERT INTO `ACT_HI_VARINST` VALUES ('b80ef838-5e3c-11ec-8bee-f20bcee4e113', 0, '6cada2b7-5e3c-11ec-8bee-f20bcee4e113', 'b80e82fb-5e3c-11ec-8bee-f20bcee4e113', NULL, 'loopCounter', 'integer', NULL, NULL, NULL, NULL, NULL, 2, '2', NULL, '2021-12-16 14:52:22.068', '2021-12-16 14:52:22.068');
INSERT INTO `ACT_HI_VARINST` VALUES ('c103413d-5e3b-11ec-8bee-f20bcee4e113', 0, '9e83779e-5e3b-11ec-8bee-f20bcee4e113', '9e83779e-5e3b-11ec-8bee-f20bcee4e113', NULL, 'totalAmount', 'integer', NULL, NULL, NULL, NULL, NULL, 1000, '1000', NULL, '2021-12-16 14:45:27.594', '2021-12-16 14:45:27.594');
INSERT INTO `ACT_HI_VARINST` VALUES ('c8b7005c-1cd9-11ec-acd8-3ae4f1d3c3af', 0, 'c8b7005a-1cd9-11ec-acd8-3ae4f1d3c3af', 'c8b7005a-1cd9-11ec-acd8-3ae4f1d3c3af', NULL, 'startUserName', 'string', NULL, NULL, NULL, NULL, NULL, NULL, 'admin', NULL, '2021-09-24 09:50:24.256', '2021-09-24 09:50:24.256');
INSERT INTO `ACT_HI_VARINST` VALUES ('c8b7005d-1cd9-11ec-acd8-3ae4f1d3c3af', 0, 'c8b7005a-1cd9-11ec-acd8-3ae4f1d3c3af', 'c8b7005a-1cd9-11ec-acd8-3ae4f1d3c3af', NULL, 'initiator', 'string', NULL, NULL, NULL, NULL, NULL, NULL, 'admin', NULL, '2021-09-24 09:50:24.256', '2021-09-24 09:50:24.256');
INSERT INTO `ACT_HI_VARINST` VALUES ('c8b94a55-1cd9-11ec-acd8-3ae4f1d3c3af', 1, 'c8b7005a-1cd9-11ec-acd8-3ae4f1d3c3af', 'c8b7005a-1cd9-11ec-acd8-3ae4f1d3c3af', NULL, 'operationType', 'string', NULL, NULL, NULL, NULL, NULL, NULL, 'agree', NULL, '2021-09-24 09:50:24.271', '2021-09-24 09:51:06.956');
INSERT INTO `ACT_HI_VARINST` VALUES ('e13d041d-5e36-11ec-9f5e-f20bcee4e113', 0, 'e13cdd0b-5e36-11ec-9f5e-f20bcee4e113', 'e13cdd0b-5e36-11ec-9f5e-f20bcee4e113', NULL, 'startUserName', 'string', NULL, NULL, NULL, NULL, NULL, NULL, 'userA', NULL, '2021-12-16 14:10:34.178', '2021-12-16 14:10:34.178');
INSERT INTO `ACT_HI_VARINST` VALUES ('e13d523e-5e36-11ec-9f5e-f20bcee4e113', 0, 'e13cdd0b-5e36-11ec-9f5e-f20bcee4e113', 'e13cdd0b-5e36-11ec-9f5e-f20bcee4e113', NULL, 'deptPostLeader', 'string', NULL, NULL, NULL, NULL, NULL, NULL, '1440964221780103168', NULL, '2021-12-16 14:10:34.178', '2021-12-16 14:10:34.178');
INSERT INTO `ACT_HI_VARINST` VALUES ('e13d523f-5e36-11ec-9f5e-f20bcee4e113', 0, 'e13cdd0b-5e36-11ec-9f5e-f20bcee4e113', 'e13cdd0b-5e36-11ec-9f5e-f20bcee4e113', NULL, 'initiator', 'string', NULL, NULL, NULL, NULL, NULL, NULL, 'userA', NULL, '2021-12-16 14:10:34.178', '2021-12-16 14:10:34.178');
INSERT INTO `ACT_HI_VARINST` VALUES ('e1493927-5e36-11ec-9f5e-f20bcee4e113', 2, 'e13cdd0b-5e36-11ec-9f5e-f20bcee4e113', 'e13cdd0b-5e36-11ec-9f5e-f20bcee4e113', NULL, 'operationType', 'string', NULL, NULL, NULL, NULL, NULL, NULL, 'agree', NULL, '2021-12-16 14:10:34.256', '2021-12-16 14:39:22.564');
INSERT INTO `ACT_HI_VARINST` VALUES ('e7ace70b-1cd6-11ec-acd8-3ae4f1d3c3af', 0, 'e7ac71d9-1cd6-11ec-acd8-3ae4f1d3c3af', 'e7ac71d9-1cd6-11ec-acd8-3ae4f1d3c3af', NULL, 'startUserName', 'string', NULL, NULL, NULL, NULL, NULL, NULL, 'userD', NULL, '2021-09-24 09:29:47.711', '2021-09-24 09:29:47.711');
INSERT INTO `ACT_HI_VARINST` VALUES ('e7ad352c-1cd6-11ec-acd8-3ae4f1d3c3af', 0, 'e7ac71d9-1cd6-11ec-acd8-3ae4f1d3c3af', 'e7ac71d9-1cd6-11ec-acd8-3ae4f1d3c3af', NULL, 'deptPostLeader', 'long', NULL, NULL, NULL, NULL, NULL, 1440964519391137792, '1440964519391137792', NULL, '2021-09-24 09:29:47.711', '2021-09-24 09:29:47.711');
INSERT INTO `ACT_HI_VARINST` VALUES ('e7ad352d-1cd6-11ec-acd8-3ae4f1d3c3af', 0, 'e7ac71d9-1cd6-11ec-acd8-3ae4f1d3c3af', 'e7ac71d9-1cd6-11ec-acd8-3ae4f1d3c3af', NULL, 'initiator', 'string', NULL, NULL, NULL, NULL, NULL, NULL, 'userD', NULL, '2021-09-24 09:29:47.711', '2021-09-24 09:29:47.711');
INSERT INTO `ACT_HI_VARINST` VALUES ('e7b72045-1cd6-11ec-acd8-3ae4f1d3c3af', 2, 'e7ac71d9-1cd6-11ec-acd8-3ae4f1d3c3af', 'e7ac71d9-1cd6-11ec-acd8-3ae4f1d3c3af', NULL, 'operationType', 'string', NULL, NULL, NULL, NULL, NULL, NULL, 'agree', NULL, '2021-09-24 09:29:47.776', '2021-09-24 09:31:03.823');
COMMIT;

-- ----------------------------
-- Table structure for ACT_ID_BYTEARRAY
-- ----------------------------
DROP TABLE IF EXISTS `ACT_ID_BYTEARRAY`;
CREATE TABLE `ACT_ID_BYTEARRAY` (
  `ID_` varchar(64) CHARACTER SET utf8 COLLATE utf8_bin NOT NULL,
  `REV_` int DEFAULT NULL,
  `NAME_` varchar(255) CHARACTER SET utf8 COLLATE utf8_bin DEFAULT NULL,
  `BYTES_` longblob,
  PRIMARY KEY (`ID_`)
) ENGINE=InnoDB DEFAULT CHARSET=utf8mb3 COLLATE=utf8_bin;

-- ----------------------------
-- Table structure for ACT_ID_GROUP
-- ----------------------------
DROP TABLE IF EXISTS `ACT_ID_GROUP`;
CREATE TABLE `ACT_ID_GROUP` (
  `ID_` varchar(64) CHARACTER SET utf8 COLLATE utf8_bin NOT NULL,
  `REV_` int DEFAULT NULL,
  `NAME_` varchar(255) CHARACTER SET utf8 COLLATE utf8_bin DEFAULT NULL,
  `TYPE_` varchar(255) CHARACTER SET utf8 COLLATE utf8_bin DEFAULT NULL,
  PRIMARY KEY (`ID_`)
) ENGINE=InnoDB DEFAULT CHARSET=utf8mb3 COLLATE=utf8_bin;

-- ----------------------------
-- Table structure for ACT_ID_INFO
-- ----------------------------
DROP TABLE IF EXISTS `ACT_ID_INFO`;
CREATE TABLE `ACT_ID_INFO` (
  `ID_` varchar(64) CHARACTER SET utf8 COLLATE utf8_bin NOT NULL,
  `REV_` int DEFAULT NULL,
  `USER_ID_` varchar(64) CHARACTER SET utf8 COLLATE utf8_bin DEFAULT NULL,
  `TYPE_` varchar(64) CHARACTER SET utf8 COLLATE utf8_bin DEFAULT NULL,
  `KEY_` varchar(255) CHARACTER SET utf8 COLLATE utf8_bin DEFAULT NULL,
  `VALUE_` varchar(255) CHARACTER SET utf8 COLLATE utf8_bin DEFAULT NULL,
  `PASSWORD_` longblob,
  `PARENT_ID_` varchar(255) CHARACTER SET utf8 COLLATE utf8_bin DEFAULT NULL,
  PRIMARY KEY (`ID_`)
) ENGINE=InnoDB DEFAULT CHARSET=utf8mb3 COLLATE=utf8_bin;

-- ----------------------------
-- Table structure for ACT_ID_MEMBERSHIP
-- ----------------------------
DROP TABLE IF EXISTS `ACT_ID_MEMBERSHIP`;
CREATE TABLE `ACT_ID_MEMBERSHIP` (
  `USER_ID_` varchar(64) CHARACTER SET utf8 COLLATE utf8_bin NOT NULL,
  `GROUP_ID_` varchar(64) CHARACTER SET utf8 COLLATE utf8_bin NOT NULL,
  PRIMARY KEY (`USER_ID_`,`GROUP_ID_`),
  KEY `ACT_FK_MEMB_GROUP` (`GROUP_ID_`),
  CONSTRAINT `ACT_FK_MEMB_GROUP` FOREIGN KEY (`GROUP_ID_`) REFERENCES `ACT_ID_GROUP` (`ID_`),
  CONSTRAINT `ACT_FK_MEMB_USER` FOREIGN KEY (`USER_ID_`) REFERENCES `ACT_ID_USER` (`ID_`)
) ENGINE=InnoDB DEFAULT CHARSET=utf8mb3 COLLATE=utf8_bin;

-- ----------------------------
-- Table structure for ACT_ID_PRIV
-- ----------------------------
DROP TABLE IF EXISTS `ACT_ID_PRIV`;
CREATE TABLE `ACT_ID_PRIV` (
  `ID_` varchar(64) CHARACTER SET utf8 COLLATE utf8_bin NOT NULL,
  `NAME_` varchar(255) CHARACTER SET utf8 COLLATE utf8_bin NOT NULL,
  PRIMARY KEY (`ID_`),
  UNIQUE KEY `ACT_UNIQ_PRIV_NAME` (`NAME_`)
) ENGINE=InnoDB DEFAULT CHARSET=utf8mb3 COLLATE=utf8_bin;

-- ----------------------------
-- Table structure for ACT_ID_PRIV_MAPPING
-- ----------------------------
DROP TABLE IF EXISTS `ACT_ID_PRIV_MAPPING`;
CREATE TABLE `ACT_ID_PRIV_MAPPING` (
  `ID_` varchar(64) CHARACTER SET utf8 COLLATE utf8_bin NOT NULL,
  `PRIV_ID_` varchar(64) CHARACTER SET utf8 COLLATE utf8_bin NOT NULL,
  `USER_ID_` varchar(255) CHARACTER SET utf8 COLLATE utf8_bin DEFAULT NULL,
  `GROUP_ID_` varchar(255) CHARACTER SET utf8 COLLATE utf8_bin DEFAULT NULL,
  PRIMARY KEY (`ID_`),
  KEY `ACT_FK_PRIV_MAPPING` (`PRIV_ID_`),
  KEY `ACT_IDX_PRIV_USER` (`USER_ID_`),
  KEY `ACT_IDX_PRIV_GROUP` (`GROUP_ID_`),
  CONSTRAINT `ACT_FK_PRIV_MAPPING` FOREIGN KEY (`PRIV_ID_`) REFERENCES `ACT_ID_PRIV` (`ID_`)
) ENGINE=InnoDB DEFAULT CHARSET=utf8mb3 COLLATE=utf8_bin;

-- ----------------------------
-- Table structure for ACT_ID_PROPERTY
-- ----------------------------
DROP TABLE IF EXISTS `ACT_ID_PROPERTY`;
CREATE TABLE `ACT_ID_PROPERTY` (
  `NAME_` varchar(64) CHARACTER SET utf8 COLLATE utf8_bin NOT NULL,
  `VALUE_` varchar(300) CHARACTER SET utf8 COLLATE utf8_bin DEFAULT NULL,
  `REV_` int DEFAULT NULL,
  PRIMARY KEY (`NAME_`)
) ENGINE=InnoDB DEFAULT CHARSET=utf8mb3 COLLATE=utf8_bin;

-- ----------------------------
-- Records of ACT_ID_PROPERTY
-- ----------------------------
BEGIN;
INSERT INTO `ACT_ID_PROPERTY` VALUES ('schema.version', '6.6.0.0', 1);
COMMIT;

-- ----------------------------
-- Table structure for ACT_ID_TOKEN
-- ----------------------------
DROP TABLE IF EXISTS `ACT_ID_TOKEN`;
CREATE TABLE `ACT_ID_TOKEN` (
  `ID_` varchar(64) CHARACTER SET utf8 COLLATE utf8_bin NOT NULL,
  `REV_` int DEFAULT NULL,
  `TOKEN_VALUE_` varchar(255) CHARACTER SET utf8 COLLATE utf8_bin DEFAULT NULL,
  `TOKEN_DATE_` timestamp(3) NOT NULL DEFAULT CURRENT_TIMESTAMP(3) ON UPDATE CURRENT_TIMESTAMP(3),
  `IP_ADDRESS_` varchar(255) CHARACTER SET utf8 COLLATE utf8_bin DEFAULT NULL,
  `USER_AGENT_` varchar(255) CHARACTER SET utf8 COLLATE utf8_bin DEFAULT NULL,
  `USER_ID_` varchar(255) CHARACTER SET utf8 COLLATE utf8_bin DEFAULT NULL,
  `TOKEN_DATA_` varchar(2000) CHARACTER SET utf8 COLLATE utf8_bin DEFAULT NULL,
  PRIMARY KEY (`ID_`)
) ENGINE=InnoDB DEFAULT CHARSET=utf8mb3 COLLATE=utf8_bin;

-- ----------------------------
-- Table structure for ACT_ID_USER
-- ----------------------------
DROP TABLE IF EXISTS `ACT_ID_USER`;
CREATE TABLE `ACT_ID_USER` (
  `ID_` varchar(64) CHARACTER SET utf8 COLLATE utf8_bin NOT NULL,
  `REV_` int DEFAULT NULL,
  `FIRST_` varchar(255) CHARACTER SET utf8 COLLATE utf8_bin DEFAULT NULL,
  `LAST_` varchar(255) CHARACTER SET utf8 COLLATE utf8_bin DEFAULT NULL,
  `DISPLAY_NAME_` varchar(255) CHARACTER SET utf8 COLLATE utf8_bin DEFAULT NULL,
  `EMAIL_` varchar(255) CHARACTER SET utf8 COLLATE utf8_bin DEFAULT NULL,
  `PWD_` varchar(255) CHARACTER SET utf8 COLLATE utf8_bin DEFAULT NULL,
  `PICTURE_ID_` varchar(64) CHARACTER SET utf8 COLLATE utf8_bin DEFAULT NULL,
  `TENANT_ID_` varchar(255) CHARACTER SET utf8 COLLATE utf8_bin DEFAULT '',
  PRIMARY KEY (`ID_`)
) ENGINE=InnoDB DEFAULT CHARSET=utf8mb3 COLLATE=utf8_bin;

-- ----------------------------
-- Table structure for ACT_PROCDEF_INFO
-- ----------------------------
DROP TABLE IF EXISTS `ACT_PROCDEF_INFO`;
CREATE TABLE `ACT_PROCDEF_INFO` (
  `ID_` varchar(64) CHARACTER SET utf8 COLLATE utf8_bin NOT NULL,
  `PROC_DEF_ID_` varchar(64) CHARACTER SET utf8 COLLATE utf8_bin NOT NULL,
  `REV_` int DEFAULT NULL,
  `INFO_JSON_ID_` varchar(64) CHARACTER SET utf8 COLLATE utf8_bin DEFAULT NULL,
  PRIMARY KEY (`ID_`),
  UNIQUE KEY `ACT_UNIQ_INFO_PROCDEF` (`PROC_DEF_ID_`),
  KEY `ACT_IDX_INFO_PROCDEF` (`PROC_DEF_ID_`),
  KEY `ACT_FK_INFO_JSON_BA` (`INFO_JSON_ID_`),
  CONSTRAINT `ACT_FK_INFO_JSON_BA` FOREIGN KEY (`INFO_JSON_ID_`) REFERENCES `ACT_GE_BYTEARRAY` (`ID_`),
  CONSTRAINT `ACT_FK_INFO_PROCDEF` FOREIGN KEY (`PROC_DEF_ID_`) REFERENCES `ACT_RE_PROCDEF` (`ID_`)
) ENGINE=InnoDB DEFAULT CHARSET=utf8mb3 COLLATE=utf8_bin;

-- ----------------------------
-- Table structure for ACT_RE_DEPLOYMENT
-- ----------------------------
DROP TABLE IF EXISTS `ACT_RE_DEPLOYMENT`;
CREATE TABLE `ACT_RE_DEPLOYMENT` (
  `ID_` varchar(64) CHARACTER SET utf8 COLLATE utf8_bin NOT NULL,
  `NAME_` varchar(255) CHARACTER SET utf8 COLLATE utf8_bin DEFAULT NULL,
  `CATEGORY_` varchar(255) CHARACTER SET utf8 COLLATE utf8_bin DEFAULT NULL,
  `KEY_` varchar(255) CHARACTER SET utf8 COLLATE utf8_bin DEFAULT NULL,
  `TENANT_ID_` varchar(255) CHARACTER SET utf8 COLLATE utf8_bin DEFAULT '',
  `DEPLOY_TIME_` timestamp(3) NULL DEFAULT NULL,
  `DERIVED_FROM_` varchar(64) CHARACTER SET utf8 COLLATE utf8_bin DEFAULT NULL,
  `DERIVED_FROM_ROOT_` varchar(64) CHARACTER SET utf8 COLLATE utf8_bin DEFAULT NULL,
  `PARENT_DEPLOYMENT_ID_` varchar(255) CHARACTER SET utf8 COLLATE utf8_bin DEFAULT NULL,
  `ENGINE_VERSION_` varchar(255) CHARACTER SET utf8 COLLATE utf8_bin DEFAULT NULL,
  PRIMARY KEY (`ID_`)
) ENGINE=InnoDB DEFAULT CHARSET=utf8mb3 COLLATE=utf8_bin;

-- ----------------------------
-- Records of ACT_RE_DEPLOYMENT
-- ----------------------------
BEGIN;
INSERT INTO `ACT_RE_DEPLOYMENT` VALUES ('1a075ec8-1c4e-11ec-94ee-5ef70686b817', '', 'HR', 'flowLeave', '', '2021-09-23 17:10:31.135', NULL, NULL, '1a075ec8-1c4e-11ec-94ee-5ef70686b817', NULL);
INSERT INTO `ACT_RE_DEPLOYMENT` VALUES ('1ba32d20-1c51-11ec-94ee-5ef70686b817', '', 'XM', 'flowContract', '', '2021-09-23 17:32:02.325', NULL, NULL, '1ba32d20-1c51-11ec-94ee-5ef70686b817', NULL);
INSERT INTO `ACT_RE_DEPLOYMENT` VALUES ('1d1dbf34-1c51-11ec-94ee-5ef70686b817', '', 'CW', 'flowSubmit', '', '2021-09-23 17:32:04.806', NULL, NULL, '1d1dbf34-1c51-11ec-94ee-5ef70686b817', NULL);
INSERT INTO `ACT_RE_DEPLOYMENT` VALUES ('4b5dcdb3-5e3c-11ec-8bee-f20bcee4e113', '', 'XM', 'flowContract', '', '2021-12-16 14:49:19.713', NULL, NULL, '4b5dcdb3-5e3c-11ec-8bee-f20bcee4e113', NULL);
INSERT INTO `ACT_RE_DEPLOYMENT` VALUES ('76b77a98-5e3b-11ec-8bee-f20bcee4e113', '', 'CW', 'flowSubmit', '', '2021-12-16 14:43:22.946', NULL, NULL, '76b77a98-5e3b-11ec-8bee-f20bcee4e113', NULL);
INSERT INTO `ACT_RE_DEPLOYMENT` VALUES ('83c9896e-5e3a-11ec-8bee-f20bcee4e113', '', 'XM', 'flowContract', '', '2021-12-16 14:36:35.378', NULL, NULL, '83c9896e-5e3a-11ec-8bee-f20bcee4e113', NULL);
INSERT INTO `ACT_RE_DEPLOYMENT` VALUES ('9d23d445-1cd7-11ec-acd8-3ae4f1d3c3af', '', 'XM', 'flowContract', '', '2021-09-24 09:34:52.156', NULL, NULL, '9d23d445-1cd7-11ec-acd8-3ae4f1d3c3af', NULL);
INSERT INTO `ACT_RE_DEPLOYMENT` VALUES ('a9040622-5e3a-11ec-8bee-f20bcee4e113', '', 'HR', 'flowConSign', '', '2021-12-16 14:37:37.836', NULL, NULL, 'a9040622-5e3a-11ec-8bee-f20bcee4e113', NULL);
INSERT INTO `ACT_RE_DEPLOYMENT` VALUES ('b97761b8-1c51-11ec-94ee-5ef70686b817', '', 'HR', 'flowConSign', '', '2021-09-23 17:36:27.118', NULL, NULL, 'b97761b8-1c51-11ec-94ee-5ef70686b817', NULL);
INSERT INTO `ACT_RE_DEPLOYMENT` VALUES ('bf6b3146-5e3a-11ec-8bee-f20bcee4e113', '', 'HR', 'flowTranslate', '', '2021-12-16 14:38:15.423', NULL, NULL, 'bf6b3146-5e3a-11ec-8bee-f20bcee4e113', NULL);
INSERT INTO `ACT_RE_DEPLOYMENT` VALUES ('d273a35d-1cd8-11ec-acd8-3ae4f1d3c3af', '', 'XM', 'flowContract', '', '2021-09-24 09:43:31.095', NULL, NULL, 'd273a35d-1cd8-11ec-acd8-3ae4f1d3c3af', NULL);
INSERT INTO `ACT_RE_DEPLOYMENT` VALUES ('de258057-5e35-11ec-9f5e-f20bcee4e113', '', 'HR', 'flowLeave', '', '2021-12-16 14:03:19.492', NULL, NULL, 'de258057-5e35-11ec-9f5e-f20bcee4e113', NULL);
INSERT INTO `ACT_RE_DEPLOYMENT` VALUES ('e76c3d54-5e39-11ec-9f5e-f20bcee4e113', '', 'CW', 'flowSubmit', '', '2021-12-16 14:32:13.042', NULL, NULL, 'e76c3d54-5e39-11ec-9f5e-f20bcee4e113', NULL);
INSERT INTO `ACT_RE_DEPLOYMENT` VALUES ('efd6c86c-1c4e-11ec-94ee-5ef70686b817', '', 'CW', 'flowSubmit', '', '2021-09-23 17:16:29.849', NULL, NULL, 'efd6c86c-1c4e-11ec-94ee-5ef70686b817', NULL);
INSERT INTO `ACT_RE_DEPLOYMENT` VALUES ('fa9b683c-1c51-11ec-94ee-5ef70686b817', '', 'HR', 'flowTranslate', '', '2021-09-23 17:38:16.406', NULL, NULL, 'fa9b683c-1c51-11ec-94ee-5ef70686b817', NULL);
COMMIT;

-- ----------------------------
-- Table structure for ACT_RE_MODEL
-- ----------------------------
DROP TABLE IF EXISTS `ACT_RE_MODEL`;
CREATE TABLE `ACT_RE_MODEL` (
  `ID_` varchar(64) CHARACTER SET utf8 COLLATE utf8_bin NOT NULL,
  `REV_` int DEFAULT NULL,
  `NAME_` varchar(255) CHARACTER SET utf8 COLLATE utf8_bin DEFAULT NULL,
  `KEY_` varchar(255) CHARACTER SET utf8 COLLATE utf8_bin DEFAULT NULL,
  `CATEGORY_` varchar(255) CHARACTER SET utf8 COLLATE utf8_bin DEFAULT NULL,
  `CREATE_TIME_` timestamp(3) NULL DEFAULT NULL,
  `LAST_UPDATE_TIME_` timestamp(3) NULL DEFAULT NULL,
  `VERSION_` int DEFAULT NULL,
  `META_INFO_` varchar(4000) CHARACTER SET utf8 COLLATE utf8_bin DEFAULT NULL,
  `DEPLOYMENT_ID_` varchar(64) CHARACTER SET utf8 COLLATE utf8_bin DEFAULT NULL,
  `EDITOR_SOURCE_VALUE_ID_` varchar(64) CHARACTER SET utf8 COLLATE utf8_bin DEFAULT NULL,
  `EDITOR_SOURCE_EXTRA_VALUE_ID_` varchar(64) CHARACTER SET utf8 COLLATE utf8_bin DEFAULT NULL,
  `TENANT_ID_` varchar(255) CHARACTER SET utf8 COLLATE utf8_bin DEFAULT '',
  PRIMARY KEY (`ID_`),
  KEY `ACT_FK_MODEL_SOURCE` (`EDITOR_SOURCE_VALUE_ID_`),
  KEY `ACT_FK_MODEL_SOURCE_EXTRA` (`EDITOR_SOURCE_EXTRA_VALUE_ID_`),
  KEY `ACT_FK_MODEL_DEPLOYMENT` (`DEPLOYMENT_ID_`),
  CONSTRAINT `ACT_FK_MODEL_DEPLOYMENT` FOREIGN KEY (`DEPLOYMENT_ID_`) REFERENCES `ACT_RE_DEPLOYMENT` (`ID_`),
  CONSTRAINT `ACT_FK_MODEL_SOURCE` FOREIGN KEY (`EDITOR_SOURCE_VALUE_ID_`) REFERENCES `ACT_GE_BYTEARRAY` (`ID_`),
  CONSTRAINT `ACT_FK_MODEL_SOURCE_EXTRA` FOREIGN KEY (`EDITOR_SOURCE_EXTRA_VALUE_ID_`) REFERENCES `ACT_GE_BYTEARRAY` (`ID_`)
) ENGINE=InnoDB DEFAULT CHARSET=utf8mb3 COLLATE=utf8_bin;

-- ----------------------------
-- Table structure for ACT_RE_PROCDEF
-- ----------------------------
DROP TABLE IF EXISTS `ACT_RE_PROCDEF`;
CREATE TABLE `ACT_RE_PROCDEF` (
  `ID_` varchar(64) CHARACTER SET utf8 COLLATE utf8_bin NOT NULL,
  `REV_` int DEFAULT NULL,
  `CATEGORY_` varchar(255) CHARACTER SET utf8 COLLATE utf8_bin DEFAULT NULL,
  `NAME_` varchar(255) CHARACTER SET utf8 COLLATE utf8_bin DEFAULT NULL,
  `KEY_` varchar(255) CHARACTER SET utf8 COLLATE utf8_bin NOT NULL,
  `VERSION_` int NOT NULL,
  `DEPLOYMENT_ID_` varchar(64) CHARACTER SET utf8 COLLATE utf8_bin DEFAULT NULL,
  `RESOURCE_NAME_` varchar(4000) CHARACTER SET utf8 COLLATE utf8_bin DEFAULT NULL,
  `DGRM_RESOURCE_NAME_` varchar(4000) CHARACTER SET utf8 COLLATE utf8_bin DEFAULT NULL,
  `DESCRIPTION_` varchar(4000) CHARACTER SET utf8 COLLATE utf8_bin DEFAULT NULL,
  `HAS_START_FORM_KEY_` tinyint DEFAULT NULL,
  `HAS_GRAPHICAL_NOTATION_` tinyint DEFAULT NULL,
  `SUSPENSION_STATE_` int DEFAULT NULL,
  `TENANT_ID_` varchar(255) CHARACTER SET utf8 COLLATE utf8_bin DEFAULT '',
  `ENGINE_VERSION_` varchar(255) CHARACTER SET utf8 COLLATE utf8_bin DEFAULT NULL,
  `DERIVED_FROM_` varchar(64) CHARACTER SET utf8 COLLATE utf8_bin DEFAULT NULL,
  `DERIVED_FROM_ROOT_` varchar(64) CHARACTER SET utf8 COLLATE utf8_bin DEFAULT NULL,
  `DERIVED_VERSION_` int NOT NULL DEFAULT '0',
  PRIMARY KEY (`ID_`),
  UNIQUE KEY `ACT_UNIQ_PROCDEF` (`KEY_`,`VERSION_`,`DERIVED_VERSION_`,`TENANT_ID_`)
) ENGINE=InnoDB DEFAULT CHARSET=utf8mb3 COLLATE=utf8_bin;

-- ----------------------------
-- Records of ACT_RE_PROCDEF
-- ----------------------------
BEGIN;
INSERT INTO `ACT_RE_PROCDEF` VALUES ('flowConSign:1:b981c1fb-1c51-11ec-94ee-5ef70686b817', 1, 'http://flowable.org/bpmn', '', 'flowConSign', 1, 'b97761b8-1c51-11ec-94ee-5ef70686b817', 'flowConSign.bpmn', 'flowConSign.flowConSign.png', NULL, 0, 1, 1, '', NULL, NULL, NULL, 0);
INSERT INTO `ACT_RE_PROCDEF` VALUES ('flowConSign:2:a9103b25-5e3a-11ec-8bee-f20bcee4e113', 1, 'http://flowable.org/bpmn', '', 'flowConSign', 2, 'a9040622-5e3a-11ec-8bee-f20bcee4e113', 'flowConSign.bpmn', 'flowConSign.flowConSign.png', NULL, 0, 1, 1, '', NULL, NULL, NULL, 0);
INSERT INTO `ACT_RE_PROCDEF` VALUES ('flowContract:1:1bbc0c53-1c51-11ec-94ee-5ef70686b817', 1, 'http://flowable.org/bpmn', '', 'flowContract', 1, '1ba32d20-1c51-11ec-94ee-5ef70686b817', 'flowContract.bpmn', 'flowContract.flowContract.png', NULL, 0, 1, 1, '', NULL, NULL, NULL, 0);
INSERT INTO `ACT_RE_PROCDEF` VALUES ('flowContract:2:9edd1d08-1cd7-11ec-acd8-3ae4f1d3c3af', 1, 'http://flowable.org/bpmn', '', 'flowContract', 2, '9d23d445-1cd7-11ec-acd8-3ae4f1d3c3af', 'flowContract.bpmn', 'flowContract.flowContract.png', NULL, 0, 1, 1, '', NULL, NULL, NULL, 0);
INSERT INTO `ACT_RE_PROCDEF` VALUES ('flowContract:3:d28aadd0-1cd8-11ec-acd8-3ae4f1d3c3af', 1, 'http://flowable.org/bpmn', '', 'flowContract', 3, 'd273a35d-1cd8-11ec-acd8-3ae4f1d3c3af', 'flowContract.bpmn', 'flowContract.flowContract.png', NULL, 0, 1, 1, '', NULL, NULL, NULL, 0);
INSERT INTO `ACT_RE_PROCDEF` VALUES ('flowContract:4:8486bef1-5e3a-11ec-8bee-f20bcee4e113', 1, 'http://flowable.org/bpmn', '', 'flowContract', 4, '83c9896e-5e3a-11ec-8bee-f20bcee4e113', 'flowContract.bpmn', 'flowContract.flowContract.png', NULL, 0, 1, 1, '', NULL, NULL, NULL, 0);
INSERT INTO `ACT_RE_PROCDEF` VALUES ('flowContract:5:4b726726-5e3c-11ec-8bee-f20bcee4e113', 1, 'http://flowable.org/bpmn', '', 'flowContract', 5, '4b5dcdb3-5e3c-11ec-8bee-f20bcee4e113', 'flowContract.bpmn', 'flowContract.flowContract.png', NULL, 0, 1, 1, '', NULL, NULL, NULL, 0);
INSERT INTO `ACT_RE_PROCDEF` VALUES ('flowLeave:1:1bc2a35b-1c4e-11ec-94ee-5ef70686b817', 1, 'http://flowable.org/bpmn', '', 'flowLeave', 1, '1a075ec8-1c4e-11ec-94ee-5ef70686b817', 'flowLeave.bpmn', 'flowLeave.flowLeave.png', NULL, 0, 1, 1, '', NULL, NULL, NULL, 0);
INSERT INTO `ACT_RE_PROCDEF` VALUES ('flowLeave:2:de31b55a-5e35-11ec-9f5e-f20bcee4e113', 1, 'http://flowable.org/bpmn', '', 'flowLeave', 2, 'de258057-5e35-11ec-9f5e-f20bcee4e113', 'flowLeave.bpmn', 'flowLeave.flowLeave.png', NULL, 0, 1, 1, '', NULL, NULL, NULL, 0);
INSERT INTO `ACT_RE_PROCDEF` VALUES ('flowSubmit:1:efe9db3f-1c4e-11ec-94ee-5ef70686b817', 1, 'http://flowable.org/bpmn', '', 'flowSubmit', 1, 'efd6c86c-1c4e-11ec-94ee-5ef70686b817', 'flowSubmit.bpmn', 'flowSubmit.flowSubmit.png', NULL, 0, 1, 1, '', NULL, NULL, NULL, 0);
INSERT INTO `ACT_RE_PROCDEF` VALUES ('flowSubmit:2:1d2bc8f7-1c51-11ec-94ee-5ef70686b817', 1, 'http://flowable.org/bpmn', '', 'flowSubmit', 2, '1d1dbf34-1c51-11ec-94ee-5ef70686b817', 'flowSubmit.bpmn', 'flowSubmit.flowSubmit.png', NULL, 0, 1, 1, '', NULL, NULL, NULL, 0);
INSERT INTO `ACT_RE_PROCDEF` VALUES ('flowSubmit:3:e77c42e7-5e39-11ec-9f5e-f20bcee4e113', 1, 'http://flowable.org/bpmn', '', 'flowSubmit', 3, 'e76c3d54-5e39-11ec-9f5e-f20bcee4e113', 'flowSubmit.bpmn', 'flowSubmit.flowSubmit.png', NULL, 0, 1, 1, '', NULL, NULL, NULL, 0);
INSERT INTO `ACT_RE_PROCDEF` VALUES ('flowSubmit:4:76c5d27b-5e3b-11ec-8bee-f20bcee4e113', 1, 'http://flowable.org/bpmn', '', 'flowSubmit', 4, '76b77a98-5e3b-11ec-8bee-f20bcee4e113', 'flowSubmit.bpmn', 'flowSubmit.flowSubmit.png', NULL, 0, 1, 1, '', NULL, NULL, NULL, 0);
INSERT INTO `ACT_RE_PROCDEF` VALUES ('flowTranslate:1:faa41acf-1c51-11ec-94ee-5ef70686b817', 1, 'http://flowable.org/bpmn', '', 'flowTranslate', 1, 'fa9b683c-1c51-11ec-94ee-5ef70686b817', 'flowTranslate.bpmn', 'flowTranslate.flowTranslate.png', NULL, 0, 1, 1, '', NULL, NULL, NULL, 0);
INSERT INTO `ACT_RE_PROCDEF` VALUES ('flowTranslate:2:bf74f549-5e3a-11ec-8bee-f20bcee4e113', 1, 'http://flowable.org/bpmn', '', 'flowTranslate', 2, 'bf6b3146-5e3a-11ec-8bee-f20bcee4e113', 'flowTranslate.bpmn', 'flowTranslate.flowTranslate.png', NULL, 0, 1, 1, '', NULL, NULL, NULL, 0);
COMMIT;

-- ----------------------------
-- Table structure for ACT_RU_ACTINST
-- ----------------------------
DROP TABLE IF EXISTS `ACT_RU_ACTINST`;
CREATE TABLE `ACT_RU_ACTINST` (
  `ID_` varchar(64) CHARACTER SET utf8 COLLATE utf8_bin NOT NULL,
  `REV_` int DEFAULT '1',
  `PROC_DEF_ID_` varchar(64) CHARACTER SET utf8 COLLATE utf8_bin NOT NULL,
  `PROC_INST_ID_` varchar(64) CHARACTER SET utf8 COLLATE utf8_bin NOT NULL,
  `EXECUTION_ID_` varchar(64) CHARACTER SET utf8 COLLATE utf8_bin NOT NULL,
  `ACT_ID_` varchar(255) CHARACTER SET utf8 COLLATE utf8_bin NOT NULL,
  `TASK_ID_` varchar(64) CHARACTER SET utf8 COLLATE utf8_bin DEFAULT NULL,
  `CALL_PROC_INST_ID_` varchar(64) CHARACTER SET utf8 COLLATE utf8_bin DEFAULT NULL,
  `ACT_NAME_` varchar(255) CHARACTER SET utf8 COLLATE utf8_bin DEFAULT NULL,
  `ACT_TYPE_` varchar(255) CHARACTER SET utf8 COLLATE utf8_bin NOT NULL,
  `ASSIGNEE_` varchar(255) CHARACTER SET utf8 COLLATE utf8_bin DEFAULT NULL,
  `START_TIME_` datetime(3) NOT NULL,
  `END_TIME_` datetime(3) DEFAULT NULL,
  `DURATION_` bigint DEFAULT NULL,
  `TRANSACTION_ORDER_` int DEFAULT NULL,
  `DELETE_REASON_` varchar(4000) CHARACTER SET utf8 COLLATE utf8_bin DEFAULT NULL,
  `TENANT_ID_` varchar(255) CHARACTER SET utf8 COLLATE utf8_bin DEFAULT '',
  PRIMARY KEY (`ID_`),
  KEY `ACT_IDX_RU_ACTI_START` (`START_TIME_`),
  KEY `ACT_IDX_RU_ACTI_END` (`END_TIME_`),
  KEY `ACT_IDX_RU_ACTI_PROC` (`PROC_INST_ID_`),
  KEY `ACT_IDX_RU_ACTI_PROC_ACT` (`PROC_INST_ID_`,`ACT_ID_`),
  KEY `ACT_IDX_RU_ACTI_EXEC` (`EXECUTION_ID_`),
  KEY `ACT_IDX_RU_ACTI_EXEC_ACT` (`EXECUTION_ID_`,`ACT_ID_`)
) ENGINE=InnoDB DEFAULT CHARSET=utf8mb3 COLLATE=utf8_bin;

-- ----------------------------
-- Records of ACT_RU_ACTINST
-- ----------------------------
BEGIN;
INSERT INTO `ACT_RU_ACTINST` VALUES ('0259372e-5e3d-11ec-8bee-f20bcee4e113', 1, 'flowConSign:2:a9103b25-5e3a-11ec-8bee-f20bcee4e113', '02591019-5e3d-11ec-8bee-f20bcee4e113', '0259372d-5e3d-11ec-8bee-f20bcee4e113', 'Event_0wpkj6e', NULL, NULL, NULL, 'startEvent', NULL, '2021-12-16 14:54:26.706', '2021-12-16 14:54:26.706', 0, 1, NULL, '');
INSERT INTO `ACT_RU_ACTINST` VALUES ('0259372f-5e3d-11ec-8bee-f20bcee4e113', 1, 'flowConSign:2:a9103b25-5e3a-11ec-8bee-f20bcee4e113', '02591019-5e3d-11ec-8bee-f20bcee4e113', '0259372d-5e3d-11ec-8bee-f20bcee4e113', 'Flow_111kyps', NULL, NULL, NULL, 'sequenceFlow', NULL, '2021-12-16 14:54:26.706', '2021-12-16 14:54:26.706', 0, 2, NULL, '');
INSERT INTO `ACT_RU_ACTINST` VALUES ('02593730-5e3d-11ec-8bee-f20bcee4e113', 2, 'flowConSign:2:a9103b25-5e3a-11ec-8bee-f20bcee4e113', '02591019-5e3d-11ec-8bee-f20bcee4e113', '0259372d-5e3d-11ec-8bee-f20bcee4e113', 'Activity_1xk7j4n', '02593731-5e3d-11ec-8bee-f20bcee4e113', NULL, '', 'userTask', 'userD', '2021-12-16 14:54:26.706', '2021-12-16 14:54:26.729', 23, 3, NULL, '');
INSERT INTO `ACT_RU_ACTINST` VALUES ('025cb9ae-5e3d-11ec-8bee-f20bcee4e113', 1, 'flowConSign:2:a9103b25-5e3a-11ec-8bee-f20bcee4e113', '02591019-5e3d-11ec-8bee-f20bcee4e113', '0259372d-5e3d-11ec-8bee-f20bcee4e113', 'Flow_0ct2yid', NULL, NULL, NULL, 'sequenceFlow', NULL, '2021-12-16 14:54:26.729', '2021-12-16 14:54:26.729', 0, 1, NULL, '');
INSERT INTO `ACT_RU_ACTINST` VALUES ('025d07d8-5e3d-11ec-8bee-f20bcee4e113', 2, 'flowConSign:2:a9103b25-5e3a-11ec-8bee-f20bcee4e113', '02591019-5e3d-11ec-8bee-f20bcee4e113', '025d07d3-5e3d-11ec-8bee-f20bcee4e113', 'Activity_006g6qo', '025d07d9-5e3d-11ec-8bee-f20bcee4e113', NULL, '', 'userTask', 'userA', '2021-12-16 14:54:26.731', '2021-12-16 14:54:48.026', 21295, 2, NULL, '');
INSERT INTO `ACT_RU_ACTINST` VALUES ('025d07dd-5e3d-11ec-8bee-f20bcee4e113', 2, 'flowConSign:2:a9103b25-5e3a-11ec-8bee-f20bcee4e113', '02591019-5e3d-11ec-8bee-f20bcee4e113', '025d07d4-5e3d-11ec-8bee-f20bcee4e113', 'Activity_006g6qo', '025d07de-5e3d-11ec-8bee-f20bcee4e113', NULL, '', 'userTask', 'userB', '2021-12-16 14:54:26.731', '2021-12-16 14:55:29.249', 62518, 3, NULL, '');
INSERT INTO `ACT_RU_ACTINST` VALUES ('1b22e386-5e3d-11ec-8bee-f20bcee4e113', 2, 'flowConSign:2:a9103b25-5e3a-11ec-8bee-f20bcee4e113', '02591019-5e3d-11ec-8bee-f20bcee4e113', '1b226e52-5e3d-11ec-8bee-f20bcee4e113', 'Activity_006g6qo', '1b22e387-5e3d-11ec-8bee-f20bcee4e113', NULL, '', 'userTask', 'userD', '2021-12-16 14:55:08.293', '2021-12-16 14:55:41.665', 33372, 1, NULL, '');
INSERT INTO `ACT_RU_ACTINST` VALUES ('2f0893ec-5e3d-11ec-8bee-f20bcee4e113', 1, 'flowConSign:2:a9103b25-5e3a-11ec-8bee-f20bcee4e113', '02591019-5e3d-11ec-8bee-f20bcee4e113', '2f0893eb-5e3d-11ec-8bee-f20bcee4e113', 'Flow_052kvzh', NULL, NULL, NULL, 'sequenceFlow', NULL, '2021-12-16 14:55:41.675', '2021-12-16 14:55:41.675', 0, 1, NULL, '');
INSERT INTO `ACT_RU_ACTINST` VALUES ('2f0893ed-5e3d-11ec-8bee-f20bcee4e113', 1, 'flowConSign:2:a9103b25-5e3a-11ec-8bee-f20bcee4e113', '02591019-5e3d-11ec-8bee-f20bcee4e113', '2f0893eb-5e3d-11ec-8bee-f20bcee4e113', 'Activity_0p7omdm', '2f0893ee-5e3d-11ec-8bee-f20bcee4e113', NULL, '', 'userTask', 'admin', '2021-12-16 14:55:41.675', NULL, NULL, 2, NULL, '');
INSERT INTO `ACT_RU_ACTINST` VALUES ('7138d683-1d1d-11ec-8336-3ae4f1d3c3af', 1, 'flowSubmit:2:1d2bc8f7-1c51-11ec-94ee-5ef70686b817', '7138d67d-1d1d-11ec-8336-3ae4f1d3c3af', '7138d682-1d1d-11ec-8336-3ae4f1d3c3af', 'Event_17n2rw9', NULL, NULL, NULL, 'startEvent', NULL, '2021-09-24 17:54:43.245', '2021-09-24 17:54:43.246', 1, 1, NULL, '');
INSERT INTO `ACT_RU_ACTINST` VALUES ('7138fd94-1d1d-11ec-8336-3ae4f1d3c3af', 1, 'flowSubmit:2:1d2bc8f7-1c51-11ec-94ee-5ef70686b817', '7138d67d-1d1d-11ec-8336-3ae4f1d3c3af', '7138d682-1d1d-11ec-8336-3ae4f1d3c3af', 'Flow_00ldvag', NULL, NULL, NULL, 'sequenceFlow', NULL, '2021-09-24 17:54:43.246', '2021-09-24 17:54:43.246', 0, 2, NULL, '');
INSERT INTO `ACT_RU_ACTINST` VALUES ('7138fd95-1d1d-11ec-8336-3ae4f1d3c3af', 2, 'flowSubmit:2:1d2bc8f7-1c51-11ec-94ee-5ef70686b817', '7138d67d-1d1d-11ec-8336-3ae4f1d3c3af', '7138d682-1d1d-11ec-8336-3ae4f1d3c3af', 'Activity_03kjurt', '7138fd96-1d1d-11ec-8336-3ae4f1d3c3af', NULL, '', 'userTask', 'userD', '2021-09-24 17:54:43.246', '2021-09-24 17:54:43.277', 31, 3, NULL, '');
INSERT INTO `ACT_RU_ACTINST` VALUES ('713ddf9b-1d1d-11ec-8336-3ae4f1d3c3af', 1, 'flowSubmit:2:1d2bc8f7-1c51-11ec-94ee-5ef70686b817', '7138d67d-1d1d-11ec-8336-3ae4f1d3c3af', '7138d682-1d1d-11ec-8336-3ae4f1d3c3af', 'Flow_0x9dx2t', NULL, NULL, NULL, 'sequenceFlow', NULL, '2021-09-24 17:54:43.278', '2021-09-24 17:54:43.278', 0, 1, NULL, '');
INSERT INTO `ACT_RU_ACTINST` VALUES ('713ddf9c-1d1d-11ec-8336-3ae4f1d3c3af', 1, 'flowSubmit:2:1d2bc8f7-1c51-11ec-94ee-5ef70686b817', '7138d67d-1d1d-11ec-8336-3ae4f1d3c3af', '7138d682-1d1d-11ec-8336-3ae4f1d3c3af', 'Activity_0ywxfwu', '713e06ad-1d1d-11ec-8336-3ae4f1d3c3af', NULL, '', 'userTask', NULL, '2021-09-24 17:54:43.278', NULL, NULL, 2, NULL, '');
COMMIT;

-- ----------------------------
-- Table structure for ACT_RU_DEADLETTER_JOB
-- ----------------------------
DROP TABLE IF EXISTS `ACT_RU_DEADLETTER_JOB`;
CREATE TABLE `ACT_RU_DEADLETTER_JOB` (
  `ID_` varchar(64) CHARACTER SET utf8 COLLATE utf8_bin NOT NULL,
  `REV_` int DEFAULT NULL,
  `CATEGORY_` varchar(255) CHARACTER SET utf8 COLLATE utf8_bin DEFAULT NULL,
  `TYPE_` varchar(255) CHARACTER SET utf8 COLLATE utf8_bin NOT NULL,
  `EXCLUSIVE_` tinyint(1) DEFAULT NULL,
  `EXECUTION_ID_` varchar(64) CHARACTER SET utf8 COLLATE utf8_bin DEFAULT NULL,
  `PROCESS_INSTANCE_ID_` varchar(64) CHARACTER SET utf8 COLLATE utf8_bin DEFAULT NULL,
  `PROC_DEF_ID_` varchar(64) CHARACTER SET utf8 COLLATE utf8_bin DEFAULT NULL,
  `ELEMENT_ID_` varchar(255) CHARACTER SET utf8 COLLATE utf8_bin DEFAULT NULL,
  `ELEMENT_NAME_` varchar(255) CHARACTER SET utf8 COLLATE utf8_bin DEFAULT NULL,
  `SCOPE_ID_` varchar(255) CHARACTER SET utf8 COLLATE utf8_bin DEFAULT NULL,
  `SUB_SCOPE_ID_` varchar(255) CHARACTER SET utf8 COLLATE utf8_bin DEFAULT NULL,
  `SCOPE_TYPE_` varchar(255) CHARACTER SET utf8 COLLATE utf8_bin DEFAULT NULL,
  `SCOPE_DEFINITION_ID_` varchar(255) CHARACTER SET utf8 COLLATE utf8_bin DEFAULT NULL,
  `CORRELATION_ID_` varchar(255) CHARACTER SET utf8 COLLATE utf8_bin DEFAULT NULL,
  `EXCEPTION_STACK_ID_` varchar(64) CHARACTER SET utf8 COLLATE utf8_bin DEFAULT NULL,
  `EXCEPTION_MSG_` varchar(4000) CHARACTER SET utf8 COLLATE utf8_bin DEFAULT NULL,
  `DUEDATE_` timestamp(3) NULL DEFAULT NULL,
  `REPEAT_` varchar(255) CHARACTER SET utf8 COLLATE utf8_bin DEFAULT NULL,
  `HANDLER_TYPE_` varchar(255) CHARACTER SET utf8 COLLATE utf8_bin DEFAULT NULL,
  `HANDLER_CFG_` varchar(4000) CHARACTER SET utf8 COLLATE utf8_bin DEFAULT NULL,
  `CUSTOM_VALUES_ID_` varchar(64) CHARACTER SET utf8 COLLATE utf8_bin DEFAULT NULL,
  `CREATE_TIME_` timestamp(3) NULL DEFAULT NULL,
  `TENANT_ID_` varchar(255) CHARACTER SET utf8 COLLATE utf8_bin DEFAULT '',
  PRIMARY KEY (`ID_`),
  KEY `ACT_IDX_DEADLETTER_JOB_EXCEPTION_STACK_ID` (`EXCEPTION_STACK_ID_`),
  KEY `ACT_IDX_DEADLETTER_JOB_CUSTOM_VALUES_ID` (`CUSTOM_VALUES_ID_`),
  KEY `ACT_IDX_DEADLETTER_JOB_CORRELATION_ID` (`CORRELATION_ID_`),
  KEY `ACT_IDX_DJOB_SCOPE` (`SCOPE_ID_`,`SCOPE_TYPE_`),
  KEY `ACT_IDX_DJOB_SUB_SCOPE` (`SUB_SCOPE_ID_`,`SCOPE_TYPE_`),
  KEY `ACT_IDX_DJOB_SCOPE_DEF` (`SCOPE_DEFINITION_ID_`,`SCOPE_TYPE_`),
  KEY `ACT_FK_DEADLETTER_JOB_EXECUTION` (`EXECUTION_ID_`),
  KEY `ACT_FK_DEADLETTER_JOB_PROCESS_INSTANCE` (`PROCESS_INSTANCE_ID_`),
  KEY `ACT_FK_DEADLETTER_JOB_PROC_DEF` (`PROC_DEF_ID_`),
  CONSTRAINT `ACT_FK_DEADLETTER_JOB_CUSTOM_VALUES` FOREIGN KEY (`CUSTOM_VALUES_ID_`) REFERENCES `ACT_GE_BYTEARRAY` (`ID_`),
  CONSTRAINT `ACT_FK_DEADLETTER_JOB_EXCEPTION` FOREIGN KEY (`EXCEPTION_STACK_ID_`) REFERENCES `ACT_GE_BYTEARRAY` (`ID_`),
  CONSTRAINT `ACT_FK_DEADLETTER_JOB_EXECUTION` FOREIGN KEY (`EXECUTION_ID_`) REFERENCES `ACT_RU_EXECUTION` (`ID_`),
  CONSTRAINT `ACT_FK_DEADLETTER_JOB_PROC_DEF` FOREIGN KEY (`PROC_DEF_ID_`) REFERENCES `ACT_RE_PROCDEF` (`ID_`),
  CONSTRAINT `ACT_FK_DEADLETTER_JOB_PROCESS_INSTANCE` FOREIGN KEY (`PROCESS_INSTANCE_ID_`) REFERENCES `ACT_RU_EXECUTION` (`ID_`)
) ENGINE=InnoDB DEFAULT CHARSET=utf8mb3 COLLATE=utf8_bin;

-- ----------------------------
-- Table structure for ACT_RU_ENTITYLINK
-- ----------------------------
DROP TABLE IF EXISTS `ACT_RU_ENTITYLINK`;
CREATE TABLE `ACT_RU_ENTITYLINK` (
  `ID_` varchar(64) CHARACTER SET utf8 COLLATE utf8_bin NOT NULL,
  `REV_` int DEFAULT NULL,
  `CREATE_TIME_` datetime(3) DEFAULT NULL,
  `LINK_TYPE_` varchar(255) CHARACTER SET utf8 COLLATE utf8_bin DEFAULT NULL,
  `SCOPE_ID_` varchar(255) CHARACTER SET utf8 COLLATE utf8_bin DEFAULT NULL,
  `SUB_SCOPE_ID_` varchar(255) CHARACTER SET utf8 COLLATE utf8_bin DEFAULT NULL,
  `SCOPE_TYPE_` varchar(255) CHARACTER SET utf8 COLLATE utf8_bin DEFAULT NULL,
  `SCOPE_DEFINITION_ID_` varchar(255) CHARACTER SET utf8 COLLATE utf8_bin DEFAULT NULL,
  `PARENT_ELEMENT_ID_` varchar(255) CHARACTER SET utf8 COLLATE utf8_bin DEFAULT NULL,
  `REF_SCOPE_ID_` varchar(255) CHARACTER SET utf8 COLLATE utf8_bin DEFAULT NULL,
  `REF_SCOPE_TYPE_` varchar(255) CHARACTER SET utf8 COLLATE utf8_bin DEFAULT NULL,
  `REF_SCOPE_DEFINITION_ID_` varchar(255) CHARACTER SET utf8 COLLATE utf8_bin DEFAULT NULL,
  `ROOT_SCOPE_ID_` varchar(255) CHARACTER SET utf8 COLLATE utf8_bin DEFAULT NULL,
  `ROOT_SCOPE_TYPE_` varchar(255) CHARACTER SET utf8 COLLATE utf8_bin DEFAULT NULL,
  `HIERARCHY_TYPE_` varchar(255) CHARACTER SET utf8 COLLATE utf8_bin DEFAULT NULL,
  PRIMARY KEY (`ID_`),
  KEY `ACT_IDX_ENT_LNK_SCOPE` (`SCOPE_ID_`,`SCOPE_TYPE_`,`LINK_TYPE_`),
  KEY `ACT_IDX_ENT_LNK_ROOT_SCOPE` (`ROOT_SCOPE_ID_`,`ROOT_SCOPE_TYPE_`,`LINK_TYPE_`),
  KEY `ACT_IDX_ENT_LNK_SCOPE_DEF` (`SCOPE_DEFINITION_ID_`,`SCOPE_TYPE_`,`LINK_TYPE_`)
) ENGINE=InnoDB DEFAULT CHARSET=utf8mb3 COLLATE=utf8_bin;

-- ----------------------------
-- Table structure for ACT_RU_EVENT_SUBSCR
-- ----------------------------
DROP TABLE IF EXISTS `ACT_RU_EVENT_SUBSCR`;
CREATE TABLE `ACT_RU_EVENT_SUBSCR` (
  `ID_` varchar(64) CHARACTER SET utf8 COLLATE utf8_bin NOT NULL,
  `REV_` int DEFAULT NULL,
  `EVENT_TYPE_` varchar(255) CHARACTER SET utf8 COLLATE utf8_bin NOT NULL,
  `EVENT_NAME_` varchar(255) CHARACTER SET utf8 COLLATE utf8_bin DEFAULT NULL,
  `EXECUTION_ID_` varchar(64) CHARACTER SET utf8 COLLATE utf8_bin DEFAULT NULL,
  `PROC_INST_ID_` varchar(64) CHARACTER SET utf8 COLLATE utf8_bin DEFAULT NULL,
  `ACTIVITY_ID_` varchar(64) CHARACTER SET utf8 COLLATE utf8_bin DEFAULT NULL,
  `CONFIGURATION_` varchar(255) CHARACTER SET utf8 COLLATE utf8_bin DEFAULT NULL,
  `CREATED_` timestamp(3) NOT NULL DEFAULT CURRENT_TIMESTAMP(3),
  `PROC_DEF_ID_` varchar(64) CHARACTER SET utf8 COLLATE utf8_bin DEFAULT NULL,
  `SUB_SCOPE_ID_` varchar(64) CHARACTER SET utf8 COLLATE utf8_bin DEFAULT NULL,
  `SCOPE_ID_` varchar(64) CHARACTER SET utf8 COLLATE utf8_bin DEFAULT NULL,
  `SCOPE_DEFINITION_ID_` varchar(64) CHARACTER SET utf8 COLLATE utf8_bin DEFAULT NULL,
  `SCOPE_TYPE_` varchar(64) CHARACTER SET utf8 COLLATE utf8_bin DEFAULT NULL,
  `TENANT_ID_` varchar(255) CHARACTER SET utf8 COLLATE utf8_bin DEFAULT '',
  PRIMARY KEY (`ID_`),
  KEY `ACT_IDX_EVENT_SUBSCR_CONFIG_` (`CONFIGURATION_`),
  KEY `ACT_FK_EVENT_EXEC` (`EXECUTION_ID_`),
  CONSTRAINT `ACT_FK_EVENT_EXEC` FOREIGN KEY (`EXECUTION_ID_`) REFERENCES `ACT_RU_EXECUTION` (`ID_`)
) ENGINE=InnoDB DEFAULT CHARSET=utf8mb3 COLLATE=utf8_bin;

-- ----------------------------
-- Table structure for ACT_RU_EXECUTION
-- ----------------------------
DROP TABLE IF EXISTS `ACT_RU_EXECUTION`;
CREATE TABLE `ACT_RU_EXECUTION` (
  `ID_` varchar(64) CHARACTER SET utf8 COLLATE utf8_bin NOT NULL,
  `REV_` int DEFAULT NULL,
  `PROC_INST_ID_` varchar(64) CHARACTER SET utf8 COLLATE utf8_bin DEFAULT NULL,
  `BUSINESS_KEY_` varchar(255) CHARACTER SET utf8 COLLATE utf8_bin DEFAULT NULL,
  `PARENT_ID_` varchar(64) CHARACTER SET utf8 COLLATE utf8_bin DEFAULT NULL,
  `PROC_DEF_ID_` varchar(64) CHARACTER SET utf8 COLLATE utf8_bin DEFAULT NULL,
  `SUPER_EXEC_` varchar(64) CHARACTER SET utf8 COLLATE utf8_bin DEFAULT NULL,
  `ROOT_PROC_INST_ID_` varchar(64) CHARACTER SET utf8 COLLATE utf8_bin DEFAULT NULL,
  `ACT_ID_` varchar(255) CHARACTER SET utf8 COLLATE utf8_bin DEFAULT NULL,
  `IS_ACTIVE_` tinyint DEFAULT NULL,
  `IS_CONCURRENT_` tinyint DEFAULT NULL,
  `IS_SCOPE_` tinyint DEFAULT NULL,
  `IS_EVENT_SCOPE_` tinyint DEFAULT NULL,
  `IS_MI_ROOT_` tinyint DEFAULT NULL,
  `SUSPENSION_STATE_` int DEFAULT NULL,
  `CACHED_ENT_STATE_` int DEFAULT NULL,
  `TENANT_ID_` varchar(255) CHARACTER SET utf8 COLLATE utf8_bin DEFAULT '',
  `NAME_` varchar(255) CHARACTER SET utf8 COLLATE utf8_bin DEFAULT NULL,
  `START_ACT_ID_` varchar(255) CHARACTER SET utf8 COLLATE utf8_bin DEFAULT NULL,
  `START_TIME_` datetime(3) DEFAULT NULL,
  `START_USER_ID_` varchar(255) CHARACTER SET utf8 COLLATE utf8_bin DEFAULT NULL,
  `LOCK_TIME_` timestamp(3) NULL DEFAULT NULL,
  `LOCK_OWNER_` varchar(255) CHARACTER SET utf8 COLLATE utf8_bin DEFAULT NULL,
  `IS_COUNT_ENABLED_` tinyint DEFAULT NULL,
  `EVT_SUBSCR_COUNT_` int DEFAULT NULL,
  `TASK_COUNT_` int DEFAULT NULL,
  `JOB_COUNT_` int DEFAULT NULL,
  `TIMER_JOB_COUNT_` int DEFAULT NULL,
  `SUSP_JOB_COUNT_` int DEFAULT NULL,
  `DEADLETTER_JOB_COUNT_` int DEFAULT NULL,
  `EXTERNAL_WORKER_JOB_COUNT_` int DEFAULT NULL,
  `VAR_COUNT_` int DEFAULT NULL,
  `ID_LINK_COUNT_` int DEFAULT NULL,
  `CALLBACK_ID_` varchar(255) CHARACTER SET utf8 COLLATE utf8_bin DEFAULT NULL,
  `CALLBACK_TYPE_` varchar(255) CHARACTER SET utf8 COLLATE utf8_bin DEFAULT NULL,
  `REFERENCE_ID_` varchar(255) CHARACTER SET utf8 COLLATE utf8_bin DEFAULT NULL,
  `REFERENCE_TYPE_` varchar(255) CHARACTER SET utf8 COLLATE utf8_bin DEFAULT NULL,
  `PROPAGATED_STAGE_INST_ID_` varchar(255) CHARACTER SET utf8 COLLATE utf8_bin DEFAULT NULL,
  PRIMARY KEY (`ID_`),
  KEY `ACT_IDX_EXEC_BUSKEY` (`BUSINESS_KEY_`),
  KEY `ACT_IDC_EXEC_ROOT` (`ROOT_PROC_INST_ID_`),
  KEY `ACT_FK_EXE_PROCINST` (`PROC_INST_ID_`),
  KEY `ACT_FK_EXE_PARENT` (`PARENT_ID_`),
  KEY `ACT_FK_EXE_SUPER` (`SUPER_EXEC_`),
  KEY `ACT_FK_EXE_PROCDEF` (`PROC_DEF_ID_`),
  CONSTRAINT `ACT_FK_EXE_PARENT` FOREIGN KEY (`PARENT_ID_`) REFERENCES `ACT_RU_EXECUTION` (`ID_`) ON DELETE CASCADE,
  CONSTRAINT `ACT_FK_EXE_PROCDEF` FOREIGN KEY (`PROC_DEF_ID_`) REFERENCES `ACT_RE_PROCDEF` (`ID_`),
  CONSTRAINT `ACT_FK_EXE_PROCINST` FOREIGN KEY (`PROC_INST_ID_`) REFERENCES `ACT_RU_EXECUTION` (`ID_`) ON DELETE CASCADE ON UPDATE CASCADE,
  CONSTRAINT `ACT_FK_EXE_SUPER` FOREIGN KEY (`SUPER_EXEC_`) REFERENCES `ACT_RU_EXECUTION` (`ID_`) ON DELETE CASCADE
) ENGINE=InnoDB DEFAULT CHARSET=utf8mb3 COLLATE=utf8_bin;

-- ----------------------------
-- Records of ACT_RU_EXECUTION
-- ----------------------------
BEGIN;
INSERT INTO `ACT_RU_EXECUTION` VALUES ('02591019-5e3d-11ec-8bee-f20bcee4e113', 4, '02591019-5e3d-11ec-8bee-f20bcee4e113', '1471373134455115776', NULL, 'flowConSign:2:a9103b25-5e3a-11ec-8bee-f20bcee4e113', NULL, '02591019-5e3d-11ec-8bee-f20bcee4e113', NULL, 1, 0, 1, 0, 0, 1, NULL, '', NULL, 'Event_0wpkj6e', '2021-12-16 14:54:26.705', 'userD', NULL, NULL, 1, 0, 0, 0, 0, 0, 0, 0, 0, 0, NULL, NULL, NULL, NULL, NULL);
INSERT INTO `ACT_RU_EXECUTION` VALUES ('2f0893eb-5e3d-11ec-8bee-f20bcee4e113', 1, '02591019-5e3d-11ec-8bee-f20bcee4e113', NULL, '02591019-5e3d-11ec-8bee-f20bcee4e113', 'flowConSign:2:a9103b25-5e3a-11ec-8bee-f20bcee4e113', NULL, '02591019-5e3d-11ec-8bee-f20bcee4e113', 'Activity_0p7omdm', 1, 0, 0, 0, 0, 1, NULL, '', NULL, NULL, '2021-12-16 14:55:41.674', NULL, NULL, NULL, 1, 0, 1, 0, 0, 0, 0, 0, 0, 0, NULL, NULL, NULL, NULL, NULL);
INSERT INTO `ACT_RU_EXECUTION` VALUES ('7138d67d-1d1d-11ec-8336-3ae4f1d3c3af', 1, '7138d67d-1d1d-11ec-8336-3ae4f1d3c3af', '1441340309442138112', NULL, 'flowSubmit:2:1d2bc8f7-1c51-11ec-94ee-5ef70686b817', NULL, '7138d67d-1d1d-11ec-8336-3ae4f1d3c3af', NULL, 1, 0, 1, 0, 0, 1, NULL, '', NULL, 'Event_17n2rw9', '2021-09-24 17:54:43.245', 'userD', NULL, NULL, 1, 0, 0, 0, 0, 0, 0, 0, 0, 0, NULL, NULL, NULL, NULL, NULL);
INSERT INTO `ACT_RU_EXECUTION` VALUES ('7138d682-1d1d-11ec-8336-3ae4f1d3c3af', 2, '7138d67d-1d1d-11ec-8336-3ae4f1d3c3af', NULL, '7138d67d-1d1d-11ec-8336-3ae4f1d3c3af', 'flowSubmit:2:1d2bc8f7-1c51-11ec-94ee-5ef70686b817', NULL, '7138d67d-1d1d-11ec-8336-3ae4f1d3c3af', 'Activity_0ywxfwu', 1, 0, 0, 0, 0, 1, NULL, '', NULL, NULL, '2021-09-24 17:54:43.245', NULL, NULL, NULL, 1, 0, 1, 0, 0, 0, 0, 0, 0, 0, NULL, NULL, NULL, NULL, NULL);
COMMIT;

-- ----------------------------
-- Table structure for ACT_RU_EXTERNAL_JOB
-- ----------------------------
DROP TABLE IF EXISTS `ACT_RU_EXTERNAL_JOB`;
CREATE TABLE `ACT_RU_EXTERNAL_JOB` (
  `ID_` varchar(64) CHARACTER SET utf8 COLLATE utf8_bin NOT NULL,
  `REV_` int DEFAULT NULL,
  `CATEGORY_` varchar(255) CHARACTER SET utf8 COLLATE utf8_bin DEFAULT NULL,
  `TYPE_` varchar(255) CHARACTER SET utf8 COLLATE utf8_bin NOT NULL,
  `LOCK_EXP_TIME_` timestamp(3) NULL DEFAULT NULL,
  `LOCK_OWNER_` varchar(255) CHARACTER SET utf8 COLLATE utf8_bin DEFAULT NULL,
  `EXCLUSIVE_` tinyint(1) DEFAULT NULL,
  `EXECUTION_ID_` varchar(64) CHARACTER SET utf8 COLLATE utf8_bin DEFAULT NULL,
  `PROCESS_INSTANCE_ID_` varchar(64) CHARACTER SET utf8 COLLATE utf8_bin DEFAULT NULL,
  `PROC_DEF_ID_` varchar(64) CHARACTER SET utf8 COLLATE utf8_bin DEFAULT NULL,
  `ELEMENT_ID_` varchar(255) CHARACTER SET utf8 COLLATE utf8_bin DEFAULT NULL,
  `ELEMENT_NAME_` varchar(255) CHARACTER SET utf8 COLLATE utf8_bin DEFAULT NULL,
  `SCOPE_ID_` varchar(255) CHARACTER SET utf8 COLLATE utf8_bin DEFAULT NULL,
  `SUB_SCOPE_ID_` varchar(255) CHARACTER SET utf8 COLLATE utf8_bin DEFAULT NULL,
  `SCOPE_TYPE_` varchar(255) CHARACTER SET utf8 COLLATE utf8_bin DEFAULT NULL,
  `SCOPE_DEFINITION_ID_` varchar(255) CHARACTER SET utf8 COLLATE utf8_bin DEFAULT NULL,
  `CORRELATION_ID_` varchar(255) CHARACTER SET utf8 COLLATE utf8_bin DEFAULT NULL,
  `RETRIES_` int DEFAULT NULL,
  `EXCEPTION_STACK_ID_` varchar(64) CHARACTER SET utf8 COLLATE utf8_bin DEFAULT NULL,
  `EXCEPTION_MSG_` varchar(4000) CHARACTER SET utf8 COLLATE utf8_bin DEFAULT NULL,
  `DUEDATE_` timestamp(3) NULL DEFAULT NULL,
  `REPEAT_` varchar(255) CHARACTER SET utf8 COLLATE utf8_bin DEFAULT NULL,
  `HANDLER_TYPE_` varchar(255) CHARACTER SET utf8 COLLATE utf8_bin DEFAULT NULL,
  `HANDLER_CFG_` varchar(4000) CHARACTER SET utf8 COLLATE utf8_bin DEFAULT NULL,
  `CUSTOM_VALUES_ID_` varchar(64) CHARACTER SET utf8 COLLATE utf8_bin DEFAULT NULL,
  `CREATE_TIME_` timestamp(3) NULL DEFAULT NULL,
  `TENANT_ID_` varchar(255) CHARACTER SET utf8 COLLATE utf8_bin DEFAULT '',
  PRIMARY KEY (`ID_`),
  KEY `ACT_IDX_EXTERNAL_JOB_EXCEPTION_STACK_ID` (`EXCEPTION_STACK_ID_`),
  KEY `ACT_IDX_EXTERNAL_JOB_CUSTOM_VALUES_ID` (`CUSTOM_VALUES_ID_`),
  KEY `ACT_IDX_EXTERNAL_JOB_CORRELATION_ID` (`CORRELATION_ID_`),
  KEY `ACT_IDX_EJOB_SCOPE` (`SCOPE_ID_`,`SCOPE_TYPE_`),
  KEY `ACT_IDX_EJOB_SUB_SCOPE` (`SUB_SCOPE_ID_`,`SCOPE_TYPE_`),
  KEY `ACT_IDX_EJOB_SCOPE_DEF` (`SCOPE_DEFINITION_ID_`,`SCOPE_TYPE_`),
  CONSTRAINT `ACT_FK_EXTERNAL_JOB_CUSTOM_VALUES` FOREIGN KEY (`CUSTOM_VALUES_ID_`) REFERENCES `ACT_GE_BYTEARRAY` (`ID_`),
  CONSTRAINT `ACT_FK_EXTERNAL_JOB_EXCEPTION` FOREIGN KEY (`EXCEPTION_STACK_ID_`) REFERENCES `ACT_GE_BYTEARRAY` (`ID_`)
) ENGINE=InnoDB DEFAULT CHARSET=utf8mb3 COLLATE=utf8_bin;

-- ----------------------------
-- Table structure for ACT_RU_HISTORY_JOB
-- ----------------------------
DROP TABLE IF EXISTS `ACT_RU_HISTORY_JOB`;
CREATE TABLE `ACT_RU_HISTORY_JOB` (
  `ID_` varchar(64) CHARACTER SET utf8 COLLATE utf8_bin NOT NULL,
  `REV_` int DEFAULT NULL,
  `LOCK_EXP_TIME_` timestamp(3) NULL DEFAULT NULL,
  `LOCK_OWNER_` varchar(255) CHARACTER SET utf8 COLLATE utf8_bin DEFAULT NULL,
  `RETRIES_` int DEFAULT NULL,
  `EXCEPTION_STACK_ID_` varchar(64) CHARACTER SET utf8 COLLATE utf8_bin DEFAULT NULL,
  `EXCEPTION_MSG_` varchar(4000) CHARACTER SET utf8 COLLATE utf8_bin DEFAULT NULL,
  `HANDLER_TYPE_` varchar(255) CHARACTER SET utf8 COLLATE utf8_bin DEFAULT NULL,
  `HANDLER_CFG_` varchar(4000) CHARACTER SET utf8 COLLATE utf8_bin DEFAULT NULL,
  `CUSTOM_VALUES_ID_` varchar(64) CHARACTER SET utf8 COLLATE utf8_bin DEFAULT NULL,
  `ADV_HANDLER_CFG_ID_` varchar(64) CHARACTER SET utf8 COLLATE utf8_bin DEFAULT NULL,
  `CREATE_TIME_` timestamp(3) NULL DEFAULT NULL,
  `SCOPE_TYPE_` varchar(255) CHARACTER SET utf8 COLLATE utf8_bin DEFAULT NULL,
  `TENANT_ID_` varchar(255) CHARACTER SET utf8 COLLATE utf8_bin DEFAULT '',
  PRIMARY KEY (`ID_`)
) ENGINE=InnoDB DEFAULT CHARSET=utf8mb3 COLLATE=utf8_bin;

-- ----------------------------
-- Table structure for ACT_RU_IDENTITYLINK
-- ----------------------------
DROP TABLE IF EXISTS `ACT_RU_IDENTITYLINK`;
CREATE TABLE `ACT_RU_IDENTITYLINK` (
  `ID_` varchar(64) CHARACTER SET utf8 COLLATE utf8_bin NOT NULL,
  `REV_` int DEFAULT NULL,
  `GROUP_ID_` varchar(255) CHARACTER SET utf8 COLLATE utf8_bin DEFAULT NULL,
  `TYPE_` varchar(255) CHARACTER SET utf8 COLLATE utf8_bin DEFAULT NULL,
  `USER_ID_` varchar(255) CHARACTER SET utf8 COLLATE utf8_bin DEFAULT NULL,
  `TASK_ID_` varchar(64) CHARACTER SET utf8 COLLATE utf8_bin DEFAULT NULL,
  `PROC_INST_ID_` varchar(64) CHARACTER SET utf8 COLLATE utf8_bin DEFAULT NULL,
  `PROC_DEF_ID_` varchar(64) CHARACTER SET utf8 COLLATE utf8_bin DEFAULT NULL,
  `SCOPE_ID_` varchar(255) CHARACTER SET utf8 COLLATE utf8_bin DEFAULT NULL,
  `SUB_SCOPE_ID_` varchar(255) CHARACTER SET utf8 COLLATE utf8_bin DEFAULT NULL,
  `SCOPE_TYPE_` varchar(255) CHARACTER SET utf8 COLLATE utf8_bin DEFAULT NULL,
  `SCOPE_DEFINITION_ID_` varchar(255) CHARACTER SET utf8 COLLATE utf8_bin DEFAULT NULL,
  PRIMARY KEY (`ID_`),
  KEY `ACT_IDX_IDENT_LNK_USER` (`USER_ID_`),
  KEY `ACT_IDX_IDENT_LNK_GROUP` (`GROUP_ID_`),
  KEY `ACT_IDX_IDENT_LNK_SCOPE` (`SCOPE_ID_`,`SCOPE_TYPE_`),
  KEY `ACT_IDX_IDENT_LNK_SUB_SCOPE` (`SUB_SCOPE_ID_`,`SCOPE_TYPE_`),
  KEY `ACT_IDX_IDENT_LNK_SCOPE_DEF` (`SCOPE_DEFINITION_ID_`,`SCOPE_TYPE_`),
  KEY `ACT_IDX_ATHRZ_PROCEDEF` (`PROC_DEF_ID_`),
  KEY `ACT_FK_TSKASS_TASK` (`TASK_ID_`),
  KEY `ACT_FK_IDL_PROCINST` (`PROC_INST_ID_`),
  CONSTRAINT `ACT_FK_ATHRZ_PROCEDEF` FOREIGN KEY (`PROC_DEF_ID_`) REFERENCES `ACT_RE_PROCDEF` (`ID_`),
  CONSTRAINT `ACT_FK_IDL_PROCINST` FOREIGN KEY (`PROC_INST_ID_`) REFERENCES `ACT_RU_EXECUTION` (`ID_`),
  CONSTRAINT `ACT_FK_TSKASS_TASK` FOREIGN KEY (`TASK_ID_`) REFERENCES `ACT_RU_TASK` (`ID_`)
) ENGINE=InnoDB DEFAULT CHARSET=utf8mb3 COLLATE=utf8_bin;

-- ----------------------------
-- Records of ACT_RU_IDENTITYLINK
-- ----------------------------
BEGIN;
INSERT INTO `ACT_RU_IDENTITYLINK` VALUES ('0259101a-5e3d-11ec-8bee-f20bcee4e113', 1, NULL, 'starter', 'userD', NULL, '02591019-5e3d-11ec-8bee-f20bcee4e113', NULL, NULL, NULL, NULL, NULL);
INSERT INTO `ACT_RU_IDENTITYLINK` VALUES ('02593733-5e3d-11ec-8bee-f20bcee4e113', 1, NULL, 'participant', 'userD', NULL, '02591019-5e3d-11ec-8bee-f20bcee4e113', NULL, NULL, NULL, NULL, NULL);
INSERT INTO `ACT_RU_IDENTITYLINK` VALUES ('025c447d-5e3d-11ec-8bee-f20bcee4e113', 1, NULL, 'participant', 'userD', NULL, '02591019-5e3d-11ec-8bee-f20bcee4e113', NULL, NULL, NULL, NULL, NULL);
INSERT INTO `ACT_RU_IDENTITYLINK` VALUES ('025d07db-5e3d-11ec-8bee-f20bcee4e113', 1, NULL, 'participant', 'userA', NULL, '02591019-5e3d-11ec-8bee-f20bcee4e113', NULL, NULL, NULL, NULL, NULL);
INSERT INTO `ACT_RU_IDENTITYLINK` VALUES ('025d07e0-5e3d-11ec-8bee-f20bcee4e113', 1, NULL, 'participant', 'userB', NULL, '02591019-5e3d-11ec-8bee-f20bcee4e113', NULL, NULL, NULL, NULL, NULL);
INSERT INTO `ACT_RU_IDENTITYLINK` VALUES ('0f0da081-5e3d-11ec-8bee-f20bcee4e113', 1, NULL, 'participant', 'userD', NULL, '02591019-5e3d-11ec-8bee-f20bcee4e113', NULL, NULL, NULL, NULL, NULL);
INSERT INTO `ACT_RU_IDENTITYLINK` VALUES ('279fe909-5e3d-11ec-8bee-f20bcee4e113', 1, NULL, 'participant', 'userA', NULL, '02591019-5e3d-11ec-8bee-f20bcee4e113', NULL, NULL, NULL, NULL, NULL);
INSERT INTO `ACT_RU_IDENTITYLINK` VALUES ('2f06710a-5e3d-11ec-8bee-f20bcee4e113', 1, NULL, 'participant', 'userD', NULL, '02591019-5e3d-11ec-8bee-f20bcee4e113', NULL, NULL, NULL, NULL, NULL);
INSERT INTO `ACT_RU_IDENTITYLINK` VALUES ('2f0893f0-5e3d-11ec-8bee-f20bcee4e113', 1, NULL, 'participant', 'admin', NULL, '02591019-5e3d-11ec-8bee-f20bcee4e113', NULL, NULL, NULL, NULL, NULL);
INSERT INTO `ACT_RU_IDENTITYLINK` VALUES ('7138d67e-1d1d-11ec-8336-3ae4f1d3c3af', 1, NULL, 'starter', 'userD', NULL, '7138d67d-1d1d-11ec-8336-3ae4f1d3c3af', NULL, NULL, NULL, NULL, NULL);
INSERT INTO `ACT_RU_IDENTITYLINK` VALUES ('7138fd98-1d1d-11ec-8336-3ae4f1d3c3af', 1, NULL, 'participant', 'userD', NULL, '7138d67d-1d1d-11ec-8336-3ae4f1d3c3af', NULL, NULL, NULL, NULL, NULL);
INSERT INTO `ACT_RU_IDENTITYLINK` VALUES ('713d6a6a-1d1d-11ec-8336-3ae4f1d3c3af', 1, NULL, 'participant', 'userD', NULL, '7138d67d-1d1d-11ec-8336-3ae4f1d3c3af', NULL, NULL, NULL, NULL, NULL);
INSERT INTO `ACT_RU_IDENTITYLINK` VALUES ('713e06ae-1d1d-11ec-8336-3ae4f1d3c3af', 1, '1440964519391137792', 'candidate', NULL, '713e06ad-1d1d-11ec-8336-3ae4f1d3c3af', NULL, NULL, NULL, NULL, NULL, NULL);
COMMIT;

-- ----------------------------
-- Table structure for ACT_RU_JOB
-- ----------------------------
DROP TABLE IF EXISTS `ACT_RU_JOB`;
CREATE TABLE `ACT_RU_JOB` (
  `ID_` varchar(64) CHARACTER SET utf8 COLLATE utf8_bin NOT NULL,
  `REV_` int DEFAULT NULL,
  `CATEGORY_` varchar(255) CHARACTER SET utf8 COLLATE utf8_bin DEFAULT NULL,
  `TYPE_` varchar(255) CHARACTER SET utf8 COLLATE utf8_bin NOT NULL,
  `LOCK_EXP_TIME_` timestamp(3) NULL DEFAULT NULL,
  `LOCK_OWNER_` varchar(255) CHARACTER SET utf8 COLLATE utf8_bin DEFAULT NULL,
  `EXCLUSIVE_` tinyint(1) DEFAULT NULL,
  `EXECUTION_ID_` varchar(64) CHARACTER SET utf8 COLLATE utf8_bin DEFAULT NULL,
  `PROCESS_INSTANCE_ID_` varchar(64) CHARACTER SET utf8 COLLATE utf8_bin DEFAULT NULL,
  `PROC_DEF_ID_` varchar(64) CHARACTER SET utf8 COLLATE utf8_bin DEFAULT NULL,
  `ELEMENT_ID_` varchar(255) CHARACTER SET utf8 COLLATE utf8_bin DEFAULT NULL,
  `ELEMENT_NAME_` varchar(255) CHARACTER SET utf8 COLLATE utf8_bin DEFAULT NULL,
  `SCOPE_ID_` varchar(255) CHARACTER SET utf8 COLLATE utf8_bin DEFAULT NULL,
  `SUB_SCOPE_ID_` varchar(255) CHARACTER SET utf8 COLLATE utf8_bin DEFAULT NULL,
  `SCOPE_TYPE_` varchar(255) CHARACTER SET utf8 COLLATE utf8_bin DEFAULT NULL,
  `SCOPE_DEFINITION_ID_` varchar(255) CHARACTER SET utf8 COLLATE utf8_bin DEFAULT NULL,
  `CORRELATION_ID_` varchar(255) CHARACTER SET utf8 COLLATE utf8_bin DEFAULT NULL,
  `RETRIES_` int DEFAULT NULL,
  `EXCEPTION_STACK_ID_` varchar(64) CHARACTER SET utf8 COLLATE utf8_bin DEFAULT NULL,
  `EXCEPTION_MSG_` varchar(4000) CHARACTER SET utf8 COLLATE utf8_bin DEFAULT NULL,
  `DUEDATE_` timestamp(3) NULL DEFAULT NULL,
  `REPEAT_` varchar(255) CHARACTER SET utf8 COLLATE utf8_bin DEFAULT NULL,
  `HANDLER_TYPE_` varchar(255) CHARACTER SET utf8 COLLATE utf8_bin DEFAULT NULL,
  `HANDLER_CFG_` varchar(4000) CHARACTER SET utf8 COLLATE utf8_bin DEFAULT NULL,
  `CUSTOM_VALUES_ID_` varchar(64) CHARACTER SET utf8 COLLATE utf8_bin DEFAULT NULL,
  `CREATE_TIME_` timestamp(3) NULL DEFAULT NULL,
  `TENANT_ID_` varchar(255) CHARACTER SET utf8 COLLATE utf8_bin DEFAULT '',
  PRIMARY KEY (`ID_`),
  KEY `ACT_IDX_JOB_EXCEPTION_STACK_ID` (`EXCEPTION_STACK_ID_`),
  KEY `ACT_IDX_JOB_CUSTOM_VALUES_ID` (`CUSTOM_VALUES_ID_`),
  KEY `ACT_IDX_JOB_CORRELATION_ID` (`CORRELATION_ID_`),
  KEY `ACT_IDX_JOB_SCOPE` (`SCOPE_ID_`,`SCOPE_TYPE_`),
  KEY `ACT_IDX_JOB_SUB_SCOPE` (`SUB_SCOPE_ID_`,`SCOPE_TYPE_`),
  KEY `ACT_IDX_JOB_SCOPE_DEF` (`SCOPE_DEFINITION_ID_`,`SCOPE_TYPE_`),
  KEY `ACT_FK_JOB_EXECUTION` (`EXECUTION_ID_`),
  KEY `ACT_FK_JOB_PROCESS_INSTANCE` (`PROCESS_INSTANCE_ID_`),
  KEY `ACT_FK_JOB_PROC_DEF` (`PROC_DEF_ID_`),
  CONSTRAINT `ACT_FK_JOB_CUSTOM_VALUES` FOREIGN KEY (`CUSTOM_VALUES_ID_`) REFERENCES `ACT_GE_BYTEARRAY` (`ID_`),
  CONSTRAINT `ACT_FK_JOB_EXCEPTION` FOREIGN KEY (`EXCEPTION_STACK_ID_`) REFERENCES `ACT_GE_BYTEARRAY` (`ID_`),
  CONSTRAINT `ACT_FK_JOB_EXECUTION` FOREIGN KEY (`EXECUTION_ID_`) REFERENCES `ACT_RU_EXECUTION` (`ID_`),
  CONSTRAINT `ACT_FK_JOB_PROC_DEF` FOREIGN KEY (`PROC_DEF_ID_`) REFERENCES `ACT_RE_PROCDEF` (`ID_`),
  CONSTRAINT `ACT_FK_JOB_PROCESS_INSTANCE` FOREIGN KEY (`PROCESS_INSTANCE_ID_`) REFERENCES `ACT_RU_EXECUTION` (`ID_`)
) ENGINE=InnoDB DEFAULT CHARSET=utf8mb3 COLLATE=utf8_bin;

-- ----------------------------
-- Table structure for ACT_RU_SUSPENDED_JOB
-- ----------------------------
DROP TABLE IF EXISTS `ACT_RU_SUSPENDED_JOB`;
CREATE TABLE `ACT_RU_SUSPENDED_JOB` (
  `ID_` varchar(64) CHARACTER SET utf8 COLLATE utf8_bin NOT NULL,
  `REV_` int DEFAULT NULL,
  `CATEGORY_` varchar(255) CHARACTER SET utf8 COLLATE utf8_bin DEFAULT NULL,
  `TYPE_` varchar(255) CHARACTER SET utf8 COLLATE utf8_bin NOT NULL,
  `EXCLUSIVE_` tinyint(1) DEFAULT NULL,
  `EXECUTION_ID_` varchar(64) CHARACTER SET utf8 COLLATE utf8_bin DEFAULT NULL,
  `PROCESS_INSTANCE_ID_` varchar(64) CHARACTER SET utf8 COLLATE utf8_bin DEFAULT NULL,
  `PROC_DEF_ID_` varchar(64) CHARACTER SET utf8 COLLATE utf8_bin DEFAULT NULL,
  `ELEMENT_ID_` varchar(255) CHARACTER SET utf8 COLLATE utf8_bin DEFAULT NULL,
  `ELEMENT_NAME_` varchar(255) CHARACTER SET utf8 COLLATE utf8_bin DEFAULT NULL,
  `SCOPE_ID_` varchar(255) CHARACTER SET utf8 COLLATE utf8_bin DEFAULT NULL,
  `SUB_SCOPE_ID_` varchar(255) CHARACTER SET utf8 COLLATE utf8_bin DEFAULT NULL,
  `SCOPE_TYPE_` varchar(255) CHARACTER SET utf8 COLLATE utf8_bin DEFAULT NULL,
  `SCOPE_DEFINITION_ID_` varchar(255) CHARACTER SET utf8 COLLATE utf8_bin DEFAULT NULL,
  `CORRELATION_ID_` varchar(255) CHARACTER SET utf8 COLLATE utf8_bin DEFAULT NULL,
  `RETRIES_` int DEFAULT NULL,
  `EXCEPTION_STACK_ID_` varchar(64) CHARACTER SET utf8 COLLATE utf8_bin DEFAULT NULL,
  `EXCEPTION_MSG_` varchar(4000) CHARACTER SET utf8 COLLATE utf8_bin DEFAULT NULL,
  `DUEDATE_` timestamp(3) NULL DEFAULT NULL,
  `REPEAT_` varchar(255) CHARACTER SET utf8 COLLATE utf8_bin DEFAULT NULL,
  `HANDLER_TYPE_` varchar(255) CHARACTER SET utf8 COLLATE utf8_bin DEFAULT NULL,
  `HANDLER_CFG_` varchar(4000) CHARACTER SET utf8 COLLATE utf8_bin DEFAULT NULL,
  `CUSTOM_VALUES_ID_` varchar(64) CHARACTER SET utf8 COLLATE utf8_bin DEFAULT NULL,
  `CREATE_TIME_` timestamp(3) NULL DEFAULT NULL,
  `TENANT_ID_` varchar(255) CHARACTER SET utf8 COLLATE utf8_bin DEFAULT '',
  PRIMARY KEY (`ID_`),
  KEY `ACT_IDX_SUSPENDED_JOB_EXCEPTION_STACK_ID` (`EXCEPTION_STACK_ID_`),
  KEY `ACT_IDX_SUSPENDED_JOB_CUSTOM_VALUES_ID` (`CUSTOM_VALUES_ID_`),
  KEY `ACT_IDX_SUSPENDED_JOB_CORRELATION_ID` (`CORRELATION_ID_`),
  KEY `ACT_IDX_SJOB_SCOPE` (`SCOPE_ID_`,`SCOPE_TYPE_`),
  KEY `ACT_IDX_SJOB_SUB_SCOPE` (`SUB_SCOPE_ID_`,`SCOPE_TYPE_`),
  KEY `ACT_IDX_SJOB_SCOPE_DEF` (`SCOPE_DEFINITION_ID_`,`SCOPE_TYPE_`),
  KEY `ACT_FK_SUSPENDED_JOB_EXECUTION` (`EXECUTION_ID_`),
  KEY `ACT_FK_SUSPENDED_JOB_PROCESS_INSTANCE` (`PROCESS_INSTANCE_ID_`),
  KEY `ACT_FK_SUSPENDED_JOB_PROC_DEF` (`PROC_DEF_ID_`),
  CONSTRAINT `ACT_FK_SUSPENDED_JOB_CUSTOM_VALUES` FOREIGN KEY (`CUSTOM_VALUES_ID_`) REFERENCES `ACT_GE_BYTEARRAY` (`ID_`),
  CONSTRAINT `ACT_FK_SUSPENDED_JOB_EXCEPTION` FOREIGN KEY (`EXCEPTION_STACK_ID_`) REFERENCES `ACT_GE_BYTEARRAY` (`ID_`),
  CONSTRAINT `ACT_FK_SUSPENDED_JOB_EXECUTION` FOREIGN KEY (`EXECUTION_ID_`) REFERENCES `ACT_RU_EXECUTION` (`ID_`),
  CONSTRAINT `ACT_FK_SUSPENDED_JOB_PROC_DEF` FOREIGN KEY (`PROC_DEF_ID_`) REFERENCES `ACT_RE_PROCDEF` (`ID_`),
  CONSTRAINT `ACT_FK_SUSPENDED_JOB_PROCESS_INSTANCE` FOREIGN KEY (`PROCESS_INSTANCE_ID_`) REFERENCES `ACT_RU_EXECUTION` (`ID_`)
) ENGINE=InnoDB DEFAULT CHARSET=utf8mb3 COLLATE=utf8_bin;

-- ----------------------------
-- Table structure for ACT_RU_TASK
-- ----------------------------
DROP TABLE IF EXISTS `ACT_RU_TASK`;
CREATE TABLE `ACT_RU_TASK` (
  `ID_` varchar(64) CHARACTER SET utf8 COLLATE utf8_bin NOT NULL,
  `REV_` int DEFAULT NULL,
  `EXECUTION_ID_` varchar(64) CHARACTER SET utf8 COLLATE utf8_bin DEFAULT NULL,
  `PROC_INST_ID_` varchar(64) CHARACTER SET utf8 COLLATE utf8_bin DEFAULT NULL,
  `PROC_DEF_ID_` varchar(64) CHARACTER SET utf8 COLLATE utf8_bin DEFAULT NULL,
  `TASK_DEF_ID_` varchar(64) CHARACTER SET utf8 COLLATE utf8_bin DEFAULT NULL,
  `SCOPE_ID_` varchar(255) CHARACTER SET utf8 COLLATE utf8_bin DEFAULT NULL,
  `SUB_SCOPE_ID_` varchar(255) CHARACTER SET utf8 COLLATE utf8_bin DEFAULT NULL,
  `SCOPE_TYPE_` varchar(255) CHARACTER SET utf8 COLLATE utf8_bin DEFAULT NULL,
  `SCOPE_DEFINITION_ID_` varchar(255) CHARACTER SET utf8 COLLATE utf8_bin DEFAULT NULL,
  `PROPAGATED_STAGE_INST_ID_` varchar(255) CHARACTER SET utf8 COLLATE utf8_bin DEFAULT NULL,
  `NAME_` varchar(255) CHARACTER SET utf8 COLLATE utf8_bin DEFAULT NULL,
  `PARENT_TASK_ID_` varchar(64) CHARACTER SET utf8 COLLATE utf8_bin DEFAULT NULL,
  `DESCRIPTION_` varchar(4000) CHARACTER SET utf8 COLLATE utf8_bin DEFAULT NULL,
  `TASK_DEF_KEY_` varchar(255) CHARACTER SET utf8 COLLATE utf8_bin DEFAULT NULL,
  `OWNER_` varchar(255) CHARACTER SET utf8 COLLATE utf8_bin DEFAULT NULL,
  `ASSIGNEE_` varchar(255) CHARACTER SET utf8 COLLATE utf8_bin DEFAULT NULL,
  `DELEGATION_` varchar(64) CHARACTER SET utf8 COLLATE utf8_bin DEFAULT NULL,
  `PRIORITY_` int DEFAULT NULL,
  `CREATE_TIME_` timestamp(3) NULL DEFAULT NULL,
  `DUE_DATE_` datetime(3) DEFAULT NULL,
  `CATEGORY_` varchar(255) CHARACTER SET utf8 COLLATE utf8_bin DEFAULT NULL,
  `SUSPENSION_STATE_` int DEFAULT NULL,
  `TENANT_ID_` varchar(255) CHARACTER SET utf8 COLLATE utf8_bin DEFAULT '',
  `FORM_KEY_` varchar(255) CHARACTER SET utf8 COLLATE utf8_bin DEFAULT NULL,
  `CLAIM_TIME_` datetime(3) DEFAULT NULL,
  `IS_COUNT_ENABLED_` tinyint DEFAULT NULL,
  `VAR_COUNT_` int DEFAULT NULL,
  `ID_LINK_COUNT_` int DEFAULT NULL,
  `SUB_TASK_COUNT_` int DEFAULT NULL,
  PRIMARY KEY (`ID_`),
  KEY `ACT_IDX_TASK_CREATE` (`CREATE_TIME_`),
  KEY `ACT_IDX_TASK_SCOPE` (`SCOPE_ID_`,`SCOPE_TYPE_`),
  KEY `ACT_IDX_TASK_SUB_SCOPE` (`SUB_SCOPE_ID_`,`SCOPE_TYPE_`),
  KEY `ACT_IDX_TASK_SCOPE_DEF` (`SCOPE_DEFINITION_ID_`,`SCOPE_TYPE_`),
  KEY `ACT_FK_TASK_EXE` (`EXECUTION_ID_`),
  KEY `ACT_FK_TASK_PROCINST` (`PROC_INST_ID_`),
  KEY `ACT_FK_TASK_PROCDEF` (`PROC_DEF_ID_`),
  CONSTRAINT `ACT_FK_TASK_EXE` FOREIGN KEY (`EXECUTION_ID_`) REFERENCES `ACT_RU_EXECUTION` (`ID_`),
  CONSTRAINT `ACT_FK_TASK_PROCDEF` FOREIGN KEY (`PROC_DEF_ID_`) REFERENCES `ACT_RE_PROCDEF` (`ID_`),
  CONSTRAINT `ACT_FK_TASK_PROCINST` FOREIGN KEY (`PROC_INST_ID_`) REFERENCES `ACT_RU_EXECUTION` (`ID_`)
) ENGINE=InnoDB DEFAULT CHARSET=utf8mb3 COLLATE=utf8_bin;

-- ----------------------------
-- Records of ACT_RU_TASK
-- ----------------------------
BEGIN;
INSERT INTO `ACT_RU_TASK` VALUES ('2f0893ee-5e3d-11ec-8bee-f20bcee4e113', 1, '2f0893eb-5e3d-11ec-8bee-f20bcee4e113', '02591019-5e3d-11ec-8bee-f20bcee4e113', 'flowConSign:2:a9103b25-5e3a-11ec-8bee-f20bcee4e113', NULL, NULL, NULL, NULL, NULL, NULL, '', NULL, NULL, 'Activity_0p7omdm', NULL, 'admin', NULL, 50, '2021-12-16 14:55:41.675', NULL, NULL, 1, '', '{\"formId\":\"1440945411354267648\",\"readOnly\":true,\"groupType\":\"ASSIGNEE\"}', NULL, 1, 0, 0, 0);
INSERT INTO `ACT_RU_TASK` VALUES ('713e06ad-1d1d-11ec-8336-3ae4f1d3c3af', 1, '7138d682-1d1d-11ec-8336-3ae4f1d3c3af', '7138d67d-1d1d-11ec-8336-3ae4f1d3c3af', 'flowSubmit:2:1d2bc8f7-1c51-11ec-94ee-5ef70686b817', NULL, NULL, NULL, NULL, NULL, NULL, '', NULL, NULL, 'Activity_0ywxfwu', NULL, NULL, NULL, 50, '2021-09-24 17:54:43.278', NULL, NULL, 1, '', '{\"formId\":\"1440947675041107968\",\"readOnly\":true,\"groupType\":\"DEPT_POST_LEADER\"}', NULL, 1, 0, 1, 0);
COMMIT;

-- ----------------------------
-- Table structure for ACT_RU_TIMER_JOB
-- ----------------------------
DROP TABLE IF EXISTS `ACT_RU_TIMER_JOB`;
CREATE TABLE `ACT_RU_TIMER_JOB` (
  `ID_` varchar(64) CHARACTER SET utf8 COLLATE utf8_bin NOT NULL,
  `REV_` int DEFAULT NULL,
  `CATEGORY_` varchar(255) CHARACTER SET utf8 COLLATE utf8_bin DEFAULT NULL,
  `TYPE_` varchar(255) CHARACTER SET utf8 COLLATE utf8_bin NOT NULL,
  `LOCK_EXP_TIME_` timestamp(3) NULL DEFAULT NULL,
  `LOCK_OWNER_` varchar(255) CHARACTER SET utf8 COLLATE utf8_bin DEFAULT NULL,
  `EXCLUSIVE_` tinyint(1) DEFAULT NULL,
  `EXECUTION_ID_` varchar(64) CHARACTER SET utf8 COLLATE utf8_bin DEFAULT NULL,
  `PROCESS_INSTANCE_ID_` varchar(64) CHARACTER SET utf8 COLLATE utf8_bin DEFAULT NULL,
  `PROC_DEF_ID_` varchar(64) CHARACTER SET utf8 COLLATE utf8_bin DEFAULT NULL,
  `ELEMENT_ID_` varchar(255) CHARACTER SET utf8 COLLATE utf8_bin DEFAULT NULL,
  `ELEMENT_NAME_` varchar(255) CHARACTER SET utf8 COLLATE utf8_bin DEFAULT NULL,
  `SCOPE_ID_` varchar(255) CHARACTER SET utf8 COLLATE utf8_bin DEFAULT NULL,
  `SUB_SCOPE_ID_` varchar(255) CHARACTER SET utf8 COLLATE utf8_bin DEFAULT NULL,
  `SCOPE_TYPE_` varchar(255) CHARACTER SET utf8 COLLATE utf8_bin DEFAULT NULL,
  `SCOPE_DEFINITION_ID_` varchar(255) CHARACTER SET utf8 COLLATE utf8_bin DEFAULT NULL,
  `CORRELATION_ID_` varchar(255) CHARACTER SET utf8 COLLATE utf8_bin DEFAULT NULL,
  `RETRIES_` int DEFAULT NULL,
  `EXCEPTION_STACK_ID_` varchar(64) CHARACTER SET utf8 COLLATE utf8_bin DEFAULT NULL,
  `EXCEPTION_MSG_` varchar(4000) CHARACTER SET utf8 COLLATE utf8_bin DEFAULT NULL,
  `DUEDATE_` timestamp(3) NULL DEFAULT NULL,
  `REPEAT_` varchar(255) CHARACTER SET utf8 COLLATE utf8_bin DEFAULT NULL,
  `HANDLER_TYPE_` varchar(255) CHARACTER SET utf8 COLLATE utf8_bin DEFAULT NULL,
  `HANDLER_CFG_` varchar(4000) CHARACTER SET utf8 COLLATE utf8_bin DEFAULT NULL,
  `CUSTOM_VALUES_ID_` varchar(64) CHARACTER SET utf8 COLLATE utf8_bin DEFAULT NULL,
  `CREATE_TIME_` timestamp(3) NULL DEFAULT NULL,
  `TENANT_ID_` varchar(255) CHARACTER SET utf8 COLLATE utf8_bin DEFAULT '',
  PRIMARY KEY (`ID_`),
  KEY `ACT_IDX_TIMER_JOB_EXCEPTION_STACK_ID` (`EXCEPTION_STACK_ID_`),
  KEY `ACT_IDX_TIMER_JOB_CUSTOM_VALUES_ID` (`CUSTOM_VALUES_ID_`),
  KEY `ACT_IDX_TIMER_JOB_CORRELATION_ID` (`CORRELATION_ID_`),
  KEY `ACT_IDX_TJOB_SCOPE` (`SCOPE_ID_`,`SCOPE_TYPE_`),
  KEY `ACT_IDX_TJOB_SUB_SCOPE` (`SUB_SCOPE_ID_`,`SCOPE_TYPE_`),
  KEY `ACT_IDX_TJOB_SCOPE_DEF` (`SCOPE_DEFINITION_ID_`,`SCOPE_TYPE_`),
  KEY `ACT_FK_TIMER_JOB_EXECUTION` (`EXECUTION_ID_`),
  KEY `ACT_FK_TIMER_JOB_PROCESS_INSTANCE` (`PROCESS_INSTANCE_ID_`),
  KEY `ACT_FK_TIMER_JOB_PROC_DEF` (`PROC_DEF_ID_`),
  CONSTRAINT `ACT_FK_TIMER_JOB_CUSTOM_VALUES` FOREIGN KEY (`CUSTOM_VALUES_ID_`) REFERENCES `ACT_GE_BYTEARRAY` (`ID_`),
  CONSTRAINT `ACT_FK_TIMER_JOB_EXCEPTION` FOREIGN KEY (`EXCEPTION_STACK_ID_`) REFERENCES `ACT_GE_BYTEARRAY` (`ID_`),
  CONSTRAINT `ACT_FK_TIMER_JOB_EXECUTION` FOREIGN KEY (`EXECUTION_ID_`) REFERENCES `ACT_RU_EXECUTION` (`ID_`),
  CONSTRAINT `ACT_FK_TIMER_JOB_PROC_DEF` FOREIGN KEY (`PROC_DEF_ID_`) REFERENCES `ACT_RE_PROCDEF` (`ID_`),
  CONSTRAINT `ACT_FK_TIMER_JOB_PROCESS_INSTANCE` FOREIGN KEY (`PROCESS_INSTANCE_ID_`) REFERENCES `ACT_RU_EXECUTION` (`ID_`)
) ENGINE=InnoDB DEFAULT CHARSET=utf8mb3 COLLATE=utf8_bin;

-- ----------------------------
-- Table structure for ACT_RU_VARIABLE
-- ----------------------------
DROP TABLE IF EXISTS `ACT_RU_VARIABLE`;
CREATE TABLE `ACT_RU_VARIABLE` (
  `ID_` varchar(64) CHARACTER SET utf8 COLLATE utf8_bin NOT NULL,
  `REV_` int DEFAULT NULL,
  `TYPE_` varchar(255) CHARACTER SET utf8 COLLATE utf8_bin NOT NULL,
  `NAME_` varchar(255) CHARACTER SET utf8 COLLATE utf8_bin NOT NULL,
  `EXECUTION_ID_` varchar(64) CHARACTER SET utf8 COLLATE utf8_bin DEFAULT NULL,
  `PROC_INST_ID_` varchar(64) CHARACTER SET utf8 COLLATE utf8_bin DEFAULT NULL,
  `TASK_ID_` varchar(64) CHARACTER SET utf8 COLLATE utf8_bin DEFAULT NULL,
  `SCOPE_ID_` varchar(255) CHARACTER SET utf8 COLLATE utf8_bin DEFAULT NULL,
  `SUB_SCOPE_ID_` varchar(255) CHARACTER SET utf8 COLLATE utf8_bin DEFAULT NULL,
  `SCOPE_TYPE_` varchar(255) CHARACTER SET utf8 COLLATE utf8_bin DEFAULT NULL,
  `BYTEARRAY_ID_` varchar(64) CHARACTER SET utf8 COLLATE utf8_bin DEFAULT NULL,
  `DOUBLE_` double DEFAULT NULL,
  `LONG_` bigint DEFAULT NULL,
  `TEXT_` varchar(4000) CHARACTER SET utf8 COLLATE utf8_bin DEFAULT NULL,
  `TEXT2_` varchar(4000) CHARACTER SET utf8 COLLATE utf8_bin DEFAULT NULL,
  PRIMARY KEY (`ID_`),
  KEY `ACT_IDX_RU_VAR_SCOPE_ID_TYPE` (`SCOPE_ID_`,`SCOPE_TYPE_`),
  KEY `ACT_IDX_RU_VAR_SUB_ID_TYPE` (`SUB_SCOPE_ID_`,`SCOPE_TYPE_`),
  KEY `ACT_FK_VAR_BYTEARRAY` (`BYTEARRAY_ID_`),
  KEY `ACT_IDX_VARIABLE_TASK_ID` (`TASK_ID_`),
  KEY `ACT_FK_VAR_EXE` (`EXECUTION_ID_`),
  KEY `ACT_FK_VAR_PROCINST` (`PROC_INST_ID_`),
  CONSTRAINT `ACT_FK_VAR_BYTEARRAY` FOREIGN KEY (`BYTEARRAY_ID_`) REFERENCES `ACT_GE_BYTEARRAY` (`ID_`),
  CONSTRAINT `ACT_FK_VAR_EXE` FOREIGN KEY (`EXECUTION_ID_`) REFERENCES `ACT_RU_EXECUTION` (`ID_`),
  CONSTRAINT `ACT_FK_VAR_PROCINST` FOREIGN KEY (`PROC_INST_ID_`) REFERENCES `ACT_RU_EXECUTION` (`ID_`)
) ENGINE=InnoDB DEFAULT CHARSET=utf8mb3 COLLATE=utf8_bin;

-- ----------------------------
-- Records of ACT_RU_VARIABLE
-- ----------------------------
BEGIN;
INSERT INTO `ACT_RU_VARIABLE` VALUES ('0259101b-5e3d-11ec-8bee-f20bcee4e113', 1, 'string', 'startUserName', '02591019-5e3d-11ec-8bee-f20bcee4e113', '02591019-5e3d-11ec-8bee-f20bcee4e113', NULL, NULL, NULL, NULL, NULL, NULL, NULL, 'userD', NULL);
INSERT INTO `ACT_RU_VARIABLE` VALUES ('0259101c-5e3d-11ec-8bee-f20bcee4e113', 1, 'string', 'initiator', '02591019-5e3d-11ec-8bee-f20bcee4e113', '02591019-5e3d-11ec-8bee-f20bcee4e113', NULL, NULL, NULL, NULL, NULL, NULL, NULL, 'userD', NULL);
INSERT INTO `ACT_RU_VARIABLE` VALUES ('025bf654-5e3d-11ec-8bee-f20bcee4e113', 1, 'integer', 'multiRefuseCount', '02591019-5e3d-11ec-8bee-f20bcee4e113', '02591019-5e3d-11ec-8bee-f20bcee4e113', NULL, NULL, NULL, NULL, NULL, NULL, 0, '0', NULL);
INSERT INTO `ACT_RU_VARIABLE` VALUES ('025c4476-5e3d-11ec-8bee-f20bcee4e113', 1, 'serializable', 'assigneeList', '02591019-5e3d-11ec-8bee-f20bcee4e113', '02591019-5e3d-11ec-8bee-f20bcee4e113', NULL, NULL, NULL, NULL, '025c4475-5e3d-11ec-8bee-f20bcee4e113', NULL, NULL, NULL, NULL);
INSERT INTO `ACT_RU_VARIABLE` VALUES ('025c4478-5e3d-11ec-8bee-f20bcee4e113', 1, 'integer', 'multiAbstainCount', '02591019-5e3d-11ec-8bee-f20bcee4e113', '02591019-5e3d-11ec-8bee-f20bcee4e113', NULL, NULL, NULL, NULL, NULL, NULL, 0, '0', NULL);
INSERT INTO `ACT_RU_VARIABLE` VALUES ('025c4479-5e3d-11ec-8bee-f20bcee4e113', 2, 'string', 'operationType', '02591019-5e3d-11ec-8bee-f20bcee4e113', '02591019-5e3d-11ec-8bee-f20bcee4e113', NULL, NULL, NULL, NULL, NULL, NULL, NULL, 'multi_agree', NULL);
INSERT INTO `ACT_RU_VARIABLE` VALUES ('025c447a-5e3d-11ec-8bee-f20bcee4e113', 1, 'string', 'multiSignStartTask', '02591019-5e3d-11ec-8bee-f20bcee4e113', '02591019-5e3d-11ec-8bee-f20bcee4e113', NULL, NULL, NULL, NULL, NULL, NULL, NULL, '02593731-5e3d-11ec-8bee-f20bcee4e113', NULL);
INSERT INTO `ACT_RU_VARIABLE` VALUES ('025c447b-5e3d-11ec-8bee-f20bcee4e113', 4, 'integer', 'multiAgreeCount', '02591019-5e3d-11ec-8bee-f20bcee4e113', '02591019-5e3d-11ec-8bee-f20bcee4e113', NULL, NULL, NULL, NULL, NULL, NULL, 3, '3', NULL);
INSERT INTO `ACT_RU_VARIABLE` VALUES ('025c447c-5e3d-11ec-8bee-f20bcee4e113', 3, 'integer', 'multiNumOfInstances', '02591019-5e3d-11ec-8bee-f20bcee4e113', '02591019-5e3d-11ec-8bee-f20bcee4e113', NULL, NULL, NULL, NULL, NULL, NULL, 3, '3', NULL);
INSERT INTO `ACT_RU_VARIABLE` VALUES ('7138d67f-1d1d-11ec-8336-3ae4f1d3c3af', 1, 'string', 'startUserName', '7138d67d-1d1d-11ec-8336-3ae4f1d3c3af', '7138d67d-1d1d-11ec-8336-3ae4f1d3c3af', NULL, NULL, NULL, NULL, NULL, NULL, NULL, 'userD', NULL);
INSERT INTO `ACT_RU_VARIABLE` VALUES ('7138d680-1d1d-11ec-8336-3ae4f1d3c3af', 1, 'long', 'deptPostLeader', '7138d67d-1d1d-11ec-8336-3ae4f1d3c3af', '7138d67d-1d1d-11ec-8336-3ae4f1d3c3af', NULL, NULL, NULL, NULL, NULL, NULL, 1440964519391137792, '1440964519391137792', NULL);
INSERT INTO `ACT_RU_VARIABLE` VALUES ('7138d681-1d1d-11ec-8336-3ae4f1d3c3af', 1, 'string', 'initiator', '7138d67d-1d1d-11ec-8336-3ae4f1d3c3af', '7138d67d-1d1d-11ec-8336-3ae4f1d3c3af', NULL, NULL, NULL, NULL, NULL, NULL, NULL, 'userD', NULL);
INSERT INTO `ACT_RU_VARIABLE` VALUES ('713d6a69-1d1d-11ec-8336-3ae4f1d3c3af', 1, 'string', 'operationType', '7138d67d-1d1d-11ec-8336-3ae4f1d3c3af', '7138d67d-1d1d-11ec-8336-3ae4f1d3c3af', NULL, NULL, NULL, NULL, NULL, NULL, NULL, 'agree', NULL);
COMMIT;

-- ----------------------------
-- Table structure for FLW_CHANNEL_DEFINITION
-- ----------------------------
DROP TABLE IF EXISTS `FLW_CHANNEL_DEFINITION`;
CREATE TABLE `FLW_CHANNEL_DEFINITION` (
  `ID_` varchar(255) CHARACTER SET utf8mb4 COLLATE utf8mb4_bin NOT NULL,
  `NAME_` varchar(255) CHARACTER SET utf8mb4 COLLATE utf8mb4_bin DEFAULT NULL,
  `VERSION_` int DEFAULT NULL,
  `KEY_` varchar(255) CHARACTER SET utf8mb4 COLLATE utf8mb4_bin DEFAULT NULL,
  `CATEGORY_` varchar(255) CHARACTER SET utf8mb4 COLLATE utf8mb4_bin DEFAULT NULL,
  `DEPLOYMENT_ID_` varchar(255) CHARACTER SET utf8mb4 COLLATE utf8mb4_bin DEFAULT NULL,
  `CREATE_TIME_` datetime(3) DEFAULT NULL,
  `TENANT_ID_` varchar(255) CHARACTER SET utf8mb4 COLLATE utf8mb4_bin DEFAULT NULL,
  `RESOURCE_NAME_` varchar(255) CHARACTER SET utf8mb4 COLLATE utf8mb4_bin DEFAULT NULL,
  `DESCRIPTION_` varchar(255) CHARACTER SET utf8mb4 COLLATE utf8mb4_bin DEFAULT NULL,
  PRIMARY KEY (`ID_`),
  UNIQUE KEY `ACT_IDX_CHANNEL_DEF_UNIQ` (`KEY_`,`VERSION_`,`TENANT_ID_`)
) ENGINE=InnoDB DEFAULT CHARSET=utf8mb4 COLLATE=utf8mb4_bin;

-- ----------------------------
-- Table structure for FLW_EV_DATABASECHANGELOG
-- ----------------------------
DROP TABLE IF EXISTS `FLW_EV_DATABASECHANGELOG`;
CREATE TABLE `FLW_EV_DATABASECHANGELOG` (
  `ID` varchar(255) CHARACTER SET utf8mb4 COLLATE utf8mb4_bin NOT NULL,
  `AUTHOR` varchar(255) CHARACTER SET utf8mb4 COLLATE utf8mb4_bin NOT NULL,
  `FILENAME` varchar(255) CHARACTER SET utf8mb4 COLLATE utf8mb4_bin NOT NULL,
  `DATEEXECUTED` datetime NOT NULL,
  `ORDEREXECUTED` int NOT NULL,
  `EXECTYPE` varchar(10) CHARACTER SET utf8mb4 COLLATE utf8mb4_bin NOT NULL,
  `MD5SUM` varchar(35) CHARACTER SET utf8mb4 COLLATE utf8mb4_bin DEFAULT NULL,
  `DESCRIPTION` varchar(255) CHARACTER SET utf8mb4 COLLATE utf8mb4_bin DEFAULT NULL,
  `COMMENTS` varchar(255) CHARACTER SET utf8mb4 COLLATE utf8mb4_bin DEFAULT NULL,
  `TAG` varchar(255) CHARACTER SET utf8mb4 COLLATE utf8mb4_bin DEFAULT NULL,
  `LIQUIBASE` varchar(20) CHARACTER SET utf8mb4 COLLATE utf8mb4_bin DEFAULT NULL,
  `CONTEXTS` varchar(255) CHARACTER SET utf8mb4 COLLATE utf8mb4_bin DEFAULT NULL,
  `LABELS` varchar(255) CHARACTER SET utf8mb4 COLLATE utf8mb4_bin DEFAULT NULL,
  `DEPLOYMENT_ID` varchar(10) CHARACTER SET utf8mb4 COLLATE utf8mb4_bin DEFAULT NULL
) ENGINE=InnoDB DEFAULT CHARSET=utf8mb4 COLLATE=utf8mb4_bin;

-- ----------------------------
-- Records of FLW_EV_DATABASECHANGELOG
-- ----------------------------
BEGIN;
INSERT INTO `FLW_EV_DATABASECHANGELOG` VALUES ('1', 'flowable', 'org/flowable/eventregistry/db/liquibase/flowable-eventregistry-db-changelog.xml', '2021-08-22 15:01:56', 1, 'EXECUTED', '8:1b0c48c9cf7945be799d868a2626d687', 'createTable tableName=FLW_EVENT_DEPLOYMENT; createTable tableName=FLW_EVENT_RESOURCE; createTable tableName=FLW_EVENT_DEFINITION; createIndex indexName=ACT_IDX_EVENT_DEF_UNIQ, tableName=FLW_EVENT_DEFINITION; createTable tableName=FLW_CHANNEL_DEFIN...', '', NULL, '3.8.9', NULL, NULL, '9615716437');
COMMIT;

-- ----------------------------
-- Table structure for FLW_EV_DATABASECHANGELOGLOCK
-- ----------------------------
DROP TABLE IF EXISTS `FLW_EV_DATABASECHANGELOGLOCK`;
CREATE TABLE `FLW_EV_DATABASECHANGELOGLOCK` (
  `ID` int NOT NULL,
  `LOCKED` bit(1) NOT NULL,
  `LOCKGRANTED` datetime DEFAULT NULL,
  `LOCKEDBY` varchar(255) CHARACTER SET utf8mb4 COLLATE utf8mb4_bin DEFAULT NULL,
  PRIMARY KEY (`ID`)
) ENGINE=InnoDB DEFAULT CHARSET=utf8mb4 COLLATE=utf8mb4_bin;

-- ----------------------------
-- Records of FLW_EV_DATABASECHANGELOGLOCK
-- ----------------------------
BEGIN;
INSERT INTO `FLW_EV_DATABASECHANGELOGLOCK` VALUES (1, b'0', NULL, NULL);
COMMIT;

-- ----------------------------
-- Table structure for FLW_EVENT_DEFINITION
-- ----------------------------
DROP TABLE IF EXISTS `FLW_EVENT_DEFINITION`;
CREATE TABLE `FLW_EVENT_DEFINITION` (
  `ID_` varchar(255) CHARACTER SET utf8mb4 COLLATE utf8mb4_bin NOT NULL,
  `NAME_` varchar(255) CHARACTER SET utf8mb4 COLLATE utf8mb4_bin DEFAULT NULL,
  `VERSION_` int DEFAULT NULL,
  `KEY_` varchar(255) CHARACTER SET utf8mb4 COLLATE utf8mb4_bin DEFAULT NULL,
  `CATEGORY_` varchar(255) CHARACTER SET utf8mb4 COLLATE utf8mb4_bin DEFAULT NULL,
  `DEPLOYMENT_ID_` varchar(255) CHARACTER SET utf8mb4 COLLATE utf8mb4_bin DEFAULT NULL,
  `TENANT_ID_` varchar(255) CHARACTER SET utf8mb4 COLLATE utf8mb4_bin DEFAULT NULL,
  `RESOURCE_NAME_` varchar(255) CHARACTER SET utf8mb4 COLLATE utf8mb4_bin DEFAULT NULL,
  `DESCRIPTION_` varchar(255) CHARACTER SET utf8mb4 COLLATE utf8mb4_bin DEFAULT NULL,
  PRIMARY KEY (`ID_`),
  UNIQUE KEY `ACT_IDX_EVENT_DEF_UNIQ` (`KEY_`,`VERSION_`,`TENANT_ID_`)
) ENGINE=InnoDB DEFAULT CHARSET=utf8mb4 COLLATE=utf8mb4_bin;

-- ----------------------------
-- Table structure for FLW_EVENT_DEPLOYMENT
-- ----------------------------
DROP TABLE IF EXISTS `FLW_EVENT_DEPLOYMENT`;
CREATE TABLE `FLW_EVENT_DEPLOYMENT` (
  `ID_` varchar(255) CHARACTER SET utf8mb4 COLLATE utf8mb4_bin NOT NULL,
  `NAME_` varchar(255) CHARACTER SET utf8mb4 COLLATE utf8mb4_bin DEFAULT NULL,
  `CATEGORY_` varchar(255) CHARACTER SET utf8mb4 COLLATE utf8mb4_bin DEFAULT NULL,
  `DEPLOY_TIME_` datetime(3) DEFAULT NULL,
  `TENANT_ID_` varchar(255) CHARACTER SET utf8mb4 COLLATE utf8mb4_bin DEFAULT NULL,
  `PARENT_DEPLOYMENT_ID_` varchar(255) CHARACTER SET utf8mb4 COLLATE utf8mb4_bin DEFAULT NULL,
  PRIMARY KEY (`ID_`)
) ENGINE=InnoDB DEFAULT CHARSET=utf8mb4 COLLATE=utf8mb4_bin;

-- ----------------------------
-- Table structure for FLW_EVENT_RESOURCE
-- ----------------------------
DROP TABLE IF EXISTS `FLW_EVENT_RESOURCE`;
CREATE TABLE `FLW_EVENT_RESOURCE` (
  `ID_` varchar(255) CHARACTER SET utf8mb4 COLLATE utf8mb4_bin NOT NULL,
  `NAME_` varchar(255) CHARACTER SET utf8mb4 COLLATE utf8mb4_bin DEFAULT NULL,
  `DEPLOYMENT_ID_` varchar(255) CHARACTER SET utf8mb4 COLLATE utf8mb4_bin DEFAULT NULL,
  `RESOURCE_BYTES_` longblob,
  PRIMARY KEY (`ID_`)
) ENGINE=InnoDB DEFAULT CHARSET=utf8mb4 COLLATE=utf8mb4_bin;

-- ----------------------------
-- Table structure for FLW_RU_BATCH
-- ----------------------------
DROP TABLE IF EXISTS `FLW_RU_BATCH`;
CREATE TABLE `FLW_RU_BATCH` (
  `ID_` varchar(64) CHARACTER SET utf8 COLLATE utf8_bin NOT NULL,
  `REV_` int DEFAULT NULL,
  `TYPE_` varchar(64) CHARACTER SET utf8 COLLATE utf8_bin NOT NULL,
  `SEARCH_KEY_` varchar(255) CHARACTER SET utf8 COLLATE utf8_bin DEFAULT NULL,
  `SEARCH_KEY2_` varchar(255) CHARACTER SET utf8 COLLATE utf8_bin DEFAULT NULL,
  `CREATE_TIME_` datetime(3) NOT NULL,
  `COMPLETE_TIME_` datetime(3) DEFAULT NULL,
  `STATUS_` varchar(255) CHARACTER SET utf8 COLLATE utf8_bin DEFAULT NULL,
  `BATCH_DOC_ID_` varchar(64) CHARACTER SET utf8 COLLATE utf8_bin DEFAULT NULL,
  `TENANT_ID_` varchar(255) CHARACTER SET utf8 COLLATE utf8_bin DEFAULT '',
  PRIMARY KEY (`ID_`)
) ENGINE=InnoDB DEFAULT CHARSET=utf8mb3 COLLATE=utf8_bin;

-- ----------------------------
-- Table structure for FLW_RU_BATCH_PART
-- ----------------------------
DROP TABLE IF EXISTS `FLW_RU_BATCH_PART`;
CREATE TABLE `FLW_RU_BATCH_PART` (
  `ID_` varchar(64) CHARACTER SET utf8 COLLATE utf8_bin NOT NULL,
  `REV_` int DEFAULT NULL,
  `BATCH_ID_` varchar(64) CHARACTER SET utf8 COLLATE utf8_bin DEFAULT NULL,
  `TYPE_` varchar(64) CHARACTER SET utf8 COLLATE utf8_bin NOT NULL,
  `SCOPE_ID_` varchar(64) CHARACTER SET utf8 COLLATE utf8_bin DEFAULT NULL,
  `SUB_SCOPE_ID_` varchar(64) CHARACTER SET utf8 COLLATE utf8_bin DEFAULT NULL,
  `SCOPE_TYPE_` varchar(64) CHARACTER SET utf8 COLLATE utf8_bin DEFAULT NULL,
  `SEARCH_KEY_` varchar(255) CHARACTER SET utf8 COLLATE utf8_bin DEFAULT NULL,
  `SEARCH_KEY2_` varchar(255) CHARACTER SET utf8 COLLATE utf8_bin DEFAULT NULL,
  `CREATE_TIME_` datetime(3) NOT NULL,
  `COMPLETE_TIME_` datetime(3) DEFAULT NULL,
  `STATUS_` varchar(255) CHARACTER SET utf8 COLLATE utf8_bin DEFAULT NULL,
  `RESULT_DOC_ID_` varchar(64) CHARACTER SET utf8 COLLATE utf8_bin DEFAULT NULL,
  `TENANT_ID_` varchar(255) CHARACTER SET utf8 COLLATE utf8_bin DEFAULT '',
  PRIMARY KEY (`ID_`),
  KEY `FLW_IDX_BATCH_PART` (`BATCH_ID_`),
  CONSTRAINT `FLW_FK_BATCH_PART_PARENT` FOREIGN KEY (`BATCH_ID_`) REFERENCES `FLW_RU_BATCH` (`ID_`)
) ENGINE=InnoDB DEFAULT CHARSET=utf8mb3 COLLATE=utf8_bin;

-- ----------------------------
-- Table structure for zz_area_code
-- ----------------------------
DROP TABLE IF EXISTS `zz_area_code`;
CREATE TABLE `zz_area_code` (
  `area_id` bigint unsigned NOT NULL COMMENT 'Id',
  `area_name` varchar(128) CHARACTER SET utf8mb4 COLLATE utf8mb4_bin NOT NULL DEFAULT '' COMMENT '',
  `area_level` int NOT NULL COMMENT ' (1:  2:  3: )',
  `parent_id` bigint DEFAULT NULL COMMENT 'Id',
  PRIMARY KEY (`area_id`) USING BTREE,
  KEY `idx_level` (`area_level`) USING BTREE,
  KEY `idx_area_name` (`area_name`) USING BTREE,
  KEY `idx_parent_id` (`parent_id`) USING BTREE
) ENGINE=InnoDB DEFAULT CHARSET=utf8mb4 COLLATE=utf8mb4_bin COMMENT='';

-- ----------------------------
-- Records of zz_area_code
-- ----------------------------
BEGIN;
INSERT INTO `zz_area_code` VALUES (110000000000, '', 1, NULL);
INSERT INTO `zz_area_code` VALUES (110100000000, '', 2, 110000000000);
INSERT INTO `zz_area_code` VALUES (110101000000, '', 3, 110100000000);
INSERT INTO `zz_area_code` VALUES (110102000000, '', 3, 110100000000);
INSERT INTO `zz_area_code` VALUES (110105000000, '', 3, 110100000000);
INSERT INTO `zz_area_code` VALUES (110106000000, '', 3, 110100000000);
INSERT INTO `zz_area_code` VALUES (110107000000, '', 3, 110100000000);
INSERT INTO `zz_area_code` VALUES (110108000000, '', 3, 110100000000);
INSERT INTO `zz_area_code` VALUES (110109000000, '', 3, 110100000000);
INSERT INTO `zz_area_code` VALUES (110111000000, '', 3, 110100000000);
INSERT INTO `zz_area_code` VALUES (110112000000, '', 3, 110100000000);
INSERT INTO `zz_area_code` VALUES (110113000000, '', 3, 110100000000);
INSERT INTO `zz_area_code` VALUES (110114000000, '', 3, 110100000000);
INSERT INTO `zz_area_code` VALUES (110115000000, '', 3, 110100000000);
INSERT INTO `zz_area_code` VALUES (110116000000, '', 3, 110100000000);
INSERT INTO `zz_area_code` VALUES (110117000000, '', 3, 110100000000);
INSERT INTO `zz_area_code` VALUES (110118000000, '', 3, 110100000000);
INSERT INTO `zz_area_code` VALUES (110119000000, '', 3, 110100000000);
INSERT INTO `zz_area_code` VALUES (120000000000, '', 1, NULL);
INSERT INTO `zz_area_code` VALUES (120100000000, '', 2, 120000000000);
INSERT INTO `zz_area_code` VALUES (120101000000, '', 3, 120100000000);
INSERT INTO `zz_area_code` VALUES (120102000000, '', 3, 120100000000);
INSERT INTO `zz_area_code` VALUES (120103000000, '', 3, 120100000000);
INSERT INTO `zz_area_code` VALUES (120104000000, '', 3, 120100000000);
INSERT INTO `zz_area_code` VALUES (120105000000, '', 3, 120100000000);
INSERT INTO `zz_area_code` VALUES (120106000000, '', 3, 120100000000);
INSERT INTO `zz_area_code` VALUES (120110000000, '', 3, 120100000000);
INSERT INTO `zz_area_code` VALUES (120111000000, '', 3, 120100000000);
INSERT INTO `zz_area_code` VALUES (120112000000, '', 3, 120100000000);
INSERT INTO `zz_area_code` VALUES (120113000000, '', 3, 120100000000);
INSERT INTO `zz_area_code` VALUES (120114000000, '', 3, 120100000000);
INSERT INTO `zz_area_code` VALUES (120115000000, '', 3, 120100000000);
INSERT INTO `zz_area_code` VALUES (120116000000, '', 3, 120100000000);
INSERT INTO `zz_area_code` VALUES (120117000000, '', 3, 120100000000);
INSERT INTO `zz_area_code` VALUES (120118000000, '', 3, 120100000000);
INSERT INTO `zz_area_code` VALUES (120119000000, '', 3, 120100000000);
INSERT INTO `zz_area_code` VALUES (130000000000, '', 1, NULL);
INSERT INTO `zz_area_code` VALUES (130100000000, '', 2, 130000000000);
INSERT INTO `zz_area_code` VALUES (130101000000, '', 3, 130100000000);
INSERT INTO `zz_area_code` VALUES (130102000000, '', 3, 130100000000);
INSERT INTO `zz_area_code` VALUES (130104000000, '', 3, 130100000000);
INSERT INTO `zz_area_code` VALUES (130105000000, '', 3, 130100000000);
INSERT INTO `zz_area_code` VALUES (130107000000, '', 3, 130100000000);
INSERT INTO `zz_area_code` VALUES (130108000000, '', 3, 130100000000);
INSERT INTO `zz_area_code` VALUES (130109000000, '', 3, 130100000000);
INSERT INTO `zz_area_code` VALUES (130110000000, '', 3, 130100000000);
INSERT INTO `zz_area_code` VALUES (130111000000, '', 3, 130100000000);
INSERT INTO `zz_area_code` VALUES (130121000000, '', 3, 130100000000);
INSERT INTO `zz_area_code` VALUES (130123000000, '', 3, 130100000000);
INSERT INTO `zz_area_code` VALUES (130125000000, '', 3, 130100000000);
INSERT INTO `zz_area_code` VALUES (130126000000, '', 3, 130100000000);
INSERT INTO `zz_area_code` VALUES (130127000000, '', 3, 130100000000);
INSERT INTO `zz_area_code` VALUES (130128000000, '', 3, 130100000000);
INSERT INTO `zz_area_code` VALUES (130129000000, '', 3, 130100000000);
INSERT INTO `zz_area_code` VALUES (130130000000, '', 3, 130100000000);
INSERT INTO `zz_area_code` VALUES (130131000000, '', 3, 130100000000);
INSERT INTO `zz_area_code` VALUES (130132000000, '', 3, 130100000000);
INSERT INTO `zz_area_code` VALUES (130133000000, '', 3, 130100000000);
INSERT INTO `zz_area_code` VALUES (130171000000, '', 3, 130100000000);
INSERT INTO `zz_area_code` VALUES (130172000000, '', 3, 130100000000);
INSERT INTO `zz_area_code` VALUES (130181000000, '', 3, 130100000000);
INSERT INTO `zz_area_code` VALUES (130183000000, '', 3, 130100000000);
INSERT INTO `zz_area_code` VALUES (130184000000, '', 3, 130100000000);
INSERT INTO `zz_area_code` VALUES (130200000000, '', 2, 130000000000);
INSERT INTO `zz_area_code` VALUES (130201000000, '', 3, 130200000000);
INSERT INTO `zz_area_code` VALUES (130202000000, '', 3, 130200000000);
INSERT INTO `zz_area_code` VALUES (130203000000, '', 3, 130200000000);
INSERT INTO `zz_area_code` VALUES (130204000000, '', 3, 130200000000);
INSERT INTO `zz_area_code` VALUES (130205000000, '', 3, 130200000000);
INSERT INTO `zz_area_code` VALUES (130207000000, '', 3, 130200000000);
INSERT INTO `zz_area_code` VALUES (130208000000, '', 3, 130200000000);
INSERT INTO `zz_area_code` VALUES (130209000000, '', 3, 130200000000);
INSERT INTO `zz_area_code` VALUES (130224000000, '', 3, 130200000000);
INSERT INTO `zz_area_code` VALUES (130225000000, '', 3, 130200000000);
INSERT INTO `zz_area_code` VALUES (130227000000, '', 3, 130200000000);
INSERT INTO `zz_area_code` VALUES (130229000000, '', 3, 130200000000);
INSERT INTO `zz_area_code` VALUES (130271000000, '', 3, 130200000000);
INSERT INTO `zz_area_code` VALUES (130272000000, '', 3, 130200000000);
INSERT INTO `zz_area_code` VALUES (130273000000, '', 3, 130200000000);
INSERT INTO `zz_area_code` VALUES (130274000000, '', 3, 130200000000);
INSERT INTO `zz_area_code` VALUES (130281000000, '', 3, 130200000000);
INSERT INTO `zz_area_code` VALUES (130283000000, '', 3, 130200000000);
INSERT INTO `zz_area_code` VALUES (130284000000, '', 3, 130200000000);
INSERT INTO `zz_area_code` VALUES (130300000000, '', 2, 130000000000);
INSERT INTO `zz_area_code` VALUES (130301000000, '', 3, 130300000000);
INSERT INTO `zz_area_code` VALUES (130302000000, '', 3, 130300000000);
INSERT INTO `zz_area_code` VALUES (130303000000, '', 3, 130300000000);
INSERT INTO `zz_area_code` VALUES (130304000000, '', 3, 130300000000);
INSERT INTO `zz_area_code` VALUES (130306000000, '', 3, 130300000000);
INSERT INTO `zz_area_code` VALUES (130321000000, '', 3, 130300000000);
INSERT INTO `zz_area_code` VALUES (130322000000, '', 3, 130300000000);
INSERT INTO `zz_area_code` VALUES (130324000000, '', 3, 130300000000);
INSERT INTO `zz_area_code` VALUES (130371000000, '', 3, 130300000000);
INSERT INTO `zz_area_code` VALUES (130372000000, '', 3, 130300000000);
INSERT INTO `zz_area_code` VALUES (130400000000, '', 2, 130000000000);
INSERT INTO `zz_area_code` VALUES (130401000000, '', 3, 130400000000);
INSERT INTO `zz_area_code` VALUES (130402000000, '', 3, 130400000000);
INSERT INTO `zz_area_code` VALUES (130403000000, '', 3, 130400000000);
INSERT INTO `zz_area_code` VALUES (130404000000, '', 3, 130400000000);
INSERT INTO `zz_area_code` VALUES (130406000000, '', 3, 130400000000);
INSERT INTO `zz_area_code` VALUES (130407000000, '', 3, 130400000000);
INSERT INTO `zz_area_code` VALUES (130408000000, '', 3, 130400000000);
INSERT INTO `zz_area_code` VALUES (130423000000, '', 3, 130400000000);
INSERT INTO `zz_area_code` VALUES (130424000000, '', 3, 130400000000);
INSERT INTO `zz_area_code` VALUES (130425000000, '', 3, 130400000000);
INSERT INTO `zz_area_code` VALUES (130426000000, '', 3, 130400000000);
INSERT INTO `zz_area_code` VALUES (130427000000, '', 3, 130400000000);
INSERT INTO `zz_area_code` VALUES (130430000000, '', 3, 130400000000);
INSERT INTO `zz_area_code` VALUES (130431000000, '', 3, 130400000000);
INSERT INTO `zz_area_code` VALUES (130432000000, '', 3, 130400000000);
INSERT INTO `zz_area_code` VALUES (130433000000, '', 3, 130400000000);
INSERT INTO `zz_area_code` VALUES (130434000000, '', 3, 130400000000);
INSERT INTO `zz_area_code` VALUES (130435000000, '', 3, 130400000000);
INSERT INTO `zz_area_code` VALUES (130471000000, '', 3, 130400000000);
INSERT INTO `zz_area_code` VALUES (130473000000, '', 3, 130400000000);
INSERT INTO `zz_area_code` VALUES (130481000000, '', 3, 130400000000);
INSERT INTO `zz_area_code` VALUES (130500000000, '', 2, 130000000000);
INSERT INTO `zz_area_code` VALUES (130501000000, '', 3, 130500000000);
INSERT INTO `zz_area_code` VALUES (130502000000, '', 3, 130500000000);
INSERT INTO `zz_area_code` VALUES (130503000000, '', 3, 130500000000);
INSERT INTO `zz_area_code` VALUES (130521000000, '', 3, 130500000000);
INSERT INTO `zz_area_code` VALUES (130522000000, '', 3, 130500000000);
INSERT INTO `zz_area_code` VALUES (130523000000, '', 3, 130500000000);
INSERT INTO `zz_area_code` VALUES (130524000000, '', 3, 130500000000);
INSERT INTO `zz_area_code` VALUES (130525000000, '', 3, 130500000000);
INSERT INTO `zz_area_code` VALUES (130526000000, '', 3, 130500000000);
INSERT INTO `zz_area_code` VALUES (130527000000, '', 3, 130500000000);
INSERT INTO `zz_area_code` VALUES (130528000000, '', 3, 130500000000);
INSERT INTO `zz_area_code` VALUES (130529000000, '', 3, 130500000000);
INSERT INTO `zz_area_code` VALUES (130530000000, '', 3, 130500000000);
INSERT INTO `zz_area_code` VALUES (130531000000, '', 3, 130500000000);
INSERT INTO `zz_area_code` VALUES (130532000000, '', 3, 130500000000);
INSERT INTO `zz_area_code` VALUES (130533000000, '', 3, 130500000000);
INSERT INTO `zz_area_code` VALUES (130534000000, '', 3, 130500000000);
INSERT INTO `zz_area_code` VALUES (130535000000, '', 3, 130500000000);
INSERT INTO `zz_area_code` VALUES (130571000000, '', 3, 130500000000);
INSERT INTO `zz_area_code` VALUES (130581000000, '', 3, 130500000000);
INSERT INTO `zz_area_code` VALUES (130582000000, '', 3, 130500000000);
INSERT INTO `zz_area_code` VALUES (130600000000, '', 2, 130000000000);
INSERT INTO `zz_area_code` VALUES (130601000000, '', 3, 130600000000);
INSERT INTO `zz_area_code` VALUES (130602000000, '', 3, 130600000000);
INSERT INTO `zz_area_code` VALUES (130606000000, '', 3, 130600000000);
INSERT INTO `zz_area_code` VALUES (130607000000, '', 3, 130600000000);
INSERT INTO `zz_area_code` VALUES (130608000000, '', 3, 130600000000);
INSERT INTO `zz_area_code` VALUES (130609000000, '', 3, 130600000000);
INSERT INTO `zz_area_code` VALUES (130623000000, '', 3, 130600000000);
INSERT INTO `zz_area_code` VALUES (130624000000, '', 3, 130600000000);
INSERT INTO `zz_area_code` VALUES (130626000000, '', 3, 130600000000);
INSERT INTO `zz_area_code` VALUES (130627000000, '', 3, 130600000000);
INSERT INTO `zz_area_code` VALUES (130628000000, '', 3, 130600000000);
INSERT INTO `zz_area_code` VALUES (130629000000, '', 3, 130600000000);
INSERT INTO `zz_area_code` VALUES (130630000000, '', 3, 130600000000);
INSERT INTO `zz_area_code` VALUES (130631000000, '', 3, 130600000000);
INSERT INTO `zz_area_code` VALUES (130632000000, '', 3, 130600000000);
INSERT INTO `zz_area_code` VALUES (130633000000, '', 3, 130600000000);
INSERT INTO `zz_area_code` VALUES (130634000000, '', 3, 130600000000);
INSERT INTO `zz_area_code` VALUES (130635000000, '', 3, 130600000000);
INSERT INTO `zz_area_code` VALUES (130636000000, '', 3, 130600000000);
INSERT INTO `zz_area_code` VALUES (130637000000, '', 3, 130600000000);
INSERT INTO `zz_area_code` VALUES (130638000000, '', 3, 130600000000);
INSERT INTO `zz_area_code` VALUES (130671000000, '', 3, 130600000000);
INSERT INTO `zz_area_code` VALUES (130672000000, '', 3, 130600000000);
INSERT INTO `zz_area_code` VALUES (130681000000, '', 3, 130600000000);
INSERT INTO `zz_area_code` VALUES (130682000000, '', 3, 130600000000);
INSERT INTO `zz_area_code` VALUES (130683000000, '', 3, 130600000000);
INSERT INTO `zz_area_code` VALUES (130684000000, '', 3, 130600000000);
INSERT INTO `zz_area_code` VALUES (130700000000, '', 2, 130000000000);
INSERT INTO `zz_area_code` VALUES (130701000000, '', 3, 130700000000);
INSERT INTO `zz_area_code` VALUES (130702000000, '', 3, 130700000000);
INSERT INTO `zz_area_code` VALUES (130703000000, '', 3, 130700000000);
INSERT INTO `zz_area_code` VALUES (130705000000, '', 3, 130700000000);
INSERT INTO `zz_area_code` VALUES (130706000000, '', 3, 130700000000);
INSERT INTO `zz_area_code` VALUES (130708000000, '', 3, 130700000000);
INSERT INTO `zz_area_code` VALUES (130709000000, '', 3, 130700000000);
INSERT INTO `zz_area_code` VALUES (130722000000, '', 3, 130700000000);
INSERT INTO `zz_area_code` VALUES (130723000000, '', 3, 130700000000);
INSERT INTO `zz_area_code` VALUES (130724000000, '', 3, 130700000000);
INSERT INTO `zz_area_code` VALUES (130725000000, '', 3, 130700000000);
INSERT INTO `zz_area_code` VALUES (130726000000, '', 3, 130700000000);
INSERT INTO `zz_area_code` VALUES (130727000000, '', 3, 130700000000);
INSERT INTO `zz_area_code` VALUES (130728000000, '', 3, 130700000000);
INSERT INTO `zz_area_code` VALUES (130730000000, '', 3, 130700000000);
INSERT INTO `zz_area_code` VALUES (130731000000, '', 3, 130700000000);
INSERT INTO `zz_area_code` VALUES (130732000000, '', 3, 130700000000);
INSERT INTO `zz_area_code` VALUES (130771000000, '', 3, 130700000000);
INSERT INTO `zz_area_code` VALUES (130772000000, '', 3, 130700000000);
INSERT INTO `zz_area_code` VALUES (130773000000, '', 3, 130700000000);
INSERT INTO `zz_area_code` VALUES (130800000000, '', 2, 130000000000);
INSERT INTO `zz_area_code` VALUES (130801000000, '', 3, 130800000000);
INSERT INTO `zz_area_code` VALUES (130802000000, '', 3, 130800000000);
INSERT INTO `zz_area_code` VALUES (130803000000, '', 3, 130800000000);
INSERT INTO `zz_area_code` VALUES (130804000000, '', 3, 130800000000);
INSERT INTO `zz_area_code` VALUES (130821000000, '', 3, 130800000000);
INSERT INTO `zz_area_code` VALUES (130822000000, '', 3, 130800000000);
INSERT INTO `zz_area_code` VALUES (130824000000, '', 3, 130800000000);
INSERT INTO `zz_area_code` VALUES (130825000000, '', 3, 130800000000);
INSERT INTO `zz_area_code` VALUES (130826000000, '', 3, 130800000000);
INSERT INTO `zz_area_code` VALUES (130827000000, '', 3, 130800000000);
INSERT INTO `zz_area_code` VALUES (130828000000, '', 3, 130800000000);
INSERT INTO `zz_area_code` VALUES (130871000000, '', 3, 130800000000);
INSERT INTO `zz_area_code` VALUES (130881000000, '', 3, 130800000000);
INSERT INTO `zz_area_code` VALUES (130900000000, '', 2, 130000000000);
INSERT INTO `zz_area_code` VALUES (130901000000, '', 3, 130900000000);
INSERT INTO `zz_area_code` VALUES (130902000000, '', 3, 130900000000);
INSERT INTO `zz_area_code` VALUES (130903000000, '', 3, 130900000000);
INSERT INTO `zz_area_code` VALUES (130921000000, '', 3, 130900000000);
INSERT INTO `zz_area_code` VALUES (130922000000, '', 3, 130900000000);
INSERT INTO `zz_area_code` VALUES (130923000000, '', 3, 130900000000);
INSERT INTO `zz_area_code` VALUES (130924000000, '', 3, 130900000000);
INSERT INTO `zz_area_code` VALUES (130925000000, '', 3, 130900000000);
INSERT INTO `zz_area_code` VALUES (130926000000, '', 3, 130900000000);
INSERT INTO `zz_area_code` VALUES (130927000000, '', 3, 130900000000);
INSERT INTO `zz_area_code` VALUES (130928000000, '', 3, 130900000000);
INSERT INTO `zz_area_code` VALUES (130929000000, '', 3, 130900000000);
INSERT INTO `zz_area_code` VALUES (130930000000, '', 3, 130900000000);
INSERT INTO `zz_area_code` VALUES (130971000000, '', 3, 130900000000);
INSERT INTO `zz_area_code` VALUES (130972000000, '', 3, 130900000000);
INSERT INTO `zz_area_code` VALUES (130973000000, '', 3, 130900000000);
INSERT INTO `zz_area_code` VALUES (130981000000, '', 3, 130900000000);
INSERT INTO `zz_area_code` VALUES (130982000000, '', 3, 130900000000);
INSERT INTO `zz_area_code` VALUES (130983000000, '', 3, 130900000000);
INSERT INTO `zz_area_code` VALUES (130984000000, '', 3, 130900000000);
INSERT INTO `zz_area_code` VALUES (131000000000, '', 2, 130000000000);
INSERT INTO `zz_area_code` VALUES (131001000000, '', 3, 131000000000);
INSERT INTO `zz_area_code` VALUES (131002000000, '', 3, 131000000000);
INSERT INTO `zz_area_code` VALUES (131003000000, '', 3, 131000000000);
INSERT INTO `zz_area_code` VALUES (131022000000, '', 3, 131000000000);
INSERT INTO `zz_area_code` VALUES (131023000000, '', 3, 131000000000);
INSERT INTO `zz_area_code` VALUES (131024000000, '', 3, 131000000000);
INSERT INTO `zz_area_code` VALUES (131025000000, '', 3, 131000000000);
INSERT INTO `zz_area_code` VALUES (131026000000, '', 3, 131000000000);
INSERT INTO `zz_area_code` VALUES (131028000000, '', 3, 131000000000);
INSERT INTO `zz_area_code` VALUES (131071000000, '', 3, 131000000000);
INSERT INTO `zz_area_code` VALUES (131081000000, '', 3, 131000000000);
INSERT INTO `zz_area_code` VALUES (131082000000, '', 3, 131000000000);
INSERT INTO `zz_area_code` VALUES (131100000000, '', 2, 130000000000);
INSERT INTO `zz_area_code` VALUES (131101000000, '', 3, 131100000000);
INSERT INTO `zz_area_code` VALUES (131102000000, '', 3, 131100000000);
INSERT INTO `zz_area_code` VALUES (131103000000, '', 3, 131100000000);
INSERT INTO `zz_area_code` VALUES (131121000000, '', 3, 131100000000);
INSERT INTO `zz_area_code` VALUES (131122000000, '', 3, 131100000000);
INSERT INTO `zz_area_code` VALUES (131123000000, '', 3, 131100000000);
INSERT INTO `zz_area_code` VALUES (131124000000, '', 3, 131100000000);
INSERT INTO `zz_area_code` VALUES (131125000000, '', 3, 131100000000);
INSERT INTO `zz_area_code` VALUES (131126000000, '', 3, 131100000000);
INSERT INTO `zz_area_code` VALUES (131127000000, '', 3, 131100000000);
INSERT INTO `zz_area_code` VALUES (131128000000, '', 3, 131100000000);
INSERT INTO `zz_area_code` VALUES (131171000000, '', 3, 131100000000);
INSERT INTO `zz_area_code` VALUES (131172000000, '', 3, 131100000000);
INSERT INTO `zz_area_code` VALUES (131182000000, '', 3, 131100000000);
INSERT INTO `zz_area_code` VALUES (140000000000, '', 1, NULL);
INSERT INTO `zz_area_code` VALUES (140100000000, '', 2, 140000000000);
INSERT INTO `zz_area_code` VALUES (140101000000, '', 3, 140100000000);
INSERT INTO `zz_area_code` VALUES (140105000000, '', 3, 140100000000);
INSERT INTO `zz_area_code` VALUES (140106000000, '', 3, 140100000000);
INSERT INTO `zz_area_code` VALUES (140107000000, '', 3, 140100000000);
INSERT INTO `zz_area_code` VALUES (140108000000, '', 3, 140100000000);
INSERT INTO `zz_area_code` VALUES (140109000000, '', 3, 140100000000);
INSERT INTO `zz_area_code` VALUES (140110000000, '', 3, 140100000000);
INSERT INTO `zz_area_code` VALUES (140121000000, '', 3, 140100000000);
INSERT INTO `zz_area_code` VALUES (140122000000, '', 3, 140100000000);
INSERT INTO `zz_area_code` VALUES (140123000000, '', 3, 140100000000);
INSERT INTO `zz_area_code` VALUES (140171000000, '', 3, 140100000000);
INSERT INTO `zz_area_code` VALUES (140181000000, '', 3, 140100000000);
INSERT INTO `zz_area_code` VALUES (140200000000, '', 2, 140000000000);
INSERT INTO `zz_area_code` VALUES (140201000000, '', 3, 140200000000);
INSERT INTO `zz_area_code` VALUES (140212000000, '', 3, 140200000000);
INSERT INTO `zz_area_code` VALUES (140213000000, '', 3, 140200000000);
INSERT INTO `zz_area_code` VALUES (140214000000, '', 3, 140200000000);
INSERT INTO `zz_area_code` VALUES (140215000000, '', 3, 140200000000);
INSERT INTO `zz_area_code` VALUES (140221000000, '', 3, 140200000000);
INSERT INTO `zz_area_code` VALUES (140222000000, '', 3, 140200000000);
INSERT INTO `zz_area_code` VALUES (140223000000, '', 3, 140200000000);
INSERT INTO `zz_area_code` VALUES (140224000000, '', 3, 140200000000);
INSERT INTO `zz_area_code` VALUES (140225000000, '', 3, 140200000000);
INSERT INTO `zz_area_code` VALUES (140226000000, '', 3, 140200000000);
INSERT INTO `zz_area_code` VALUES (140271000000, '', 3, 140200000000);
INSERT INTO `zz_area_code` VALUES (140300000000, '', 2, 140000000000);
INSERT INTO `zz_area_code` VALUES (140301000000, '', 3, 140300000000);
INSERT INTO `zz_area_code` VALUES (140302000000, '', 3, 140300000000);
INSERT INTO `zz_area_code` VALUES (140303000000, '', 3, 140300000000);
INSERT INTO `zz_area_code` VALUES (140311000000, '', 3, 140300000000);
INSERT INTO `zz_area_code` VALUES (140321000000, '', 3, 140300000000);
INSERT INTO `zz_area_code` VALUES (140322000000, '', 3, 140300000000);
INSERT INTO `zz_area_code` VALUES (140400000000, '', 2, 140000000000);
INSERT INTO `zz_area_code` VALUES (140401000000, '', 3, 140400000000);
INSERT INTO `zz_area_code` VALUES (140403000000, '', 3, 140400000000);
INSERT INTO `zz_area_code` VALUES (140404000000, '', 3, 140400000000);
INSERT INTO `zz_area_code` VALUES (140405000000, '', 3, 140400000000);
INSERT INTO `zz_area_code` VALUES (140406000000, '', 3, 140400000000);
INSERT INTO `zz_area_code` VALUES (140423000000, '', 3, 140400000000);
INSERT INTO `zz_area_code` VALUES (140425000000, '', 3, 140400000000);
INSERT INTO `zz_area_code` VALUES (140426000000, '', 3, 140400000000);
INSERT INTO `zz_area_code` VALUES (140427000000, '', 3, 140400000000);
INSERT INTO `zz_area_code` VALUES (140428000000, '', 3, 140400000000);
INSERT INTO `zz_area_code` VALUES (140429000000, '', 3, 140400000000);
INSERT INTO `zz_area_code` VALUES (140430000000, '', 3, 140400000000);
INSERT INTO `zz_area_code` VALUES (140431000000, '', 3, 140400000000);
INSERT INTO `zz_area_code` VALUES (140471000000, '', 3, 140400000000);
INSERT INTO `zz_area_code` VALUES (140500000000, '', 2, 140000000000);
INSERT INTO `zz_area_code` VALUES (140501000000, '', 3, 140500000000);
INSERT INTO `zz_area_code` VALUES (140502000000, '', 3, 140500000000);
INSERT INTO `zz_area_code` VALUES (140521000000, '', 3, 140500000000);
INSERT INTO `zz_area_code` VALUES (140522000000, '', 3, 140500000000);
INSERT INTO `zz_area_code` VALUES (140524000000, '', 3, 140500000000);
INSERT INTO `zz_area_code` VALUES (140525000000, '', 3, 140500000000);
INSERT INTO `zz_area_code` VALUES (140581000000, '', 3, 140500000000);
INSERT INTO `zz_area_code` VALUES (140600000000, '', 2, 140000000000);
INSERT INTO `zz_area_code` VALUES (140601000000, '', 3, 140600000000);
INSERT INTO `zz_area_code` VALUES (140602000000, '', 3, 140600000000);
INSERT INTO `zz_area_code` VALUES (140603000000, '', 3, 140600000000);
INSERT INTO `zz_area_code` VALUES (140621000000, '', 3, 140600000000);
INSERT INTO `zz_area_code` VALUES (140622000000, '', 3, 140600000000);
INSERT INTO `zz_area_code` VALUES (140623000000, '', 3, 140600000000);
INSERT INTO `zz_area_code` VALUES (140671000000, '', 3, 140600000000);
INSERT INTO `zz_area_code` VALUES (140681000000, '', 3, 140600000000);
INSERT INTO `zz_area_code` VALUES (140700000000, '', 2, 140000000000);
INSERT INTO `zz_area_code` VALUES (140701000000, '', 3, 140700000000);
INSERT INTO `zz_area_code` VALUES (140702000000, '', 3, 140700000000);
INSERT INTO `zz_area_code` VALUES (140721000000, '', 3, 140700000000);
INSERT INTO `zz_area_code` VALUES (140722000000, '', 3, 140700000000);
INSERT INTO `zz_area_code` VALUES (140723000000, '', 3, 140700000000);
INSERT INTO `zz_area_code` VALUES (140724000000, '', 3, 140700000000);
INSERT INTO `zz_area_code` VALUES (140725000000, '', 3, 140700000000);
INSERT INTO `zz_area_code` VALUES (140726000000, '', 3, 140700000000);
INSERT INTO `zz_area_code` VALUES (140727000000, '', 3, 140700000000);
INSERT INTO `zz_area_code` VALUES (140728000000, '', 3, 140700000000);
INSERT INTO `zz_area_code` VALUES (140729000000, '', 3, 140700000000);
INSERT INTO `zz_area_code` VALUES (140781000000, '', 3, 140700000000);
INSERT INTO `zz_area_code` VALUES (140800000000, '', 2, 140000000000);
INSERT INTO `zz_area_code` VALUES (140801000000, '', 3, 140800000000);
INSERT INTO `zz_area_code` VALUES (140802000000, '', 3, 140800000000);
INSERT INTO `zz_area_code` VALUES (140821000000, '', 3, 140800000000);
INSERT INTO `zz_area_code` VALUES (140822000000, '', 3, 140800000000);
INSERT INTO `zz_area_code` VALUES (140823000000, '', 3, 140800000000);
INSERT INTO `zz_area_code` VALUES (140824000000, '', 3, 140800000000);
INSERT INTO `zz_area_code` VALUES (140825000000, '', 3, 140800000000);
INSERT INTO `zz_area_code` VALUES (140826000000, '', 3, 140800000000);
INSERT INTO `zz_area_code` VALUES (140827000000, '', 3, 140800000000);
INSERT INTO `zz_area_code` VALUES (140828000000, '', 3, 140800000000);
INSERT INTO `zz_area_code` VALUES (140829000000, '', 3, 140800000000);
INSERT INTO `zz_area_code` VALUES (140830000000, '', 3, 140800000000);
INSERT INTO `zz_area_code` VALUES (140881000000, '', 3, 140800000000);
INSERT INTO `zz_area_code` VALUES (140882000000, '', 3, 140800000000);
INSERT INTO `zz_area_code` VALUES (140900000000, '', 2, 140000000000);
INSERT INTO `zz_area_code` VALUES (140901000000, '', 3, 140900000000);
INSERT INTO `zz_area_code` VALUES (140902000000, '', 3, 140900000000);
INSERT INTO `zz_area_code` VALUES (140921000000, '', 3, 140900000000);
INSERT INTO `zz_area_code` VALUES (140922000000, '', 3, 140900000000);
INSERT INTO `zz_area_code` VALUES (140923000000, '', 3, 140900000000);
INSERT INTO `zz_area_code` VALUES (140924000000, '', 3, 140900000000);
INSERT INTO `zz_area_code` VALUES (140925000000, '', 3, 140900000000);
INSERT INTO `zz_area_code` VALUES (140926000000, '', 3, 140900000000);
INSERT INTO `zz_area_code` VALUES (140927000000, '', 3, 140900000000);
INSERT INTO `zz_area_code` VALUES (140928000000, '', 3, 140900000000);
INSERT INTO `zz_area_code` VALUES (140929000000, '', 3, 140900000000);
INSERT INTO `zz_area_code` VALUES (140930000000, '', 3, 140900000000);
INSERT INTO `zz_area_code` VALUES (140931000000, '', 3, 140900000000);
INSERT INTO `zz_area_code` VALUES (140932000000, '', 3, 140900000000);
INSERT INTO `zz_area_code` VALUES (140971000000, '', 3, 140900000000);
INSERT INTO `zz_area_code` VALUES (140981000000, '', 3, 140900000000);
INSERT INTO `zz_area_code` VALUES (141000000000, '', 2, 140000000000);
INSERT INTO `zz_area_code` VALUES (141001000000, '', 3, 141000000000);
INSERT INTO `zz_area_code` VALUES (141002000000, '', 3, 141000000000);
INSERT INTO `zz_area_code` VALUES (141021000000, '', 3, 141000000000);
INSERT INTO `zz_area_code` VALUES (141022000000, '', 3, 141000000000);
INSERT INTO `zz_area_code` VALUES (141023000000, '', 3, 141000000000);
INSERT INTO `zz_area_code` VALUES (141024000000, '', 3, 141000000000);
INSERT INTO `zz_area_code` VALUES (141025000000, '', 3, 141000000000);
INSERT INTO `zz_area_code` VALUES (141026000000, '', 3, 141000000000);
INSERT INTO `zz_area_code` VALUES (141027000000, '', 3, 141000000000);
INSERT INTO `zz_area_code` VALUES (141028000000, '', 3, 141000000000);
INSERT INTO `zz_area_code` VALUES (141029000000, '', 3, 141000000000);
INSERT INTO `zz_area_code` VALUES (141030000000, '', 3, 141000000000);
INSERT INTO `zz_area_code` VALUES (141031000000, '', 3, 141000000000);
INSERT INTO `zz_area_code` VALUES (141032000000, '', 3, 141000000000);
INSERT INTO `zz_area_code` VALUES (141033000000, '', 3, 141000000000);
INSERT INTO `zz_area_code` VALUES (141034000000, '', 3, 141000000000);
INSERT INTO `zz_area_code` VALUES (141081000000, '', 3, 141000000000);
INSERT INTO `zz_area_code` VALUES (141082000000, '', 3, 141000000000);
INSERT INTO `zz_area_code` VALUES (141100000000, '', 2, 140000000000);
INSERT INTO `zz_area_code` VALUES (141101000000, '', 3, 141100000000);
INSERT INTO `zz_area_code` VALUES (141102000000, '', 3, 141100000000);
INSERT INTO `zz_area_code` VALUES (141121000000, '', 3, 141100000000);
INSERT INTO `zz_area_code` VALUES (141122000000, '', 3, 141100000000);
INSERT INTO `zz_area_code` VALUES (141123000000, '', 3, 141100000000);
INSERT INTO `zz_area_code` VALUES (141124000000, '', 3, 141100000000);
INSERT INTO `zz_area_code` VALUES (141125000000, '', 3, 141100000000);
INSERT INTO `zz_area_code` VALUES (141126000000, '', 3, 141100000000);
INSERT INTO `zz_area_code` VALUES (141127000000, '', 3, 141100000000);
INSERT INTO `zz_area_code` VALUES (141128000000, '', 3, 141100000000);
INSERT INTO `zz_area_code` VALUES (141129000000, '', 3, 141100000000);
INSERT INTO `zz_area_code` VALUES (141130000000, '', 3, 141100000000);
INSERT INTO `zz_area_code` VALUES (141181000000, '', 3, 141100000000);
INSERT INTO `zz_area_code` VALUES (141182000000, '', 3, 141100000000);
INSERT INTO `zz_area_code` VALUES (150000000000, '', 1, NULL);
INSERT INTO `zz_area_code` VALUES (150100000000, '', 2, 150000000000);
INSERT INTO `zz_area_code` VALUES (150101000000, '', 3, 150100000000);
INSERT INTO `zz_area_code` VALUES (150102000000, '', 3, 150100000000);
INSERT INTO `zz_area_code` VALUES (150103000000, '', 3, 150100000000);
INSERT INTO `zz_area_code` VALUES (150104000000, '', 3, 150100000000);
INSERT INTO `zz_area_code` VALUES (150105000000, '', 3, 150100000000);
INSERT INTO `zz_area_code` VALUES (150121000000, '', 3, 150100000000);
INSERT INTO `zz_area_code` VALUES (150122000000, '', 3, 150100000000);
INSERT INTO `zz_area_code` VALUES (150123000000, '', 3, 150100000000);
INSERT INTO `zz_area_code` VALUES (150124000000, '', 3, 150100000000);
INSERT INTO `zz_area_code` VALUES (150125000000, '', 3, 150100000000);
INSERT INTO `zz_area_code` VALUES (150171000000, '', 3, 150100000000);
INSERT INTO `zz_area_code` VALUES (150172000000, '', 3, 150100000000);
INSERT INTO `zz_area_code` VALUES (150200000000, '', 2, 150000000000);
INSERT INTO `zz_area_code` VALUES (150201000000, '', 3, 150200000000);
INSERT INTO `zz_area_code` VALUES (150202000000, '', 3, 150200000000);
INSERT INTO `zz_area_code` VALUES (150203000000, '', 3, 150200000000);
INSERT INTO `zz_area_code` VALUES (150204000000, '', 3, 150200000000);
INSERT INTO `zz_area_code` VALUES (150205000000, '', 3, 150200000000);
INSERT INTO `zz_area_code` VALUES (150206000000, '', 3, 150200000000);
INSERT INTO `zz_area_code` VALUES (150207000000, '', 3, 150200000000);
INSERT INTO `zz_area_code` VALUES (150221000000, '', 3, 150200000000);
INSERT INTO `zz_area_code` VALUES (150222000000, '', 3, 150200000000);
INSERT INTO `zz_area_code` VALUES (150223000000, '', 3, 150200000000);
INSERT INTO `zz_area_code` VALUES (150271000000, '', 3, 150200000000);
INSERT INTO `zz_area_code` VALUES (150300000000, '', 2, 150000000000);
INSERT INTO `zz_area_code` VALUES (150301000000, '', 3, 150300000000);
INSERT INTO `zz_area_code` VALUES (150302000000, '', 3, 150300000000);
INSERT INTO `zz_area_code` VALUES (150303000000, '', 3, 150300000000);
INSERT INTO `zz_area_code` VALUES (150304000000, '', 3, 150300000000);
INSERT INTO `zz_area_code` VALUES (150400000000, '', 2, 150000000000);
INSERT INTO `zz_area_code` VALUES (150401000000, '', 3, 150400000000);
INSERT INTO `zz_area_code` VALUES (150402000000, '', 3, 150400000000);
INSERT INTO `zz_area_code` VALUES (150403000000, '', 3, 150400000000);
INSERT INTO `zz_area_code` VALUES (150404000000, '', 3, 150400000000);
INSERT INTO `zz_area_code` VALUES (150421000000, '', 3, 150400000000);
INSERT INTO `zz_area_code` VALUES (150422000000, '', 3, 150400000000);
INSERT INTO `zz_area_code` VALUES (150423000000, '', 3, 150400000000);
INSERT INTO `zz_area_code` VALUES (150424000000, '', 3, 150400000000);
INSERT INTO `zz_area_code` VALUES (150425000000, '', 3, 150400000000);
INSERT INTO `zz_area_code` VALUES (150426000000, '', 3, 150400000000);
INSERT INTO `zz_area_code` VALUES (150428000000, '', 3, 150400000000);
INSERT INTO `zz_area_code` VALUES (150429000000, '', 3, 150400000000);
INSERT INTO `zz_area_code` VALUES (150430000000, '', 3, 150400000000);
INSERT INTO `zz_area_code` VALUES (150500000000, '', 2, 150000000000);
INSERT INTO `zz_area_code` VALUES (150501000000, '', 3, 150500000000);
INSERT INTO `zz_area_code` VALUES (150502000000, '', 3, 150500000000);
INSERT INTO `zz_area_code` VALUES (150521000000, '', 3, 150500000000);
INSERT INTO `zz_area_code` VALUES (150522000000, '', 3, 150500000000);
INSERT INTO `zz_area_code` VALUES (150523000000, '', 3, 150500000000);
INSERT INTO `zz_area_code` VALUES (150524000000, '', 3, 150500000000);
INSERT INTO `zz_area_code` VALUES (150525000000, '', 3, 150500000000);
INSERT INTO `zz_area_code` VALUES (150526000000, '', 3, 150500000000);
INSERT INTO `zz_area_code` VALUES (150571000000, '', 3, 150500000000);
INSERT INTO `zz_area_code` VALUES (150581000000, '', 3, 150500000000);
INSERT INTO `zz_area_code` VALUES (150600000000, '', 2, 150000000000);
INSERT INTO `zz_area_code` VALUES (150601000000, '', 3, 150600000000);
INSERT INTO `zz_area_code` VALUES (150602000000, '', 3, 150600000000);
INSERT INTO `zz_area_code` VALUES (150603000000, '', 3, 150600000000);
INSERT INTO `zz_area_code` VALUES (150621000000, '', 3, 150600000000);
INSERT INTO `zz_area_code` VALUES (150622000000, '', 3, 150600000000);
INSERT INTO `zz_area_code` VALUES (150623000000, '', 3, 150600000000);
INSERT INTO `zz_area_code` VALUES (150624000000, '', 3, 150600000000);
INSERT INTO `zz_area_code` VALUES (150625000000, '', 3, 150600000000);
INSERT INTO `zz_area_code` VALUES (150626000000, '', 3, 150600000000);
INSERT INTO `zz_area_code` VALUES (150627000000, '', 3, 150600000000);
INSERT INTO `zz_area_code` VALUES (150700000000, '', 2, 150000000000);
INSERT INTO `zz_area_code` VALUES (150701000000, '', 3, 150700000000);
INSERT INTO `zz_area_code` VALUES (150702000000, '', 3, 150700000000);
INSERT INTO `zz_area_code` VALUES (150703000000, '', 3, 150700000000);
INSERT INTO `zz_area_code` VALUES (150721000000, '', 3, 150700000000);
INSERT INTO `zz_area_code` VALUES (150722000000, '', 3, 150700000000);
INSERT INTO `zz_area_code` VALUES (150723000000, '', 3, 150700000000);
INSERT INTO `zz_area_code` VALUES (150724000000, '', 3, 150700000000);
INSERT INTO `zz_area_code` VALUES (150725000000, '', 3, 150700000000);
INSERT INTO `zz_area_code` VALUES (150726000000, '', 3, 150700000000);
INSERT INTO `zz_area_code` VALUES (150727000000, '', 3, 150700000000);
INSERT INTO `zz_area_code` VALUES (150781000000, '', 3, 150700000000);
INSERT INTO `zz_area_code` VALUES (150782000000, '', 3, 150700000000);
INSERT INTO `zz_area_code` VALUES (150783000000, '', 3, 150700000000);
INSERT INTO `zz_area_code` VALUES (150784000000, '', 3, 150700000000);
INSERT INTO `zz_area_code` VALUES (150785000000, '', 3, 150700000000);
INSERT INTO `zz_area_code` VALUES (150800000000, '', 2, 150000000000);
INSERT INTO `zz_area_code` VALUES (150801000000, '', 3, 150800000000);
INSERT INTO `zz_area_code` VALUES (150802000000, '', 3, 150800000000);
INSERT INTO `zz_area_code` VALUES (150821000000, '', 3, 150800000000);
INSERT INTO `zz_area_code` VALUES (150822000000, '', 3, 150800000000);
INSERT INTO `zz_area_code` VALUES (150823000000, '', 3, 150800000000);
INSERT INTO `zz_area_code` VALUES (150824000000, '', 3, 150800000000);
INSERT INTO `zz_area_code` VALUES (150825000000, '', 3, 150800000000);
INSERT INTO `zz_area_code` VALUES (150826000000, '', 3, 150800000000);
INSERT INTO `zz_area_code` VALUES (150900000000, '', 2, 150000000000);
INSERT INTO `zz_area_code` VALUES (150901000000, '', 3, 150900000000);
INSERT INTO `zz_area_code` VALUES (150902000000, '', 3, 150900000000);
INSERT INTO `zz_area_code` VALUES (150921000000, '', 3, 150900000000);
INSERT INTO `zz_area_code` VALUES (150922000000, '', 3, 150900000000);
INSERT INTO `zz_area_code` VALUES (150923000000, '', 3, 150900000000);
INSERT INTO `zz_area_code` VALUES (150924000000, '', 3, 150900000000);
INSERT INTO `zz_area_code` VALUES (150925000000, '', 3, 150900000000);
INSERT INTO `zz_area_code` VALUES (150926000000, '', 3, 150900000000);
INSERT INTO `zz_area_code` VALUES (150927000000, '', 3, 150900000000);
INSERT INTO `zz_area_code` VALUES (150928000000, '', 3, 150900000000);
INSERT INTO `zz_area_code` VALUES (150929000000, '', 3, 150900000000);
INSERT INTO `zz_area_code` VALUES (150981000000, '', 3, 150900000000);
INSERT INTO `zz_area_code` VALUES (152200000000, '', 2, 150000000000);
INSERT INTO `zz_area_code` VALUES (152201000000, '', 3, 152200000000);
INSERT INTO `zz_area_code` VALUES (152202000000, '', 3, 152200000000);
INSERT INTO `zz_area_code` VALUES (152221000000, '', 3, 152200000000);
INSERT INTO `zz_area_code` VALUES (152222000000, '', 3, 152200000000);
INSERT INTO `zz_area_code` VALUES (152223000000, '', 3, 152200000000);
INSERT INTO `zz_area_code` VALUES (152224000000, '', 3, 152200000000);
INSERT INTO `zz_area_code` VALUES (152500000000, '', 2, 150000000000);
INSERT INTO `zz_area_code` VALUES (152501000000, '', 3, 152500000000);
INSERT INTO `zz_area_code` VALUES (152502000000, '', 3, 152500000000);
INSERT INTO `zz_area_code` VALUES (152522000000, '', 3, 152500000000);
INSERT INTO `zz_area_code` VALUES (152523000000, '', 3, 152500000000);
INSERT INTO `zz_area_code` VALUES (152524000000, '', 3, 152500000000);
INSERT INTO `zz_area_code` VALUES (152525000000, '', 3, 152500000000);
INSERT INTO `zz_area_code` VALUES (152526000000, '', 3, 152500000000);
INSERT INTO `zz_area_code` VALUES (152527000000, '', 3, 152500000000);
INSERT INTO `zz_area_code` VALUES (152528000000, '', 3, 152500000000);
INSERT INTO `zz_area_code` VALUES (152529000000, '', 3, 152500000000);
INSERT INTO `zz_area_code` VALUES (152530000000, '', 3, 152500000000);
INSERT INTO `zz_area_code` VALUES (152531000000, '', 3, 152500000000);
INSERT INTO `zz_area_code` VALUES (152571000000, '', 3, 152500000000);
INSERT INTO `zz_area_code` VALUES (152900000000, '', 2, 150000000000);
INSERT INTO `zz_area_code` VALUES (152921000000, '', 3, 152900000000);
INSERT INTO `zz_area_code` VALUES (152922000000, '', 3, 152900000000);
INSERT INTO `zz_area_code` VALUES (152923000000, '', 3, 152900000000);
INSERT INTO `zz_area_code` VALUES (152971000000, '', 3, 152900000000);
INSERT INTO `zz_area_code` VALUES (210000000000, '', 1, NULL);
INSERT INTO `zz_area_code` VALUES (210100000000, '', 2, 210000000000);
INSERT INTO `zz_area_code` VALUES (210101000000, '', 3, 210100000000);
INSERT INTO `zz_area_code` VALUES (210102000000, '', 3, 210100000000);
INSERT INTO `zz_area_code` VALUES (210103000000, '', 3, 210100000000);
INSERT INTO `zz_area_code` VALUES (210104000000, '', 3, 210100000000);
INSERT INTO `zz_area_code` VALUES (210105000000, '', 3, 210100000000);
INSERT INTO `zz_area_code` VALUES (210106000000, '', 3, 210100000000);
INSERT INTO `zz_area_code` VALUES (210111000000, '', 3, 210100000000);
INSERT INTO `zz_area_code` VALUES (210112000000, '', 3, 210100000000);
INSERT INTO `zz_area_code` VALUES (210113000000, '', 3, 210100000000);
INSERT INTO `zz_area_code` VALUES (210114000000, '', 3, 210100000000);
INSERT INTO `zz_area_code` VALUES (210115000000, '', 3, 210100000000);
INSERT INTO `zz_area_code` VALUES (210123000000, '', 3, 210100000000);
INSERT INTO `zz_area_code` VALUES (210124000000, '', 3, 210100000000);
INSERT INTO `zz_area_code` VALUES (210181000000, '', 3, 210100000000);
INSERT INTO `zz_area_code` VALUES (210200000000, '', 2, 210000000000);
INSERT INTO `zz_area_code` VALUES (210201000000, '', 3, 210200000000);
INSERT INTO `zz_area_code` VALUES (210202000000, '', 3, 210200000000);
INSERT INTO `zz_area_code` VALUES (210203000000, '', 3, 210200000000);
INSERT INTO `zz_area_code` VALUES (210204000000, '', 3, 210200000000);
INSERT INTO `zz_area_code` VALUES (210211000000, '', 3, 210200000000);
INSERT INTO `zz_area_code` VALUES (210212000000, '', 3, 210200000000);
INSERT INTO `zz_area_code` VALUES (210213000000, '', 3, 210200000000);
INSERT INTO `zz_area_code` VALUES (210214000000, '', 3, 210200000000);
INSERT INTO `zz_area_code` VALUES (210224000000, '', 3, 210200000000);
INSERT INTO `zz_area_code` VALUES (210281000000, '', 3, 210200000000);
INSERT INTO `zz_area_code` VALUES (210283000000, '', 3, 210200000000);
INSERT INTO `zz_area_code` VALUES (210300000000, '', 2, 210000000000);
INSERT INTO `zz_area_code` VALUES (210301000000, '', 3, 210300000000);
INSERT INTO `zz_area_code` VALUES (210302000000, '', 3, 210300000000);
INSERT INTO `zz_area_code` VALUES (210303000000, '', 3, 210300000000);
INSERT INTO `zz_area_code` VALUES (210304000000, '', 3, 210300000000);
INSERT INTO `zz_area_code` VALUES (210311000000, '', 3, 210300000000);
INSERT INTO `zz_area_code` VALUES (210321000000, '', 3, 210300000000);
INSERT INTO `zz_area_code` VALUES (210323000000, '', 3, 210300000000);
INSERT INTO `zz_area_code` VALUES (210381000000, '', 3, 210300000000);
INSERT INTO `zz_area_code` VALUES (210400000000, '', 2, 210000000000);
INSERT INTO `zz_area_code` VALUES (210401000000, '', 3, 210400000000);
INSERT INTO `zz_area_code` VALUES (210402000000, '', 3, 210400000000);
INSERT INTO `zz_area_code` VALUES (210403000000, '', 3, 210400000000);
INSERT INTO `zz_area_code` VALUES (210404000000, '', 3, 210400000000);
INSERT INTO `zz_area_code` VALUES (210411000000, '', 3, 210400000000);
INSERT INTO `zz_area_code` VALUES (210421000000, '', 3, 210400000000);
INSERT INTO `zz_area_code` VALUES (210422000000, '', 3, 210400000000);
INSERT INTO `zz_area_code` VALUES (210423000000, '', 3, 210400000000);
INSERT INTO `zz_area_code` VALUES (210500000000, '', 2, 210000000000);
INSERT INTO `zz_area_code` VALUES (210501000000, '', 3, 210500000000);
INSERT INTO `zz_area_code` VALUES (210502000000, '', 3, 210500000000);
INSERT INTO `zz_area_code` VALUES (210503000000, '', 3, 210500000000);
INSERT INTO `zz_area_code` VALUES (210504000000, '', 3, 210500000000);
INSERT INTO `zz_area_code` VALUES (210505000000, '', 3, 210500000000);
INSERT INTO `zz_area_code` VALUES (210521000000, '', 3, 210500000000);
INSERT INTO `zz_area_code` VALUES (210522000000, '', 3, 210500000000);
INSERT INTO `zz_area_code` VALUES (210600000000, '', 2, 210000000000);
INSERT INTO `zz_area_code` VALUES (210601000000, '', 3, 210600000000);
INSERT INTO `zz_area_code` VALUES (210602000000, '', 3, 210600000000);
INSERT INTO `zz_area_code` VALUES (210603000000, '', 3, 210600000000);
INSERT INTO `zz_area_code` VALUES (210604000000, '', 3, 210600000000);
INSERT INTO `zz_area_code` VALUES (210624000000, '', 3, 210600000000);
INSERT INTO `zz_area_code` VALUES (210681000000, '', 3, 210600000000);
INSERT INTO `zz_area_code` VALUES (210682000000, '', 3, 210600000000);
INSERT INTO `zz_area_code` VALUES (210700000000, '', 2, 210000000000);
INSERT INTO `zz_area_code` VALUES (210701000000, '', 3, 210700000000);
INSERT INTO `zz_area_code` VALUES (210702000000, '', 3, 210700000000);
INSERT INTO `zz_area_code` VALUES (210703000000, '', 3, 210700000000);
INSERT INTO `zz_area_code` VALUES (210711000000, '', 3, 210700000000);
INSERT INTO `zz_area_code` VALUES (210726000000, '', 3, 210700000000);
INSERT INTO `zz_area_code` VALUES (210727000000, '', 3, 210700000000);
INSERT INTO `zz_area_code` VALUES (210781000000, '', 3, 210700000000);
INSERT INTO `zz_area_code` VALUES (210782000000, '', 3, 210700000000);
INSERT INTO `zz_area_code` VALUES (210800000000, '', 2, 210000000000);
INSERT INTO `zz_area_code` VALUES (210801000000, '', 3, 210800000000);
INSERT INTO `zz_area_code` VALUES (210802000000, '', 3, 210800000000);
INSERT INTO `zz_area_code` VALUES (210803000000, '', 3, 210800000000);
INSERT INTO `zz_area_code` VALUES (210804000000, '', 3, 210800000000);
INSERT INTO `zz_area_code` VALUES (210811000000, '', 3, 210800000000);
INSERT INTO `zz_area_code` VALUES (210881000000, '', 3, 210800000000);
INSERT INTO `zz_area_code` VALUES (210882000000, '', 3, 210800000000);
INSERT INTO `zz_area_code` VALUES (210900000000, '', 2, 210000000000);
INSERT INTO `zz_area_code` VALUES (210901000000, '', 3, 210900000000);
INSERT INTO `zz_area_code` VALUES (210902000000, '', 3, 210900000000);
INSERT INTO `zz_area_code` VALUES (210903000000, '', 3, 210900000000);
INSERT INTO `zz_area_code` VALUES (210904000000, '', 3, 210900000000);
INSERT INTO `zz_area_code` VALUES (210905000000, '', 3, 210900000000);
INSERT INTO `zz_area_code` VALUES (210911000000, '', 3, 210900000000);
INSERT INTO `zz_area_code` VALUES (210921000000, '', 3, 210900000000);
INSERT INTO `zz_area_code` VALUES (210922000000, '', 3, 210900000000);
INSERT INTO `zz_area_code` VALUES (211000000000, '', 2, 210000000000);
INSERT INTO `zz_area_code` VALUES (211001000000, '', 3, 211000000000);
INSERT INTO `zz_area_code` VALUES (211002000000, '', 3, 211000000000);
INSERT INTO `zz_area_code` VALUES (211003000000, '', 3, 211000000000);
INSERT INTO `zz_area_code` VALUES (211004000000, '', 3, 211000000000);
INSERT INTO `zz_area_code` VALUES (211005000000, '', 3, 211000000000);
INSERT INTO `zz_area_code` VALUES (211011000000, '', 3, 211000000000);
INSERT INTO `zz_area_code` VALUES (211021000000, '', 3, 211000000000);
INSERT INTO `zz_area_code` VALUES (211081000000, '', 3, 211000000000);
INSERT INTO `zz_area_code` VALUES (211100000000, '', 2, 210000000000);
INSERT INTO `zz_area_code` VALUES (211101000000, '', 3, 211100000000);
INSERT INTO `zz_area_code` VALUES (211102000000, '', 3, 211100000000);
INSERT INTO `zz_area_code` VALUES (211103000000, '', 3, 211100000000);
INSERT INTO `zz_area_code` VALUES (211104000000, '', 3, 211100000000);
INSERT INTO `zz_area_code` VALUES (211122000000, '', 3, 211100000000);
INSERT INTO `zz_area_code` VALUES (211200000000, '', 2, 210000000000);
INSERT INTO `zz_area_code` VALUES (211201000000, '', 3, 211200000000);
INSERT INTO `zz_area_code` VALUES (211202000000, '', 3, 211200000000);
INSERT INTO `zz_area_code` VALUES (211204000000, '', 3, 211200000000);
INSERT INTO `zz_area_code` VALUES (211221000000, '', 3, 211200000000);
INSERT INTO `zz_area_code` VALUES (211223000000, '', 3, 211200000000);
INSERT INTO `zz_area_code` VALUES (211224000000, '', 3, 211200000000);
INSERT INTO `zz_area_code` VALUES (211281000000, '', 3, 211200000000);
INSERT INTO `zz_area_code` VALUES (211282000000, '', 3, 211200000000);
INSERT INTO `zz_area_code` VALUES (211300000000, '', 2, 210000000000);
INSERT INTO `zz_area_code` VALUES (211301000000, '', 3, 211300000000);
INSERT INTO `zz_area_code` VALUES (211302000000, '', 3, 211300000000);
INSERT INTO `zz_area_code` VALUES (211303000000, '', 3, 211300000000);
INSERT INTO `zz_area_code` VALUES (211321000000, '', 3, 211300000000);
INSERT INTO `zz_area_code` VALUES (211322000000, '', 3, 211300000000);
INSERT INTO `zz_area_code` VALUES (211324000000, '', 3, 211300000000);
INSERT INTO `zz_area_code` VALUES (211381000000, '', 3, 211300000000);
INSERT INTO `zz_area_code` VALUES (211382000000, '', 3, 211300000000);
INSERT INTO `zz_area_code` VALUES (211400000000, '', 2, 210000000000);
INSERT INTO `zz_area_code` VALUES (211401000000, '', 3, 211400000000);
INSERT INTO `zz_area_code` VALUES (211402000000, '', 3, 211400000000);
INSERT INTO `zz_area_code` VALUES (211403000000, '', 3, 211400000000);
INSERT INTO `zz_area_code` VALUES (211404000000, '', 3, 211400000000);
INSERT INTO `zz_area_code` VALUES (211421000000, '', 3, 211400000000);
INSERT INTO `zz_area_code` VALUES (211422000000, '', 3, 211400000000);
INSERT INTO `zz_area_code` VALUES (211481000000, '', 3, 211400000000);
INSERT INTO `zz_area_code` VALUES (220000000000, '', 1, NULL);
INSERT INTO `zz_area_code` VALUES (220100000000, '', 2, 220000000000);
INSERT INTO `zz_area_code` VALUES (220101000000, '', 3, 220100000000);
INSERT INTO `zz_area_code` VALUES (220102000000, '', 3, 220100000000);
INSERT INTO `zz_area_code` VALUES (220103000000, '', 3, 220100000000);
INSERT INTO `zz_area_code` VALUES (220104000000, '', 3, 220100000000);
INSERT INTO `zz_area_code` VALUES (220105000000, '', 3, 220100000000);
INSERT INTO `zz_area_code` VALUES (220106000000, '', 3, 220100000000);
INSERT INTO `zz_area_code` VALUES (220112000000, '', 3, 220100000000);
INSERT INTO `zz_area_code` VALUES (220113000000, '', 3, 220100000000);
INSERT INTO `zz_area_code` VALUES (220122000000, '', 3, 220100000000);
INSERT INTO `zz_area_code` VALUES (220171000000, '', 3, 220100000000);
INSERT INTO `zz_area_code` VALUES (220172000000, '', 3, 220100000000);
INSERT INTO `zz_area_code` VALUES (220173000000, '', 3, 220100000000);
INSERT INTO `zz_area_code` VALUES (220174000000, '', 3, 220100000000);
INSERT INTO `zz_area_code` VALUES (220182000000, '', 3, 220100000000);
INSERT INTO `zz_area_code` VALUES (220183000000, '', 3, 220100000000);
INSERT INTO `zz_area_code` VALUES (220200000000, '', 2, 220000000000);
INSERT INTO `zz_area_code` VALUES (220201000000, '', 3, 220200000000);
INSERT INTO `zz_area_code` VALUES (220202000000, '', 3, 220200000000);
INSERT INTO `zz_area_code` VALUES (220203000000, '', 3, 220200000000);
INSERT INTO `zz_area_code` VALUES (220204000000, '', 3, 220200000000);
INSERT INTO `zz_area_code` VALUES (220211000000, '', 3, 220200000000);
INSERT INTO `zz_area_code` VALUES (220221000000, '', 3, 220200000000);
INSERT INTO `zz_area_code` VALUES (220271000000, '', 3, 220200000000);
INSERT INTO `zz_area_code` VALUES (220272000000, '', 3, 220200000000);
INSERT INTO `zz_area_code` VALUES (220273000000, '', 3, 220200000000);
INSERT INTO `zz_area_code` VALUES (220281000000, '', 3, 220200000000);
INSERT INTO `zz_area_code` VALUES (220282000000, '', 3, 220200000000);
INSERT INTO `zz_area_code` VALUES (220283000000, '', 3, 220200000000);
INSERT INTO `zz_area_code` VALUES (220284000000, '', 3, 220200000000);
INSERT INTO `zz_area_code` VALUES (220300000000, '', 2, 220000000000);
INSERT INTO `zz_area_code` VALUES (220301000000, '', 3, 220300000000);
INSERT INTO `zz_area_code` VALUES (220302000000, '', 3, 220300000000);
INSERT INTO `zz_area_code` VALUES (220303000000, '', 3, 220300000000);
INSERT INTO `zz_area_code` VALUES (220322000000, '', 3, 220300000000);
INSERT INTO `zz_area_code` VALUES (220323000000, '', 3, 220300000000);
INSERT INTO `zz_area_code` VALUES (220381000000, '', 3, 220300000000);
INSERT INTO `zz_area_code` VALUES (220382000000, '', 3, 220300000000);
INSERT INTO `zz_area_code` VALUES (220400000000, '', 2, 220000000000);
INSERT INTO `zz_area_code` VALUES (220401000000, '', 3, 220400000000);
INSERT INTO `zz_area_code` VALUES (220402000000, '', 3, 220400000000);
INSERT INTO `zz_area_code` VALUES (220403000000, '', 3, 220400000000);
INSERT INTO `zz_area_code` VALUES (220421000000, '', 3, 220400000000);
INSERT INTO `zz_area_code` VALUES (220422000000, '', 3, 220400000000);
INSERT INTO `zz_area_code` VALUES (220500000000, '', 2, 220000000000);
INSERT INTO `zz_area_code` VALUES (220501000000, '', 3, 220500000000);
INSERT INTO `zz_area_code` VALUES (220502000000, '', 3, 220500000000);
INSERT INTO `zz_area_code` VALUES (220503000000, '', 3, 220500000000);
INSERT INTO `zz_area_code` VALUES (220521000000, '', 3, 220500000000);
INSERT INTO `zz_area_code` VALUES (220523000000, '', 3, 220500000000);
INSERT INTO `zz_area_code` VALUES (220524000000, '', 3, 220500000000);
INSERT INTO `zz_area_code` VALUES (220581000000, '', 3, 220500000000);
INSERT INTO `zz_area_code` VALUES (220582000000, '', 3, 220500000000);
INSERT INTO `zz_area_code` VALUES (220600000000, '', 2, 220000000000);
INSERT INTO `zz_area_code` VALUES (220601000000, '', 3, 220600000000);
INSERT INTO `zz_area_code` VALUES (220602000000, '', 3, 220600000000);
INSERT INTO `zz_area_code` VALUES (220605000000, '', 3, 220600000000);
INSERT INTO `zz_area_code` VALUES (220621000000, '', 3, 220600000000);
INSERT INTO `zz_area_code` VALUES (220622000000, '', 3, 220600000000);
INSERT INTO `zz_area_code` VALUES (220623000000, '', 3, 220600000000);
INSERT INTO `zz_area_code` VALUES (220681000000, '', 3, 220600000000);
INSERT INTO `zz_area_code` VALUES (220700000000, '', 2, 220000000000);
INSERT INTO `zz_area_code` VALUES (220701000000, '', 3, 220700000000);
INSERT INTO `zz_area_code` VALUES (220702000000, '', 3, 220700000000);
INSERT INTO `zz_area_code` VALUES (220721000000, '', 3, 220700000000);
INSERT INTO `zz_area_code` VALUES (220722000000, '', 3, 220700000000);
INSERT INTO `zz_area_code` VALUES (220723000000, '', 3, 220700000000);
INSERT INTO `zz_area_code` VALUES (220771000000, '', 3, 220700000000);
INSERT INTO `zz_area_code` VALUES (220781000000, '', 3, 220700000000);
INSERT INTO `zz_area_code` VALUES (220800000000, '', 2, 220000000000);
INSERT INTO `zz_area_code` VALUES (220801000000, '', 3, 220800000000);
INSERT INTO `zz_area_code` VALUES (220802000000, '', 3, 220800000000);
INSERT INTO `zz_area_code` VALUES (220821000000, '', 3, 220800000000);
INSERT INTO `zz_area_code` VALUES (220822000000, '', 3, 220800000000);
INSERT INTO `zz_area_code` VALUES (220871000000, '', 3, 220800000000);
INSERT INTO `zz_area_code` VALUES (220881000000, '', 3, 220800000000);
INSERT INTO `zz_area_code` VALUES (220882000000, '', 3, 220800000000);
INSERT INTO `zz_area_code` VALUES (222400000000, '', 2, 220000000000);
INSERT INTO `zz_area_code` VALUES (222401000000, '', 3, 222400000000);
INSERT INTO `zz_area_code` VALUES (222402000000, '', 3, 222400000000);
INSERT INTO `zz_area_code` VALUES (222403000000, '', 3, 222400000000);
INSERT INTO `zz_area_code` VALUES (222404000000, '', 3, 222400000000);
INSERT INTO `zz_area_code` VALUES (222405000000, '', 3, 222400000000);
INSERT INTO `zz_area_code` VALUES (222406000000, '', 3, 222400000000);
INSERT INTO `zz_area_code` VALUES (222424000000, '', 3, 222400000000);
INSERT INTO `zz_area_code` VALUES (222426000000, '', 3, 222400000000);
INSERT INTO `zz_area_code` VALUES (230000000000, '', 1, NULL);
INSERT INTO `zz_area_code` VALUES (230100000000, '', 2, 230000000000);
INSERT INTO `zz_area_code` VALUES (230101000000, '', 3, 230100000000);
INSERT INTO `zz_area_code` VALUES (230102000000, '', 3, 230100000000);
INSERT INTO `zz_area_code` VALUES (230103000000, '', 3, 230100000000);
INSERT INTO `zz_area_code` VALUES (230104000000, '', 3, 230100000000);
INSERT INTO `zz_area_code` VALUES (230108000000, '', 3, 230100000000);
INSERT INTO `zz_area_code` VALUES (230109000000, '', 3, 230100000000);
INSERT INTO `zz_area_code` VALUES (230110000000, '', 3, 230100000000);
INSERT INTO `zz_area_code` VALUES (230111000000, '', 3, 230100000000);
INSERT INTO `zz_area_code` VALUES (230112000000, '', 3, 230100000000);
INSERT INTO `zz_area_code` VALUES (230113000000, '', 3, 230100000000);
INSERT INTO `zz_area_code` VALUES (230123000000, '', 3, 230100000000);
INSERT INTO `zz_area_code` VALUES (230124000000, '', 3, 230100000000);
INSERT INTO `zz_area_code` VALUES (230125000000, '', 3, 230100000000);
INSERT INTO `zz_area_code` VALUES (230126000000, '', 3, 230100000000);
INSERT INTO `zz_area_code` VALUES (230127000000, '', 3, 230100000000);
INSERT INTO `zz_area_code` VALUES (230128000000, '', 3, 230100000000);
INSERT INTO `zz_area_code` VALUES (230129000000, '', 3, 230100000000);
INSERT INTO `zz_area_code` VALUES (230183000000, '', 3, 230100000000);
INSERT INTO `zz_area_code` VALUES (230184000000, '', 3, 230100000000);
INSERT INTO `zz_area_code` VALUES (230200000000, '', 2, 230000000000);
INSERT INTO `zz_area_code` VALUES (230201000000, '', 3, 230200000000);
INSERT INTO `zz_area_code` VALUES (230202000000, '', 3, 230200000000);
INSERT INTO `zz_area_code` VALUES (230203000000, '', 3, 230200000000);
INSERT INTO `zz_area_code` VALUES (230204000000, '', 3, 230200000000);
INSERT INTO `zz_area_code` VALUES (230205000000, '', 3, 230200000000);
INSERT INTO `zz_area_code` VALUES (230206000000, '', 3, 230200000000);
INSERT INTO `zz_area_code` VALUES (230207000000, '', 3, 230200000000);
INSERT INTO `zz_area_code` VALUES (230208000000, '', 3, 230200000000);
INSERT INTO `zz_area_code` VALUES (230221000000, '', 3, 230200000000);
INSERT INTO `zz_area_code` VALUES (230223000000, '', 3, 230200000000);
INSERT INTO `zz_area_code` VALUES (230224000000, '', 3, 230200000000);
INSERT INTO `zz_area_code` VALUES (230225000000, '', 3, 230200000000);
INSERT INTO `zz_area_code` VALUES (230227000000, '', 3, 230200000000);
INSERT INTO `zz_area_code` VALUES (230229000000, '', 3, 230200000000);
INSERT INTO `zz_area_code` VALUES (230230000000, '', 3, 230200000000);
INSERT INTO `zz_area_code` VALUES (230231000000, '', 3, 230200000000);
INSERT INTO `zz_area_code` VALUES (230281000000, '', 3, 230200000000);
INSERT INTO `zz_area_code` VALUES (230300000000, '', 2, 230000000000);
INSERT INTO `zz_area_code` VALUES (230301000000, '', 3, 230300000000);
INSERT INTO `zz_area_code` VALUES (230302000000, '', 3, 230300000000);
INSERT INTO `zz_area_code` VALUES (230303000000, '', 3, 230300000000);
INSERT INTO `zz_area_code` VALUES (230304000000, '', 3, 230300000000);
INSERT INTO `zz_area_code` VALUES (230305000000, '', 3, 230300000000);
INSERT INTO `zz_area_code` VALUES (230306000000, '', 3, 230300000000);
INSERT INTO `zz_area_code` VALUES (230307000000, '', 3, 230300000000);
INSERT INTO `zz_area_code` VALUES (230321000000, '', 3, 230300000000);
INSERT INTO `zz_area_code` VALUES (230381000000, '', 3, 230300000000);
INSERT INTO `zz_area_code` VALUES (230382000000, '', 3, 230300000000);
INSERT INTO `zz_area_code` VALUES (230400000000, '', 2, 230000000000);
INSERT INTO `zz_area_code` VALUES (230401000000, '', 3, 230400000000);
INSERT INTO `zz_area_code` VALUES (230402000000, '', 3, 230400000000);
INSERT INTO `zz_area_code` VALUES (230403000000, '', 3, 230400000000);
INSERT INTO `zz_area_code` VALUES (230404000000, '', 3, 230400000000);
INSERT INTO `zz_area_code` VALUES (230405000000, '', 3, 230400000000);
INSERT INTO `zz_area_code` VALUES (230406000000, '', 3, 230400000000);
INSERT INTO `zz_area_code` VALUES (230407000000, '', 3, 230400000000);
INSERT INTO `zz_area_code` VALUES (230421000000, '', 3, 230400000000);
INSERT INTO `zz_area_code` VALUES (230422000000, '', 3, 230400000000);
INSERT INTO `zz_area_code` VALUES (230500000000, '', 2, 230000000000);
INSERT INTO `zz_area_code` VALUES (230501000000, '', 3, 230500000000);
INSERT INTO `zz_area_code` VALUES (230502000000, '', 3, 230500000000);
INSERT INTO `zz_area_code` VALUES (230503000000, '', 3, 230500000000);
INSERT INTO `zz_area_code` VALUES (230505000000, '', 3, 230500000000);
INSERT INTO `zz_area_code` VALUES (230506000000, '', 3, 230500000000);
INSERT INTO `zz_area_code` VALUES (230521000000, '', 3, 230500000000);
INSERT INTO `zz_area_code` VALUES (230522000000, '', 3, 230500000000);
INSERT INTO `zz_area_code` VALUES (230523000000, '', 3, 230500000000);
INSERT INTO `zz_area_code` VALUES (230524000000, '', 3, 230500000000);
INSERT INTO `zz_area_code` VALUES (230600000000, '', 2, 230000000000);
INSERT INTO `zz_area_code` VALUES (230601000000, '', 3, 230600000000);
INSERT INTO `zz_area_code` VALUES (230602000000, '', 3, 230600000000);
INSERT INTO `zz_area_code` VALUES (230603000000, '', 3, 230600000000);
INSERT INTO `zz_area_code` VALUES (230604000000, '', 3, 230600000000);
INSERT INTO `zz_area_code` VALUES (230605000000, '', 3, 230600000000);
INSERT INTO `zz_area_code` VALUES (230606000000, '', 3, 230600000000);
INSERT INTO `zz_area_code` VALUES (230621000000, '', 3, 230600000000);
INSERT INTO `zz_area_code` VALUES (230622000000, '', 3, 230600000000);
INSERT INTO `zz_area_code` VALUES (230623000000, '', 3, 230600000000);
INSERT INTO `zz_area_code` VALUES (230624000000, '', 3, 230600000000);
INSERT INTO `zz_area_code` VALUES (230671000000, '', 3, 230600000000);
INSERT INTO `zz_area_code` VALUES (230700000000, '', 2, 230000000000);
INSERT INTO `zz_area_code` VALUES (230701000000, '', 3, 230700000000);
INSERT INTO `zz_area_code` VALUES (230702000000, '', 3, 230700000000);
INSERT INTO `zz_area_code` VALUES (230703000000, '', 3, 230700000000);
INSERT INTO `zz_area_code` VALUES (230704000000, '', 3, 230700000000);
INSERT INTO `zz_area_code` VALUES (230705000000, '', 3, 230700000000);
INSERT INTO `zz_area_code` VALUES (230706000000, '', 3, 230700000000);
INSERT INTO `zz_area_code` VALUES (230707000000, '', 3, 230700000000);
INSERT INTO `zz_area_code` VALUES (230708000000, '', 3, 230700000000);
INSERT INTO `zz_area_code` VALUES (230709000000, '', 3, 230700000000);
INSERT INTO `zz_area_code` VALUES (230710000000, '', 3, 230700000000);
INSERT INTO `zz_area_code` VALUES (230711000000, '', 3, 230700000000);
INSERT INTO `zz_area_code` VALUES (230712000000, '', 3, 230700000000);
INSERT INTO `zz_area_code` VALUES (230713000000, '', 3, 230700000000);
INSERT INTO `zz_area_code` VALUES (230714000000, '', 3, 230700000000);
INSERT INTO `zz_area_code` VALUES (230715000000, '', 3, 230700000000);
INSERT INTO `zz_area_code` VALUES (230716000000, '', 3, 230700000000);
INSERT INTO `zz_area_code` VALUES (230722000000, '', 3, 230700000000);
INSERT INTO `zz_area_code` VALUES (230781000000, '', 3, 230700000000);
INSERT INTO `zz_area_code` VALUES (230800000000, '', 2, 230000000000);
INSERT INTO `zz_area_code` VALUES (230801000000, '', 3, 230800000000);
INSERT INTO `zz_area_code` VALUES (230803000000, '', 3, 230800000000);
INSERT INTO `zz_area_code` VALUES (230804000000, '', 3, 230800000000);
INSERT INTO `zz_area_code` VALUES (230805000000, '', 3, 230800000000);
INSERT INTO `zz_area_code` VALUES (230811000000, '', 3, 230800000000);
INSERT INTO `zz_area_code` VALUES (230822000000, '', 3, 230800000000);
INSERT INTO `zz_area_code` VALUES (230826000000, '', 3, 230800000000);
INSERT INTO `zz_area_code` VALUES (230828000000, '', 3, 230800000000);
INSERT INTO `zz_area_code` VALUES (230881000000, '', 3, 230800000000);
INSERT INTO `zz_area_code` VALUES (230882000000, '', 3, 230800000000);
INSERT INTO `zz_area_code` VALUES (230883000000, '', 3, 230800000000);
INSERT INTO `zz_area_code` VALUES (230900000000, '', 2, 230000000000);
INSERT INTO `zz_area_code` VALUES (230901000000, '', 3, 230900000000);
INSERT INTO `zz_area_code` VALUES (230902000000, '', 3, 230900000000);
INSERT INTO `zz_area_code` VALUES (230903000000, '', 3, 230900000000);
INSERT INTO `zz_area_code` VALUES (230904000000, '', 3, 230900000000);
INSERT INTO `zz_area_code` VALUES (230921000000, '', 3, 230900000000);
INSERT INTO `zz_area_code` VALUES (231000000000, '', 2, 230000000000);
INSERT INTO `zz_area_code` VALUES (231001000000, '', 3, 231000000000);
INSERT INTO `zz_area_code` VALUES (231002000000, '', 3, 231000000000);
INSERT INTO `zz_area_code` VALUES (231003000000, '', 3, 231000000000);
INSERT INTO `zz_area_code` VALUES (231004000000, '', 3, 231000000000);
INSERT INTO `zz_area_code` VALUES (231005000000, '', 3, 231000000000);
INSERT INTO `zz_area_code` VALUES (231025000000, '', 3, 231000000000);
INSERT INTO `zz_area_code` VALUES (231071000000, '', 3, 231000000000);
INSERT INTO `zz_area_code` VALUES (231081000000, '', 3, 231000000000);
INSERT INTO `zz_area_code` VALUES (231083000000, '', 3, 231000000000);
INSERT INTO `zz_area_code` VALUES (231084000000, '', 3, 231000000000);
INSERT INTO `zz_area_code` VALUES (231085000000, '', 3, 231000000000);
INSERT INTO `zz_area_code` VALUES (231086000000, '', 3, 231000000000);
INSERT INTO `zz_area_code` VALUES (231100000000, '', 2, 230000000000);
INSERT INTO `zz_area_code` VALUES (231101000000, '', 3, 231100000000);
INSERT INTO `zz_area_code` VALUES (231102000000, '', 3, 231100000000);
INSERT INTO `zz_area_code` VALUES (231121000000, '', 3, 231100000000);
INSERT INTO `zz_area_code` VALUES (231123000000, '', 3, 231100000000);
INSERT INTO `zz_area_code` VALUES (231124000000, '', 3, 231100000000);
INSERT INTO `zz_area_code` VALUES (231181000000, '', 3, 231100000000);
INSERT INTO `zz_area_code` VALUES (231182000000, '', 3, 231100000000);
INSERT INTO `zz_area_code` VALUES (231200000000, '', 2, 230000000000);
INSERT INTO `zz_area_code` VALUES (231201000000, '', 3, 231200000000);
INSERT INTO `zz_area_code` VALUES (231202000000, '', 3, 231200000000);
INSERT INTO `zz_area_code` VALUES (231221000000, '', 3, 231200000000);
INSERT INTO `zz_area_code` VALUES (231222000000, '', 3, 231200000000);
INSERT INTO `zz_area_code` VALUES (231223000000, '', 3, 231200000000);
INSERT INTO `zz_area_code` VALUES (231224000000, '', 3, 231200000000);
INSERT INTO `zz_area_code` VALUES (231225000000, '', 3, 231200000000);
INSERT INTO `zz_area_code` VALUES (231226000000, '', 3, 231200000000);
INSERT INTO `zz_area_code` VALUES (231281000000, '', 3, 231200000000);
INSERT INTO `zz_area_code` VALUES (231282000000, '', 3, 231200000000);
INSERT INTO `zz_area_code` VALUES (231283000000, '', 3, 231200000000);
INSERT INTO `zz_area_code` VALUES (232700000000, '', 2, 230000000000);
INSERT INTO `zz_area_code` VALUES (232701000000, '', 3, 232700000000);
INSERT INTO `zz_area_code` VALUES (232721000000, '', 3, 232700000000);
INSERT INTO `zz_area_code` VALUES (232722000000, '', 3, 232700000000);
INSERT INTO `zz_area_code` VALUES (232761000000, '', 3, 232700000000);
INSERT INTO `zz_area_code` VALUES (232762000000, '', 3, 232700000000);
INSERT INTO `zz_area_code` VALUES (232763000000, '', 3, 232700000000);
INSERT INTO `zz_area_code` VALUES (232764000000, '', 3, 232700000000);
INSERT INTO `zz_area_code` VALUES (310000000000, '', 1, NULL);
INSERT INTO `zz_area_code` VALUES (310100000000, '', 2, 310000000000);
INSERT INTO `zz_area_code` VALUES (310101000000, '', 3, 310100000000);
INSERT INTO `zz_area_code` VALUES (310104000000, '', 3, 310100000000);
INSERT INTO `zz_area_code` VALUES (310105000000, '', 3, 310100000000);
INSERT INTO `zz_area_code` VALUES (310106000000, '', 3, 310100000000);
INSERT INTO `zz_area_code` VALUES (310107000000, '', 3, 310100000000);
INSERT INTO `zz_area_code` VALUES (310109000000, '', 3, 310100000000);
INSERT INTO `zz_area_code` VALUES (310110000000, '', 3, 310100000000);
INSERT INTO `zz_area_code` VALUES (310112000000, '', 3, 310100000000);
INSERT INTO `zz_area_code` VALUES (310113000000, '', 3, 310100000000);
INSERT INTO `zz_area_code` VALUES (310114000000, '', 3, 310100000000);
INSERT INTO `zz_area_code` VALUES (310115000000, '', 3, 310100000000);
INSERT INTO `zz_area_code` VALUES (310116000000, '', 3, 310100000000);
INSERT INTO `zz_area_code` VALUES (310117000000, '', 3, 310100000000);
INSERT INTO `zz_area_code` VALUES (310118000000, '', 3, 310100000000);
INSERT INTO `zz_area_code` VALUES (310120000000, '', 3, 310100000000);
INSERT INTO `zz_area_code` VALUES (310151000000, '', 3, 310100000000);
INSERT INTO `zz_area_code` VALUES (320000000000, '', 1, NULL);
INSERT INTO `zz_area_code` VALUES (320100000000, '', 2, 320000000000);
INSERT INTO `zz_area_code` VALUES (320101000000, '', 3, 320100000000);
INSERT INTO `zz_area_code` VALUES (320102000000, '', 3, 320100000000);
INSERT INTO `zz_area_code` VALUES (320104000000, '', 3, 320100000000);
INSERT INTO `zz_area_code` VALUES (320105000000, '', 3, 320100000000);
INSERT INTO `zz_area_code` VALUES (320106000000, '', 3, 320100000000);
INSERT INTO `zz_area_code` VALUES (320111000000, '', 3, 320100000000);
INSERT INTO `zz_area_code` VALUES (320113000000, '', 3, 320100000000);
INSERT INTO `zz_area_code` VALUES (320114000000, '', 3, 320100000000);
INSERT INTO `zz_area_code` VALUES (320115000000, '', 3, 320100000000);
INSERT INTO `zz_area_code` VALUES (320116000000, '', 3, 320100000000);
INSERT INTO `zz_area_code` VALUES (320117000000, '', 3, 320100000000);
INSERT INTO `zz_area_code` VALUES (320118000000, '', 3, 320100000000);
INSERT INTO `zz_area_code` VALUES (320200000000, '', 2, 320000000000);
INSERT INTO `zz_area_code` VALUES (320201000000, '', 3, 320200000000);
INSERT INTO `zz_area_code` VALUES (320205000000, '', 3, 320200000000);
INSERT INTO `zz_area_code` VALUES (320206000000, '', 3, 320200000000);
INSERT INTO `zz_area_code` VALUES (320211000000, '', 3, 320200000000);
INSERT INTO `zz_area_code` VALUES (320213000000, '', 3, 320200000000);
INSERT INTO `zz_area_code` VALUES (320214000000, '', 3, 320200000000);
INSERT INTO `zz_area_code` VALUES (320281000000, '', 3, 320200000000);
INSERT INTO `zz_area_code` VALUES (320282000000, '', 3, 320200000000);
INSERT INTO `zz_area_code` VALUES (320300000000, '', 2, 320000000000);
INSERT INTO `zz_area_code` VALUES (320301000000, '', 3, 320300000000);
INSERT INTO `zz_area_code` VALUES (320302000000, '', 3, 320300000000);
INSERT INTO `zz_area_code` VALUES (320303000000, '', 3, 320300000000);
INSERT INTO `zz_area_code` VALUES (320305000000, '', 3, 320300000000);
INSERT INTO `zz_area_code` VALUES (320311000000, '', 3, 320300000000);
INSERT INTO `zz_area_code` VALUES (320312000000, '', 3, 320300000000);
INSERT INTO `zz_area_code` VALUES (320321000000, '', 3, 320300000000);
INSERT INTO `zz_area_code` VALUES (320322000000, '', 3, 320300000000);
INSERT INTO `zz_area_code` VALUES (320324000000, '', 3, 320300000000);
INSERT INTO `zz_area_code` VALUES (320371000000, '', 3, 320300000000);
INSERT INTO `zz_area_code` VALUES (320381000000, '', 3, 320300000000);
INSERT INTO `zz_area_code` VALUES (320382000000, '', 3, 320300000000);
INSERT INTO `zz_area_code` VALUES (320400000000, '', 2, 320000000000);
INSERT INTO `zz_area_code` VALUES (320401000000, '', 3, 320400000000);
INSERT INTO `zz_area_code` VALUES (320402000000, '', 3, 320400000000);
INSERT INTO `zz_area_code` VALUES (320404000000, '', 3, 320400000000);
INSERT INTO `zz_area_code` VALUES (320411000000, '', 3, 320400000000);
INSERT INTO `zz_area_code` VALUES (320412000000, '', 3, 320400000000);
INSERT INTO `zz_area_code` VALUES (320413000000, '', 3, 320400000000);
INSERT INTO `zz_area_code` VALUES (320481000000, '', 3, 320400000000);
INSERT INTO `zz_area_code` VALUES (320500000000, '', 2, 320000000000);
INSERT INTO `zz_area_code` VALUES (320501000000, '', 3, 320500000000);
INSERT INTO `zz_area_code` VALUES (320505000000, '', 3, 320500000000);
INSERT INTO `zz_area_code` VALUES (320506000000, '', 3, 320500000000);
INSERT INTO `zz_area_code` VALUES (320507000000, '', 3, 320500000000);
INSERT INTO `zz_area_code` VALUES (320508000000, '', 3, 320500000000);
INSERT INTO `zz_area_code` VALUES (320509000000, '', 3, 320500000000);
INSERT INTO `zz_area_code` VALUES (320571000000, '', 3, 320500000000);
INSERT INTO `zz_area_code` VALUES (320581000000, '', 3, 320500000000);
INSERT INTO `zz_area_code` VALUES (320582000000, '', 3, 320500000000);
INSERT INTO `zz_area_code` VALUES (320583000000, '', 3, 320500000000);
INSERT INTO `zz_area_code` VALUES (320585000000, '', 3, 320500000000);
INSERT INTO `zz_area_code` VALUES (320600000000, '', 2, 320000000000);
INSERT INTO `zz_area_code` VALUES (320601000000, '', 3, 320600000000);
INSERT INTO `zz_area_code` VALUES (320602000000, '', 3, 320600000000);
INSERT INTO `zz_area_code` VALUES (320611000000, '', 3, 320600000000);
INSERT INTO `zz_area_code` VALUES (320612000000, '', 3, 320600000000);
INSERT INTO `zz_area_code` VALUES (320623000000, '', 3, 320600000000);
INSERT INTO `zz_area_code` VALUES (320671000000, '', 3, 320600000000);
INSERT INTO `zz_area_code` VALUES (320681000000, '', 3, 320600000000);
INSERT INTO `zz_area_code` VALUES (320682000000, '', 3, 320600000000);
INSERT INTO `zz_area_code` VALUES (320684000000, '', 3, 320600000000);
INSERT INTO `zz_area_code` VALUES (320685000000, '', 3, 320600000000);
INSERT INTO `zz_area_code` VALUES (320700000000, '', 2, 320000000000);
INSERT INTO `zz_area_code` VALUES (320701000000, '', 3, 320700000000);
INSERT INTO `zz_area_code` VALUES (320703000000, '', 3, 320700000000);
INSERT INTO `zz_area_code` VALUES (320706000000, '', 3, 320700000000);
INSERT INTO `zz_area_code` VALUES (320707000000, '', 3, 320700000000);
INSERT INTO `zz_area_code` VALUES (320722000000, '', 3, 320700000000);
INSERT INTO `zz_area_code` VALUES (320723000000, '', 3, 320700000000);
INSERT INTO `zz_area_code` VALUES (320724000000, '', 3, 320700000000);
INSERT INTO `zz_area_code` VALUES (320771000000, '', 3, 320700000000);
INSERT INTO `zz_area_code` VALUES (320772000000, '', 3, 320700000000);
INSERT INTO `zz_area_code` VALUES (320800000000, '', 2, 320000000000);
INSERT INTO `zz_area_code` VALUES (320801000000, '', 3, 320800000000);
INSERT INTO `zz_area_code` VALUES (320803000000, '', 3, 320800000000);
INSERT INTO `zz_area_code` VALUES (320804000000, '', 3, 320800000000);
INSERT INTO `zz_area_code` VALUES (320812000000, '', 3, 320800000000);
INSERT INTO `zz_area_code` VALUES (320813000000, '', 3, 320800000000);
INSERT INTO `zz_area_code` VALUES (320826000000, '', 3, 320800000000);
INSERT INTO `zz_area_code` VALUES (320830000000, '', 3, 320800000000);
INSERT INTO `zz_area_code` VALUES (320831000000, '', 3, 320800000000);
INSERT INTO `zz_area_code` VALUES (320871000000, '', 3, 320800000000);
INSERT INTO `zz_area_code` VALUES (320900000000, '', 2, 320000000000);
INSERT INTO `zz_area_code` VALUES (320901000000, '', 3, 320900000000);
INSERT INTO `zz_area_code` VALUES (320902000000, '', 3, 320900000000);
INSERT INTO `zz_area_code` VALUES (320903000000, '', 3, 320900000000);
INSERT INTO `zz_area_code` VALUES (320904000000, '', 3, 320900000000);
INSERT INTO `zz_area_code` VALUES (320921000000, '', 3, 320900000000);
INSERT INTO `zz_area_code` VALUES (320922000000, '', 3, 320900000000);
INSERT INTO `zz_area_code` VALUES (320923000000, '', 3, 320900000000);
INSERT INTO `zz_area_code` VALUES (320924000000, '', 3, 320900000000);
INSERT INTO `zz_area_code` VALUES (320925000000, '', 3, 320900000000);
INSERT INTO `zz_area_code` VALUES (320971000000, '', 3, 320900000000);
INSERT INTO `zz_area_code` VALUES (320981000000, '', 3, 320900000000);
INSERT INTO `zz_area_code` VALUES (321000000000, '', 2, 320000000000);
INSERT INTO `zz_area_code` VALUES (321001000000, '', 3, 321000000000);
INSERT INTO `zz_area_code` VALUES (321002000000, '', 3, 321000000000);
INSERT INTO `zz_area_code` VALUES (321003000000, '', 3, 321000000000);
INSERT INTO `zz_area_code` VALUES (321012000000, '', 3, 321000000000);
INSERT INTO `zz_area_code` VALUES (321023000000, '', 3, 321000000000);
INSERT INTO `zz_area_code` VALUES (321071000000, '', 3, 321000000000);
INSERT INTO `zz_area_code` VALUES (321081000000, '', 3, 321000000000);
INSERT INTO `zz_area_code` VALUES (321084000000, '', 3, 321000000000);
INSERT INTO `zz_area_code` VALUES (321100000000, '', 2, 320000000000);
INSERT INTO `zz_area_code` VALUES (321101000000, '', 3, 321100000000);
INSERT INTO `zz_area_code` VALUES (321102000000, '', 3, 321100000000);
INSERT INTO `zz_area_code` VALUES (321111000000, '', 3, 321100000000);
INSERT INTO `zz_area_code` VALUES (321112000000, '', 3, 321100000000);
INSERT INTO `zz_area_code` VALUES (321171000000, '', 3, 321100000000);
INSERT INTO `zz_area_code` VALUES (321181000000, '', 3, 321100000000);
INSERT INTO `zz_area_code` VALUES (321182000000, '', 3, 321100000000);
INSERT INTO `zz_area_code` VALUES (321183000000, '', 3, 321100000000);
INSERT INTO `zz_area_code` VALUES (321200000000, '', 2, 320000000000);
INSERT INTO `zz_area_code` VALUES (321201000000, '', 3, 321200000000);
INSERT INTO `zz_area_code` VALUES (321202000000, '', 3, 321200000000);
INSERT INTO `zz_area_code` VALUES (321203000000, '', 3, 321200000000);
INSERT INTO `zz_area_code` VALUES (321204000000, '', 3, 321200000000);
INSERT INTO `zz_area_code` VALUES (321271000000, '', 3, 321200000000);
INSERT INTO `zz_area_code` VALUES (321281000000, '', 3, 321200000000);
INSERT INTO `zz_area_code` VALUES (321282000000, '', 3, 321200000000);
INSERT INTO `zz_area_code` VALUES (321283000000, '', 3, 321200000000);
INSERT INTO `zz_area_code` VALUES (321300000000, '', 2, 320000000000);
INSERT INTO `zz_area_code` VALUES (321301000000, '', 3, 321300000000);
INSERT INTO `zz_area_code` VALUES (321302000000, '', 3, 321300000000);
INSERT INTO `zz_area_code` VALUES (321311000000, '', 3, 321300000000);
INSERT INTO `zz_area_code` VALUES (321322000000, '', 3, 321300000000);
INSERT INTO `zz_area_code` VALUES (321323000000, '', 3, 321300000000);
INSERT INTO `zz_area_code` VALUES (321324000000, '', 3, 321300000000);
INSERT INTO `zz_area_code` VALUES (321371000000, '', 3, 321300000000);
INSERT INTO `zz_area_code` VALUES (330000000000, '', 1, NULL);
INSERT INTO `zz_area_code` VALUES (330100000000, '', 2, 330000000000);
INSERT INTO `zz_area_code` VALUES (330101000000, '', 3, 330100000000);
INSERT INTO `zz_area_code` VALUES (330102000000, '', 3, 330100000000);
INSERT INTO `zz_area_code` VALUES (330103000000, '', 3, 330100000000);
INSERT INTO `zz_area_code` VALUES (330104000000, '', 3, 330100000000);
INSERT INTO `zz_area_code` VALUES (330105000000, '', 3, 330100000000);
INSERT INTO `zz_area_code` VALUES (330106000000, '', 3, 330100000000);
INSERT INTO `zz_area_code` VALUES (330108000000, '', 3, 330100000000);
INSERT INTO `zz_area_code` VALUES (330109000000, '', 3, 330100000000);
INSERT INTO `zz_area_code` VALUES (330110000000, '', 3, 330100000000);
INSERT INTO `zz_area_code` VALUES (330111000000, '', 3, 330100000000);
INSERT INTO `zz_area_code` VALUES (330112000000, '', 3, 330100000000);
INSERT INTO `zz_area_code` VALUES (330122000000, '', 3, 330100000000);
INSERT INTO `zz_area_code` VALUES (330127000000, '', 3, 330100000000);
INSERT INTO `zz_area_code` VALUES (330182000000, '', 3, 330100000000);
INSERT INTO `zz_area_code` VALUES (330200000000, '', 2, 330000000000);
INSERT INTO `zz_area_code` VALUES (330201000000, '', 3, 330200000000);
INSERT INTO `zz_area_code` VALUES (330203000000, '', 3, 330200000000);
INSERT INTO `zz_area_code` VALUES (330205000000, '', 3, 330200000000);
INSERT INTO `zz_area_code` VALUES (330206000000, '', 3, 330200000000);
INSERT INTO `zz_area_code` VALUES (330211000000, '', 3, 330200000000);
INSERT INTO `zz_area_code` VALUES (330212000000, '', 3, 330200000000);
INSERT INTO `zz_area_code` VALUES (330213000000, '', 3, 330200000000);
INSERT INTO `zz_area_code` VALUES (330225000000, '', 3, 330200000000);
INSERT INTO `zz_area_code` VALUES (330226000000, '', 3, 330200000000);
INSERT INTO `zz_area_code` VALUES (330281000000, '', 3, 330200000000);
INSERT INTO `zz_area_code` VALUES (330282000000, '', 3, 330200000000);
INSERT INTO `zz_area_code` VALUES (330300000000, '', 2, 330000000000);
INSERT INTO `zz_area_code` VALUES (330301000000, '', 3, 330300000000);
INSERT INTO `zz_area_code` VALUES (330302000000, '', 3, 330300000000);
INSERT INTO `zz_area_code` VALUES (330303000000, '', 3, 330300000000);
INSERT INTO `zz_area_code` VALUES (330304000000, '', 3, 330300000000);
INSERT INTO `zz_area_code` VALUES (330305000000, '', 3, 330300000000);
INSERT INTO `zz_area_code` VALUES (330324000000, '', 3, 330300000000);
INSERT INTO `zz_area_code` VALUES (330326000000, '', 3, 330300000000);
INSERT INTO `zz_area_code` VALUES (330327000000, '', 3, 330300000000);
INSERT INTO `zz_area_code` VALUES (330328000000, '', 3, 330300000000);
INSERT INTO `zz_area_code` VALUES (330329000000, '', 3, 330300000000);
INSERT INTO `zz_area_code` VALUES (330371000000, '', 3, 330300000000);
INSERT INTO `zz_area_code` VALUES (330381000000, '', 3, 330300000000);
INSERT INTO `zz_area_code` VALUES (330382000000, '', 3, 330300000000);
INSERT INTO `zz_area_code` VALUES (330400000000, '', 2, 330000000000);
INSERT INTO `zz_area_code` VALUES (330401000000, '', 3, 330400000000);
INSERT INTO `zz_area_code` VALUES (330402000000, '', 3, 330400000000);
INSERT INTO `zz_area_code` VALUES (330411000000, '', 3, 330400000000);
INSERT INTO `zz_area_code` VALUES (330421000000, '', 3, 330400000000);
INSERT INTO `zz_area_code` VALUES (330424000000, '', 3, 330400000000);
INSERT INTO `zz_area_code` VALUES (330481000000, '', 3, 330400000000);
INSERT INTO `zz_area_code` VALUES (330482000000, '', 3, 330400000000);
INSERT INTO `zz_area_code` VALUES (330483000000, '', 3, 330400000000);
INSERT INTO `zz_area_code` VALUES (330500000000, '', 2, 330000000000);
INSERT INTO `zz_area_code` VALUES (330501000000, '', 3, 330500000000);
INSERT INTO `zz_area_code` VALUES (330502000000, '', 3, 330500000000);
INSERT INTO `zz_area_code` VALUES (330503000000, '', 3, 330500000000);
INSERT INTO `zz_area_code` VALUES (330521000000, '', 3, 330500000000);
INSERT INTO `zz_area_code` VALUES (330522000000, '', 3, 330500000000);
INSERT INTO `zz_area_code` VALUES (330523000000, '', 3, 330500000000);
INSERT INTO `zz_area_code` VALUES (330600000000, '', 2, 330000000000);
INSERT INTO `zz_area_code` VALUES (330601000000, '', 3, 330600000000);
INSERT INTO `zz_area_code` VALUES (330602000000, '', 3, 330600000000);
INSERT INTO `zz_area_code` VALUES (330603000000, '', 3, 330600000000);
INSERT INTO `zz_area_code` VALUES (330604000000, '', 3, 330600000000);
INSERT INTO `zz_area_code` VALUES (330624000000, '', 3, 330600000000);
INSERT INTO `zz_area_code` VALUES (330681000000, '', 3, 330600000000);
INSERT INTO `zz_area_code` VALUES (330683000000, '', 3, 330600000000);
INSERT INTO `zz_area_code` VALUES (330700000000, '', 2, 330000000000);
INSERT INTO `zz_area_code` VALUES (330701000000, '', 3, 330700000000);
INSERT INTO `zz_area_code` VALUES (330702000000, '', 3, 330700000000);
INSERT INTO `zz_area_code` VALUES (330703000000, '', 3, 330700000000);
INSERT INTO `zz_area_code` VALUES (330723000000, '', 3, 330700000000);
INSERT INTO `zz_area_code` VALUES (330726000000, '', 3, 330700000000);
INSERT INTO `zz_area_code` VALUES (330727000000, '', 3, 330700000000);
INSERT INTO `zz_area_code` VALUES (330781000000, '', 3, 330700000000);
INSERT INTO `zz_area_code` VALUES (330782000000, '', 3, 330700000000);
INSERT INTO `zz_area_code` VALUES (330783000000, '', 3, 330700000000);
INSERT INTO `zz_area_code` VALUES (330784000000, '', 3, 330700000000);
INSERT INTO `zz_area_code` VALUES (330800000000, '', 2, 330000000000);
INSERT INTO `zz_area_code` VALUES (330801000000, '', 3, 330800000000);
INSERT INTO `zz_area_code` VALUES (330802000000, '', 3, 330800000000);
INSERT INTO `zz_area_code` VALUES (330803000000, '', 3, 330800000000);
INSERT INTO `zz_area_code` VALUES (330822000000, '', 3, 330800000000);
INSERT INTO `zz_area_code` VALUES (330824000000, '', 3, 330800000000);
INSERT INTO `zz_area_code` VALUES (330825000000, '', 3, 330800000000);
INSERT INTO `zz_area_code` VALUES (330881000000, '', 3, 330800000000);
INSERT INTO `zz_area_code` VALUES (330900000000, '', 2, 330000000000);
INSERT INTO `zz_area_code` VALUES (330901000000, '', 3, 330900000000);
INSERT INTO `zz_area_code` VALUES (330902000000, '', 3, 330900000000);
INSERT INTO `zz_area_code` VALUES (330903000000, '', 3, 330900000000);
INSERT INTO `zz_area_code` VALUES (330921000000, '', 3, 330900000000);
INSERT INTO `zz_area_code` VALUES (330922000000, '', 3, 330900000000);
INSERT INTO `zz_area_code` VALUES (331000000000, '', 2, 330000000000);
INSERT INTO `zz_area_code` VALUES (331001000000, '', 3, 331000000000);
INSERT INTO `zz_area_code` VALUES (331002000000, '', 3, 331000000000);
INSERT INTO `zz_area_code` VALUES (331003000000, '', 3, 331000000000);
INSERT INTO `zz_area_code` VALUES (331004000000, '', 3, 331000000000);
INSERT INTO `zz_area_code` VALUES (331022000000, '', 3, 331000000000);
INSERT INTO `zz_area_code` VALUES (331023000000, '', 3, 331000000000);
INSERT INTO `zz_area_code` VALUES (331024000000, '', 3, 331000000000);
INSERT INTO `zz_area_code` VALUES (331081000000, '', 3, 331000000000);
INSERT INTO `zz_area_code` VALUES (331082000000, '', 3, 331000000000);
INSERT INTO `zz_area_code` VALUES (331083000000, '', 3, 331000000000);
INSERT INTO `zz_area_code` VALUES (331100000000, '', 2, 330000000000);
INSERT INTO `zz_area_code` VALUES (331101000000, '', 3, 331100000000);
INSERT INTO `zz_area_code` VALUES (331102000000, '', 3, 331100000000);
INSERT INTO `zz_area_code` VALUES (331121000000, '', 3, 331100000000);
INSERT INTO `zz_area_code` VALUES (331122000000, '', 3, 331100000000);
INSERT INTO `zz_area_code` VALUES (331123000000, '', 3, 331100000000);
INSERT INTO `zz_area_code` VALUES (331124000000, '', 3, 331100000000);
INSERT INTO `zz_area_code` VALUES (331125000000, '', 3, 331100000000);
INSERT INTO `zz_area_code` VALUES (331126000000, '', 3, 331100000000);
INSERT INTO `zz_area_code` VALUES (331127000000, '', 3, 331100000000);
INSERT INTO `zz_area_code` VALUES (331181000000, '', 3, 331100000000);
INSERT INTO `zz_area_code` VALUES (340000000000, '', 1, NULL);
INSERT INTO `zz_area_code` VALUES (340100000000, '', 2, 340000000000);
INSERT INTO `zz_area_code` VALUES (340101000000, '', 3, 340100000000);
INSERT INTO `zz_area_code` VALUES (340102000000, '', 3, 340100000000);
INSERT INTO `zz_area_code` VALUES (340103000000, '', 3, 340100000000);
INSERT INTO `zz_area_code` VALUES (340104000000, '', 3, 340100000000);
INSERT INTO `zz_area_code` VALUES (340111000000, '', 3, 340100000000);
INSERT INTO `zz_area_code` VALUES (340121000000, '', 3, 340100000000);
INSERT INTO `zz_area_code` VALUES (340122000000, '', 3, 340100000000);
INSERT INTO `zz_area_code` VALUES (340123000000, '', 3, 340100000000);
INSERT INTO `zz_area_code` VALUES (340124000000, '', 3, 340100000000);
INSERT INTO `zz_area_code` VALUES (340171000000, '', 3, 340100000000);
INSERT INTO `zz_area_code` VALUES (340172000000, '', 3, 340100000000);
INSERT INTO `zz_area_code` VALUES (340173000000, '', 3, 340100000000);
INSERT INTO `zz_area_code` VALUES (340181000000, '', 3, 340100000000);
INSERT INTO `zz_area_code` VALUES (340200000000, '', 2, 340000000000);
INSERT INTO `zz_area_code` VALUES (340201000000, '', 3, 340200000000);
INSERT INTO `zz_area_code` VALUES (340202000000, '', 3, 340200000000);
INSERT INTO `zz_area_code` VALUES (340203000000, '', 3, 340200000000);
INSERT INTO `zz_area_code` VALUES (340207000000, '', 3, 340200000000);
INSERT INTO `zz_area_code` VALUES (340208000000, '', 3, 340200000000);
INSERT INTO `zz_area_code` VALUES (340221000000, '', 3, 340200000000);
INSERT INTO `zz_area_code` VALUES (340222000000, '', 3, 340200000000);
INSERT INTO `zz_area_code` VALUES (340223000000, '', 3, 340200000000);
INSERT INTO `zz_area_code` VALUES (340225000000, '', 3, 340200000000);
INSERT INTO `zz_area_code` VALUES (340271000000, '', 3, 340200000000);
INSERT INTO `zz_area_code` VALUES (340272000000, '', 3, 340200000000);
INSERT INTO `zz_area_code` VALUES (340300000000, '', 2, 340000000000);
INSERT INTO `zz_area_code` VALUES (340301000000, '', 3, 340300000000);
INSERT INTO `zz_area_code` VALUES (340302000000, '', 3, 340300000000);
INSERT INTO `zz_area_code` VALUES (340303000000, '', 3, 340300000000);
INSERT INTO `zz_area_code` VALUES (340304000000, '', 3, 340300000000);
INSERT INTO `zz_area_code` VALUES (340311000000, '', 3, 340300000000);
INSERT INTO `zz_area_code` VALUES (340321000000, '', 3, 340300000000);
INSERT INTO `zz_area_code` VALUES (340322000000, '', 3, 340300000000);
INSERT INTO `zz_area_code` VALUES (340323000000, '', 3, 340300000000);
INSERT INTO `zz_area_code` VALUES (340371000000, '', 3, 340300000000);
INSERT INTO `zz_area_code` VALUES (340372000000, '', 3, 340300000000);
INSERT INTO `zz_area_code` VALUES (340400000000, '', 2, 340000000000);
INSERT INTO `zz_area_code` VALUES (340401000000, '', 3, 340400000000);
INSERT INTO `zz_area_code` VALUES (340402000000, '', 3, 340400000000);
INSERT INTO `zz_area_code` VALUES (340403000000, '', 3, 340400000000);
INSERT INTO `zz_area_code` VALUES (340404000000, '', 3, 340400000000);
INSERT INTO `zz_area_code` VALUES (340405000000, '', 3, 340400000000);
INSERT INTO `zz_area_code` VALUES (340406000000, '', 3, 340400000000);
INSERT INTO `zz_area_code` VALUES (340421000000, '', 3, 340400000000);
INSERT INTO `zz_area_code` VALUES (340422000000, '', 3, 340400000000);
INSERT INTO `zz_area_code` VALUES (340500000000, '', 2, 340000000000);
INSERT INTO `zz_area_code` VALUES (340501000000, '', 3, 340500000000);
INSERT INTO `zz_area_code` VALUES (340503000000, '', 3, 340500000000);
INSERT INTO `zz_area_code` VALUES (340504000000, '', 3, 340500000000);
INSERT INTO `zz_area_code` VALUES (340506000000, '', 3, 340500000000);
INSERT INTO `zz_area_code` VALUES (340521000000, '', 3, 340500000000);
INSERT INTO `zz_area_code` VALUES (340522000000, '', 3, 340500000000);
INSERT INTO `zz_area_code` VALUES (340523000000, '', 3, 340500000000);
INSERT INTO `zz_area_code` VALUES (340600000000, '', 2, 340000000000);
INSERT INTO `zz_area_code` VALUES (340601000000, '', 3, 340600000000);
INSERT INTO `zz_area_code` VALUES (340602000000, '', 3, 340600000000);
INSERT INTO `zz_area_code` VALUES (340603000000, '', 3, 340600000000);
INSERT INTO `zz_area_code` VALUES (340604000000, '', 3, 340600000000);
INSERT INTO `zz_area_code` VALUES (340621000000, '', 3, 340600000000);
INSERT INTO `zz_area_code` VALUES (340700000000, '', 2, 340000000000);
INSERT INTO `zz_area_code` VALUES (340701000000, '', 3, 340700000000);
INSERT INTO `zz_area_code` VALUES (340705000000, '', 3, 340700000000);
INSERT INTO `zz_area_code` VALUES (340706000000, '', 3, 340700000000);
INSERT INTO `zz_area_code` VALUES (340711000000, '', 3, 340700000000);
INSERT INTO `zz_area_code` VALUES (340722000000, '', 3, 340700000000);
INSERT INTO `zz_area_code` VALUES (340800000000, '', 2, 340000000000);
INSERT INTO `zz_area_code` VALUES (340801000000, '', 3, 340800000000);
INSERT INTO `zz_area_code` VALUES (340802000000, '', 3, 340800000000);
INSERT INTO `zz_area_code` VALUES (340803000000, '', 3, 340800000000);
INSERT INTO `zz_area_code` VALUES (340811000000, '', 3, 340800000000);
INSERT INTO `zz_area_code` VALUES (340822000000, '', 3, 340800000000);
INSERT INTO `zz_area_code` VALUES (340825000000, '', 3, 340800000000);
INSERT INTO `zz_area_code` VALUES (340826000000, '', 3, 340800000000);
INSERT INTO `zz_area_code` VALUES (340827000000, '', 3, 340800000000);
INSERT INTO `zz_area_code` VALUES (340828000000, '', 3, 340800000000);
INSERT INTO `zz_area_code` VALUES (340871000000, '', 3, 340800000000);
INSERT INTO `zz_area_code` VALUES (340881000000, '', 3, 340800000000);
INSERT INTO `zz_area_code` VALUES (340882000000, '', 3, 340800000000);
INSERT INTO `zz_area_code` VALUES (341000000000, '', 2, 340000000000);
INSERT INTO `zz_area_code` VALUES (341001000000, '', 3, 341000000000);
INSERT INTO `zz_area_code` VALUES (341002000000, '', 3, 341000000000);
INSERT INTO `zz_area_code` VALUES (341003000000, '', 3, 341000000000);
INSERT INTO `zz_area_code` VALUES (341004000000, '', 3, 341000000000);
INSERT INTO `zz_area_code` VALUES (341021000000, '', 3, 341000000000);
INSERT INTO `zz_area_code` VALUES (341022000000, '', 3, 341000000000);
INSERT INTO `zz_area_code` VALUES (341023000000, '', 3, 341000000000);
INSERT INTO `zz_area_code` VALUES (341024000000, '', 3, 341000000000);
INSERT INTO `zz_area_code` VALUES (341100000000, '', 2, 340000000000);
INSERT INTO `zz_area_code` VALUES (341101000000, '', 3, 341100000000);
INSERT INTO `zz_area_code` VALUES (341102000000, '', 3, 341100000000);
INSERT INTO `zz_area_code` VALUES (341103000000, '', 3, 341100000000);
INSERT INTO `zz_area_code` VALUES (341122000000, '', 3, 341100000000);
INSERT INTO `zz_area_code` VALUES (341124000000, '', 3, 341100000000);
INSERT INTO `zz_area_code` VALUES (341125000000, '', 3, 341100000000);
INSERT INTO `zz_area_code` VALUES (341126000000, '', 3, 341100000000);
INSERT INTO `zz_area_code` VALUES (341171000000, '', 3, 341100000000);
INSERT INTO `zz_area_code` VALUES (341172000000, '', 3, 341100000000);
INSERT INTO `zz_area_code` VALUES (341181000000, '', 3, 341100000000);
INSERT INTO `zz_area_code` VALUES (341182000000, '', 3, 341100000000);
INSERT INTO `zz_area_code` VALUES (341200000000, '', 2, 340000000000);
INSERT INTO `zz_area_code` VALUES (341201000000, '', 3, 341200000000);
INSERT INTO `zz_area_code` VALUES (341202000000, '', 3, 341200000000);
INSERT INTO `zz_area_code` VALUES (341203000000, '', 3, 341200000000);
INSERT INTO `zz_area_code` VALUES (341204000000, '', 3, 341200000000);
INSERT INTO `zz_area_code` VALUES (341221000000, '', 3, 341200000000);
INSERT INTO `zz_area_code` VALUES (341222000000, '', 3, 341200000000);
INSERT INTO `zz_area_code` VALUES (341225000000, '', 3, 341200000000);
INSERT INTO `zz_area_code` VALUES (341226000000, '', 3, 341200000000);
INSERT INTO `zz_area_code` VALUES (341271000000, '', 3, 341200000000);
INSERT INTO `zz_area_code` VALUES (341272000000, '', 3, 341200000000);
INSERT INTO `zz_area_code` VALUES (341282000000, '', 3, 341200000000);
INSERT INTO `zz_area_code` VALUES (341300000000, '', 2, 340000000000);
INSERT INTO `zz_area_code` VALUES (341301000000, '', 3, 341300000000);
INSERT INTO `zz_area_code` VALUES (341302000000, '', 3, 341300000000);
INSERT INTO `zz_area_code` VALUES (341321000000, '', 3, 341300000000);
INSERT INTO `zz_area_code` VALUES (341322000000, '', 3, 341300000000);
INSERT INTO `zz_area_code` VALUES (341323000000, '', 3, 341300000000);
INSERT INTO `zz_area_code` VALUES (341324000000, '', 3, 341300000000);
INSERT INTO `zz_area_code` VALUES (341371000000, '', 3, 341300000000);
INSERT INTO `zz_area_code` VALUES (341372000000, '', 3, 341300000000);
INSERT INTO `zz_area_code` VALUES (341500000000, '', 2, 340000000000);
INSERT INTO `zz_area_code` VALUES (341501000000, '', 3, 341500000000);
INSERT INTO `zz_area_code` VALUES (341502000000, '', 3, 341500000000);
INSERT INTO `zz_area_code` VALUES (341503000000, '', 3, 341500000000);
INSERT INTO `zz_area_code` VALUES (341504000000, '', 3, 341500000000);
INSERT INTO `zz_area_code` VALUES (341522000000, '', 3, 341500000000);
INSERT INTO `zz_area_code` VALUES (341523000000, '', 3, 341500000000);
INSERT INTO `zz_area_code` VALUES (341524000000, '', 3, 341500000000);
INSERT INTO `zz_area_code` VALUES (341525000000, '', 3, 341500000000);
INSERT INTO `zz_area_code` VALUES (341600000000, '', 2, 340000000000);
INSERT INTO `zz_area_code` VALUES (341601000000, '', 3, 341600000000);
INSERT INTO `zz_area_code` VALUES (341602000000, '', 3, 341600000000);
INSERT INTO `zz_area_code` VALUES (341621000000, '', 3, 341600000000);
INSERT INTO `zz_area_code` VALUES (341622000000, '', 3, 341600000000);
INSERT INTO `zz_area_code` VALUES (341623000000, '', 3, 341600000000);
INSERT INTO `zz_area_code` VALUES (341700000000, '', 2, 340000000000);
INSERT INTO `zz_area_code` VALUES (341701000000, '', 3, 341700000000);
INSERT INTO `zz_area_code` VALUES (341702000000, '', 3, 341700000000);
INSERT INTO `zz_area_code` VALUES (341721000000, '', 3, 341700000000);
INSERT INTO `zz_area_code` VALUES (341722000000, '', 3, 341700000000);
INSERT INTO `zz_area_code` VALUES (341723000000, '', 3, 341700000000);
INSERT INTO `zz_area_code` VALUES (341800000000, '', 2, 340000000000);
INSERT INTO `zz_area_code` VALUES (341801000000, '', 3, 341800000000);
INSERT INTO `zz_area_code` VALUES (341802000000, '', 3, 341800000000);
INSERT INTO `zz_area_code` VALUES (341821000000, '', 3, 341800000000);
INSERT INTO `zz_area_code` VALUES (341822000000, '', 3, 341800000000);
INSERT INTO `zz_area_code` VALUES (341823000000, '', 3, 341800000000);
INSERT INTO `zz_area_code` VALUES (341824000000, '', 3, 341800000000);
INSERT INTO `zz_area_code` VALUES (341825000000, '', 3, 341800000000);
INSERT INTO `zz_area_code` VALUES (341871000000, '', 3, 341800000000);
INSERT INTO `zz_area_code` VALUES (341881000000, '', 3, 341800000000);
INSERT INTO `zz_area_code` VALUES (350000000000, '', 1, NULL);
INSERT INTO `zz_area_code` VALUES (350100000000, '', 2, 350000000000);
INSERT INTO `zz_area_code` VALUES (350101000000, '', 3, 350100000000);
INSERT INTO `zz_area_code` VALUES (350102000000, '', 3, 350100000000);
INSERT INTO `zz_area_code` VALUES (350103000000, '', 3, 350100000000);
INSERT INTO `zz_area_code` VALUES (350104000000, '', 3, 350100000000);
INSERT INTO `zz_area_code` VALUES (350105000000, '', 3, 350100000000);
INSERT INTO `zz_area_code` VALUES (350111000000, '', 3, 350100000000);
INSERT INTO `zz_area_code` VALUES (350112000000, '', 3, 350100000000);
INSERT INTO `zz_area_code` VALUES (350121000000, '', 3, 350100000000);
INSERT INTO `zz_area_code` VALUES (350122000000, '', 3, 350100000000);
INSERT INTO `zz_area_code` VALUES (350123000000, '', 3, 350100000000);
INSERT INTO `zz_area_code` VALUES (350124000000, '', 3, 350100000000);
INSERT INTO `zz_area_code` VALUES (350125000000, '', 3, 350100000000);
INSERT INTO `zz_area_code` VALUES (350128000000, '', 3, 350100000000);
INSERT INTO `zz_area_code` VALUES (350181000000, '', 3, 350100000000);
INSERT INTO `zz_area_code` VALUES (350200000000, '', 2, 350000000000);
INSERT INTO `zz_area_code` VALUES (350201000000, '', 3, 350200000000);
INSERT INTO `zz_area_code` VALUES (350203000000, '', 3, 350200000000);
INSERT INTO `zz_area_code` VALUES (350205000000, '', 3, 350200000000);
INSERT INTO `zz_area_code` VALUES (350206000000, '', 3, 350200000000);
INSERT INTO `zz_area_code` VALUES (350211000000, '', 3, 350200000000);
INSERT INTO `zz_area_code` VALUES (350212000000, '', 3, 350200000000);
INSERT INTO `zz_area_code` VALUES (350213000000, '', 3, 350200000000);
INSERT INTO `zz_area_code` VALUES (350300000000, '', 2, 350000000000);
INSERT INTO `zz_area_code` VALUES (350301000000, '', 3, 350300000000);
INSERT INTO `zz_area_code` VALUES (350302000000, '', 3, 350300000000);
INSERT INTO `zz_area_code` VALUES (350303000000, '', 3, 350300000000);
INSERT INTO `zz_area_code` VALUES (350304000000, '', 3, 350300000000);
INSERT INTO `zz_area_code` VALUES (350305000000, '', 3, 350300000000);
INSERT INTO `zz_area_code` VALUES (350322000000, '', 3, 350300000000);
INSERT INTO `zz_area_code` VALUES (350400000000, '', 2, 350000000000);
INSERT INTO `zz_area_code` VALUES (350401000000, '', 3, 350400000000);
INSERT INTO `zz_area_code` VALUES (350402000000, '', 3, 350400000000);
INSERT INTO `zz_area_code` VALUES (350403000000, '', 3, 350400000000);
INSERT INTO `zz_area_code` VALUES (350421000000, '', 3, 350400000000);
INSERT INTO `zz_area_code` VALUES (350423000000, '', 3, 350400000000);
INSERT INTO `zz_area_code` VALUES (350424000000, '', 3, 350400000000);
INSERT INTO `zz_area_code` VALUES (350425000000, '', 3, 350400000000);
INSERT INTO `zz_area_code` VALUES (350426000000, '', 3, 350400000000);
INSERT INTO `zz_area_code` VALUES (350427000000, '', 3, 350400000000);
INSERT INTO `zz_area_code` VALUES (350428000000, '', 3, 350400000000);
INSERT INTO `zz_area_code` VALUES (350429000000, '', 3, 350400000000);
INSERT INTO `zz_area_code` VALUES (350430000000, '', 3, 350400000000);
INSERT INTO `zz_area_code` VALUES (350481000000, '', 3, 350400000000);
INSERT INTO `zz_area_code` VALUES (350500000000, '', 2, 350000000000);
INSERT INTO `zz_area_code` VALUES (350501000000, '', 3, 350500000000);
INSERT INTO `zz_area_code` VALUES (350502000000, '', 3, 350500000000);
INSERT INTO `zz_area_code` VALUES (350503000000, '', 3, 350500000000);
INSERT INTO `zz_area_code` VALUES (350504000000, '', 3, 350500000000);
INSERT INTO `zz_area_code` VALUES (350505000000, '', 3, 350500000000);
INSERT INTO `zz_area_code` VALUES (350521000000, '', 3, 350500000000);
INSERT INTO `zz_area_code` VALUES (350524000000, '', 3, 350500000000);
INSERT INTO `zz_area_code` VALUES (350525000000, '', 3, 350500000000);
INSERT INTO `zz_area_code` VALUES (350526000000, '', 3, 350500000000);
INSERT INTO `zz_area_code` VALUES (350527000000, '', 3, 350500000000);
INSERT INTO `zz_area_code` VALUES (350581000000, '', 3, 350500000000);
INSERT INTO `zz_area_code` VALUES (350582000000, '', 3, 350500000000);
INSERT INTO `zz_area_code` VALUES (350583000000, '', 3, 350500000000);
INSERT INTO `zz_area_code` VALUES (350600000000, '', 2, 350000000000);
INSERT INTO `zz_area_code` VALUES (350601000000, '', 3, 350600000000);
INSERT INTO `zz_area_code` VALUES (350602000000, '', 3, 350600000000);
INSERT INTO `zz_area_code` VALUES (350603000000, '', 3, 350600000000);
INSERT INTO `zz_area_code` VALUES (350622000000, '', 3, 350600000000);
INSERT INTO `zz_area_code` VALUES (350623000000, '', 3, 350600000000);
INSERT INTO `zz_area_code` VALUES (350624000000, '', 3, 350600000000);
INSERT INTO `zz_area_code` VALUES (350625000000, '', 3, 350600000000);
INSERT INTO `zz_area_code` VALUES (350626000000, '', 3, 350600000000);
INSERT INTO `zz_area_code` VALUES (350627000000, '', 3, 350600000000);
INSERT INTO `zz_area_code` VALUES (350628000000, '', 3, 350600000000);
INSERT INTO `zz_area_code` VALUES (350629000000, '', 3, 350600000000);
INSERT INTO `zz_area_code` VALUES (350681000000, '', 3, 350600000000);
INSERT INTO `zz_area_code` VALUES (350700000000, '', 2, 350000000000);
INSERT INTO `zz_area_code` VALUES (350701000000, '', 3, 350700000000);
INSERT INTO `zz_area_code` VALUES (350702000000, '', 3, 350700000000);
INSERT INTO `zz_area_code` VALUES (350703000000, '', 3, 350700000000);
INSERT INTO `zz_area_code` VALUES (350721000000, '', 3, 350700000000);
INSERT INTO `zz_area_code` VALUES (350722000000, '', 3, 350700000000);
INSERT INTO `zz_area_code` VALUES (350723000000, '', 3, 350700000000);
INSERT INTO `zz_area_code` VALUES (350724000000, '', 3, 350700000000);
INSERT INTO `zz_area_code` VALUES (350725000000, '', 3, 350700000000);
INSERT INTO `zz_area_code` VALUES (350781000000, '', 3, 350700000000);
INSERT INTO `zz_area_code` VALUES (350782000000, '', 3, 350700000000);
INSERT INTO `zz_area_code` VALUES (350783000000, '', 3, 350700000000);
INSERT INTO `zz_area_code` VALUES (350800000000, '', 2, 350000000000);
INSERT INTO `zz_area_code` VALUES (350801000000, '', 3, 350800000000);
INSERT INTO `zz_area_code` VALUES (350802000000, '', 3, 350800000000);
INSERT INTO `zz_area_code` VALUES (350803000000, '', 3, 350800000000);
INSERT INTO `zz_area_code` VALUES (350821000000, '', 3, 350800000000);
INSERT INTO `zz_area_code` VALUES (350823000000, '', 3, 350800000000);
INSERT INTO `zz_area_code` VALUES (350824000000, '', 3, 350800000000);
INSERT INTO `zz_area_code` VALUES (350825000000, '', 3, 350800000000);
INSERT INTO `zz_area_code` VALUES (350881000000, '', 3, 350800000000);
INSERT INTO `zz_area_code` VALUES (350900000000, '', 2, 350000000000);
INSERT INTO `zz_area_code` VALUES (350901000000, '', 3, 350900000000);
INSERT INTO `zz_area_code` VALUES (350902000000, '', 3, 350900000000);
INSERT INTO `zz_area_code` VALUES (350921000000, '', 3, 350900000000);
INSERT INTO `zz_area_code` VALUES (350922000000, '', 3, 350900000000);
INSERT INTO `zz_area_code` VALUES (350923000000, '', 3, 350900000000);
INSERT INTO `zz_area_code` VALUES (350924000000, '', 3, 350900000000);
INSERT INTO `zz_area_code` VALUES (350925000000, '', 3, 350900000000);
INSERT INTO `zz_area_code` VALUES (350926000000, '', 3, 350900000000);
INSERT INTO `zz_area_code` VALUES (350981000000, '', 3, 350900000000);
INSERT INTO `zz_area_code` VALUES (350982000000, '', 3, 350900000000);
INSERT INTO `zz_area_code` VALUES (360000000000, '', 1, NULL);
INSERT INTO `zz_area_code` VALUES (360100000000, '', 2, 360000000000);
INSERT INTO `zz_area_code` VALUES (360101000000, '', 3, 360100000000);
INSERT INTO `zz_area_code` VALUES (360102000000, '', 3, 360100000000);
INSERT INTO `zz_area_code` VALUES (360103000000, '', 3, 360100000000);
INSERT INTO `zz_area_code` VALUES (360104000000, '', 3, 360100000000);
INSERT INTO `zz_area_code` VALUES (360105000000, '', 3, 360100000000);
INSERT INTO `zz_area_code` VALUES (360111000000, '', 3, 360100000000);
INSERT INTO `zz_area_code` VALUES (360112000000, '', 3, 360100000000);
INSERT INTO `zz_area_code` VALUES (360121000000, '', 3, 360100000000);
INSERT INTO `zz_area_code` VALUES (360123000000, '', 3, 360100000000);
INSERT INTO `zz_area_code` VALUES (360124000000, '', 3, 360100000000);
INSERT INTO `zz_area_code` VALUES (360200000000, '', 2, 360000000000);
INSERT INTO `zz_area_code` VALUES (360201000000, '', 3, 360200000000);
INSERT INTO `zz_area_code` VALUES (360202000000, '', 3, 360200000000);
INSERT INTO `zz_area_code` VALUES (360203000000, '', 3, 360200000000);
INSERT INTO `zz_area_code` VALUES (360222000000, '', 3, 360200000000);
INSERT INTO `zz_area_code` VALUES (360281000000, '', 3, 360200000000);
INSERT INTO `zz_area_code` VALUES (360300000000, '', 2, 360000000000);
INSERT INTO `zz_area_code` VALUES (360301000000, '', 3, 360300000000);
INSERT INTO `zz_area_code` VALUES (360302000000, '', 3, 360300000000);
INSERT INTO `zz_area_code` VALUES (360313000000, '', 3, 360300000000);
INSERT INTO `zz_area_code` VALUES (360321000000, '', 3, 360300000000);
INSERT INTO `zz_area_code` VALUES (360322000000, '', 3, 360300000000);
INSERT INTO `zz_area_code` VALUES (360323000000, '', 3, 360300000000);
INSERT INTO `zz_area_code` VALUES (360400000000, '', 2, 360000000000);
INSERT INTO `zz_area_code` VALUES (360401000000, '', 3, 360400000000);
INSERT INTO `zz_area_code` VALUES (360402000000, '', 3, 360400000000);
INSERT INTO `zz_area_code` VALUES (360403000000, '', 3, 360400000000);
INSERT INTO `zz_area_code` VALUES (360404000000, '', 3, 360400000000);
INSERT INTO `zz_area_code` VALUES (360423000000, '', 3, 360400000000);
INSERT INTO `zz_area_code` VALUES (360424000000, '', 3, 360400000000);
INSERT INTO `zz_area_code` VALUES (360425000000, '', 3, 360400000000);
INSERT INTO `zz_area_code` VALUES (360426000000, '', 3, 360400000000);
INSERT INTO `zz_area_code` VALUES (360428000000, '', 3, 360400000000);
INSERT INTO `zz_area_code` VALUES (360429000000, '', 3, 360400000000);
INSERT INTO `zz_area_code` VALUES (360430000000, '', 3, 360400000000);
INSERT INTO `zz_area_code` VALUES (360481000000, '', 3, 360400000000);
INSERT INTO `zz_area_code` VALUES (360482000000, '', 3, 360400000000);
INSERT INTO `zz_area_code` VALUES (360483000000, '', 3, 360400000000);
INSERT INTO `zz_area_code` VALUES (360500000000, '', 2, 360000000000);
INSERT INTO `zz_area_code` VALUES (360501000000, '', 3, 360500000000);
INSERT INTO `zz_area_code` VALUES (360502000000, '', 3, 360500000000);
INSERT INTO `zz_area_code` VALUES (360521000000, '', 3, 360500000000);
INSERT INTO `zz_area_code` VALUES (360600000000, '', 2, 360000000000);
INSERT INTO `zz_area_code` VALUES (360601000000, '', 3, 360600000000);
INSERT INTO `zz_area_code` VALUES (360602000000, '', 3, 360600000000);
INSERT INTO `zz_area_code` VALUES (360603000000, '', 3, 360600000000);
INSERT INTO `zz_area_code` VALUES (360681000000, '', 3, 360600000000);
INSERT INTO `zz_area_code` VALUES (360700000000, '', 2, 360000000000);
INSERT INTO `zz_area_code` VALUES (360701000000, '', 3, 360700000000);
INSERT INTO `zz_area_code` VALUES (360702000000, '', 3, 360700000000);
INSERT INTO `zz_area_code` VALUES (360703000000, '', 3, 360700000000);
INSERT INTO `zz_area_code` VALUES (360704000000, '', 3, 360700000000);
INSERT INTO `zz_area_code` VALUES (360722000000, '', 3, 360700000000);
INSERT INTO `zz_area_code` VALUES (360723000000, '', 3, 360700000000);
INSERT INTO `zz_area_code` VALUES (360724000000, '', 3, 360700000000);
INSERT INTO `zz_area_code` VALUES (360725000000, '', 3, 360700000000);
INSERT INTO `zz_area_code` VALUES (360726000000, '', 3, 360700000000);
INSERT INTO `zz_area_code` VALUES (360727000000, '', 3, 360700000000);
INSERT INTO `zz_area_code` VALUES (360728000000, '', 3, 360700000000);
INSERT INTO `zz_area_code` VALUES (360729000000, '', 3, 360700000000);
INSERT INTO `zz_area_code` VALUES (360730000000, '', 3, 360700000000);
INSERT INTO `zz_area_code` VALUES (360731000000, '', 3, 360700000000);
INSERT INTO `zz_area_code` VALUES (360732000000, '', 3, 360700000000);
INSERT INTO `zz_area_code` VALUES (360733000000, '', 3, 360700000000);
INSERT INTO `zz_area_code` VALUES (360734000000, '', 3, 360700000000);
INSERT INTO `zz_area_code` VALUES (360735000000, '', 3, 360700000000);
INSERT INTO `zz_area_code` VALUES (360781000000, '', 3, 360700000000);
INSERT INTO `zz_area_code` VALUES (360800000000, '', 2, 360000000000);
INSERT INTO `zz_area_code` VALUES (360801000000, '', 3, 360800000000);
INSERT INTO `zz_area_code` VALUES (360802000000, '', 3, 360800000000);
INSERT INTO `zz_area_code` VALUES (360803000000, '', 3, 360800000000);
INSERT INTO `zz_area_code` VALUES (360821000000, '', 3, 360800000000);
INSERT INTO `zz_area_code` VALUES (360822000000, '', 3, 360800000000);
INSERT INTO `zz_area_code` VALUES (360823000000, '', 3, 360800000000);
INSERT INTO `zz_area_code` VALUES (360824000000, '', 3, 360800000000);
INSERT INTO `zz_area_code` VALUES (360825000000, '', 3, 360800000000);
INSERT INTO `zz_area_code` VALUES (360826000000, '', 3, 360800000000);
INSERT INTO `zz_area_code` VALUES (360827000000, '', 3, 360800000000);
INSERT INTO `zz_area_code` VALUES (360828000000, '', 3, 360800000000);
INSERT INTO `zz_area_code` VALUES (360829000000, '', 3, 360800000000);
INSERT INTO `zz_area_code` VALUES (360830000000, '', 3, 360800000000);
INSERT INTO `zz_area_code` VALUES (360881000000, '', 3, 360800000000);
INSERT INTO `zz_area_code` VALUES (360900000000, '', 2, 360000000000);
INSERT INTO `zz_area_code` VALUES (360901000000, '', 3, 360900000000);
INSERT INTO `zz_area_code` VALUES (360902000000, '', 3, 360900000000);
INSERT INTO `zz_area_code` VALUES (360921000000, '', 3, 360900000000);
INSERT INTO `zz_area_code` VALUES (360922000000, '', 3, 360900000000);
INSERT INTO `zz_area_code` VALUES (360923000000, '', 3, 360900000000);
INSERT INTO `zz_area_code` VALUES (360924000000, '', 3, 360900000000);
INSERT INTO `zz_area_code` VALUES (360925000000, '', 3, 360900000000);
INSERT INTO `zz_area_code` VALUES (360926000000, '', 3, 360900000000);
INSERT INTO `zz_area_code` VALUES (360981000000, '', 3, 360900000000);
INSERT INTO `zz_area_code` VALUES (360982000000, '', 3, 360900000000);
INSERT INTO `zz_area_code` VALUES (360983000000, '', 3, 360900000000);
INSERT INTO `zz_area_code` VALUES (361000000000, '', 2, 360000000000);
INSERT INTO `zz_area_code` VALUES (361001000000, '', 3, 361000000000);
INSERT INTO `zz_area_code` VALUES (361002000000, '', 3, 361000000000);
INSERT INTO `zz_area_code` VALUES (361003000000, '', 3, 361000000000);
INSERT INTO `zz_area_code` VALUES (361021000000, '', 3, 361000000000);
INSERT INTO `zz_area_code` VALUES (361022000000, '', 3, 361000000000);
INSERT INTO `zz_area_code` VALUES (361023000000, '', 3, 361000000000);
INSERT INTO `zz_area_code` VALUES (361024000000, '', 3, 361000000000);
INSERT INTO `zz_area_code` VALUES (361025000000, '', 3, 361000000000);
INSERT INTO `zz_area_code` VALUES (361026000000, '', 3, 361000000000);
INSERT INTO `zz_area_code` VALUES (361027000000, '', 3, 361000000000);
INSERT INTO `zz_area_code` VALUES (361028000000, '', 3, 361000000000);
INSERT INTO `zz_area_code` VALUES (361030000000, '', 3, 361000000000);
INSERT INTO `zz_area_code` VALUES (361100000000, '', 2, 360000000000);
INSERT INTO `zz_area_code` VALUES (361101000000, '', 3, 361100000000);
INSERT INTO `zz_area_code` VALUES (361102000000, '', 3, 361100000000);
INSERT INTO `zz_area_code` VALUES (361103000000, '', 3, 361100000000);
INSERT INTO `zz_area_code` VALUES (361121000000, '', 3, 361100000000);
INSERT INTO `zz_area_code` VALUES (361123000000, '', 3, 361100000000);
INSERT INTO `zz_area_code` VALUES (361124000000, '', 3, 361100000000);
INSERT INTO `zz_area_code` VALUES (361125000000, '', 3, 361100000000);
INSERT INTO `zz_area_code` VALUES (361126000000, '', 3, 361100000000);
INSERT INTO `zz_area_code` VALUES (361127000000, '', 3, 361100000000);
INSERT INTO `zz_area_code` VALUES (361128000000, '', 3, 361100000000);
INSERT INTO `zz_area_code` VALUES (361129000000, '', 3, 361100000000);
INSERT INTO `zz_area_code` VALUES (361130000000, '', 3, 361100000000);
INSERT INTO `zz_area_code` VALUES (361181000000, '', 3, 361100000000);
INSERT INTO `zz_area_code` VALUES (370000000000, '', 1, NULL);
INSERT INTO `zz_area_code` VALUES (370100000000, '', 2, 370000000000);
INSERT INTO `zz_area_code` VALUES (370101000000, '', 3, 370100000000);
INSERT INTO `zz_area_code` VALUES (370102000000, '', 3, 370100000000);
INSERT INTO `zz_area_code` VALUES (370103000000, '', 3, 370100000000);
INSERT INTO `zz_area_code` VALUES (370104000000, '', 3, 370100000000);
INSERT INTO `zz_area_code` VALUES (370105000000, '', 3, 370100000000);
INSERT INTO `zz_area_code` VALUES (370112000000, '', 3, 370100000000);
INSERT INTO `zz_area_code` VALUES (370113000000, '', 3, 370100000000);
INSERT INTO `zz_area_code` VALUES (370114000000, '', 3, 370100000000);
INSERT INTO `zz_area_code` VALUES (370115000000, '', 3, 370100000000);
INSERT INTO `zz_area_code` VALUES (370124000000, '', 3, 370100000000);
INSERT INTO `zz_area_code` VALUES (370126000000, '', 3, 370100000000);
INSERT INTO `zz_area_code` VALUES (370171000000, '', 3, 370100000000);
INSERT INTO `zz_area_code` VALUES (370200000000, '', 2, 370000000000);
INSERT INTO `zz_area_code` VALUES (370201000000, '', 3, 370200000000);
INSERT INTO `zz_area_code` VALUES (370202000000, '', 3, 370200000000);
INSERT INTO `zz_area_code` VALUES (370203000000, '', 3, 370200000000);
INSERT INTO `zz_area_code` VALUES (370211000000, '', 3, 370200000000);
INSERT INTO `zz_area_code` VALUES (370212000000, '', 3, 370200000000);
INSERT INTO `zz_area_code` VALUES (370213000000, '', 3, 370200000000);
INSERT INTO `zz_area_code` VALUES (370214000000, '', 3, 370200000000);
INSERT INTO `zz_area_code` VALUES (370215000000, '', 3, 370200000000);
INSERT INTO `zz_area_code` VALUES (370271000000, '', 3, 370200000000);
INSERT INTO `zz_area_code` VALUES (370281000000, '', 3, 370200000000);
INSERT INTO `zz_area_code` VALUES (370283000000, '', 3, 370200000000);
INSERT INTO `zz_area_code` VALUES (370285000000, '', 3, 370200000000);
INSERT INTO `zz_area_code` VALUES (370300000000, '', 2, 370000000000);
INSERT INTO `zz_area_code` VALUES (370301000000, '', 3, 370300000000);
INSERT INTO `zz_area_code` VALUES (370302000000, '', 3, 370300000000);
INSERT INTO `zz_area_code` VALUES (370303000000, '', 3, 370300000000);
INSERT INTO `zz_area_code` VALUES (370304000000, '', 3, 370300000000);
INSERT INTO `zz_area_code` VALUES (370305000000, '', 3, 370300000000);
INSERT INTO `zz_area_code` VALUES (370306000000, '', 3, 370300000000);
INSERT INTO `zz_area_code` VALUES (370321000000, '', 3, 370300000000);
INSERT INTO `zz_area_code` VALUES (370322000000, '', 3, 370300000000);
INSERT INTO `zz_area_code` VALUES (370323000000, '', 3, 370300000000);
INSERT INTO `zz_area_code` VALUES (370400000000, '', 2, 370000000000);
INSERT INTO `zz_area_code` VALUES (370401000000, '', 3, 370400000000);
INSERT INTO `zz_area_code` VALUES (370402000000, '', 3, 370400000000);
INSERT INTO `zz_area_code` VALUES (370403000000, '', 3, 370400000000);
INSERT INTO `zz_area_code` VALUES (370404000000, '', 3, 370400000000);
INSERT INTO `zz_area_code` VALUES (370405000000, '', 3, 370400000000);
INSERT INTO `zz_area_code` VALUES (370406000000, '', 3, 370400000000);
INSERT INTO `zz_area_code` VALUES (370481000000, '', 3, 370400000000);
INSERT INTO `zz_area_code` VALUES (370500000000, '', 2, 370000000000);
INSERT INTO `zz_area_code` VALUES (370501000000, '', 3, 370500000000);
INSERT INTO `zz_area_code` VALUES (370502000000, '', 3, 370500000000);
INSERT INTO `zz_area_code` VALUES (370503000000, '', 3, 370500000000);
INSERT INTO `zz_area_code` VALUES (370505000000, '', 3, 370500000000);
INSERT INTO `zz_area_code` VALUES (370522000000, '', 3, 370500000000);
INSERT INTO `zz_area_code` VALUES (370523000000, '', 3, 370500000000);
INSERT INTO `zz_area_code` VALUES (370571000000, '', 3, 370500000000);
INSERT INTO `zz_area_code` VALUES (370572000000, '', 3, 370500000000);
INSERT INTO `zz_area_code` VALUES (370600000000, '', 2, 370000000000);
INSERT INTO `zz_area_code` VALUES (370601000000, '', 3, 370600000000);
INSERT INTO `zz_area_code` VALUES (370602000000, '', 3, 370600000000);
INSERT INTO `zz_area_code` VALUES (370611000000, '', 3, 370600000000);
INSERT INTO `zz_area_code` VALUES (370612000000, '', 3, 370600000000);
INSERT INTO `zz_area_code` VALUES (370613000000, '', 3, 370600000000);
INSERT INTO `zz_area_code` VALUES (370634000000, '', 3, 370600000000);
INSERT INTO `zz_area_code` VALUES (370671000000, '', 3, 370600000000);
INSERT INTO `zz_area_code` VALUES (370672000000, '', 3, 370600000000);
INSERT INTO `zz_area_code` VALUES (370681000000, '', 3, 370600000000);
INSERT INTO `zz_area_code` VALUES (370682000000, '', 3, 370600000000);
INSERT INTO `zz_area_code` VALUES (370683000000, '', 3, 370600000000);
INSERT INTO `zz_area_code` VALUES (370684000000, '', 3, 370600000000);
INSERT INTO `zz_area_code` VALUES (370685000000, '', 3, 370600000000);
INSERT INTO `zz_area_code` VALUES (370686000000, '', 3, 370600000000);
INSERT INTO `zz_area_code` VALUES (370687000000, '', 3, 370600000000);
INSERT INTO `zz_area_code` VALUES (370700000000, '', 2, 370000000000);
INSERT INTO `zz_area_code` VALUES (370701000000, '', 3, 370700000000);
INSERT INTO `zz_area_code` VALUES (370702000000, '', 3, 370700000000);
INSERT INTO `zz_area_code` VALUES (370703000000, '', 3, 370700000000);
INSERT INTO `zz_area_code` VALUES (370704000000, '', 3, 370700000000);
INSERT INTO `zz_area_code` VALUES (370705000000, '', 3, 370700000000);
INSERT INTO `zz_area_code` VALUES (370724000000, '', 3, 370700000000);
INSERT INTO `zz_area_code` VALUES (370725000000, '', 3, 370700000000);
INSERT INTO `zz_area_code` VALUES (370772000000, '', 3, 370700000000);
INSERT INTO `zz_area_code` VALUES (370781000000, '', 3, 370700000000);
INSERT INTO `zz_area_code` VALUES (370782000000, '', 3, 370700000000);
INSERT INTO `zz_area_code` VALUES (370783000000, '', 3, 370700000000);
INSERT INTO `zz_area_code` VALUES (370784000000, '', 3, 370700000000);
INSERT INTO `zz_area_code` VALUES (370785000000, '', 3, 370700000000);
INSERT INTO `zz_area_code` VALUES (370786000000, '', 3, 370700000000);
INSERT INTO `zz_area_code` VALUES (370800000000, '', 2, 370000000000);
INSERT INTO `zz_area_code` VALUES (370801000000, '', 3, 370800000000);
INSERT INTO `zz_area_code` VALUES (370811000000, '', 3, 370800000000);
INSERT INTO `zz_area_code` VALUES (370812000000, '', 3, 370800000000);
INSERT INTO `zz_area_code` VALUES (370826000000, '', 3, 370800000000);
INSERT INTO `zz_area_code` VALUES (370827000000, '', 3, 370800000000);
INSERT INTO `zz_area_code` VALUES (370828000000, '', 3, 370800000000);
INSERT INTO `zz_area_code` VALUES (370829000000, '', 3, 370800000000);
INSERT INTO `zz_area_code` VALUES (370830000000, '', 3, 370800000000);
INSERT INTO `zz_area_code` VALUES (370831000000, '', 3, 370800000000);
INSERT INTO `zz_area_code` VALUES (370832000000, '', 3, 370800000000);
INSERT INTO `zz_area_code` VALUES (370871000000, '', 3, 370800000000);
INSERT INTO `zz_area_code` VALUES (370881000000, '', 3, 370800000000);
INSERT INTO `zz_area_code` VALUES (370883000000, '', 3, 370800000000);
INSERT INTO `zz_area_code` VALUES (370900000000, '', 2, 370000000000);
INSERT INTO `zz_area_code` VALUES (370901000000, '', 3, 370900000000);
INSERT INTO `zz_area_code` VALUES (370902000000, '', 3, 370900000000);
INSERT INTO `zz_area_code` VALUES (370911000000, '', 3, 370900000000);
INSERT INTO `zz_area_code` VALUES (370921000000, '', 3, 370900000000);
INSERT INTO `zz_area_code` VALUES (370923000000, '', 3, 370900000000);
INSERT INTO `zz_area_code` VALUES (370982000000, '', 3, 370900000000);
INSERT INTO `zz_area_code` VALUES (370983000000, '', 3, 370900000000);
INSERT INTO `zz_area_code` VALUES (371000000000, '', 2, 370000000000);
INSERT INTO `zz_area_code` VALUES (371001000000, '', 3, 371000000000);
INSERT INTO `zz_area_code` VALUES (371002000000, '', 3, 371000000000);
INSERT INTO `zz_area_code` VALUES (371003000000, '', 3, 371000000000);
INSERT INTO `zz_area_code` VALUES (371071000000, '', 3, 371000000000);
INSERT INTO `zz_area_code` VALUES (371072000000, '', 3, 371000000000);
INSERT INTO `zz_area_code` VALUES (371073000000, '', 3, 371000000000);
INSERT INTO `zz_area_code` VALUES (371082000000, '', 3, 371000000000);
INSERT INTO `zz_area_code` VALUES (371083000000, '', 3, 371000000000);
INSERT INTO `zz_area_code` VALUES (371100000000, '', 2, 370000000000);
INSERT INTO `zz_area_code` VALUES (371101000000, '', 3, 371100000000);
INSERT INTO `zz_area_code` VALUES (371102000000, '', 3, 371100000000);
INSERT INTO `zz_area_code` VALUES (371103000000, '', 3, 371100000000);
INSERT INTO `zz_area_code` VALUES (371121000000, '', 3, 371100000000);
INSERT INTO `zz_area_code` VALUES (371122000000, '', 3, 371100000000);
INSERT INTO `zz_area_code` VALUES (371171000000, '', 3, 371100000000);
INSERT INTO `zz_area_code` VALUES (371200000000, '', 2, 370000000000);
INSERT INTO `zz_area_code` VALUES (371201000000, '', 3, 371200000000);
INSERT INTO `zz_area_code` VALUES (371202000000, '', 3, 371200000000);
INSERT INTO `zz_area_code` VALUES (371203000000, '', 3, 371200000000);
INSERT INTO `zz_area_code` VALUES (371300000000, '', 2, 370000000000);
INSERT INTO `zz_area_code` VALUES (371301000000, '', 3, 371300000000);
INSERT INTO `zz_area_code` VALUES (371302000000, '', 3, 371300000000);
INSERT INTO `zz_area_code` VALUES (371311000000, '', 3, 371300000000);
INSERT INTO `zz_area_code` VALUES (371312000000, '', 3, 371300000000);
INSERT INTO `zz_area_code` VALUES (371321000000, '', 3, 371300000000);
INSERT INTO `zz_area_code` VALUES (371322000000, '', 3, 371300000000);
INSERT INTO `zz_area_code` VALUES (371323000000, '', 3, 371300000000);
INSERT INTO `zz_area_code` VALUES (371324000000, '', 3, 371300000000);
INSERT INTO `zz_area_code` VALUES (371325000000, '', 3, 371300000000);
INSERT INTO `zz_area_code` VALUES (371326000000, '', 3, 371300000000);
INSERT INTO `zz_area_code` VALUES (371327000000, '', 3, 371300000000);
INSERT INTO `zz_area_code` VALUES (371328000000, '', 3, 371300000000);
INSERT INTO `zz_area_code` VALUES (371329000000, '', 3, 371300000000);
INSERT INTO `zz_area_code` VALUES (371371000000, '', 3, 371300000000);
INSERT INTO `zz_area_code` VALUES (371372000000, '', 3, 371300000000);
INSERT INTO `zz_area_code` VALUES (371373000000, '', 3, 371300000000);
INSERT INTO `zz_area_code` VALUES (371400000000, '', 2, 370000000000);
INSERT INTO `zz_area_code` VALUES (371401000000, '', 3, 371400000000);
INSERT INTO `zz_area_code` VALUES (371402000000, '', 3, 371400000000);
INSERT INTO `zz_area_code` VALUES (371403000000, '', 3, 371400000000);
INSERT INTO `zz_area_code` VALUES (371422000000, '', 3, 371400000000);
INSERT INTO `zz_area_code` VALUES (371423000000, '', 3, 371400000000);
INSERT INTO `zz_area_code` VALUES (371424000000, '', 3, 371400000000);
INSERT INTO `zz_area_code` VALUES (371425000000, '', 3, 371400000000);
INSERT INTO `zz_area_code` VALUES (371426000000, '', 3, 371400000000);
INSERT INTO `zz_area_code` VALUES (371427000000, '', 3, 371400000000);
INSERT INTO `zz_area_code` VALUES (371428000000, '', 3, 371400000000);
INSERT INTO `zz_area_code` VALUES (371471000000, '', 3, 371400000000);
INSERT INTO `zz_area_code` VALUES (371472000000, '', 3, 371400000000);
INSERT INTO `zz_area_code` VALUES (371481000000, '', 3, 371400000000);
INSERT INTO `zz_area_code` VALUES (371482000000, '', 3, 371400000000);
INSERT INTO `zz_area_code` VALUES (371500000000, '', 2, 370000000000);
INSERT INTO `zz_area_code` VALUES (371501000000, '', 3, 371500000000);
INSERT INTO `zz_area_code` VALUES (371502000000, '', 3, 371500000000);
INSERT INTO `zz_area_code` VALUES (371521000000, '', 3, 371500000000);
INSERT INTO `zz_area_code` VALUES (371522000000, '', 3, 371500000000);
INSERT INTO `zz_area_code` VALUES (371523000000, '', 3, 371500000000);
INSERT INTO `zz_area_code` VALUES (371524000000, '', 3, 371500000000);
INSERT INTO `zz_area_code` VALUES (371525000000, '', 3, 371500000000);
INSERT INTO `zz_area_code` VALUES (371526000000, '', 3, 371500000000);
INSERT INTO `zz_area_code` VALUES (371581000000, '', 3, 371500000000);
INSERT INTO `zz_area_code` VALUES (371600000000, '', 2, 370000000000);
INSERT INTO `zz_area_code` VALUES (371601000000, '', 3, 371600000000);
INSERT INTO `zz_area_code` VALUES (371602000000, '', 3, 371600000000);
INSERT INTO `zz_area_code` VALUES (371603000000, '', 3, 371600000000);
INSERT INTO `zz_area_code` VALUES (371621000000, '', 3, 371600000000);
INSERT INTO `zz_area_code` VALUES (371622000000, '', 3, 371600000000);
INSERT INTO `zz_area_code` VALUES (371623000000, '', 3, 371600000000);
INSERT INTO `zz_area_code` VALUES (371625000000, '', 3, 371600000000);
INSERT INTO `zz_area_code` VALUES (371681000000, '', 3, 371600000000);
INSERT INTO `zz_area_code` VALUES (371700000000, '', 2, 370000000000);
INSERT INTO `zz_area_code` VALUES (371701000000, '', 3, 371700000000);
INSERT INTO `zz_area_code` VALUES (371702000000, '', 3, 371700000000);
INSERT INTO `zz_area_code` VALUES (371703000000, '', 3, 371700000000);
INSERT INTO `zz_area_code` VALUES (371721000000, '', 3, 371700000000);
INSERT INTO `zz_area_code` VALUES (371722000000, '', 3, 371700000000);
INSERT INTO `zz_area_code` VALUES (371723000000, '', 3, 371700000000);
INSERT INTO `zz_area_code` VALUES (371724000000, '', 3, 371700000000);
INSERT INTO `zz_area_code` VALUES (371725000000, '', 3, 371700000000);
INSERT INTO `zz_area_code` VALUES (371726000000, '', 3, 371700000000);
INSERT INTO `zz_area_code` VALUES (371728000000, '', 3, 371700000000);
INSERT INTO `zz_area_code` VALUES (371771000000, '', 3, 371700000000);
INSERT INTO `zz_area_code` VALUES (371772000000, '', 3, 371700000000);
INSERT INTO `zz_area_code` VALUES (410000000000, '', 1, NULL);
INSERT INTO `zz_area_code` VALUES (410100000000, '', 2, 410000000000);
INSERT INTO `zz_area_code` VALUES (410101000000, '', 3, 410100000000);
INSERT INTO `zz_area_code` VALUES (410102000000, '', 3, 410100000000);
INSERT INTO `zz_area_code` VALUES (410103000000, '', 3, 410100000000);
INSERT INTO `zz_area_code` VALUES (410104000000, '', 3, 410100000000);
INSERT INTO `zz_area_code` VALUES (410105000000, '', 3, 410100000000);
INSERT INTO `zz_area_code` VALUES (410106000000, '', 3, 410100000000);
INSERT INTO `zz_area_code` VALUES (410108000000, '', 3, 410100000000);
INSERT INTO `zz_area_code` VALUES (410122000000, '', 3, 410100000000);
INSERT INTO `zz_area_code` VALUES (410171000000, '', 3, 410100000000);
INSERT INTO `zz_area_code` VALUES (410172000000, '', 3, 410100000000);
INSERT INTO `zz_area_code` VALUES (410173000000, '', 3, 410100000000);
INSERT INTO `zz_area_code` VALUES (410181000000, '', 3, 410100000000);
INSERT INTO `zz_area_code` VALUES (410182000000, '', 3, 410100000000);
INSERT INTO `zz_area_code` VALUES (410183000000, '', 3, 410100000000);
INSERT INTO `zz_area_code` VALUES (410184000000, '', 3, 410100000000);
INSERT INTO `zz_area_code` VALUES (410185000000, '', 3, 410100000000);
INSERT INTO `zz_area_code` VALUES (410200000000, '', 2, 410000000000);
INSERT INTO `zz_area_code` VALUES (410201000000, '', 3, 410200000000);
INSERT INTO `zz_area_code` VALUES (410202000000, '', 3, 410200000000);
INSERT INTO `zz_area_code` VALUES (410203000000, '', 3, 410200000000);
INSERT INTO `zz_area_code` VALUES (410204000000, '', 3, 410200000000);
INSERT INTO `zz_area_code` VALUES (410205000000, '', 3, 410200000000);
INSERT INTO `zz_area_code` VALUES (410212000000, '', 3, 410200000000);
INSERT INTO `zz_area_code` VALUES (410221000000, '', 3, 410200000000);
INSERT INTO `zz_area_code` VALUES (410222000000, '', 3, 410200000000);
INSERT INTO `zz_area_code` VALUES (410223000000, '', 3, 410200000000);
INSERT INTO `zz_area_code` VALUES (410225000000, '', 3, 410200000000);
INSERT INTO `zz_area_code` VALUES (410300000000, '', 2, 410000000000);
INSERT INTO `zz_area_code` VALUES (410301000000, '', 3, 410300000000);
INSERT INTO `zz_area_code` VALUES (410302000000, '', 3, 410300000000);
INSERT INTO `zz_area_code` VALUES (410303000000, '', 3, 410300000000);
INSERT INTO `zz_area_code` VALUES (410304000000, '', 3, 410300000000);
INSERT INTO `zz_area_code` VALUES (410305000000, '', 3, 410300000000);
INSERT INTO `zz_area_code` VALUES (410306000000, '', 3, 410300000000);
INSERT INTO `zz_area_code` VALUES (410311000000, '', 3, 410300000000);
INSERT INTO `zz_area_code` VALUES (410322000000, '', 3, 410300000000);
INSERT INTO `zz_area_code` VALUES (410323000000, '', 3, 410300000000);
INSERT INTO `zz_area_code` VALUES (410324000000, '', 3, 410300000000);
INSERT INTO `zz_area_code` VALUES (410325000000, '', 3, 410300000000);
INSERT INTO `zz_area_code` VALUES (410326000000, '', 3, 410300000000);
INSERT INTO `zz_area_code` VALUES (410327000000, '', 3, 410300000000);
INSERT INTO `zz_area_code` VALUES (410328000000, '', 3, 410300000000);
INSERT INTO `zz_area_code` VALUES (410329000000, '', 3, 410300000000);
INSERT INTO `zz_area_code` VALUES (410371000000, '', 3, 410300000000);
INSERT INTO `zz_area_code` VALUES (410381000000, '', 3, 410300000000);
INSERT INTO `zz_area_code` VALUES (410400000000, '', 2, 410000000000);
INSERT INTO `zz_area_code` VALUES (410401000000, '', 3, 410400000000);
INSERT INTO `zz_area_code` VALUES (410402000000, '', 3, 410400000000);
INSERT INTO `zz_area_code` VALUES (410403000000, '', 3, 410400000000);
INSERT INTO `zz_area_code` VALUES (410404000000, '', 3, 410400000000);
INSERT INTO `zz_area_code` VALUES (410411000000, '', 3, 410400000000);
INSERT INTO `zz_area_code` VALUES (410421000000, '', 3, 410400000000);
INSERT INTO `zz_area_code` VALUES (410422000000, '', 3, 410400000000);
INSERT INTO `zz_area_code` VALUES (410423000000, '', 3, 410400000000);
INSERT INTO `zz_area_code` VALUES (410425000000, '', 3, 410400000000);
INSERT INTO `zz_area_code` VALUES (410471000000, '', 3, 410400000000);
INSERT INTO `zz_area_code` VALUES (410472000000, '', 3, 410400000000);
INSERT INTO `zz_area_code` VALUES (410481000000, '', 3, 410400000000);
INSERT INTO `zz_area_code` VALUES (410482000000, '', 3, 410400000000);
INSERT INTO `zz_area_code` VALUES (410500000000, '', 2, 410000000000);
INSERT INTO `zz_area_code` VALUES (410501000000, '', 3, 410500000000);
INSERT INTO `zz_area_code` VALUES (410502000000, '', 3, 410500000000);
INSERT INTO `zz_area_code` VALUES (410503000000, '', 3, 410500000000);
INSERT INTO `zz_area_code` VALUES (410505000000, '', 3, 410500000000);
INSERT INTO `zz_area_code` VALUES (410506000000, '', 3, 410500000000);
INSERT INTO `zz_area_code` VALUES (410522000000, '', 3, 410500000000);
INSERT INTO `zz_area_code` VALUES (410523000000, '', 3, 410500000000);
INSERT INTO `zz_area_code` VALUES (410526000000, '', 3, 410500000000);
INSERT INTO `zz_area_code` VALUES (410527000000, '', 3, 410500000000);
INSERT INTO `zz_area_code` VALUES (410571000000, '', 3, 410500000000);
INSERT INTO `zz_area_code` VALUES (410581000000, '', 3, 410500000000);
INSERT INTO `zz_area_code` VALUES (410600000000, '', 2, 410000000000);
INSERT INTO `zz_area_code` VALUES (410601000000, '', 3, 410600000000);
INSERT INTO `zz_area_code` VALUES (410602000000, '', 3, 410600000000);
INSERT INTO `zz_area_code` VALUES (410603000000, '', 3, 410600000000);
INSERT INTO `zz_area_code` VALUES (410611000000, '', 3, 410600000000);
INSERT INTO `zz_area_code` VALUES (410621000000, '', 3, 410600000000);
INSERT INTO `zz_area_code` VALUES (410622000000, '', 3, 410600000000);
INSERT INTO `zz_area_code` VALUES (410671000000, '', 3, 410600000000);
INSERT INTO `zz_area_code` VALUES (410700000000, '', 2, 410000000000);
INSERT INTO `zz_area_code` VALUES (410701000000, '', 3, 410700000000);
INSERT INTO `zz_area_code` VALUES (410702000000, '', 3, 410700000000);
INSERT INTO `zz_area_code` VALUES (410703000000, '', 3, 410700000000);
INSERT INTO `zz_area_code` VALUES (410704000000, '', 3, 410700000000);
INSERT INTO `zz_area_code` VALUES (410711000000, '', 3, 410700000000);
INSERT INTO `zz_area_code` VALUES (410721000000, '', 3, 410700000000);
INSERT INTO `zz_area_code` VALUES (410724000000, '', 3, 410700000000);
INSERT INTO `zz_area_code` VALUES (410725000000, '', 3, 410700000000);
INSERT INTO `zz_area_code` VALUES (410726000000, '', 3, 410700000000);
INSERT INTO `zz_area_code` VALUES (410727000000, '', 3, 410700000000);
INSERT INTO `zz_area_code` VALUES (410728000000, '', 3, 410700000000);
INSERT INTO `zz_area_code` VALUES (410771000000, '', 3, 410700000000);
INSERT INTO `zz_area_code` VALUES (410772000000, '', 3, 410700000000);
INSERT INTO `zz_area_code` VALUES (410773000000, '', 3, 410700000000);
INSERT INTO `zz_area_code` VALUES (410781000000, '', 3, 410700000000);
INSERT INTO `zz_area_code` VALUES (410782000000, '', 3, 410700000000);
INSERT INTO `zz_area_code` VALUES (410800000000, '', 2, 410000000000);
INSERT INTO `zz_area_code` VALUES (410801000000, '', 3, 410800000000);
INSERT INTO `zz_area_code` VALUES (410802000000, '', 3, 410800000000);
INSERT INTO `zz_area_code` VALUES (410803000000, '', 3, 410800000000);
INSERT INTO `zz_area_code` VALUES (410804000000, '', 3, 410800000000);
INSERT INTO `zz_area_code` VALUES (410811000000, '', 3, 410800000000);
INSERT INTO `zz_area_code` VALUES (410821000000, '', 3, 410800000000);
INSERT INTO `zz_area_code` VALUES (410822000000, '', 3, 410800000000);
INSERT INTO `zz_area_code` VALUES (410823000000, '', 3, 410800000000);
INSERT INTO `zz_area_code` VALUES (410825000000, '', 3, 410800000000);
INSERT INTO `zz_area_code` VALUES (410871000000, '', 3, 410800000000);
INSERT INTO `zz_area_code` VALUES (410882000000, '', 3, 410800000000);
INSERT INTO `zz_area_code` VALUES (410883000000, '', 3, 410800000000);
INSERT INTO `zz_area_code` VALUES (410900000000, '', 2, 410000000000);
INSERT INTO `zz_area_code` VALUES (410901000000, '', 3, 410900000000);
INSERT INTO `zz_area_code` VALUES (410902000000, '', 3, 410900000000);
INSERT INTO `zz_area_code` VALUES (410922000000, '', 3, 410900000000);
INSERT INTO `zz_area_code` VALUES (410923000000, '', 3, 410900000000);
INSERT INTO `zz_area_code` VALUES (410926000000, '', 3, 410900000000);
INSERT INTO `zz_area_code` VALUES (410927000000, '', 3, 410900000000);
INSERT INTO `zz_area_code` VALUES (410928000000, '', 3, 410900000000);
INSERT INTO `zz_area_code` VALUES (410971000000, '', 3, 410900000000);
INSERT INTO `zz_area_code` VALUES (410972000000, '', 3, 410900000000);
INSERT INTO `zz_area_code` VALUES (411000000000, '', 2, 410000000000);
INSERT INTO `zz_area_code` VALUES (411001000000, '', 3, 411000000000);
INSERT INTO `zz_area_code` VALUES (411002000000, '', 3, 411000000000);
INSERT INTO `zz_area_code` VALUES (411003000000, '', 3, 411000000000);
INSERT INTO `zz_area_code` VALUES (411024000000, '', 3, 411000000000);
INSERT INTO `zz_area_code` VALUES (411025000000, '', 3, 411000000000);
INSERT INTO `zz_area_code` VALUES (411071000000, '', 3, 411000000000);
INSERT INTO `zz_area_code` VALUES (411081000000, '', 3, 411000000000);
INSERT INTO `zz_area_code` VALUES (411082000000, '', 3, 411000000000);
INSERT INTO `zz_area_code` VALUES (411100000000, '', 2, 410000000000);
INSERT INTO `zz_area_code` VALUES (411101000000, '', 3, 411100000000);
INSERT INTO `zz_area_code` VALUES (411102000000, '', 3, 411100000000);
INSERT INTO `zz_area_code` VALUES (411103000000, '', 3, 411100000000);
INSERT INTO `zz_area_code` VALUES (411104000000, '', 3, 411100000000);
INSERT INTO `zz_area_code` VALUES (411121000000, '', 3, 411100000000);
INSERT INTO `zz_area_code` VALUES (411122000000, '', 3, 411100000000);
INSERT INTO `zz_area_code` VALUES (411171000000, '', 3, 411100000000);
INSERT INTO `zz_area_code` VALUES (411200000000, '', 2, 410000000000);
INSERT INTO `zz_area_code` VALUES (411201000000, '', 3, 411200000000);
INSERT INTO `zz_area_code` VALUES (411202000000, '', 3, 411200000000);
INSERT INTO `zz_area_code` VALUES (411203000000, '', 3, 411200000000);
INSERT INTO `zz_area_code` VALUES (411221000000, '', 3, 411200000000);
INSERT INTO `zz_area_code` VALUES (411224000000, '', 3, 411200000000);
INSERT INTO `zz_area_code` VALUES (411271000000, '', 3, 411200000000);
INSERT INTO `zz_area_code` VALUES (411281000000, '', 3, 411200000000);
INSERT INTO `zz_area_code` VALUES (411282000000, '', 3, 411200000000);
INSERT INTO `zz_area_code` VALUES (411300000000, '', 2, 410000000000);
INSERT INTO `zz_area_code` VALUES (411301000000, '', 3, 411300000000);
INSERT INTO `zz_area_code` VALUES (411302000000, '', 3, 411300000000);
INSERT INTO `zz_area_code` VALUES (411303000000, '', 3, 411300000000);
INSERT INTO `zz_area_code` VALUES (411321000000, '', 3, 411300000000);
INSERT INTO `zz_area_code` VALUES (411322000000, '', 3, 411300000000);
INSERT INTO `zz_area_code` VALUES (411323000000, '', 3, 411300000000);
INSERT INTO `zz_area_code` VALUES (411324000000, '', 3, 411300000000);
INSERT INTO `zz_area_code` VALUES (411325000000, '', 3, 411300000000);
INSERT INTO `zz_area_code` VALUES (411326000000, '', 3, 411300000000);
INSERT INTO `zz_area_code` VALUES (411327000000, '', 3, 411300000000);
INSERT INTO `zz_area_code` VALUES (411328000000, '', 3, 411300000000);
INSERT INTO `zz_area_code` VALUES (411329000000, '', 3, 411300000000);
INSERT INTO `zz_area_code` VALUES (411330000000, '', 3, 411300000000);
INSERT INTO `zz_area_code` VALUES (411371000000, '', 3, 411300000000);
INSERT INTO `zz_area_code` VALUES (411372000000, '', 3, 411300000000);
INSERT INTO `zz_area_code` VALUES (411381000000, '', 3, 411300000000);
INSERT INTO `zz_area_code` VALUES (411400000000, '', 2, 410000000000);
INSERT INTO `zz_area_code` VALUES (411401000000, '', 3, 411400000000);
INSERT INTO `zz_area_code` VALUES (411402000000, '', 3, 411400000000);
INSERT INTO `zz_area_code` VALUES (411403000000, '', 3, 411400000000);
INSERT INTO `zz_area_code` VALUES (411421000000, '', 3, 411400000000);
INSERT INTO `zz_area_code` VALUES (411422000000, '', 3, 411400000000);
INSERT INTO `zz_area_code` VALUES (411423000000, '', 3, 411400000000);
INSERT INTO `zz_area_code` VALUES (411424000000, '', 3, 411400000000);
INSERT INTO `zz_area_code` VALUES (411425000000, '', 3, 411400000000);
INSERT INTO `zz_area_code` VALUES (411426000000, '', 3, 411400000000);
INSERT INTO `zz_area_code` VALUES (411471000000, '', 3, 411400000000);
INSERT INTO `zz_area_code` VALUES (411472000000, '', 3, 411400000000);
INSERT INTO `zz_area_code` VALUES (411481000000, '', 3, 411400000000);
INSERT INTO `zz_area_code` VALUES (411500000000, '', 2, 410000000000);
INSERT INTO `zz_area_code` VALUES (411501000000, '', 3, 411500000000);
INSERT INTO `zz_area_code` VALUES (411502000000, '', 3, 411500000000);
INSERT INTO `zz_area_code` VALUES (411503000000, '', 3, 411500000000);
INSERT INTO `zz_area_code` VALUES (411521000000, '', 3, 411500000000);
INSERT INTO `zz_area_code` VALUES (411522000000, '', 3, 411500000000);
INSERT INTO `zz_area_code` VALUES (411523000000, '', 3, 411500000000);
INSERT INTO `zz_area_code` VALUES (411524000000, '', 3, 411500000000);
INSERT INTO `zz_area_code` VALUES (411525000000, '', 3, 411500000000);
INSERT INTO `zz_area_code` VALUES (411526000000, '', 3, 411500000000);
INSERT INTO `zz_area_code` VALUES (411527000000, '', 3, 411500000000);
INSERT INTO `zz_area_code` VALUES (411528000000, '', 3, 411500000000);
INSERT INTO `zz_area_code` VALUES (411571000000, '', 3, 411500000000);
INSERT INTO `zz_area_code` VALUES (411600000000, '', 2, 410000000000);
INSERT INTO `zz_area_code` VALUES (411601000000, '', 3, 411600000000);
INSERT INTO `zz_area_code` VALUES (411602000000, '', 3, 411600000000);
INSERT INTO `zz_area_code` VALUES (411621000000, '', 3, 411600000000);
INSERT INTO `zz_area_code` VALUES (411622000000, '', 3, 411600000000);
INSERT INTO `zz_area_code` VALUES (411623000000, '', 3, 411600000000);
INSERT INTO `zz_area_code` VALUES (411624000000, '', 3, 411600000000);
INSERT INTO `zz_area_code` VALUES (411625000000, '', 3, 411600000000);
INSERT INTO `zz_area_code` VALUES (411626000000, '', 3, 411600000000);
INSERT INTO `zz_area_code` VALUES (411627000000, '', 3, 411600000000);
INSERT INTO `zz_area_code` VALUES (411628000000, '', 3, 411600000000);
INSERT INTO `zz_area_code` VALUES (411671000000, '', 3, 411600000000);
INSERT INTO `zz_area_code` VALUES (411681000000, '', 3, 411600000000);
INSERT INTO `zz_area_code` VALUES (411700000000, '', 2, 410000000000);
INSERT INTO `zz_area_code` VALUES (411701000000, '', 3, 411700000000);
INSERT INTO `zz_area_code` VALUES (411702000000, '', 3, 411700000000);
INSERT INTO `zz_area_code` VALUES (411721000000, '', 3, 411700000000);
INSERT INTO `zz_area_code` VALUES (411722000000, '', 3, 411700000000);
INSERT INTO `zz_area_code` VALUES (411723000000, '', 3, 411700000000);
INSERT INTO `zz_area_code` VALUES (411724000000, '', 3, 411700000000);
INSERT INTO `zz_area_code` VALUES (411725000000, '', 3, 411700000000);
INSERT INTO `zz_area_code` VALUES (411726000000, '', 3, 411700000000);
INSERT INTO `zz_area_code` VALUES (411727000000, '', 3, 411700000000);
INSERT INTO `zz_area_code` VALUES (411728000000, '', 3, 411700000000);
INSERT INTO `zz_area_code` VALUES (411729000000, '', 3, 411700000000);
INSERT INTO `zz_area_code` VALUES (411771000000, '', 3, 411700000000);
INSERT INTO `zz_area_code` VALUES (419000000000, '', 2, 410000000000);
INSERT INTO `zz_area_code` VALUES (419001000000, '', 3, 419000000000);
INSERT INTO `zz_area_code` VALUES (420000000000, '', 1, NULL);
INSERT INTO `zz_area_code` VALUES (420100000000, '', 2, 420000000000);
INSERT INTO `zz_area_code` VALUES (420101000000, '', 3, 420100000000);
INSERT INTO `zz_area_code` VALUES (420102000000, '', 3, 420100000000);
INSERT INTO `zz_area_code` VALUES (420103000000, '', 3, 420100000000);
INSERT INTO `zz_area_code` VALUES (420104000000, '', 3, 420100000000);
INSERT INTO `zz_area_code` VALUES (420105000000, '', 3, 420100000000);
INSERT INTO `zz_area_code` VALUES (420106000000, '', 3, 420100000000);
INSERT INTO `zz_area_code` VALUES (420107000000, '', 3, 420100000000);
INSERT INTO `zz_area_code` VALUES (420111000000, '', 3, 420100000000);
INSERT INTO `zz_area_code` VALUES (420112000000, '', 3, 420100000000);
INSERT INTO `zz_area_code` VALUES (420113000000, '', 3, 420100000000);
INSERT INTO `zz_area_code` VALUES (420114000000, '', 3, 420100000000);
INSERT INTO `zz_area_code` VALUES (420115000000, '', 3, 420100000000);
INSERT INTO `zz_area_code` VALUES (420116000000, '', 3, 420100000000);
INSERT INTO `zz_area_code` VALUES (420117000000, '', 3, 420100000000);
INSERT INTO `zz_area_code` VALUES (420200000000, '', 2, 420000000000);
INSERT INTO `zz_area_code` VALUES (420201000000, '', 3, 420200000000);
INSERT INTO `zz_area_code` VALUES (420202000000, '', 3, 420200000000);
INSERT INTO `zz_area_code` VALUES (420203000000, '', 3, 420200000000);
INSERT INTO `zz_area_code` VALUES (420204000000, '', 3, 420200000000);
INSERT INTO `zz_area_code` VALUES (420205000000, '', 3, 420200000000);
INSERT INTO `zz_area_code` VALUES (420222000000, '', 3, 420200000000);
INSERT INTO `zz_area_code` VALUES (420281000000, '', 3, 420200000000);
INSERT INTO `zz_area_code` VALUES (420300000000, '', 2, 420000000000);
INSERT INTO `zz_area_code` VALUES (420301000000, '', 3, 420300000000);
INSERT INTO `zz_area_code` VALUES (420302000000, '', 3, 420300000000);
INSERT INTO `zz_area_code` VALUES (420303000000, '', 3, 420300000000);
INSERT INTO `zz_area_code` VALUES (420304000000, '', 3, 420300000000);
INSERT INTO `zz_area_code` VALUES (420322000000, '', 3, 420300000000);
INSERT INTO `zz_area_code` VALUES (420323000000, '', 3, 420300000000);
INSERT INTO `zz_area_code` VALUES (420324000000, '', 3, 420300000000);
INSERT INTO `zz_area_code` VALUES (420325000000, '', 3, 420300000000);
INSERT INTO `zz_area_code` VALUES (420381000000, '', 3, 420300000000);
INSERT INTO `zz_area_code` VALUES (420500000000, '', 2, 420000000000);
INSERT INTO `zz_area_code` VALUES (420501000000, '', 3, 420500000000);
INSERT INTO `zz_area_code` VALUES (420502000000, '', 3, 420500000000);
INSERT INTO `zz_area_code` VALUES (420503000000, '', 3, 420500000000);
INSERT INTO `zz_area_code` VALUES (420504000000, '', 3, 420500000000);
INSERT INTO `zz_area_code` VALUES (420505000000, '', 3, 420500000000);
INSERT INTO `zz_area_code` VALUES (420506000000, '', 3, 420500000000);
INSERT INTO `zz_area_code` VALUES (420525000000, '', 3, 420500000000);
INSERT INTO `zz_area_code` VALUES (420526000000, '', 3, 420500000000);
INSERT INTO `zz_area_code` VALUES (420527000000, '', 3, 420500000000);
INSERT INTO `zz_area_code` VALUES (420528000000, '', 3, 420500000000);
INSERT INTO `zz_area_code` VALUES (420529000000, '', 3, 420500000000);
INSERT INTO `zz_area_code` VALUES (420581000000, '', 3, 420500000000);
INSERT INTO `zz_area_code` VALUES (420582000000, '', 3, 420500000000);
INSERT INTO `zz_area_code` VALUES (420583000000, '', 3, 420500000000);
INSERT INTO `zz_area_code` VALUES (420600000000, '', 2, 420000000000);
INSERT INTO `zz_area_code` VALUES (420601000000, '', 3, 420600000000);
INSERT INTO `zz_area_code` VALUES (420602000000, '', 3, 420600000000);
INSERT INTO `zz_area_code` VALUES (420606000000, '', 3, 420600000000);
INSERT INTO `zz_area_code` VALUES (420607000000, '', 3, 420600000000);
INSERT INTO `zz_area_code` VALUES (420624000000, '', 3, 420600000000);
INSERT INTO `zz_area_code` VALUES (420625000000, '', 3, 420600000000);
INSERT INTO `zz_area_code` VALUES (420626000000, '', 3, 420600000000);
INSERT INTO `zz_area_code` VALUES (420682000000, '', 3, 420600000000);
INSERT INTO `zz_area_code` VALUES (420683000000, '', 3, 420600000000);
INSERT INTO `zz_area_code` VALUES (420684000000, '', 3, 420600000000);
INSERT INTO `zz_area_code` VALUES (420700000000, '', 2, 420000000000);
INSERT INTO `zz_area_code` VALUES (420701000000, '', 3, 420700000000);
INSERT INTO `zz_area_code` VALUES (420702000000, '', 3, 420700000000);
INSERT INTO `zz_area_code` VALUES (420703000000, '', 3, 420700000000);
INSERT INTO `zz_area_code` VALUES (420704000000, '', 3, 420700000000);
INSERT INTO `zz_area_code` VALUES (420800000000, '', 2, 420000000000);
INSERT INTO `zz_area_code` VALUES (420801000000, '', 3, 420800000000);
INSERT INTO `zz_area_code` VALUES (420802000000, '', 3, 420800000000);
INSERT INTO `zz_area_code` VALUES (420804000000, '', 3, 420800000000);
INSERT INTO `zz_area_code` VALUES (420822000000, '', 3, 420800000000);
INSERT INTO `zz_area_code` VALUES (420881000000, '', 3, 420800000000);
INSERT INTO `zz_area_code` VALUES (420882000000, '', 3, 420800000000);
INSERT INTO `zz_area_code` VALUES (420900000000, '', 2, 420000000000);
INSERT INTO `zz_area_code` VALUES (420901000000, '', 3, 420900000000);
INSERT INTO `zz_area_code` VALUES (420902000000, '', 3, 420900000000);
INSERT INTO `zz_area_code` VALUES (420921000000, '', 3, 420900000000);
INSERT INTO `zz_area_code` VALUES (420922000000, '', 3, 420900000000);
INSERT INTO `zz_area_code` VALUES (420923000000, '', 3, 420900000000);
INSERT INTO `zz_area_code` VALUES (420981000000, '', 3, 420900000000);
INSERT INTO `zz_area_code` VALUES (420982000000, '', 3, 420900000000);
INSERT INTO `zz_area_code` VALUES (420984000000, '', 3, 420900000000);
INSERT INTO `zz_area_code` VALUES (421000000000, '', 2, 420000000000);
INSERT INTO `zz_area_code` VALUES (421001000000, '', 3, 421000000000);
INSERT INTO `zz_area_code` VALUES (421002000000, '', 3, 421000000000);
INSERT INTO `zz_area_code` VALUES (421003000000, '', 3, 421000000000);
INSERT INTO `zz_area_code` VALUES (421022000000, '', 3, 421000000000);
INSERT INTO `zz_area_code` VALUES (421023000000, '', 3, 421000000000);
INSERT INTO `zz_area_code` VALUES (421024000000, '', 3, 421000000000);
INSERT INTO `zz_area_code` VALUES (421071000000, '', 3, 421000000000);
INSERT INTO `zz_area_code` VALUES (421081000000, '', 3, 421000000000);
INSERT INTO `zz_area_code` VALUES (421083000000, '', 3, 421000000000);
INSERT INTO `zz_area_code` VALUES (421087000000, '', 3, 421000000000);
INSERT INTO `zz_area_code` VALUES (421100000000, '', 2, 420000000000);
INSERT INTO `zz_area_code` VALUES (421101000000, '', 3, 421100000000);
INSERT INTO `zz_area_code` VALUES (421102000000, '', 3, 421100000000);
INSERT INTO `zz_area_code` VALUES (421121000000, '', 3, 421100000000);
INSERT INTO `zz_area_code` VALUES (421122000000, '', 3, 421100000000);
INSERT INTO `zz_area_code` VALUES (421123000000, '', 3, 421100000000);
INSERT INTO `zz_area_code` VALUES (421124000000, '', 3, 421100000000);
INSERT INTO `zz_area_code` VALUES (421125000000, '', 3, 421100000000);
INSERT INTO `zz_area_code` VALUES (421126000000, '', 3, 421100000000);
INSERT INTO `zz_area_code` VALUES (421127000000, '', 3, 421100000000);
INSERT INTO `zz_area_code` VALUES (421171000000, '', 3, 421100000000);
INSERT INTO `zz_area_code` VALUES (421181000000, '', 3, 421100000000);
INSERT INTO `zz_area_code` VALUES (421182000000, '', 3, 421100000000);
INSERT INTO `zz_area_code` VALUES (421200000000, '', 2, 420000000000);
INSERT INTO `zz_area_code` VALUES (421201000000, '', 3, 421200000000);
INSERT INTO `zz_area_code` VALUES (421202000000, '', 3, 421200000000);
INSERT INTO `zz_area_code` VALUES (421221000000, '', 3, 421200000000);
INSERT INTO `zz_area_code` VALUES (421222000000, '', 3, 421200000000);
INSERT INTO `zz_area_code` VALUES (421223000000, '', 3, 421200000000);
INSERT INTO `zz_area_code` VALUES (421224000000, '', 3, 421200000000);
INSERT INTO `zz_area_code` VALUES (421281000000, '', 3, 421200000000);
INSERT INTO `zz_area_code` VALUES (421300000000, '', 2, 420000000000);
INSERT INTO `zz_area_code` VALUES (421301000000, '', 3, 421300000000);
INSERT INTO `zz_area_code` VALUES (421303000000, '', 3, 421300000000);
INSERT INTO `zz_area_code` VALUES (421321000000, '', 3, 421300000000);
INSERT INTO `zz_area_code` VALUES (421381000000, '', 3, 421300000000);
INSERT INTO `zz_area_code` VALUES (422800000000, '', 2, 420000000000);
INSERT INTO `zz_area_code` VALUES (422801000000, '', 3, 422800000000);
INSERT INTO `zz_area_code` VALUES (422802000000, '', 3, 422800000000);
INSERT INTO `zz_area_code` VALUES (422822000000, '', 3, 422800000000);
INSERT INTO `zz_area_code` VALUES (422823000000, '', 3, 422800000000);
INSERT INTO `zz_area_code` VALUES (422825000000, '', 3, 422800000000);
INSERT INTO `zz_area_code` VALUES (422826000000, '', 3, 422800000000);
INSERT INTO `zz_area_code` VALUES (422827000000, '', 3, 422800000000);
INSERT INTO `zz_area_code` VALUES (422828000000, '', 3, 422800000000);
INSERT INTO `zz_area_code` VALUES (429000000000, '', 2, 420000000000);
INSERT INTO `zz_area_code` VALUES (429004000000, '', 3, 429000000000);
INSERT INTO `zz_area_code` VALUES (429005000000, '', 3, 429000000000);
INSERT INTO `zz_area_code` VALUES (429006000000, '', 3, 429000000000);
INSERT INTO `zz_area_code` VALUES (429021000000, '', 3, 429000000000);
INSERT INTO `zz_area_code` VALUES (430000000000, '', 1, NULL);
INSERT INTO `zz_area_code` VALUES (430100000000, '', 2, 430000000000);
INSERT INTO `zz_area_code` VALUES (430101000000, '', 3, 430100000000);
INSERT INTO `zz_area_code` VALUES (430102000000, '', 3, 430100000000);
INSERT INTO `zz_area_code` VALUES (430103000000, '', 3, 430100000000);
INSERT INTO `zz_area_code` VALUES (430104000000, '', 3, 430100000000);
INSERT INTO `zz_area_code` VALUES (430105000000, '', 3, 430100000000);
INSERT INTO `zz_area_code` VALUES (430111000000, '', 3, 430100000000);
INSERT INTO `zz_area_code` VALUES (430112000000, '', 3, 430100000000);
INSERT INTO `zz_area_code` VALUES (430121000000, '', 3, 430100000000);
INSERT INTO `zz_area_code` VALUES (430181000000, '', 3, 430100000000);
INSERT INTO `zz_area_code` VALUES (430182000000, '', 3, 430100000000);
INSERT INTO `zz_area_code` VALUES (430200000000, '', 2, 430000000000);
INSERT INTO `zz_area_code` VALUES (430201000000, '', 3, 430200000000);
INSERT INTO `zz_area_code` VALUES (430202000000, '', 3, 430200000000);
INSERT INTO `zz_area_code` VALUES (430203000000, '', 3, 430200000000);
INSERT INTO `zz_area_code` VALUES (430204000000, '', 3, 430200000000);
INSERT INTO `zz_area_code` VALUES (430211000000, '', 3, 430200000000);
INSERT INTO `zz_area_code` VALUES (430212000000, '', 3, 430200000000);
INSERT INTO `zz_area_code` VALUES (430223000000, '', 3, 430200000000);
INSERT INTO `zz_area_code` VALUES (430224000000, '', 3, 430200000000);
INSERT INTO `zz_area_code` VALUES (430225000000, '', 3, 430200000000);
INSERT INTO `zz_area_code` VALUES (430271000000, '', 3, 430200000000);
INSERT INTO `zz_area_code` VALUES (430281000000, '', 3, 430200000000);
INSERT INTO `zz_area_code` VALUES (430300000000, '', 2, 430000000000);
INSERT INTO `zz_area_code` VALUES (430301000000, '', 3, 430300000000);
INSERT INTO `zz_area_code` VALUES (430302000000, '', 3, 430300000000);
INSERT INTO `zz_area_code` VALUES (430304000000, '', 3, 430300000000);
INSERT INTO `zz_area_code` VALUES (430321000000, '', 3, 430300000000);
INSERT INTO `zz_area_code` VALUES (430371000000, '', 3, 430300000000);
INSERT INTO `zz_area_code` VALUES (430372000000, '', 3, 430300000000);
INSERT INTO `zz_area_code` VALUES (430373000000, '', 3, 430300000000);
INSERT INTO `zz_area_code` VALUES (430381000000, '', 3, 430300000000);
INSERT INTO `zz_area_code` VALUES (430382000000, '', 3, 430300000000);
INSERT INTO `zz_area_code` VALUES (430400000000, '', 2, 430000000000);
INSERT INTO `zz_area_code` VALUES (430401000000, '', 3, 430400000000);
INSERT INTO `zz_area_code` VALUES (430405000000, '', 3, 430400000000);
INSERT INTO `zz_area_code` VALUES (430406000000, '', 3, 430400000000);
INSERT INTO `zz_area_code` VALUES (430407000000, '', 3, 430400000000);
INSERT INTO `zz_area_code` VALUES (430408000000, '', 3, 430400000000);
INSERT INTO `zz_area_code` VALUES (430412000000, '', 3, 430400000000);
INSERT INTO `zz_area_code` VALUES (430421000000, '', 3, 430400000000);
INSERT INTO `zz_area_code` VALUES (430422000000, '', 3, 430400000000);
INSERT INTO `zz_area_code` VALUES (430423000000, '', 3, 430400000000);
INSERT INTO `zz_area_code` VALUES (430424000000, '', 3, 430400000000);
INSERT INTO `zz_area_code` VALUES (430426000000, '', 3, 430400000000);
INSERT INTO `zz_area_code` VALUES (430471000000, '', 3, 430400000000);
INSERT INTO `zz_area_code` VALUES (430472000000, '', 3, 430400000000);
INSERT INTO `zz_area_code` VALUES (430473000000, '', 3, 430400000000);
INSERT INTO `zz_area_code` VALUES (430481000000, '', 3, 430400000000);
INSERT INTO `zz_area_code` VALUES (430482000000, '', 3, 430400000000);
INSERT INTO `zz_area_code` VALUES (430500000000, '', 2, 430000000000);
INSERT INTO `zz_area_code` VALUES (430501000000, '', 3, 430500000000);
INSERT INTO `zz_area_code` VALUES (430502000000, '', 3, 430500000000);
INSERT INTO `zz_area_code` VALUES (430503000000, '', 3, 430500000000);
INSERT INTO `zz_area_code` VALUES (430511000000, '', 3, 430500000000);
INSERT INTO `zz_area_code` VALUES (430521000000, '', 3, 430500000000);
INSERT INTO `zz_area_code` VALUES (430522000000, '', 3, 430500000000);
INSERT INTO `zz_area_code` VALUES (430523000000, '', 3, 430500000000);
INSERT INTO `zz_area_code` VALUES (430524000000, '', 3, 430500000000);
INSERT INTO `zz_area_code` VALUES (430525000000, '', 3, 430500000000);
INSERT INTO `zz_area_code` VALUES (430527000000, '', 3, 430500000000);
INSERT INTO `zz_area_code` VALUES (430528000000, '', 3, 430500000000);
INSERT INTO `zz_area_code` VALUES (430529000000, '', 3, 430500000000);
INSERT INTO `zz_area_code` VALUES (430581000000, '', 3, 430500000000);
INSERT INTO `zz_area_code` VALUES (430600000000, '', 2, 430000000000);
INSERT INTO `zz_area_code` VALUES (430601000000, '', 3, 430600000000);
INSERT INTO `zz_area_code` VALUES (430602000000, '', 3, 430600000000);
INSERT INTO `zz_area_code` VALUES (430603000000, '', 3, 430600000000);
INSERT INTO `zz_area_code` VALUES (430611000000, '', 3, 430600000000);
INSERT INTO `zz_area_code` VALUES (430621000000, '', 3, 430600000000);
INSERT INTO `zz_area_code` VALUES (430623000000, '', 3, 430600000000);
INSERT INTO `zz_area_code` VALUES (430624000000, '', 3, 430600000000);
INSERT INTO `zz_area_code` VALUES (430626000000, '', 3, 430600000000);
INSERT INTO `zz_area_code` VALUES (430671000000, '', 3, 430600000000);
INSERT INTO `zz_area_code` VALUES (430681000000, '', 3, 430600000000);
INSERT INTO `zz_area_code` VALUES (430682000000, '', 3, 430600000000);
INSERT INTO `zz_area_code` VALUES (430700000000, '', 2, 430000000000);
INSERT INTO `zz_area_code` VALUES (430701000000, '', 3, 430700000000);
INSERT INTO `zz_area_code` VALUES (430702000000, '', 3, 430700000000);
INSERT INTO `zz_area_code` VALUES (430703000000, '', 3, 430700000000);
INSERT INTO `zz_area_code` VALUES (430721000000, '', 3, 430700000000);
INSERT INTO `zz_area_code` VALUES (430722000000, '', 3, 430700000000);
INSERT INTO `zz_area_code` VALUES (430723000000, '', 3, 430700000000);
INSERT INTO `zz_area_code` VALUES (430724000000, '', 3, 430700000000);
INSERT INTO `zz_area_code` VALUES (430725000000, '', 3, 430700000000);
INSERT INTO `zz_area_code` VALUES (430726000000, '', 3, 430700000000);
INSERT INTO `zz_area_code` VALUES (430771000000, '', 3, 430700000000);
INSERT INTO `zz_area_code` VALUES (430781000000, '', 3, 430700000000);
INSERT INTO `zz_area_code` VALUES (430800000000, '', 2, 430000000000);
INSERT INTO `zz_area_code` VALUES (430801000000, '', 3, 430800000000);
INSERT INTO `zz_area_code` VALUES (430802000000, '', 3, 430800000000);
INSERT INTO `zz_area_code` VALUES (430811000000, '', 3, 430800000000);
INSERT INTO `zz_area_code` VALUES (430821000000, '', 3, 430800000000);
INSERT INTO `zz_area_code` VALUES (430822000000, '', 3, 430800000000);
INSERT INTO `zz_area_code` VALUES (430900000000, '', 2, 430000000000);
INSERT INTO `zz_area_code` VALUES (430901000000, '', 3, 430900000000);
INSERT INTO `zz_area_code` VALUES (430902000000, '', 3, 430900000000);
INSERT INTO `zz_area_code` VALUES (430903000000, '', 3, 430900000000);
INSERT INTO `zz_area_code` VALUES (430921000000, '', 3, 430900000000);
INSERT INTO `zz_area_code` VALUES (430922000000, '', 3, 430900000000);
INSERT INTO `zz_area_code` VALUES (430923000000, '', 3, 430900000000);
INSERT INTO `zz_area_code` VALUES (430971000000, '', 3, 430900000000);
INSERT INTO `zz_area_code` VALUES (430972000000, '', 3, 430900000000);
INSERT INTO `zz_area_code` VALUES (430981000000, '', 3, 430900000000);
INSERT INTO `zz_area_code` VALUES (431000000000, '', 2, 430000000000);
INSERT INTO `zz_area_code` VALUES (431001000000, '', 3, 431000000000);
INSERT INTO `zz_area_code` VALUES (431002000000, '', 3, 431000000000);
INSERT INTO `zz_area_code` VALUES (431003000000, '', 3, 431000000000);
INSERT INTO `zz_area_code` VALUES (431021000000, '', 3, 431000000000);
INSERT INTO `zz_area_code` VALUES (431022000000, '', 3, 431000000000);
INSERT INTO `zz_area_code` VALUES (431023000000, '', 3, 431000000000);
INSERT INTO `zz_area_code` VALUES (431024000000, '', 3, 431000000000);
INSERT INTO `zz_area_code` VALUES (431025000000, '', 3, 431000000000);
INSERT INTO `zz_area_code` VALUES (431026000000, '', 3, 431000000000);
INSERT INTO `zz_area_code` VALUES (431027000000, '', 3, 431000000000);
INSERT INTO `zz_area_code` VALUES (431028000000, '', 3, 431000000000);
INSERT INTO `zz_area_code` VALUES (431081000000, '', 3, 431000000000);
INSERT INTO `zz_area_code` VALUES (431100000000, '', 2, 430000000000);
INSERT INTO `zz_area_code` VALUES (431101000000, '', 3, 431100000000);
INSERT INTO `zz_area_code` VALUES (431102000000, '', 3, 431100000000);
INSERT INTO `zz_area_code` VALUES (431103000000, '', 3, 431100000000);
INSERT INTO `zz_area_code` VALUES (431121000000, '', 3, 431100000000);
INSERT INTO `zz_area_code` VALUES (431122000000, '', 3, 431100000000);
INSERT INTO `zz_area_code` VALUES (431123000000, '', 3, 431100000000);
INSERT INTO `zz_area_code` VALUES (431124000000, '', 3, 431100000000);
INSERT INTO `zz_area_code` VALUES (431125000000, '', 3, 431100000000);
INSERT INTO `zz_area_code` VALUES (431126000000, '', 3, 431100000000);
INSERT INTO `zz_area_code` VALUES (431127000000, '', 3, 431100000000);
INSERT INTO `zz_area_code` VALUES (431128000000, '', 3, 431100000000);
INSERT INTO `zz_area_code` VALUES (431129000000, '', 3, 431100000000);
INSERT INTO `zz_area_code` VALUES (431171000000, '', 3, 431100000000);
INSERT INTO `zz_area_code` VALUES (431172000000, '', 3, 431100000000);
INSERT INTO `zz_area_code` VALUES (431173000000, '', 3, 431100000000);
INSERT INTO `zz_area_code` VALUES (431200000000, '', 2, 430000000000);
INSERT INTO `zz_area_code` VALUES (431201000000, '', 3, 431200000000);
INSERT INTO `zz_area_code` VALUES (431202000000, '', 3, 431200000000);
INSERT INTO `zz_area_code` VALUES (431221000000, '', 3, 431200000000);
INSERT INTO `zz_area_code` VALUES (431222000000, '', 3, 431200000000);
INSERT INTO `zz_area_code` VALUES (431223000000, '', 3, 431200000000);
INSERT INTO `zz_area_code` VALUES (431224000000, '', 3, 431200000000);
INSERT INTO `zz_area_code` VALUES (431225000000, '', 3, 431200000000);
INSERT INTO `zz_area_code` VALUES (431226000000, '', 3, 431200000000);
INSERT INTO `zz_area_code` VALUES (431227000000, '', 3, 431200000000);
INSERT INTO `zz_area_code` VALUES (431228000000, '', 3, 431200000000);
INSERT INTO `zz_area_code` VALUES (431229000000, '', 3, 431200000000);
INSERT INTO `zz_area_code` VALUES (431230000000, '', 3, 431200000000);
INSERT INTO `zz_area_code` VALUES (431271000000, '', 3, 431200000000);
INSERT INTO `zz_area_code` VALUES (431281000000, '', 3, 431200000000);
INSERT INTO `zz_area_code` VALUES (431300000000, '', 2, 430000000000);
INSERT INTO `zz_area_code` VALUES (431301000000, '', 3, 431300000000);
INSERT INTO `zz_area_code` VALUES (431302000000, '', 3, 431300000000);
INSERT INTO `zz_area_code` VALUES (431321000000, '', 3, 431300000000);
INSERT INTO `zz_area_code` VALUES (431322000000, '', 3, 431300000000);
INSERT INTO `zz_area_code` VALUES (431381000000, '', 3, 431300000000);
INSERT INTO `zz_area_code` VALUES (431382000000, '', 3, 431300000000);
INSERT INTO `zz_area_code` VALUES (433100000000, '', 2, 430000000000);
INSERT INTO `zz_area_code` VALUES (433101000000, '', 3, 433100000000);
INSERT INTO `zz_area_code` VALUES (433122000000, '', 3, 433100000000);
INSERT INTO `zz_area_code` VALUES (433123000000, '', 3, 433100000000);
INSERT INTO `zz_area_code` VALUES (433124000000, '', 3, 433100000000);
INSERT INTO `zz_area_code` VALUES (433125000000, '', 3, 433100000000);
INSERT INTO `zz_area_code` VALUES (433126000000, '', 3, 433100000000);
INSERT INTO `zz_area_code` VALUES (433127000000, '', 3, 433100000000);
INSERT INTO `zz_area_code` VALUES (433130000000, '', 3, 433100000000);
INSERT INTO `zz_area_code` VALUES (433172000000, '', 3, 433100000000);
INSERT INTO `zz_area_code` VALUES (433173000000, '', 3, 433100000000);
INSERT INTO `zz_area_code` VALUES (440000000000, '', 1, NULL);
INSERT INTO `zz_area_code` VALUES (440100000000, '', 2, 440000000000);
INSERT INTO `zz_area_code` VALUES (440101000000, '', 3, 440100000000);
INSERT INTO `zz_area_code` VALUES (440103000000, '', 3, 440100000000);
INSERT INTO `zz_area_code` VALUES (440104000000, '', 3, 440100000000);
INSERT INTO `zz_area_code` VALUES (440105000000, '', 3, 440100000000);
INSERT INTO `zz_area_code` VALUES (440106000000, '', 3, 440100000000);
INSERT INTO `zz_area_code` VALUES (440111000000, '', 3, 440100000000);
INSERT INTO `zz_area_code` VALUES (440112000000, '', 3, 440100000000);
INSERT INTO `zz_area_code` VALUES (440113000000, '', 3, 440100000000);
INSERT INTO `zz_area_code` VALUES (440114000000, '', 3, 440100000000);
INSERT INTO `zz_area_code` VALUES (440115000000, '', 3, 440100000000);
INSERT INTO `zz_area_code` VALUES (440117000000, '', 3, 440100000000);
INSERT INTO `zz_area_code` VALUES (440118000000, '', 3, 440100000000);
INSERT INTO `zz_area_code` VALUES (440200000000, '', 2, 440000000000);
INSERT INTO `zz_area_code` VALUES (440201000000, '', 3, 440200000000);
INSERT INTO `zz_area_code` VALUES (440203000000, '', 3, 440200000000);
INSERT INTO `zz_area_code` VALUES (440204000000, '', 3, 440200000000);
INSERT INTO `zz_area_code` VALUES (440205000000, '', 3, 440200000000);
INSERT INTO `zz_area_code` VALUES (440222000000, '', 3, 440200000000);
INSERT INTO `zz_area_code` VALUES (440224000000, '', 3, 440200000000);
INSERT INTO `zz_area_code` VALUES (440229000000, '', 3, 440200000000);
INSERT INTO `zz_area_code` VALUES (440232000000, '', 3, 440200000000);
INSERT INTO `zz_area_code` VALUES (440233000000, '', 3, 440200000000);
INSERT INTO `zz_area_code` VALUES (440281000000, '', 3, 440200000000);
INSERT INTO `zz_area_code` VALUES (440282000000, '', 3, 440200000000);
INSERT INTO `zz_area_code` VALUES (440300000000, '', 2, 440000000000);
INSERT INTO `zz_area_code` VALUES (440301000000, '', 3, 440300000000);
INSERT INTO `zz_area_code` VALUES (440303000000, '', 3, 440300000000);
INSERT INTO `zz_area_code` VALUES (440304000000, '', 3, 440300000000);
INSERT INTO `zz_area_code` VALUES (440305000000, '', 3, 440300000000);
INSERT INTO `zz_area_code` VALUES (440306000000, '', 3, 440300000000);
INSERT INTO `zz_area_code` VALUES (440307000000, '', 3, 440300000000);
INSERT INTO `zz_area_code` VALUES (440308000000, '', 3, 440300000000);
INSERT INTO `zz_area_code` VALUES (440309000000, '', 3, 440300000000);
INSERT INTO `zz_area_code` VALUES (440310000000, '', 3, 440300000000);
INSERT INTO `zz_area_code` VALUES (440311000000, '', 3, 440300000000);
INSERT INTO `zz_area_code` VALUES (440400000000, '', 2, 440000000000);
INSERT INTO `zz_area_code` VALUES (440401000000, '', 3, 440400000000);
INSERT INTO `zz_area_code` VALUES (440402000000, '', 3, 440400000000);
INSERT INTO `zz_area_code` VALUES (440403000000, '', 3, 440400000000);
INSERT INTO `zz_area_code` VALUES (440404000000, '', 3, 440400000000);
INSERT INTO `zz_area_code` VALUES (440500000000, '', 2, 440000000000);
INSERT INTO `zz_area_code` VALUES (440501000000, '', 3, 440500000000);
INSERT INTO `zz_area_code` VALUES (440507000000, '', 3, 440500000000);
INSERT INTO `zz_area_code` VALUES (440511000000, '', 3, 440500000000);
INSERT INTO `zz_area_code` VALUES (440512000000, '', 3, 440500000000);
INSERT INTO `zz_area_code` VALUES (440513000000, '', 3, 440500000000);
INSERT INTO `zz_area_code` VALUES (440514000000, '', 3, 440500000000);
INSERT INTO `zz_area_code` VALUES (440515000000, '', 3, 440500000000);
INSERT INTO `zz_area_code` VALUES (440523000000, '', 3, 440500000000);
INSERT INTO `zz_area_code` VALUES (440600000000, '', 2, 440000000000);
INSERT INTO `zz_area_code` VALUES (440601000000, '', 3, 440600000000);
INSERT INTO `zz_area_code` VALUES (440604000000, '', 3, 440600000000);
INSERT INTO `zz_area_code` VALUES (440605000000, '', 3, 440600000000);
INSERT INTO `zz_area_code` VALUES (440606000000, '', 3, 440600000000);
INSERT INTO `zz_area_code` VALUES (440607000000, '', 3, 440600000000);
INSERT INTO `zz_area_code` VALUES (440608000000, '', 3, 440600000000);
INSERT INTO `zz_area_code` VALUES (440700000000, '', 2, 440000000000);
INSERT INTO `zz_area_code` VALUES (440701000000, '', 3, 440700000000);
INSERT INTO `zz_area_code` VALUES (440703000000, '', 3, 440700000000);
INSERT INTO `zz_area_code` VALUES (440704000000, '', 3, 440700000000);
INSERT INTO `zz_area_code` VALUES (440705000000, '', 3, 440700000000);
INSERT INTO `zz_area_code` VALUES (440781000000, '', 3, 440700000000);
INSERT INTO `zz_area_code` VALUES (440783000000, '', 3, 440700000000);
INSERT INTO `zz_area_code` VALUES (440784000000, '', 3, 440700000000);
INSERT INTO `zz_area_code` VALUES (440785000000, '', 3, 440700000000);
INSERT INTO `zz_area_code` VALUES (440800000000, '', 2, 440000000000);
INSERT INTO `zz_area_code` VALUES (440801000000, '', 3, 440800000000);
INSERT INTO `zz_area_code` VALUES (440802000000, '', 3, 440800000000);
INSERT INTO `zz_area_code` VALUES (440803000000, '', 3, 440800000000);
INSERT INTO `zz_area_code` VALUES (440804000000, '', 3, 440800000000);
INSERT INTO `zz_area_code` VALUES (440811000000, '', 3, 440800000000);
INSERT INTO `zz_area_code` VALUES (440823000000, '', 3, 440800000000);
INSERT INTO `zz_area_code` VALUES (440825000000, '', 3, 440800000000);
INSERT INTO `zz_area_code` VALUES (440881000000, '', 3, 440800000000);
INSERT INTO `zz_area_code` VALUES (440882000000, '', 3, 440800000000);
INSERT INTO `zz_area_code` VALUES (440883000000, '', 3, 440800000000);
INSERT INTO `zz_area_code` VALUES (440900000000, '', 2, 440000000000);
INSERT INTO `zz_area_code` VALUES (440901000000, '', 3, 440900000000);
INSERT INTO `zz_area_code` VALUES (440902000000, '', 3, 440900000000);
INSERT INTO `zz_area_code` VALUES (440904000000, '', 3, 440900000000);
INSERT INTO `zz_area_code` VALUES (440981000000, '', 3, 440900000000);
INSERT INTO `zz_area_code` VALUES (440982000000, '', 3, 440900000000);
INSERT INTO `zz_area_code` VALUES (440983000000, '', 3, 440900000000);
INSERT INTO `zz_area_code` VALUES (441200000000, '', 2, 440000000000);
INSERT INTO `zz_area_code` VALUES (441201000000, '', 3, 441200000000);
INSERT INTO `zz_area_code` VALUES (441202000000, '', 3, 441200000000);
INSERT INTO `zz_area_code` VALUES (441203000000, '', 3, 441200000000);
INSERT INTO `zz_area_code` VALUES (441204000000, '', 3, 441200000000);
INSERT INTO `zz_area_code` VALUES (441223000000, '', 3, 441200000000);
INSERT INTO `zz_area_code` VALUES (441224000000, '', 3, 441200000000);
INSERT INTO `zz_area_code` VALUES (441225000000, '', 3, 441200000000);
INSERT INTO `zz_area_code` VALUES (441226000000, '', 3, 441200000000);
INSERT INTO `zz_area_code` VALUES (441284000000, '', 3, 441200000000);
INSERT INTO `zz_area_code` VALUES (441300000000, '', 2, 440000000000);
INSERT INTO `zz_area_code` VALUES (441301000000, '', 3, 441300000000);
INSERT INTO `zz_area_code` VALUES (441302000000, '', 3, 441300000000);
INSERT INTO `zz_area_code` VALUES (441303000000, '', 3, 441300000000);
INSERT INTO `zz_area_code` VALUES (441322000000, '', 3, 441300000000);
INSERT INTO `zz_area_code` VALUES (441323000000, '', 3, 441300000000);
INSERT INTO `zz_area_code` VALUES (441324000000, '', 3, 441300000000);
INSERT INTO `zz_area_code` VALUES (441400000000, '', 2, 440000000000);
INSERT INTO `zz_area_code` VALUES (441401000000, '', 3, 441400000000);
INSERT INTO `zz_area_code` VALUES (441402000000, '', 3, 441400000000);
INSERT INTO `zz_area_code` VALUES (441403000000, '', 3, 441400000000);
INSERT INTO `zz_area_code` VALUES (441422000000, '', 3, 441400000000);
INSERT INTO `zz_area_code` VALUES (441423000000, '', 3, 441400000000);
INSERT INTO `zz_area_code` VALUES (441424000000, '', 3, 441400000000);
INSERT INTO `zz_area_code` VALUES (441426000000, '', 3, 441400000000);
INSERT INTO `zz_area_code` VALUES (441427000000, '', 3, 441400000000);
INSERT INTO `zz_area_code` VALUES (441481000000, '', 3, 441400000000);
INSERT INTO `zz_area_code` VALUES (441500000000, '', 2, 440000000000);
INSERT INTO `zz_area_code` VALUES (441501000000, '', 3, 441500000000);
INSERT INTO `zz_area_code` VALUES (441502000000, '', 3, 441500000000);
INSERT INTO `zz_area_code` VALUES (441521000000, '', 3, 441500000000);
INSERT INTO `zz_area_code` VALUES (441523000000, '', 3, 441500000000);
INSERT INTO `zz_area_code` VALUES (441581000000, '', 3, 441500000000);
INSERT INTO `zz_area_code` VALUES (441600000000, '', 2, 440000000000);
INSERT INTO `zz_area_code` VALUES (441601000000, '', 3, 441600000000);
INSERT INTO `zz_area_code` VALUES (441602000000, '', 3, 441600000000);
INSERT INTO `zz_area_code` VALUES (441621000000, '', 3, 441600000000);
INSERT INTO `zz_area_code` VALUES (441622000000, '', 3, 441600000000);
INSERT INTO `zz_area_code` VALUES (441623000000, '', 3, 441600000000);
INSERT INTO `zz_area_code` VALUES (441624000000, '', 3, 441600000000);
INSERT INTO `zz_area_code` VALUES (441625000000, '', 3, 441600000000);
INSERT INTO `zz_area_code` VALUES (441700000000, '', 2, 440000000000);
INSERT INTO `zz_area_code` VALUES (441701000000, '', 3, 441700000000);
INSERT INTO `zz_area_code` VALUES (441702000000, '', 3, 441700000000);
INSERT INTO `zz_area_code` VALUES (441704000000, '', 3, 441700000000);
INSERT INTO `zz_area_code` VALUES (441721000000, '', 3, 441700000000);
INSERT INTO `zz_area_code` VALUES (441781000000, '', 3, 441700000000);
INSERT INTO `zz_area_code` VALUES (441800000000, '', 2, 440000000000);
INSERT INTO `zz_area_code` VALUES (441801000000, '', 3, 441800000000);
INSERT INTO `zz_area_code` VALUES (441802000000, '', 3, 441800000000);
INSERT INTO `zz_area_code` VALUES (441803000000, '', 3, 441800000000);
INSERT INTO `zz_area_code` VALUES (441821000000, '', 3, 441800000000);
INSERT INTO `zz_area_code` VALUES (441823000000, '', 3, 441800000000);
INSERT INTO `zz_area_code` VALUES (441825000000, '', 3, 441800000000);
INSERT INTO `zz_area_code` VALUES (441826000000, '', 3, 441800000000);
INSERT INTO `zz_area_code` VALUES (441881000000, '', 3, 441800000000);
INSERT INTO `zz_area_code` VALUES (441882000000, '', 3, 441800000000);
INSERT INTO `zz_area_code` VALUES (441900000000, '', 2, 440000000000);
INSERT INTO `zz_area_code` VALUES (442000000000, '', 2, 440000000000);
INSERT INTO `zz_area_code` VALUES (445100000000, '', 2, 440000000000);
INSERT INTO `zz_area_code` VALUES (445101000000, '', 3, 445100000000);
INSERT INTO `zz_area_code` VALUES (445102000000, '', 3, 445100000000);
INSERT INTO `zz_area_code` VALUES (445103000000, '', 3, 445100000000);
INSERT INTO `zz_area_code` VALUES (445122000000, '', 3, 445100000000);
INSERT INTO `zz_area_code` VALUES (445200000000, '', 2, 440000000000);
INSERT INTO `zz_area_code` VALUES (445201000000, '', 3, 445200000000);
INSERT INTO `zz_area_code` VALUES (445202000000, '', 3, 445200000000);
INSERT INTO `zz_area_code` VALUES (445203000000, '', 3, 445200000000);
INSERT INTO `zz_area_code` VALUES (445222000000, '', 3, 445200000000);
INSERT INTO `zz_area_code` VALUES (445224000000, '', 3, 445200000000);
INSERT INTO `zz_area_code` VALUES (445281000000, '', 3, 445200000000);
INSERT INTO `zz_area_code` VALUES (445300000000, '', 2, 440000000000);
INSERT INTO `zz_area_code` VALUES (445301000000, '', 3, 445300000000);
INSERT INTO `zz_area_code` VALUES (445302000000, '', 3, 445300000000);
INSERT INTO `zz_area_code` VALUES (445303000000, '', 3, 445300000000);
INSERT INTO `zz_area_code` VALUES (445321000000, '', 3, 445300000000);
INSERT INTO `zz_area_code` VALUES (445322000000, '', 3, 445300000000);
INSERT INTO `zz_area_code` VALUES (445381000000, '', 3, 445300000000);
INSERT INTO `zz_area_code` VALUES (450000000000, '', 1, NULL);
INSERT INTO `zz_area_code` VALUES (450100000000, '', 2, 450000000000);
INSERT INTO `zz_area_code` VALUES (450101000000, '', 3, 450100000000);
INSERT INTO `zz_area_code` VALUES (450102000000, '', 3, 450100000000);
INSERT INTO `zz_area_code` VALUES (450103000000, '', 3, 450100000000);
INSERT INTO `zz_area_code` VALUES (450105000000, '', 3, 450100000000);
INSERT INTO `zz_area_code` VALUES (450107000000, '', 3, 450100000000);
INSERT INTO `zz_area_code` VALUES (450108000000, '', 3, 450100000000);
INSERT INTO `zz_area_code` VALUES (450109000000, '', 3, 450100000000);
INSERT INTO `zz_area_code` VALUES (450110000000, '', 3, 450100000000);
INSERT INTO `zz_area_code` VALUES (450123000000, '', 3, 450100000000);
INSERT INTO `zz_area_code` VALUES (450124000000, '', 3, 450100000000);
INSERT INTO `zz_area_code` VALUES (450125000000, '', 3, 450100000000);
INSERT INTO `zz_area_code` VALUES (450126000000, '', 3, 450100000000);
INSERT INTO `zz_area_code` VALUES (450127000000, '', 3, 450100000000);
INSERT INTO `zz_area_code` VALUES (450200000000, '', 2, 450000000000);
INSERT INTO `zz_area_code` VALUES (450201000000, '', 3, 450200000000);
INSERT INTO `zz_area_code` VALUES (450202000000, '', 3, 450200000000);
INSERT INTO `zz_area_code` VALUES (450203000000, '', 3, 450200000000);
INSERT INTO `zz_area_code` VALUES (450204000000, '', 3, 450200000000);
INSERT INTO `zz_area_code` VALUES (450205000000, '', 3, 450200000000);
INSERT INTO `zz_area_code` VALUES (450206000000, '', 3, 450200000000);
INSERT INTO `zz_area_code` VALUES (450222000000, '', 3, 450200000000);
INSERT INTO `zz_area_code` VALUES (450223000000, '', 3, 450200000000);
INSERT INTO `zz_area_code` VALUES (450224000000, '', 3, 450200000000);
INSERT INTO `zz_area_code` VALUES (450225000000, '', 3, 450200000000);
INSERT INTO `zz_area_code` VALUES (450226000000, '', 3, 450200000000);
INSERT INTO `zz_area_code` VALUES (450300000000, '', 2, 450000000000);
INSERT INTO `zz_area_code` VALUES (450301000000, '', 3, 450300000000);
INSERT INTO `zz_area_code` VALUES (450302000000, '', 3, 450300000000);
INSERT INTO `zz_area_code` VALUES (450303000000, '', 3, 450300000000);
INSERT INTO `zz_area_code` VALUES (450304000000, '', 3, 450300000000);
INSERT INTO `zz_area_code` VALUES (450305000000, '', 3, 450300000000);
INSERT INTO `zz_area_code` VALUES (450311000000, '', 3, 450300000000);
INSERT INTO `zz_area_code` VALUES (450312000000, '', 3, 450300000000);
INSERT INTO `zz_area_code` VALUES (450321000000, '', 3, 450300000000);
INSERT INTO `zz_area_code` VALUES (450323000000, '', 3, 450300000000);
INSERT INTO `zz_area_code` VALUES (450324000000, '', 3, 450300000000);
INSERT INTO `zz_area_code` VALUES (450325000000, '', 3, 450300000000);
INSERT INTO `zz_area_code` VALUES (450326000000, '', 3, 450300000000);
INSERT INTO `zz_area_code` VALUES (450327000000, '', 3, 450300000000);
INSERT INTO `zz_area_code` VALUES (450328000000, '', 3, 450300000000);
INSERT INTO `zz_area_code` VALUES (450329000000, '', 3, 450300000000);
INSERT INTO `zz_area_code` VALUES (450330000000, '', 3, 450300000000);
INSERT INTO `zz_area_code` VALUES (450332000000, '', 3, 450300000000);
INSERT INTO `zz_area_code` VALUES (450381000000, '', 3, 450300000000);
INSERT INTO `zz_area_code` VALUES (450400000000, '', 2, 450000000000);
INSERT INTO `zz_area_code` VALUES (450401000000, '', 3, 450400000000);
INSERT INTO `zz_area_code` VALUES (450403000000, '', 3, 450400000000);
INSERT INTO `zz_area_code` VALUES (450405000000, '', 3, 450400000000);
INSERT INTO `zz_area_code` VALUES (450406000000, '', 3, 450400000000);
INSERT INTO `zz_area_code` VALUES (450421000000, '', 3, 450400000000);
INSERT INTO `zz_area_code` VALUES (450422000000, '', 3, 450400000000);
INSERT INTO `zz_area_code` VALUES (450423000000, '', 3, 450400000000);
INSERT INTO `zz_area_code` VALUES (450481000000, '', 3, 450400000000);
INSERT INTO `zz_area_code` VALUES (450500000000, '', 2, 450000000000);
INSERT INTO `zz_area_code` VALUES (450501000000, '', 3, 450500000000);
INSERT INTO `zz_area_code` VALUES (450502000000, '', 3, 450500000000);
INSERT INTO `zz_area_code` VALUES (450503000000, '', 3, 450500000000);
INSERT INTO `zz_area_code` VALUES (450512000000, '', 3, 450500000000);
INSERT INTO `zz_area_code` VALUES (450521000000, '', 3, 450500000000);
INSERT INTO `zz_area_code` VALUES (450600000000, '', 2, 450000000000);
INSERT INTO `zz_area_code` VALUES (450601000000, '', 3, 450600000000);
INSERT INTO `zz_area_code` VALUES (450602000000, '', 3, 450600000000);
INSERT INTO `zz_area_code` VALUES (450603000000, '', 3, 450600000000);
INSERT INTO `zz_area_code` VALUES (450621000000, '', 3, 450600000000);
INSERT INTO `zz_area_code` VALUES (450681000000, '', 3, 450600000000);
INSERT INTO `zz_area_code` VALUES (450700000000, '', 2, 450000000000);
INSERT INTO `zz_area_code` VALUES (450701000000, '', 3, 450700000000);
INSERT INTO `zz_area_code` VALUES (450702000000, '', 3, 450700000000);
INSERT INTO `zz_area_code` VALUES (450703000000, '', 3, 450700000000);
INSERT INTO `zz_area_code` VALUES (450721000000, '', 3, 450700000000);
INSERT INTO `zz_area_code` VALUES (450722000000, '', 3, 450700000000);
INSERT INTO `zz_area_code` VALUES (450800000000, '', 2, 450000000000);
INSERT INTO `zz_area_code` VALUES (450801000000, '', 3, 450800000000);
INSERT INTO `zz_area_code` VALUES (450802000000, '', 3, 450800000000);
INSERT INTO `zz_area_code` VALUES (450803000000, '', 3, 450800000000);
INSERT INTO `zz_area_code` VALUES (450804000000, '', 3, 450800000000);
INSERT INTO `zz_area_code` VALUES (450821000000, '', 3, 450800000000);
INSERT INTO `zz_area_code` VALUES (450881000000, '', 3, 450800000000);
INSERT INTO `zz_area_code` VALUES (450900000000, '', 2, 450000000000);
INSERT INTO `zz_area_code` VALUES (450901000000, '', 3, 450900000000);
INSERT INTO `zz_area_code` VALUES (450902000000, '', 3, 450900000000);
INSERT INTO `zz_area_code` VALUES (450903000000, '', 3, 450900000000);
INSERT INTO `zz_area_code` VALUES (450921000000, '', 3, 450900000000);
INSERT INTO `zz_area_code` VALUES (450922000000, '', 3, 450900000000);
INSERT INTO `zz_area_code` VALUES (450923000000, '', 3, 450900000000);
INSERT INTO `zz_area_code` VALUES (450924000000, '', 3, 450900000000);
INSERT INTO `zz_area_code` VALUES (450981000000, '', 3, 450900000000);
INSERT INTO `zz_area_code` VALUES (451000000000, '', 2, 450000000000);
INSERT INTO `zz_area_code` VALUES (451001000000, '', 3, 451000000000);
INSERT INTO `zz_area_code` VALUES (451002000000, '', 3, 451000000000);
INSERT INTO `zz_area_code` VALUES (451021000000, '', 3, 451000000000);
INSERT INTO `zz_area_code` VALUES (451022000000, '', 3, 451000000000);
INSERT INTO `zz_area_code` VALUES (451023000000, '', 3, 451000000000);
INSERT INTO `zz_area_code` VALUES (451024000000, '', 3, 451000000000);
INSERT INTO `zz_area_code` VALUES (451026000000, '', 3, 451000000000);
INSERT INTO `zz_area_code` VALUES (451027000000, '', 3, 451000000000);
INSERT INTO `zz_area_code` VALUES (451028000000, '', 3, 451000000000);
INSERT INTO `zz_area_code` VALUES (451029000000, '', 3, 451000000000);
INSERT INTO `zz_area_code` VALUES (451030000000, '', 3, 451000000000);
INSERT INTO `zz_area_code` VALUES (451031000000, '', 3, 451000000000);
INSERT INTO `zz_area_code` VALUES (451081000000, '', 3, 451000000000);
INSERT INTO `zz_area_code` VALUES (451100000000, '', 2, 450000000000);
INSERT INTO `zz_area_code` VALUES (451101000000, '', 3, 451100000000);
INSERT INTO `zz_area_code` VALUES (451102000000, '', 3, 451100000000);
INSERT INTO `zz_area_code` VALUES (451103000000, '', 3, 451100000000);
INSERT INTO `zz_area_code` VALUES (451121000000, '', 3, 451100000000);
INSERT INTO `zz_area_code` VALUES (451122000000, '', 3, 451100000000);
INSERT INTO `zz_area_code` VALUES (451123000000, '', 3, 451100000000);
INSERT INTO `zz_area_code` VALUES (451200000000, '', 2, 450000000000);
INSERT INTO `zz_area_code` VALUES (451201000000, '', 3, 451200000000);
INSERT INTO `zz_area_code` VALUES (451202000000, '', 3, 451200000000);
INSERT INTO `zz_area_code` VALUES (451203000000, '', 3, 451200000000);
INSERT INTO `zz_area_code` VALUES (451221000000, '', 3, 451200000000);
INSERT INTO `zz_area_code` VALUES (451222000000, '', 3, 451200000000);
INSERT INTO `zz_area_code` VALUES (451223000000, '', 3, 451200000000);
INSERT INTO `zz_area_code` VALUES (451224000000, '', 3, 451200000000);
INSERT INTO `zz_area_code` VALUES (451225000000, '', 3, 451200000000);
INSERT INTO `zz_area_code` VALUES (451226000000, '', 3, 451200000000);
INSERT INTO `zz_area_code` VALUES (451227000000, '', 3, 451200000000);
INSERT INTO `zz_area_code` VALUES (451228000000, '', 3, 451200000000);
INSERT INTO `zz_area_code` VALUES (451229000000, '', 3, 451200000000);
INSERT INTO `zz_area_code` VALUES (451300000000, '', 2, 450000000000);
INSERT INTO `zz_area_code` VALUES (451301000000, '', 3, 451300000000);
INSERT INTO `zz_area_code` VALUES (451302000000, '', 3, 451300000000);
INSERT INTO `zz_area_code` VALUES (451321000000, '', 3, 451300000000);
INSERT INTO `zz_area_code` VALUES (451322000000, '', 3, 451300000000);
INSERT INTO `zz_area_code` VALUES (451323000000, '', 3, 451300000000);
INSERT INTO `zz_area_code` VALUES (451324000000, '', 3, 451300000000);
INSERT INTO `zz_area_code` VALUES (451381000000, '', 3, 451300000000);
INSERT INTO `zz_area_code` VALUES (451400000000, '', 2, 450000000000);
INSERT INTO `zz_area_code` VALUES (451401000000, '', 3, 451400000000);
INSERT INTO `zz_area_code` VALUES (451402000000, '', 3, 451400000000);
INSERT INTO `zz_area_code` VALUES (451421000000, '', 3, 451400000000);
INSERT INTO `zz_area_code` VALUES (451422000000, '', 3, 451400000000);
INSERT INTO `zz_area_code` VALUES (451423000000, '', 3, 451400000000);
INSERT INTO `zz_area_code` VALUES (451424000000, '', 3, 451400000000);
INSERT INTO `zz_area_code` VALUES (451425000000, '', 3, 451400000000);
INSERT INTO `zz_area_code` VALUES (451481000000, '', 3, 451400000000);
INSERT INTO `zz_area_code` VALUES (460000000000, '', 1, NULL);
INSERT INTO `zz_area_code` VALUES (460100000000, '', 2, 460000000000);
INSERT INTO `zz_area_code` VALUES (460101000000, '', 3, 460100000000);
INSERT INTO `zz_area_code` VALUES (460105000000, '', 3, 460100000000);
INSERT INTO `zz_area_code` VALUES (460106000000, '', 3, 460100000000);
INSERT INTO `zz_area_code` VALUES (460107000000, '', 3, 460100000000);
INSERT INTO `zz_area_code` VALUES (460108000000, '', 3, 460100000000);
INSERT INTO `zz_area_code` VALUES (460200000000, '', 2, 460000000000);
INSERT INTO `zz_area_code` VALUES (460201000000, '', 3, 460200000000);
INSERT INTO `zz_area_code` VALUES (460202000000, '', 3, 460200000000);
INSERT INTO `zz_area_code` VALUES (460203000000, '', 3, 460200000000);
INSERT INTO `zz_area_code` VALUES (460204000000, '', 3, 460200000000);
INSERT INTO `zz_area_code` VALUES (460205000000, '', 3, 460200000000);
INSERT INTO `zz_area_code` VALUES (460300000000, '', 2, 460000000000);
INSERT INTO `zz_area_code` VALUES (460321000000, '', 3, 460300000000);
INSERT INTO `zz_area_code` VALUES (460322000000, '', 3, 460300000000);
INSERT INTO `zz_area_code` VALUES (460323000000, '', 3, 460300000000);
INSERT INTO `zz_area_code` VALUES (460400000000, '', 2, 460000000000);
INSERT INTO `zz_area_code` VALUES (469000000000, '', 2, 460000000000);
INSERT INTO `zz_area_code` VALUES (469001000000, '', 3, 469000000000);
INSERT INTO `zz_area_code` VALUES (469002000000, '', 3, 469000000000);
INSERT INTO `zz_area_code` VALUES (469005000000, '', 3, 469000000000);
INSERT INTO `zz_area_code` VALUES (469006000000, '', 3, 469000000000);
INSERT INTO `zz_area_code` VALUES (469007000000, '', 3, 469000000000);
INSERT INTO `zz_area_code` VALUES (469021000000, '', 3, 469000000000);
INSERT INTO `zz_area_code` VALUES (469022000000, '', 3, 469000000000);
INSERT INTO `zz_area_code` VALUES (469023000000, '', 3, 469000000000);
INSERT INTO `zz_area_code` VALUES (469024000000, '', 3, 469000000000);
INSERT INTO `zz_area_code` VALUES (469025000000, '', 3, 469000000000);
INSERT INTO `zz_area_code` VALUES (469026000000, '', 3, 469000000000);
INSERT INTO `zz_area_code` VALUES (469027000000, '', 3, 469000000000);
INSERT INTO `zz_area_code` VALUES (469028000000, '', 3, 469000000000);
INSERT INTO `zz_area_code` VALUES (469029000000, '', 3, 469000000000);
INSERT INTO `zz_area_code` VALUES (469030000000, '', 3, 469000000000);
INSERT INTO `zz_area_code` VALUES (500000000000, '', 1, NULL);
INSERT INTO `zz_area_code` VALUES (500100000000, '', 2, 500000000000);
INSERT INTO `zz_area_code` VALUES (500101000000, '', 3, 500100000000);
INSERT INTO `zz_area_code` VALUES (500102000000, '', 3, 500100000000);
INSERT INTO `zz_area_code` VALUES (500103000000, '', 3, 500100000000);
INSERT INTO `zz_area_code` VALUES (500104000000, '', 3, 500100000000);
INSERT INTO `zz_area_code` VALUES (500105000000, '', 3, 500100000000);
INSERT INTO `zz_area_code` VALUES (500106000000, '', 3, 500100000000);
INSERT INTO `zz_area_code` VALUES (500107000000, '', 3, 500100000000);
INSERT INTO `zz_area_code` VALUES (500108000000, '', 3, 500100000000);
INSERT INTO `zz_area_code` VALUES (500109000000, '', 3, 500100000000);
INSERT INTO `zz_area_code` VALUES (500110000000, '', 3, 500100000000);
INSERT INTO `zz_area_code` VALUES (500111000000, '', 3, 500100000000);
INSERT INTO `zz_area_code` VALUES (500112000000, '', 3, 500100000000);
INSERT INTO `zz_area_code` VALUES (500113000000, '', 3, 500100000000);
INSERT INTO `zz_area_code` VALUES (500114000000, '', 3, 500100000000);
INSERT INTO `zz_area_code` VALUES (500115000000, '', 3, 500100000000);
INSERT INTO `zz_area_code` VALUES (500116000000, '', 3, 500100000000);
INSERT INTO `zz_area_code` VALUES (500117000000, '', 3, 500100000000);
INSERT INTO `zz_area_code` VALUES (500118000000, '', 3, 500100000000);
INSERT INTO `zz_area_code` VALUES (500119000000, '', 3, 500100000000);
INSERT INTO `zz_area_code` VALUES (500120000000, '', 3, 500100000000);
INSERT INTO `zz_area_code` VALUES (500151000000, '', 3, 500100000000);
INSERT INTO `zz_area_code` VALUES (500152000000, '', 3, 500100000000);
INSERT INTO `zz_area_code` VALUES (500153000000, '', 3, 500100000000);
INSERT INTO `zz_area_code` VALUES (500154000000, '', 3, 500100000000);
INSERT INTO `zz_area_code` VALUES (500155000000, '', 3, 500100000000);
INSERT INTO `zz_area_code` VALUES (500156000000, '', 3, 500100000000);
INSERT INTO `zz_area_code` VALUES (500200000000, '', 2, 500000000000);
INSERT INTO `zz_area_code` VALUES (500229000000, '', 3, 500200000000);
INSERT INTO `zz_area_code` VALUES (500230000000, '', 3, 500200000000);
INSERT INTO `zz_area_code` VALUES (500231000000, '', 3, 500200000000);
INSERT INTO `zz_area_code` VALUES (500233000000, '', 3, 500200000000);
INSERT INTO `zz_area_code` VALUES (500235000000, '', 3, 500200000000);
INSERT INTO `zz_area_code` VALUES (500236000000, '', 3, 500200000000);
INSERT INTO `zz_area_code` VALUES (500237000000, '', 3, 500200000000);
INSERT INTO `zz_area_code` VALUES (500238000000, '', 3, 500200000000);
INSERT INTO `zz_area_code` VALUES (500240000000, '', 3, 500200000000);
INSERT INTO `zz_area_code` VALUES (500241000000, '', 3, 500200000000);
INSERT INTO `zz_area_code` VALUES (500242000000, '', 3, 500200000000);
INSERT INTO `zz_area_code` VALUES (500243000000, '', 3, 500200000000);
INSERT INTO `zz_area_code` VALUES (510000000000, '', 1, NULL);
INSERT INTO `zz_area_code` VALUES (510100000000, '', 2, 510000000000);
INSERT INTO `zz_area_code` VALUES (510101000000, '', 3, 510100000000);
INSERT INTO `zz_area_code` VALUES (510104000000, '', 3, 510100000000);
INSERT INTO `zz_area_code` VALUES (510105000000, '', 3, 510100000000);
INSERT INTO `zz_area_code` VALUES (510106000000, '', 3, 510100000000);
INSERT INTO `zz_area_code` VALUES (510107000000, '', 3, 510100000000);
INSERT INTO `zz_area_code` VALUES (510108000000, '', 3, 510100000000);
INSERT INTO `zz_area_code` VALUES (510112000000, '', 3, 510100000000);
INSERT INTO `zz_area_code` VALUES (510113000000, '', 3, 510100000000);
INSERT INTO `zz_area_code` VALUES (510114000000, '', 3, 510100000000);
INSERT INTO `zz_area_code` VALUES (510115000000, '', 3, 510100000000);
INSERT INTO `zz_area_code` VALUES (510116000000, '', 3, 510100000000);
INSERT INTO `zz_area_code` VALUES (510117000000, '', 3, 510100000000);
INSERT INTO `zz_area_code` VALUES (510121000000, '', 3, 510100000000);
INSERT INTO `zz_area_code` VALUES (510129000000, '', 3, 510100000000);
INSERT INTO `zz_area_code` VALUES (510131000000, '', 3, 510100000000);
INSERT INTO `zz_area_code` VALUES (510132000000, '', 3, 510100000000);
INSERT INTO `zz_area_code` VALUES (510181000000, '', 3, 510100000000);
INSERT INTO `zz_area_code` VALUES (510182000000, '', 3, 510100000000);
INSERT INTO `zz_area_code` VALUES (510183000000, '', 3, 510100000000);
INSERT INTO `zz_area_code` VALUES (510184000000, '', 3, 510100000000);
INSERT INTO `zz_area_code` VALUES (510185000000, '', 3, 510100000000);
INSERT INTO `zz_area_code` VALUES (510300000000, '', 2, 510000000000);
INSERT INTO `zz_area_code` VALUES (510301000000, '', 3, 510300000000);
INSERT INTO `zz_area_code` VALUES (510302000000, '', 3, 510300000000);
INSERT INTO `zz_area_code` VALUES (510303000000, '', 3, 510300000000);
INSERT INTO `zz_area_code` VALUES (510304000000, '', 3, 510300000000);
INSERT INTO `zz_area_code` VALUES (510311000000, '', 3, 510300000000);
INSERT INTO `zz_area_code` VALUES (510321000000, '', 3, 510300000000);
INSERT INTO `zz_area_code` VALUES (510322000000, '', 3, 510300000000);
INSERT INTO `zz_area_code` VALUES (510400000000, '', 2, 510000000000);
INSERT INTO `zz_area_code` VALUES (510401000000, '', 3, 510400000000);
INSERT INTO `zz_area_code` VALUES (510402000000, '', 3, 510400000000);
INSERT INTO `zz_area_code` VALUES (510403000000, '', 3, 510400000000);
INSERT INTO `zz_area_code` VALUES (510411000000, '', 3, 510400000000);
INSERT INTO `zz_area_code` VALUES (510421000000, '', 3, 510400000000);
INSERT INTO `zz_area_code` VALUES (510422000000, '', 3, 510400000000);
INSERT INTO `zz_area_code` VALUES (510500000000, '', 2, 510000000000);
INSERT INTO `zz_area_code` VALUES (510501000000, '', 3, 510500000000);
INSERT INTO `zz_area_code` VALUES (510502000000, '', 3, 510500000000);
INSERT INTO `zz_area_code` VALUES (510503000000, '', 3, 510500000000);
INSERT INTO `zz_area_code` VALUES (510504000000, '', 3, 510500000000);
INSERT INTO `zz_area_code` VALUES (510521000000, '', 3, 510500000000);
INSERT INTO `zz_area_code` VALUES (510522000000, '', 3, 510500000000);
INSERT INTO `zz_area_code` VALUES (510524000000, '', 3, 510500000000);
INSERT INTO `zz_area_code` VALUES (510525000000, '', 3, 510500000000);
INSERT INTO `zz_area_code` VALUES (510600000000, '', 2, 510000000000);
INSERT INTO `zz_area_code` VALUES (510601000000, '', 3, 510600000000);
INSERT INTO `zz_area_code` VALUES (510603000000, '', 3, 510600000000);
INSERT INTO `zz_area_code` VALUES (510604000000, '', 3, 510600000000);
INSERT INTO `zz_area_code` VALUES (510623000000, '', 3, 510600000000);
INSERT INTO `zz_area_code` VALUES (510681000000, '', 3, 510600000000);
INSERT INTO `zz_area_code` VALUES (510682000000, '', 3, 510600000000);
INSERT INTO `zz_area_code` VALUES (510683000000, '', 3, 510600000000);
INSERT INTO `zz_area_code` VALUES (510700000000, '', 2, 510000000000);
INSERT INTO `zz_area_code` VALUES (510701000000, '', 3, 510700000000);
INSERT INTO `zz_area_code` VALUES (510703000000, '', 3, 510700000000);
INSERT INTO `zz_area_code` VALUES (510704000000, '', 3, 510700000000);
INSERT INTO `zz_area_code` VALUES (510705000000, '', 3, 510700000000);
INSERT INTO `zz_area_code` VALUES (510722000000, '', 3, 510700000000);
INSERT INTO `zz_area_code` VALUES (510723000000, '', 3, 510700000000);
INSERT INTO `zz_area_code` VALUES (510725000000, '', 3, 510700000000);
INSERT INTO `zz_area_code` VALUES (510726000000, '', 3, 510700000000);
INSERT INTO `zz_area_code` VALUES (510727000000, '', 3, 510700000000);
INSERT INTO `zz_area_code` VALUES (510781000000, '', 3, 510700000000);
INSERT INTO `zz_area_code` VALUES (510800000000, '', 2, 510000000000);
INSERT INTO `zz_area_code` VALUES (510801000000, '', 3, 510800000000);
INSERT INTO `zz_area_code` VALUES (510802000000, '', 3, 510800000000);
INSERT INTO `zz_area_code` VALUES (510811000000, '', 3, 510800000000);
INSERT INTO `zz_area_code` VALUES (510812000000, '', 3, 510800000000);
INSERT INTO `zz_area_code` VALUES (510821000000, '', 3, 510800000000);
INSERT INTO `zz_area_code` VALUES (510822000000, '', 3, 510800000000);
INSERT INTO `zz_area_code` VALUES (510823000000, '', 3, 510800000000);
INSERT INTO `zz_area_code` VALUES (510824000000, '', 3, 510800000000);
INSERT INTO `zz_area_code` VALUES (510900000000, '', 2, 510000000000);
INSERT INTO `zz_area_code` VALUES (510901000000, '', 3, 510900000000);
INSERT INTO `zz_area_code` VALUES (510903000000, '', 3, 510900000000);
INSERT INTO `zz_area_code` VALUES (510904000000, '', 3, 510900000000);
INSERT INTO `zz_area_code` VALUES (510921000000, '', 3, 510900000000);
INSERT INTO `zz_area_code` VALUES (510922000000, '', 3, 510900000000);
INSERT INTO `zz_area_code` VALUES (510923000000, '', 3, 510900000000);
INSERT INTO `zz_area_code` VALUES (511000000000, '', 2, 510000000000);
INSERT INTO `zz_area_code` VALUES (511001000000, '', 3, 511000000000);
INSERT INTO `zz_area_code` VALUES (511002000000, '', 3, 511000000000);
INSERT INTO `zz_area_code` VALUES (511011000000, '', 3, 511000000000);
INSERT INTO `zz_area_code` VALUES (511024000000, '', 3, 511000000000);
INSERT INTO `zz_area_code` VALUES (511025000000, '', 3, 511000000000);
INSERT INTO `zz_area_code` VALUES (511071000000, '', 3, 511000000000);
INSERT INTO `zz_area_code` VALUES (511083000000, '', 3, 511000000000);
INSERT INTO `zz_area_code` VALUES (511100000000, '', 2, 510000000000);
INSERT INTO `zz_area_code` VALUES (511101000000, '', 3, 511100000000);
INSERT INTO `zz_area_code` VALUES (511102000000, '', 3, 511100000000);
INSERT INTO `zz_area_code` VALUES (511111000000, '', 3, 511100000000);
INSERT INTO `zz_area_code` VALUES (511112000000, '', 3, 511100000000);
INSERT INTO `zz_area_code` VALUES (511113000000, '', 3, 511100000000);
INSERT INTO `zz_area_code` VALUES (511123000000, '', 3, 511100000000);
INSERT INTO `zz_area_code` VALUES (511124000000, '', 3, 511100000000);
INSERT INTO `zz_area_code` VALUES (511126000000, '', 3, 511100000000);
INSERT INTO `zz_area_code` VALUES (511129000000, '', 3, 511100000000);
INSERT INTO `zz_area_code` VALUES (511132000000, '', 3, 511100000000);
INSERT INTO `zz_area_code` VALUES (511133000000, '', 3, 511100000000);
INSERT INTO `zz_area_code` VALUES (511181000000, '', 3, 511100000000);
INSERT INTO `zz_area_code` VALUES (511300000000, '', 2, 510000000000);
INSERT INTO `zz_area_code` VALUES (511301000000, '', 3, 511300000000);
INSERT INTO `zz_area_code` VALUES (511302000000, '', 3, 511300000000);
INSERT INTO `zz_area_code` VALUES (511303000000, '', 3, 511300000000);
INSERT INTO `zz_area_code` VALUES (511304000000, '', 3, 511300000000);
INSERT INTO `zz_area_code` VALUES (511321000000, '', 3, 511300000000);
INSERT INTO `zz_area_code` VALUES (511322000000, '', 3, 511300000000);
INSERT INTO `zz_area_code` VALUES (511323000000, '', 3, 511300000000);
INSERT INTO `zz_area_code` VALUES (511324000000, '', 3, 511300000000);
INSERT INTO `zz_area_code` VALUES (511325000000, '', 3, 511300000000);
INSERT INTO `zz_area_code` VALUES (511381000000, '', 3, 511300000000);
INSERT INTO `zz_area_code` VALUES (511400000000, '', 2, 510000000000);
INSERT INTO `zz_area_code` VALUES (511401000000, '', 3, 511400000000);
INSERT INTO `zz_area_code` VALUES (511402000000, '', 3, 511400000000);
INSERT INTO `zz_area_code` VALUES (511403000000, '', 3, 511400000000);
INSERT INTO `zz_area_code` VALUES (511421000000, '', 3, 511400000000);
INSERT INTO `zz_area_code` VALUES (511423000000, '', 3, 511400000000);
INSERT INTO `zz_area_code` VALUES (511424000000, '', 3, 511400000000);
INSERT INTO `zz_area_code` VALUES (511425000000, '', 3, 511400000000);
INSERT INTO `zz_area_code` VALUES (511500000000, '', 2, 510000000000);
INSERT INTO `zz_area_code` VALUES (511501000000, '', 3, 511500000000);
INSERT INTO `zz_area_code` VALUES (511502000000, '', 3, 511500000000);
INSERT INTO `zz_area_code` VALUES (511503000000, '', 3, 511500000000);
INSERT INTO `zz_area_code` VALUES (511504000000, '', 3, 511500000000);
INSERT INTO `zz_area_code` VALUES (511523000000, '', 3, 511500000000);
INSERT INTO `zz_area_code` VALUES (511524000000, '', 3, 511500000000);
INSERT INTO `zz_area_code` VALUES (511525000000, '', 3, 511500000000);
INSERT INTO `zz_area_code` VALUES (511526000000, '', 3, 511500000000);
INSERT INTO `zz_area_code` VALUES (511527000000, '', 3, 511500000000);
INSERT INTO `zz_area_code` VALUES (511528000000, '', 3, 511500000000);
INSERT INTO `zz_area_code` VALUES (511529000000, '', 3, 511500000000);
INSERT INTO `zz_area_code` VALUES (511600000000, '', 2, 510000000000);
INSERT INTO `zz_area_code` VALUES (511601000000, '', 3, 511600000000);
INSERT INTO `zz_area_code` VALUES (511602000000, '', 3, 511600000000);
INSERT INTO `zz_area_code` VALUES (511603000000, '', 3, 511600000000);
INSERT INTO `zz_area_code` VALUES (511621000000, '', 3, 511600000000);
INSERT INTO `zz_area_code` VALUES (511622000000, '', 3, 511600000000);
INSERT INTO `zz_area_code` VALUES (511623000000, '', 3, 511600000000);
INSERT INTO `zz_area_code` VALUES (511681000000, '', 3, 511600000000);
INSERT INTO `zz_area_code` VALUES (511700000000, '', 2, 510000000000);
INSERT INTO `zz_area_code` VALUES (511701000000, '', 3, 511700000000);
INSERT INTO `zz_area_code` VALUES (511702000000, '', 3, 511700000000);
INSERT INTO `zz_area_code` VALUES (511703000000, '', 3, 511700000000);
INSERT INTO `zz_area_code` VALUES (511722000000, '', 3, 511700000000);
INSERT INTO `zz_area_code` VALUES (511723000000, '', 3, 511700000000);
INSERT INTO `zz_area_code` VALUES (511724000000, '', 3, 511700000000);
INSERT INTO `zz_area_code` VALUES (511725000000, '', 3, 511700000000);
INSERT INTO `zz_area_code` VALUES (511771000000, '', 3, 511700000000);
INSERT INTO `zz_area_code` VALUES (511781000000, '', 3, 511700000000);
INSERT INTO `zz_area_code` VALUES (511800000000, '', 2, 510000000000);
INSERT INTO `zz_area_code` VALUES (511801000000, '', 3, 511800000000);
INSERT INTO `zz_area_code` VALUES (511802000000, '', 3, 511800000000);
INSERT INTO `zz_area_code` VALUES (511803000000, '', 3, 511800000000);
INSERT INTO `zz_area_code` VALUES (511822000000, '', 3, 511800000000);
INSERT INTO `zz_area_code` VALUES (511823000000, '', 3, 511800000000);
INSERT INTO `zz_area_code` VALUES (511824000000, '', 3, 511800000000);
INSERT INTO `zz_area_code` VALUES (511825000000, '', 3, 511800000000);
INSERT INTO `zz_area_code` VALUES (511826000000, '', 3, 511800000000);
INSERT INTO `zz_area_code` VALUES (511827000000, '', 3, 511800000000);
INSERT INTO `zz_area_code` VALUES (511900000000, '', 2, 510000000000);
INSERT INTO `zz_area_code` VALUES (511901000000, '', 3, 511900000000);
INSERT INTO `zz_area_code` VALUES (511902000000, '', 3, 511900000000);
INSERT INTO `zz_area_code` VALUES (511903000000, '', 3, 511900000000);
INSERT INTO `zz_area_code` VALUES (511921000000, '', 3, 511900000000);
INSERT INTO `zz_area_code` VALUES (511922000000, '', 3, 511900000000);
INSERT INTO `zz_area_code` VALUES (511923000000, '', 3, 511900000000);
INSERT INTO `zz_area_code` VALUES (511971000000, '', 3, 511900000000);
INSERT INTO `zz_area_code` VALUES (512000000000, '', 2, 510000000000);
INSERT INTO `zz_area_code` VALUES (512001000000, '', 3, 512000000000);
INSERT INTO `zz_area_code` VALUES (512002000000, '', 3, 512000000000);
INSERT INTO `zz_area_code` VALUES (512021000000, '', 3, 512000000000);
INSERT INTO `zz_area_code` VALUES (512022000000, '', 3, 512000000000);
INSERT INTO `zz_area_code` VALUES (513200000000, '', 2, 510000000000);
INSERT INTO `zz_area_code` VALUES (513201000000, '', 3, 513200000000);
INSERT INTO `zz_area_code` VALUES (513221000000, '', 3, 513200000000);
INSERT INTO `zz_area_code` VALUES (513222000000, '', 3, 513200000000);
INSERT INTO `zz_area_code` VALUES (513223000000, '', 3, 513200000000);
INSERT INTO `zz_area_code` VALUES (513224000000, '', 3, 513200000000);
INSERT INTO `zz_area_code` VALUES (513225000000, '', 3, 513200000000);
INSERT INTO `zz_area_code` VALUES (513226000000, '', 3, 513200000000);
INSERT INTO `zz_area_code` VALUES (513227000000, '', 3, 513200000000);
INSERT INTO `zz_area_code` VALUES (513228000000, '', 3, 513200000000);
INSERT INTO `zz_area_code` VALUES (513230000000, '', 3, 513200000000);
INSERT INTO `zz_area_code` VALUES (513231000000, '', 3, 513200000000);
INSERT INTO `zz_area_code` VALUES (513232000000, '', 3, 513200000000);
INSERT INTO `zz_area_code` VALUES (513233000000, '', 3, 513200000000);
INSERT INTO `zz_area_code` VALUES (513300000000, '', 2, 510000000000);
INSERT INTO `zz_area_code` VALUES (513301000000, '', 3, 513300000000);
INSERT INTO `zz_area_code` VALUES (513322000000, '', 3, 513300000000);
INSERT INTO `zz_area_code` VALUES (513323000000, '', 3, 513300000000);
INSERT INTO `zz_area_code` VALUES (513324000000, '', 3, 513300000000);
INSERT INTO `zz_area_code` VALUES (513325000000, '', 3, 513300000000);
INSERT INTO `zz_area_code` VALUES (513326000000, '', 3, 513300000000);
INSERT INTO `zz_area_code` VALUES (513327000000, '', 3, 513300000000);
INSERT INTO `zz_area_code` VALUES (513328000000, '', 3, 513300000000);
INSERT INTO `zz_area_code` VALUES (513329000000, '', 3, 513300000000);
INSERT INTO `zz_area_code` VALUES (513330000000, '', 3, 513300000000);
INSERT INTO `zz_area_code` VALUES (513331000000, '', 3, 513300000000);
INSERT INTO `zz_area_code` VALUES (513332000000, '', 3, 513300000000);
INSERT INTO `zz_area_code` VALUES (513333000000, '', 3, 513300000000);
INSERT INTO `zz_area_code` VALUES (513334000000, '', 3, 513300000000);
INSERT INTO `zz_area_code` VALUES (513335000000, '', 3, 513300000000);
INSERT INTO `zz_area_code` VALUES (513336000000, '', 3, 513300000000);
INSERT INTO `zz_area_code` VALUES (513337000000, '', 3, 513300000000);
INSERT INTO `zz_area_code` VALUES (513338000000, '', 3, 513300000000);
INSERT INTO `zz_area_code` VALUES (513400000000, '', 2, 510000000000);
INSERT INTO `zz_area_code` VALUES (513401000000, '', 3, 513400000000);
INSERT INTO `zz_area_code` VALUES (513422000000, '', 3, 513400000000);
INSERT INTO `zz_area_code` VALUES (513423000000, '', 3, 513400000000);
INSERT INTO `zz_area_code` VALUES (513424000000, '', 3, 513400000000);
INSERT INTO `zz_area_code` VALUES (513425000000, '', 3, 513400000000);
INSERT INTO `zz_area_code` VALUES (513426000000, '', 3, 513400000000);
INSERT INTO `zz_area_code` VALUES (513427000000, '', 3, 513400000000);
INSERT INTO `zz_area_code` VALUES (513428000000, '', 3, 513400000000);
INSERT INTO `zz_area_code` VALUES (513429000000, '', 3, 513400000000);
INSERT INTO `zz_area_code` VALUES (513430000000, '', 3, 513400000000);
INSERT INTO `zz_area_code` VALUES (513431000000, '', 3, 513400000000);
INSERT INTO `zz_area_code` VALUES (513432000000, '', 3, 513400000000);
INSERT INTO `zz_area_code` VALUES (513433000000, '', 3, 513400000000);
INSERT INTO `zz_area_code` VALUES (513434000000, '', 3, 513400000000);
INSERT INTO `zz_area_code` VALUES (513435000000, '', 3, 513400000000);
INSERT INTO `zz_area_code` VALUES (513436000000, '', 3, 513400000000);
INSERT INTO `zz_area_code` VALUES (513437000000, '', 3, 513400000000);
INSERT INTO `zz_area_code` VALUES (520000000000, '', 1, NULL);
INSERT INTO `zz_area_code` VALUES (520100000000, '', 2, 520000000000);
INSERT INTO `zz_area_code` VALUES (520101000000, '', 3, 520100000000);
INSERT INTO `zz_area_code` VALUES (520102000000, '', 3, 520100000000);
INSERT INTO `zz_area_code` VALUES (520103000000, '', 3, 520100000000);
INSERT INTO `zz_area_code` VALUES (520111000000, '', 3, 520100000000);
INSERT INTO `zz_area_code` VALUES (520112000000, '', 3, 520100000000);
INSERT INTO `zz_area_code` VALUES (520113000000, '', 3, 520100000000);
INSERT INTO `zz_area_code` VALUES (520115000000, '', 3, 520100000000);
INSERT INTO `zz_area_code` VALUES (520121000000, '', 3, 520100000000);
INSERT INTO `zz_area_code` VALUES (520122000000, '', 3, 520100000000);
INSERT INTO `zz_area_code` VALUES (520123000000, '', 3, 520100000000);
INSERT INTO `zz_area_code` VALUES (520181000000, '', 3, 520100000000);
INSERT INTO `zz_area_code` VALUES (520200000000, '', 2, 520000000000);
INSERT INTO `zz_area_code` VALUES (520201000000, '', 3, 520200000000);
INSERT INTO `zz_area_code` VALUES (520203000000, '', 3, 520200000000);
INSERT INTO `zz_area_code` VALUES (520221000000, '', 3, 520200000000);
INSERT INTO `zz_area_code` VALUES (520281000000, '', 3, 520200000000);
INSERT INTO `zz_area_code` VALUES (520300000000, '', 2, 520000000000);
INSERT INTO `zz_area_code` VALUES (520301000000, '', 3, 520300000000);
INSERT INTO `zz_area_code` VALUES (520302000000, '', 3, 520300000000);
INSERT INTO `zz_area_code` VALUES (520303000000, '', 3, 520300000000);
INSERT INTO `zz_area_code` VALUES (520304000000, '', 3, 520300000000);
INSERT INTO `zz_area_code` VALUES (520322000000, '', 3, 520300000000);
INSERT INTO `zz_area_code` VALUES (520323000000, '', 3, 520300000000);
INSERT INTO `zz_area_code` VALUES (520324000000, '', 3, 520300000000);
INSERT INTO `zz_area_code` VALUES (520325000000, '', 3, 520300000000);
INSERT INTO `zz_area_code` VALUES (520326000000, '', 3, 520300000000);
INSERT INTO `zz_area_code` VALUES (520327000000, '', 3, 520300000000);
INSERT INTO `zz_area_code` VALUES (520328000000, '', 3, 520300000000);
INSERT INTO `zz_area_code` VALUES (520329000000, '', 3, 520300000000);
INSERT INTO `zz_area_code` VALUES (520330000000, '', 3, 520300000000);
INSERT INTO `zz_area_code` VALUES (520381000000, '', 3, 520300000000);
INSERT INTO `zz_area_code` VALUES (520382000000, '', 3, 520300000000);
INSERT INTO `zz_area_code` VALUES (520400000000, '', 2, 520000000000);
INSERT INTO `zz_area_code` VALUES (520401000000, '', 3, 520400000000);
INSERT INTO `zz_area_code` VALUES (520402000000, '', 3, 520400000000);
INSERT INTO `zz_area_code` VALUES (520403000000, '', 3, 520400000000);
INSERT INTO `zz_area_code` VALUES (520422000000, '', 3, 520400000000);
INSERT INTO `zz_area_code` VALUES (520423000000, '', 3, 520400000000);
INSERT INTO `zz_area_code` VALUES (520424000000, '', 3, 520400000000);
INSERT INTO `zz_area_code` VALUES (520425000000, '', 3, 520400000000);
INSERT INTO `zz_area_code` VALUES (520500000000, '', 2, 520000000000);
INSERT INTO `zz_area_code` VALUES (520501000000, '', 3, 520500000000);
INSERT INTO `zz_area_code` VALUES (520502000000, '', 3, 520500000000);
INSERT INTO `zz_area_code` VALUES (520521000000, '', 3, 520500000000);
INSERT INTO `zz_area_code` VALUES (520522000000, '', 3, 520500000000);
INSERT INTO `zz_area_code` VALUES (520523000000, '', 3, 520500000000);
INSERT INTO `zz_area_code` VALUES (520524000000, '', 3, 520500000000);
INSERT INTO `zz_area_code` VALUES (520525000000, '', 3, 520500000000);
INSERT INTO `zz_area_code` VALUES (520526000000, '', 3, 520500000000);
INSERT INTO `zz_area_code` VALUES (520527000000, '', 3, 520500000000);
INSERT INTO `zz_area_code` VALUES (520600000000, '', 2, 520000000000);
INSERT INTO `zz_area_code` VALUES (520601000000, '', 3, 520600000000);
INSERT INTO `zz_area_code` VALUES (520602000000, '', 3, 520600000000);
INSERT INTO `zz_area_code` VALUES (520603000000, '', 3, 520600000000);
INSERT INTO `zz_area_code` VALUES (520621000000, '', 3, 520600000000);
INSERT INTO `zz_area_code` VALUES (520622000000, '', 3, 520600000000);
INSERT INTO `zz_area_code` VALUES (520623000000, '', 3, 520600000000);
INSERT INTO `zz_area_code` VALUES (520624000000, '', 3, 520600000000);
INSERT INTO `zz_area_code` VALUES (520625000000, '', 3, 520600000000);
INSERT INTO `zz_area_code` VALUES (520626000000, '', 3, 520600000000);
INSERT INTO `zz_area_code` VALUES (520627000000, '', 3, 520600000000);
INSERT INTO `zz_area_code` VALUES (520628000000, '', 3, 520600000000);
INSERT INTO `zz_area_code` VALUES (522300000000, '', 2, 520000000000);
INSERT INTO `zz_area_code` VALUES (522301000000, '', 3, 522300000000);
INSERT INTO `zz_area_code` VALUES (522302000000, '', 3, 522300000000);
INSERT INTO `zz_area_code` VALUES (522323000000, '', 3, 522300000000);
INSERT INTO `zz_area_code` VALUES (522324000000, '', 3, 522300000000);
INSERT INTO `zz_area_code` VALUES (522325000000, '', 3, 522300000000);
INSERT INTO `zz_area_code` VALUES (522326000000, '', 3, 522300000000);
INSERT INTO `zz_area_code` VALUES (522327000000, '', 3, 522300000000);
INSERT INTO `zz_area_code` VALUES (522328000000, '', 3, 522300000000);
INSERT INTO `zz_area_code` VALUES (522600000000, '', 2, 520000000000);
INSERT INTO `zz_area_code` VALUES (522601000000, '', 3, 522600000000);
INSERT INTO `zz_area_code` VALUES (522622000000, '', 3, 522600000000);
INSERT INTO `zz_area_code` VALUES (522623000000, '', 3, 522600000000);
INSERT INTO `zz_area_code` VALUES (522624000000, '', 3, 522600000000);
INSERT INTO `zz_area_code` VALUES (522625000000, '', 3, 522600000000);
INSERT INTO `zz_area_code` VALUES (522626000000, '', 3, 522600000000);
INSERT INTO `zz_area_code` VALUES (522627000000, '', 3, 522600000000);
INSERT INTO `zz_area_code` VALUES (522628000000, '', 3, 522600000000);
INSERT INTO `zz_area_code` VALUES (522629000000, '', 3, 522600000000);
INSERT INTO `zz_area_code` VALUES (522630000000, '', 3, 522600000000);
INSERT INTO `zz_area_code` VALUES (522631000000, '', 3, 522600000000);
INSERT INTO `zz_area_code` VALUES (522632000000, '', 3, 522600000000);
INSERT INTO `zz_area_code` VALUES (522633000000, '', 3, 522600000000);
INSERT INTO `zz_area_code` VALUES (522634000000, '', 3, 522600000000);
INSERT INTO `zz_area_code` VALUES (522635000000, '', 3, 522600000000);
INSERT INTO `zz_area_code` VALUES (522636000000, '', 3, 522600000000);
INSERT INTO `zz_area_code` VALUES (522700000000, '', 2, 520000000000);
INSERT INTO `zz_area_code` VALUES (522701000000, '', 3, 522700000000);
INSERT INTO `zz_area_code` VALUES (522702000000, '', 3, 522700000000);
INSERT INTO `zz_area_code` VALUES (522722000000, '', 3, 522700000000);
INSERT INTO `zz_area_code` VALUES (522723000000, '', 3, 522700000000);
INSERT INTO `zz_area_code` VALUES (522725000000, '', 3, 522700000000);
INSERT INTO `zz_area_code` VALUES (522726000000, '', 3, 522700000000);
INSERT INTO `zz_area_code` VALUES (522727000000, '', 3, 522700000000);
INSERT INTO `zz_area_code` VALUES (522728000000, '', 3, 522700000000);
INSERT INTO `zz_area_code` VALUES (522729000000, '', 3, 522700000000);
INSERT INTO `zz_area_code` VALUES (522730000000, '', 3, 522700000000);
INSERT INTO `zz_area_code` VALUES (522731000000, '', 3, 522700000000);
INSERT INTO `zz_area_code` VALUES (522732000000, '', 3, 522700000000);
INSERT INTO `zz_area_code` VALUES (530000000000, '', 1, NULL);
INSERT INTO `zz_area_code` VALUES (530100000000, '', 2, 530000000000);
INSERT INTO `zz_area_code` VALUES (530101000000, '', 3, 530100000000);
INSERT INTO `zz_area_code` VALUES (530102000000, '', 3, 530100000000);
INSERT INTO `zz_area_code` VALUES (530103000000, '', 3, 530100000000);
INSERT INTO `zz_area_code` VALUES (530111000000, '', 3, 530100000000);
INSERT INTO `zz_area_code` VALUES (530112000000, '', 3, 530100000000);
INSERT INTO `zz_area_code` VALUES (530113000000, '', 3, 530100000000);
INSERT INTO `zz_area_code` VALUES (530114000000, '', 3, 530100000000);
INSERT INTO `zz_area_code` VALUES (530115000000, '', 3, 530100000000);
INSERT INTO `zz_area_code` VALUES (530124000000, '', 3, 530100000000);
INSERT INTO `zz_area_code` VALUES (530125000000, '', 3, 530100000000);
INSERT INTO `zz_area_code` VALUES (530126000000, '', 3, 530100000000);
INSERT INTO `zz_area_code` VALUES (530127000000, '', 3, 530100000000);
INSERT INTO `zz_area_code` VALUES (530128000000, '', 3, 530100000000);
INSERT INTO `zz_area_code` VALUES (530129000000, '', 3, 530100000000);
INSERT INTO `zz_area_code` VALUES (530181000000, '', 3, 530100000000);
INSERT INTO `zz_area_code` VALUES (530300000000, '', 2, 530000000000);
INSERT INTO `zz_area_code` VALUES (530301000000, '', 3, 530300000000);
INSERT INTO `zz_area_code` VALUES (530302000000, '', 3, 530300000000);
INSERT INTO `zz_area_code` VALUES (530303000000, '', 3, 530300000000);
INSERT INTO `zz_area_code` VALUES (530304000000, '', 3, 530300000000);
INSERT INTO `zz_area_code` VALUES (530322000000, '', 3, 530300000000);
INSERT INTO `zz_area_code` VALUES (530323000000, '', 3, 530300000000);
INSERT INTO `zz_area_code` VALUES (530324000000, '', 3, 530300000000);
INSERT INTO `zz_area_code` VALUES (530325000000, '', 3, 530300000000);
INSERT INTO `zz_area_code` VALUES (530326000000, '', 3, 530300000000);
INSERT INTO `zz_area_code` VALUES (530381000000, '', 3, 530300000000);
INSERT INTO `zz_area_code` VALUES (530400000000, '', 2, 530000000000);
INSERT INTO `zz_area_code` VALUES (530401000000, '', 3, 530400000000);
INSERT INTO `zz_area_code` VALUES (530402000000, '', 3, 530400000000);
INSERT INTO `zz_area_code` VALUES (530403000000, '', 3, 530400000000);
INSERT INTO `zz_area_code` VALUES (530422000000, '', 3, 530400000000);
INSERT INTO `zz_area_code` VALUES (530423000000, '', 3, 530400000000);
INSERT INTO `zz_area_code` VALUES (530424000000, '', 3, 530400000000);
INSERT INTO `zz_area_code` VALUES (530425000000, '', 3, 530400000000);
INSERT INTO `zz_area_code` VALUES (530426000000, '', 3, 530400000000);
INSERT INTO `zz_area_code` VALUES (530427000000, '', 3, 530400000000);
INSERT INTO `zz_area_code` VALUES (530428000000, '', 3, 530400000000);
INSERT INTO `zz_area_code` VALUES (530500000000, '', 2, 530000000000);
INSERT INTO `zz_area_code` VALUES (530501000000, '', 3, 530500000000);
INSERT INTO `zz_area_code` VALUES (530502000000, '', 3, 530500000000);
INSERT INTO `zz_area_code` VALUES (530521000000, '', 3, 530500000000);
INSERT INTO `zz_area_code` VALUES (530523000000, '', 3, 530500000000);
INSERT INTO `zz_area_code` VALUES (530524000000, '', 3, 530500000000);
INSERT INTO `zz_area_code` VALUES (530581000000, '', 3, 530500000000);
INSERT INTO `zz_area_code` VALUES (530600000000, '', 2, 530000000000);
INSERT INTO `zz_area_code` VALUES (530601000000, '', 3, 530600000000);
INSERT INTO `zz_area_code` VALUES (530602000000, '', 3, 530600000000);
INSERT INTO `zz_area_code` VALUES (530621000000, '', 3, 530600000000);
INSERT INTO `zz_area_code` VALUES (530622000000, '', 3, 530600000000);
INSERT INTO `zz_area_code` VALUES (530623000000, '', 3, 530600000000);
INSERT INTO `zz_area_code` VALUES (530624000000, '', 3, 530600000000);
INSERT INTO `zz_area_code` VALUES (530625000000, '', 3, 530600000000);
INSERT INTO `zz_area_code` VALUES (530626000000, '', 3, 530600000000);
INSERT INTO `zz_area_code` VALUES (530627000000, '', 3, 530600000000);
INSERT INTO `zz_area_code` VALUES (530628000000, '', 3, 530600000000);
INSERT INTO `zz_area_code` VALUES (530629000000, '', 3, 530600000000);
INSERT INTO `zz_area_code` VALUES (530681000000, '', 3, 530600000000);
INSERT INTO `zz_area_code` VALUES (530700000000, '', 2, 530000000000);
INSERT INTO `zz_area_code` VALUES (530701000000, '', 3, 530700000000);
INSERT INTO `zz_area_code` VALUES (530702000000, '', 3, 530700000000);
INSERT INTO `zz_area_code` VALUES (530721000000, '', 3, 530700000000);
INSERT INTO `zz_area_code` VALUES (530722000000, '', 3, 530700000000);
INSERT INTO `zz_area_code` VALUES (530723000000, '', 3, 530700000000);
INSERT INTO `zz_area_code` VALUES (530724000000, '', 3, 530700000000);
INSERT INTO `zz_area_code` VALUES (530800000000, '', 2, 530000000000);
INSERT INTO `zz_area_code` VALUES (530801000000, '', 3, 530800000000);
INSERT INTO `zz_area_code` VALUES (530802000000, '', 3, 530800000000);
INSERT INTO `zz_area_code` VALUES (530821000000, '', 3, 530800000000);
INSERT INTO `zz_area_code` VALUES (530822000000, '', 3, 530800000000);
INSERT INTO `zz_area_code` VALUES (530823000000, '', 3, 530800000000);
INSERT INTO `zz_area_code` VALUES (530824000000, '', 3, 530800000000);
INSERT INTO `zz_area_code` VALUES (530825000000, '', 3, 530800000000);
INSERT INTO `zz_area_code` VALUES (530826000000, '', 3, 530800000000);
INSERT INTO `zz_area_code` VALUES (530827000000, '', 3, 530800000000);
INSERT INTO `zz_area_code` VALUES (530828000000, '', 3, 530800000000);
INSERT INTO `zz_area_code` VALUES (530829000000, '', 3, 530800000000);
INSERT INTO `zz_area_code` VALUES (530900000000, '', 2, 530000000000);
INSERT INTO `zz_area_code` VALUES (530901000000, '', 3, 530900000000);
INSERT INTO `zz_area_code` VALUES (530902000000, '', 3, 530900000000);
INSERT INTO `zz_area_code` VALUES (530921000000, '', 3, 530900000000);
INSERT INTO `zz_area_code` VALUES (530922000000, '', 3, 530900000000);
INSERT INTO `zz_area_code` VALUES (530923000000, '', 3, 530900000000);
INSERT INTO `zz_area_code` VALUES (530924000000, '', 3, 530900000000);
INSERT INTO `zz_area_code` VALUES (530925000000, '', 3, 530900000000);
INSERT INTO `zz_area_code` VALUES (530926000000, '', 3, 530900000000);
INSERT INTO `zz_area_code` VALUES (530927000000, '', 3, 530900000000);
INSERT INTO `zz_area_code` VALUES (532300000000, '', 2, 530000000000);
INSERT INTO `zz_area_code` VALUES (532301000000, '', 3, 532300000000);
INSERT INTO `zz_area_code` VALUES (532322000000, '', 3, 532300000000);
INSERT INTO `zz_area_code` VALUES (532323000000, '', 3, 532300000000);
INSERT INTO `zz_area_code` VALUES (532324000000, '', 3, 532300000000);
INSERT INTO `zz_area_code` VALUES (532325000000, '', 3, 532300000000);
INSERT INTO `zz_area_code` VALUES (532326000000, '', 3, 532300000000);
INSERT INTO `zz_area_code` VALUES (532327000000, '', 3, 532300000000);
INSERT INTO `zz_area_code` VALUES (532328000000, '', 3, 532300000000);
INSERT INTO `zz_area_code` VALUES (532329000000, '', 3, 532300000000);
INSERT INTO `zz_area_code` VALUES (532331000000, '', 3, 532300000000);
INSERT INTO `zz_area_code` VALUES (532500000000, '', 2, 530000000000);
INSERT INTO `zz_area_code` VALUES (532501000000, '', 3, 532500000000);
INSERT INTO `zz_area_code` VALUES (532502000000, '', 3, 532500000000);
INSERT INTO `zz_area_code` VALUES (532503000000, '', 3, 532500000000);
INSERT INTO `zz_area_code` VALUES (532504000000, '', 3, 532500000000);
INSERT INTO `zz_area_code` VALUES (532523000000, '', 3, 532500000000);
INSERT INTO `zz_area_code` VALUES (532524000000, '', 3, 532500000000);
INSERT INTO `zz_area_code` VALUES (532525000000, '', 3, 532500000000);
INSERT INTO `zz_area_code` VALUES (532527000000, '', 3, 532500000000);
INSERT INTO `zz_area_code` VALUES (532528000000, '', 3, 532500000000);
INSERT INTO `zz_area_code` VALUES (532529000000, '', 3, 532500000000);
INSERT INTO `zz_area_code` VALUES (532530000000, '', 3, 532500000000);
INSERT INTO `zz_area_code` VALUES (532531000000, '', 3, 532500000000);
INSERT INTO `zz_area_code` VALUES (532532000000, '', 3, 532500000000);
INSERT INTO `zz_area_code` VALUES (532600000000, '', 2, 530000000000);
INSERT INTO `zz_area_code` VALUES (532601000000, '', 3, 532600000000);
INSERT INTO `zz_area_code` VALUES (532622000000, '', 3, 532600000000);
INSERT INTO `zz_area_code` VALUES (532623000000, '', 3, 532600000000);
INSERT INTO `zz_area_code` VALUES (532624000000, '', 3, 532600000000);
INSERT INTO `zz_area_code` VALUES (532625000000, '', 3, 532600000000);
INSERT INTO `zz_area_code` VALUES (532626000000, '', 3, 532600000000);
INSERT INTO `zz_area_code` VALUES (532627000000, '', 3, 532600000000);
INSERT INTO `zz_area_code` VALUES (532628000000, '', 3, 532600000000);
INSERT INTO `zz_area_code` VALUES (532800000000, '', 2, 530000000000);
INSERT INTO `zz_area_code` VALUES (532801000000, '', 3, 532800000000);
INSERT INTO `zz_area_code` VALUES (532822000000, '', 3, 532800000000);
INSERT INTO `zz_area_code` VALUES (532823000000, '', 3, 532800000000);
INSERT INTO `zz_area_code` VALUES (532900000000, '', 2, 530000000000);
INSERT INTO `zz_area_code` VALUES (532901000000, '', 3, 532900000000);
INSERT INTO `zz_area_code` VALUES (532922000000, '', 3, 532900000000);
INSERT INTO `zz_area_code` VALUES (532923000000, '', 3, 532900000000);
INSERT INTO `zz_area_code` VALUES (532924000000, '', 3, 532900000000);
INSERT INTO `zz_area_code` VALUES (532925000000, '', 3, 532900000000);
INSERT INTO `zz_area_code` VALUES (532926000000, '', 3, 532900000000);
INSERT INTO `zz_area_code` VALUES (532927000000, '', 3, 532900000000);
INSERT INTO `zz_area_code` VALUES (532928000000, '', 3, 532900000000);
INSERT INTO `zz_area_code` VALUES (532929000000, '', 3, 532900000000);
INSERT INTO `zz_area_code` VALUES (532930000000, '', 3, 532900000000);
INSERT INTO `zz_area_code` VALUES (532931000000, '', 3, 532900000000);
INSERT INTO `zz_area_code` VALUES (532932000000, '', 3, 532900000000);
INSERT INTO `zz_area_code` VALUES (533100000000, '', 2, 530000000000);
INSERT INTO `zz_area_code` VALUES (533102000000, '', 3, 533100000000);
INSERT INTO `zz_area_code` VALUES (533103000000, '', 3, 533100000000);
INSERT INTO `zz_area_code` VALUES (533122000000, '', 3, 533100000000);
INSERT INTO `zz_area_code` VALUES (533123000000, '', 3, 533100000000);
INSERT INTO `zz_area_code` VALUES (533124000000, '', 3, 533100000000);
INSERT INTO `zz_area_code` VALUES (533300000000, '', 2, 530000000000);
INSERT INTO `zz_area_code` VALUES (533301000000, '', 3, 533300000000);
INSERT INTO `zz_area_code` VALUES (533323000000, '', 3, 533300000000);
INSERT INTO `zz_area_code` VALUES (533324000000, '', 3, 533300000000);
INSERT INTO `zz_area_code` VALUES (533325000000, '', 3, 533300000000);
INSERT INTO `zz_area_code` VALUES (533400000000, '', 2, 530000000000);
INSERT INTO `zz_area_code` VALUES (533401000000, '', 3, 533400000000);
INSERT INTO `zz_area_code` VALUES (533422000000, '', 3, 533400000000);
INSERT INTO `zz_area_code` VALUES (533423000000, '', 3, 533400000000);
INSERT INTO `zz_area_code` VALUES (540000000000, '', 1, NULL);
INSERT INTO `zz_area_code` VALUES (540100000000, '', 2, 540000000000);
INSERT INTO `zz_area_code` VALUES (540101000000, '', 3, 540100000000);
INSERT INTO `zz_area_code` VALUES (540102000000, '', 3, 540100000000);
INSERT INTO `zz_area_code` VALUES (540103000000, '', 3, 540100000000);
INSERT INTO `zz_area_code` VALUES (540104000000, '', 3, 540100000000);
INSERT INTO `zz_area_code` VALUES (540121000000, '', 3, 540100000000);
INSERT INTO `zz_area_code` VALUES (540122000000, '', 3, 540100000000);
INSERT INTO `zz_area_code` VALUES (540123000000, '', 3, 540100000000);
INSERT INTO `zz_area_code` VALUES (540124000000, '', 3, 540100000000);
INSERT INTO `zz_area_code` VALUES (540127000000, '', 3, 540100000000);
INSERT INTO `zz_area_code` VALUES (540171000000, '', 3, 540100000000);
INSERT INTO `zz_area_code` VALUES (540172000000, '', 3, 540100000000);
INSERT INTO `zz_area_code` VALUES (540173000000, '', 3, 540100000000);
INSERT INTO `zz_area_code` VALUES (540174000000, '', 3, 540100000000);
INSERT INTO `zz_area_code` VALUES (540200000000, '', 2, 540000000000);
INSERT INTO `zz_area_code` VALUES (540202000000, '', 3, 540200000000);
INSERT INTO `zz_area_code` VALUES (540221000000, '', 3, 540200000000);
INSERT INTO `zz_area_code` VALUES (540222000000, '', 3, 540200000000);
INSERT INTO `zz_area_code` VALUES (540223000000, '', 3, 540200000000);
INSERT INTO `zz_area_code` VALUES (540224000000, '', 3, 540200000000);
INSERT INTO `zz_area_code` VALUES (540225000000, '', 3, 540200000000);
INSERT INTO `zz_area_code` VALUES (540226000000, '', 3, 540200000000);
INSERT INTO `zz_area_code` VALUES (540227000000, '', 3, 540200000000);
INSERT INTO `zz_area_code` VALUES (540228000000, '', 3, 540200000000);
INSERT INTO `zz_area_code` VALUES (540229000000, '', 3, 540200000000);
INSERT INTO `zz_area_code` VALUES (540230000000, '', 3, 540200000000);
INSERT INTO `zz_area_code` VALUES (540231000000, '', 3, 540200000000);
INSERT INTO `zz_area_code` VALUES (540232000000, '', 3, 540200000000);
INSERT INTO `zz_area_code` VALUES (540233000000, '', 3, 540200000000);
INSERT INTO `zz_area_code` VALUES (540234000000, '', 3, 540200000000);
INSERT INTO `zz_area_code` VALUES (540235000000, '', 3, 540200000000);
INSERT INTO `zz_area_code` VALUES (540236000000, '', 3, 540200000000);
INSERT INTO `zz_area_code` VALUES (540237000000, '', 3, 540200000000);
INSERT INTO `zz_area_code` VALUES (540300000000, '', 2, 540000000000);
INSERT INTO `zz_area_code` VALUES (540302000000, '', 3, 540300000000);
INSERT INTO `zz_area_code` VALUES (540321000000, '', 3, 540300000000);
INSERT INTO `zz_area_code` VALUES (540322000000, '', 3, 540300000000);
INSERT INTO `zz_area_code` VALUES (540323000000, '', 3, 540300000000);
INSERT INTO `zz_area_code` VALUES (540324000000, '', 3, 540300000000);
INSERT INTO `zz_area_code` VALUES (540325000000, '', 3, 540300000000);
INSERT INTO `zz_area_code` VALUES (540326000000, '', 3, 540300000000);
INSERT INTO `zz_area_code` VALUES (540327000000, '', 3, 540300000000);
INSERT INTO `zz_area_code` VALUES (540328000000, '', 3, 540300000000);
INSERT INTO `zz_area_code` VALUES (540329000000, '', 3, 540300000000);
INSERT INTO `zz_area_code` VALUES (540330000000, '', 3, 540300000000);
INSERT INTO `zz_area_code` VALUES (540400000000, '', 2, 540000000000);
INSERT INTO `zz_area_code` VALUES (540402000000, '', 3, 540400000000);
INSERT INTO `zz_area_code` VALUES (540421000000, '', 3, 540400000000);
INSERT INTO `zz_area_code` VALUES (540422000000, '', 3, 540400000000);
INSERT INTO `zz_area_code` VALUES (540423000000, '', 3, 540400000000);
INSERT INTO `zz_area_code` VALUES (540424000000, '', 3, 540400000000);
INSERT INTO `zz_area_code` VALUES (540425000000, '', 3, 540400000000);
INSERT INTO `zz_area_code` VALUES (540426000000, '', 3, 540400000000);
INSERT INTO `zz_area_code` VALUES (540500000000, '', 2, 540000000000);
INSERT INTO `zz_area_code` VALUES (540501000000, '', 3, 540500000000);
INSERT INTO `zz_area_code` VALUES (540502000000, '', 3, 540500000000);
INSERT INTO `zz_area_code` VALUES (540521000000, '', 3, 540500000000);
INSERT INTO `zz_area_code` VALUES (540522000000, '', 3, 540500000000);
INSERT INTO `zz_area_code` VALUES (540523000000, '', 3, 540500000000);
INSERT INTO `zz_area_code` VALUES (540524000000, '', 3, 540500000000);
INSERT INTO `zz_area_code` VALUES (540525000000, '', 3, 540500000000);
INSERT INTO `zz_area_code` VALUES (540526000000, '', 3, 540500000000);
INSERT INTO `zz_area_code` VALUES (540527000000, '', 3, 540500000000);
INSERT INTO `zz_area_code` VALUES (540528000000, '', 3, 540500000000);
INSERT INTO `zz_area_code` VALUES (540529000000, '', 3, 540500000000);
INSERT INTO `zz_area_code` VALUES (540530000000, '', 3, 540500000000);
INSERT INTO `zz_area_code` VALUES (540531000000, '', 3, 540500000000);
INSERT INTO `zz_area_code` VALUES (540600000000, '', 2, 540000000000);
INSERT INTO `zz_area_code` VALUES (540602000000, '', 3, 540600000000);
INSERT INTO `zz_area_code` VALUES (540621000000, '', 3, 540600000000);
INSERT INTO `zz_area_code` VALUES (540622000000, '', 3, 540600000000);
INSERT INTO `zz_area_code` VALUES (540623000000, '', 3, 540600000000);
INSERT INTO `zz_area_code` VALUES (540624000000, '', 3, 540600000000);
INSERT INTO `zz_area_code` VALUES (540625000000, '', 3, 540600000000);
INSERT INTO `zz_area_code` VALUES (540626000000, '', 3, 540600000000);
INSERT INTO `zz_area_code` VALUES (540627000000, '', 3, 540600000000);
INSERT INTO `zz_area_code` VALUES (540628000000, '', 3, 540600000000);
INSERT INTO `zz_area_code` VALUES (540629000000, '', 3, 540600000000);
INSERT INTO `zz_area_code` VALUES (540630000000, '', 3, 540600000000);
INSERT INTO `zz_area_code` VALUES (542500000000, '', 2, 540000000000);
INSERT INTO `zz_area_code` VALUES (542521000000, '', 3, 542500000000);
INSERT INTO `zz_area_code` VALUES (542522000000, '', 3, 542500000000);
INSERT INTO `zz_area_code` VALUES (542523000000, '', 3, 542500000000);
INSERT INTO `zz_area_code` VALUES (542524000000, '', 3, 542500000000);
INSERT INTO `zz_area_code` VALUES (542525000000, '', 3, 542500000000);
INSERT INTO `zz_area_code` VALUES (542526000000, '', 3, 542500000000);
INSERT INTO `zz_area_code` VALUES (542527000000, '', 3, 542500000000);
INSERT INTO `zz_area_code` VALUES (610000000000, '', 1, NULL);
INSERT INTO `zz_area_code` VALUES (610100000000, '', 2, 610000000000);
INSERT INTO `zz_area_code` VALUES (610101000000, '', 3, 610100000000);
INSERT INTO `zz_area_code` VALUES (610102000000, '', 3, 610100000000);
INSERT INTO `zz_area_code` VALUES (610103000000, '', 3, 610100000000);
INSERT INTO `zz_area_code` VALUES (610104000000, '', 3, 610100000000);
INSERT INTO `zz_area_code` VALUES (610111000000, '', 3, 610100000000);
INSERT INTO `zz_area_code` VALUES (610112000000, '', 3, 610100000000);
INSERT INTO `zz_area_code` VALUES (610113000000, '', 3, 610100000000);
INSERT INTO `zz_area_code` VALUES (610114000000, '', 3, 610100000000);
INSERT INTO `zz_area_code` VALUES (610115000000, '', 3, 610100000000);
INSERT INTO `zz_area_code` VALUES (610116000000, '', 3, 610100000000);
INSERT INTO `zz_area_code` VALUES (610117000000, '', 3, 610100000000);
INSERT INTO `zz_area_code` VALUES (610118000000, '', 3, 610100000000);
INSERT INTO `zz_area_code` VALUES (610122000000, '', 3, 610100000000);
INSERT INTO `zz_area_code` VALUES (610124000000, '', 3, 610100000000);
INSERT INTO `zz_area_code` VALUES (610200000000, '', 2, 610000000000);
INSERT INTO `zz_area_code` VALUES (610201000000, '', 3, 610200000000);
INSERT INTO `zz_area_code` VALUES (610202000000, '', 3, 610200000000);
INSERT INTO `zz_area_code` VALUES (610203000000, '', 3, 610200000000);
INSERT INTO `zz_area_code` VALUES (610204000000, '', 3, 610200000000);
INSERT INTO `zz_area_code` VALUES (610222000000, '', 3, 610200000000);
INSERT INTO `zz_area_code` VALUES (610300000000, '', 2, 610000000000);
INSERT INTO `zz_area_code` VALUES (610301000000, '', 3, 610300000000);
INSERT INTO `zz_area_code` VALUES (610302000000, '', 3, 610300000000);
INSERT INTO `zz_area_code` VALUES (610303000000, '', 3, 610300000000);
INSERT INTO `zz_area_code` VALUES (610304000000, '', 3, 610300000000);
INSERT INTO `zz_area_code` VALUES (610322000000, '', 3, 610300000000);
INSERT INTO `zz_area_code` VALUES (610323000000, '', 3, 610300000000);
INSERT INTO `zz_area_code` VALUES (610324000000, '', 3, 610300000000);
INSERT INTO `zz_area_code` VALUES (610326000000, '', 3, 610300000000);
INSERT INTO `zz_area_code` VALUES (610327000000, '', 3, 610300000000);
INSERT INTO `zz_area_code` VALUES (610328000000, '', 3, 610300000000);
INSERT INTO `zz_area_code` VALUES (610329000000, '', 3, 610300000000);
INSERT INTO `zz_area_code` VALUES (610330000000, '', 3, 610300000000);
INSERT INTO `zz_area_code` VALUES (610331000000, '', 3, 610300000000);
INSERT INTO `zz_area_code` VALUES (610400000000, '', 2, 610000000000);
INSERT INTO `zz_area_code` VALUES (610401000000, '', 3, 610400000000);
INSERT INTO `zz_area_code` VALUES (610402000000, '', 3, 610400000000);
INSERT INTO `zz_area_code` VALUES (610403000000, '', 3, 610400000000);
INSERT INTO `zz_area_code` VALUES (610404000000, '', 3, 610400000000);
INSERT INTO `zz_area_code` VALUES (610422000000, '', 3, 610400000000);
INSERT INTO `zz_area_code` VALUES (610423000000, '', 3, 610400000000);
INSERT INTO `zz_area_code` VALUES (610424000000, '', 3, 610400000000);
INSERT INTO `zz_area_code` VALUES (610425000000, '', 3, 610400000000);
INSERT INTO `zz_area_code` VALUES (610426000000, '', 3, 610400000000);
INSERT INTO `zz_area_code` VALUES (610428000000, '', 3, 610400000000);
INSERT INTO `zz_area_code` VALUES (610429000000, '', 3, 610400000000);
INSERT INTO `zz_area_code` VALUES (610430000000, '', 3, 610400000000);
INSERT INTO `zz_area_code` VALUES (610431000000, '', 3, 610400000000);
INSERT INTO `zz_area_code` VALUES (610481000000, '', 3, 610400000000);
INSERT INTO `zz_area_code` VALUES (610482000000, '', 3, 610400000000);
INSERT INTO `zz_area_code` VALUES (610500000000, '', 2, 610000000000);
INSERT INTO `zz_area_code` VALUES (610501000000, '', 3, 610500000000);
INSERT INTO `zz_area_code` VALUES (610502000000, '', 3, 610500000000);
INSERT INTO `zz_area_code` VALUES (610503000000, '', 3, 610500000000);
INSERT INTO `zz_area_code` VALUES (610522000000, '', 3, 610500000000);
INSERT INTO `zz_area_code` VALUES (610523000000, '', 3, 610500000000);
INSERT INTO `zz_area_code` VALUES (610524000000, '', 3, 610500000000);
INSERT INTO `zz_area_code` VALUES (610525000000, '', 3, 610500000000);
INSERT INTO `zz_area_code` VALUES (610526000000, '', 3, 610500000000);
INSERT INTO `zz_area_code` VALUES (610527000000, '', 3, 610500000000);
INSERT INTO `zz_area_code` VALUES (610528000000, '', 3, 610500000000);
INSERT INTO `zz_area_code` VALUES (610581000000, '', 3, 610500000000);
INSERT INTO `zz_area_code` VALUES (610582000000, '', 3, 610500000000);
INSERT INTO `zz_area_code` VALUES (610600000000, '', 2, 610000000000);
INSERT INTO `zz_area_code` VALUES (610601000000, '', 3, 610600000000);
INSERT INTO `zz_area_code` VALUES (610602000000, '', 3, 610600000000);
INSERT INTO `zz_area_code` VALUES (610603000000, '', 3, 610600000000);
INSERT INTO `zz_area_code` VALUES (610621000000, '', 3, 610600000000);
INSERT INTO `zz_area_code` VALUES (610622000000, '', 3, 610600000000);
INSERT INTO `zz_area_code` VALUES (610623000000, '', 3, 610600000000);
INSERT INTO `zz_area_code` VALUES (610625000000, '', 3, 610600000000);
INSERT INTO `zz_area_code` VALUES (610626000000, '', 3, 610600000000);
INSERT INTO `zz_area_code` VALUES (610627000000, '', 3, 610600000000);
INSERT INTO `zz_area_code` VALUES (610628000000, '', 3, 610600000000);
INSERT INTO `zz_area_code` VALUES (610629000000, '', 3, 610600000000);
INSERT INTO `zz_area_code` VALUES (610630000000, '', 3, 610600000000);
INSERT INTO `zz_area_code` VALUES (610631000000, '', 3, 610600000000);
INSERT INTO `zz_area_code` VALUES (610632000000, '', 3, 610600000000);
INSERT INTO `zz_area_code` VALUES (610700000000, '', 2, 610000000000);
INSERT INTO `zz_area_code` VALUES (610701000000, '', 3, 610700000000);
INSERT INTO `zz_area_code` VALUES (610702000000, '', 3, 610700000000);
INSERT INTO `zz_area_code` VALUES (610703000000, '', 3, 610700000000);
INSERT INTO `zz_area_code` VALUES (610722000000, '', 3, 610700000000);
INSERT INTO `zz_area_code` VALUES (610723000000, '', 3, 610700000000);
INSERT INTO `zz_area_code` VALUES (610724000000, '', 3, 610700000000);
INSERT INTO `zz_area_code` VALUES (610725000000, '', 3, 610700000000);
INSERT INTO `zz_area_code` VALUES (610726000000, '', 3, 610700000000);
INSERT INTO `zz_area_code` VALUES (610727000000, '', 3, 610700000000);
INSERT INTO `zz_area_code` VALUES (610728000000, '', 3, 610700000000);
INSERT INTO `zz_area_code` VALUES (610729000000, '', 3, 610700000000);
INSERT INTO `zz_area_code` VALUES (610730000000, '', 3, 610700000000);
INSERT INTO `zz_area_code` VALUES (610800000000, '', 2, 610000000000);
INSERT INTO `zz_area_code` VALUES (610801000000, '', 3, 610800000000);
INSERT INTO `zz_area_code` VALUES (610802000000, '', 3, 610800000000);
INSERT INTO `zz_area_code` VALUES (610803000000, '', 3, 610800000000);
INSERT INTO `zz_area_code` VALUES (610822000000, '', 3, 610800000000);
INSERT INTO `zz_area_code` VALUES (610824000000, '', 3, 610800000000);
INSERT INTO `zz_area_code` VALUES (610825000000, '', 3, 610800000000);
INSERT INTO `zz_area_code` VALUES (610826000000, '', 3, 610800000000);
INSERT INTO `zz_area_code` VALUES (610827000000, '', 3, 610800000000);
INSERT INTO `zz_area_code` VALUES (610828000000, '', 3, 610800000000);
INSERT INTO `zz_area_code` VALUES (610829000000, '', 3, 610800000000);
INSERT INTO `zz_area_code` VALUES (610830000000, '', 3, 610800000000);
INSERT INTO `zz_area_code` VALUES (610831000000, '', 3, 610800000000);
INSERT INTO `zz_area_code` VALUES (610881000000, '', 3, 610800000000);
INSERT INTO `zz_area_code` VALUES (610900000000, '', 2, 610000000000);
INSERT INTO `zz_area_code` VALUES (610901000000, '', 3, 610900000000);
INSERT INTO `zz_area_code` VALUES (610902000000, '', 3, 610900000000);
INSERT INTO `zz_area_code` VALUES (610921000000, '', 3, 610900000000);
INSERT INTO `zz_area_code` VALUES (610922000000, '', 3, 610900000000);
INSERT INTO `zz_area_code` VALUES (610923000000, '', 3, 610900000000);
INSERT INTO `zz_area_code` VALUES (610924000000, '', 3, 610900000000);
INSERT INTO `zz_area_code` VALUES (610925000000, '', 3, 610900000000);
INSERT INTO `zz_area_code` VALUES (610926000000, '', 3, 610900000000);
INSERT INTO `zz_area_code` VALUES (610927000000, '', 3, 610900000000);
INSERT INTO `zz_area_code` VALUES (610928000000, '', 3, 610900000000);
INSERT INTO `zz_area_code` VALUES (610929000000, '', 3, 610900000000);
INSERT INTO `zz_area_code` VALUES (611000000000, '', 2, 610000000000);
INSERT INTO `zz_area_code` VALUES (611001000000, '', 3, 611000000000);
INSERT INTO `zz_area_code` VALUES (611002000000, '', 3, 611000000000);
INSERT INTO `zz_area_code` VALUES (611021000000, '', 3, 611000000000);
INSERT INTO `zz_area_code` VALUES (611022000000, '', 3, 611000000000);
INSERT INTO `zz_area_code` VALUES (611023000000, '', 3, 611000000000);
INSERT INTO `zz_area_code` VALUES (611024000000, '', 3, 611000000000);
INSERT INTO `zz_area_code` VALUES (611025000000, '', 3, 611000000000);
INSERT INTO `zz_area_code` VALUES (611026000000, '', 3, 611000000000);
INSERT INTO `zz_area_code` VALUES (620000000000, '', 1, NULL);
INSERT INTO `zz_area_code` VALUES (620100000000, '', 2, 620000000000);
INSERT INTO `zz_area_code` VALUES (620101000000, '', 3, 620100000000);
INSERT INTO `zz_area_code` VALUES (620102000000, '', 3, 620100000000);
INSERT INTO `zz_area_code` VALUES (620103000000, '', 3, 620100000000);
INSERT INTO `zz_area_code` VALUES (620104000000, '', 3, 620100000000);
INSERT INTO `zz_area_code` VALUES (620105000000, '', 3, 620100000000);
INSERT INTO `zz_area_code` VALUES (620111000000, '', 3, 620100000000);
INSERT INTO `zz_area_code` VALUES (620121000000, '', 3, 620100000000);
INSERT INTO `zz_area_code` VALUES (620122000000, '', 3, 620100000000);
INSERT INTO `zz_area_code` VALUES (620123000000, '', 3, 620100000000);
INSERT INTO `zz_area_code` VALUES (620171000000, '', 3, 620100000000);
INSERT INTO `zz_area_code` VALUES (620200000000, '', 2, 620000000000);
INSERT INTO `zz_area_code` VALUES (620201000000, '', 3, 620200000000);
INSERT INTO `zz_area_code` VALUES (620300000000, '', 2, 620000000000);
INSERT INTO `zz_area_code` VALUES (620301000000, '', 3, 620300000000);
INSERT INTO `zz_area_code` VALUES (620302000000, '', 3, 620300000000);
INSERT INTO `zz_area_code` VALUES (620321000000, '', 3, 620300000000);
INSERT INTO `zz_area_code` VALUES (620400000000, '', 2, 620000000000);
INSERT INTO `zz_area_code` VALUES (620401000000, '', 3, 620400000000);
INSERT INTO `zz_area_code` VALUES (620402000000, '', 3, 620400000000);
INSERT INTO `zz_area_code` VALUES (620403000000, '', 3, 620400000000);
INSERT INTO `zz_area_code` VALUES (620421000000, '', 3, 620400000000);
INSERT INTO `zz_area_code` VALUES (620422000000, '', 3, 620400000000);
INSERT INTO `zz_area_code` VALUES (620423000000, '', 3, 620400000000);
INSERT INTO `zz_area_code` VALUES (620500000000, '', 2, 620000000000);
INSERT INTO `zz_area_code` VALUES (620501000000, '', 3, 620500000000);
INSERT INTO `zz_area_code` VALUES (620502000000, '', 3, 620500000000);
INSERT INTO `zz_area_code` VALUES (620503000000, '', 3, 620500000000);
INSERT INTO `zz_area_code` VALUES (620521000000, '', 3, 620500000000);
INSERT INTO `zz_area_code` VALUES (620522000000, '', 3, 620500000000);
INSERT INTO `zz_area_code` VALUES (620523000000, '', 3, 620500000000);
INSERT INTO `zz_area_code` VALUES (620524000000, '', 3, 620500000000);
INSERT INTO `zz_area_code` VALUES (620525000000, '', 3, 620500000000);
INSERT INTO `zz_area_code` VALUES (620600000000, '', 2, 620000000000);
INSERT INTO `zz_area_code` VALUES (620601000000, '', 3, 620600000000);
INSERT INTO `zz_area_code` VALUES (620602000000, '', 3, 620600000000);
INSERT INTO `zz_area_code` VALUES (620621000000, '', 3, 620600000000);
INSERT INTO `zz_area_code` VALUES (620622000000, '', 3, 620600000000);
INSERT INTO `zz_area_code` VALUES (620623000000, '', 3, 620600000000);
INSERT INTO `zz_area_code` VALUES (620700000000, '', 2, 620000000000);
INSERT INTO `zz_area_code` VALUES (620701000000, '', 3, 620700000000);
INSERT INTO `zz_area_code` VALUES (620702000000, '', 3, 620700000000);
INSERT INTO `zz_area_code` VALUES (620721000000, '', 3, 620700000000);
INSERT INTO `zz_area_code` VALUES (620722000000, '', 3, 620700000000);
INSERT INTO `zz_area_code` VALUES (620723000000, '', 3, 620700000000);
INSERT INTO `zz_area_code` VALUES (620724000000, '', 3, 620700000000);
INSERT INTO `zz_area_code` VALUES (620725000000, '', 3, 620700000000);
INSERT INTO `zz_area_code` VALUES (620800000000, '', 2, 620000000000);
INSERT INTO `zz_area_code` VALUES (620801000000, '', 3, 620800000000);
INSERT INTO `zz_area_code` VALUES (620802000000, '', 3, 620800000000);
INSERT INTO `zz_area_code` VALUES (620821000000, '', 3, 620800000000);
INSERT INTO `zz_area_code` VALUES (620822000000, '', 3, 620800000000);
INSERT INTO `zz_area_code` VALUES (620823000000, '', 3, 620800000000);
INSERT INTO `zz_area_code` VALUES (620825000000, '', 3, 620800000000);
INSERT INTO `zz_area_code` VALUES (620826000000, '', 3, 620800000000);
INSERT INTO `zz_area_code` VALUES (620881000000, '', 3, 620800000000);
INSERT INTO `zz_area_code` VALUES (620900000000, '', 2, 620000000000);
INSERT INTO `zz_area_code` VALUES (620901000000, '', 3, 620900000000);
INSERT INTO `zz_area_code` VALUES (620902000000, '', 3, 620900000000);
INSERT INTO `zz_area_code` VALUES (620921000000, '', 3, 620900000000);
INSERT INTO `zz_area_code` VALUES (620922000000, '', 3, 620900000000);
INSERT INTO `zz_area_code` VALUES (620923000000, '', 3, 620900000000);
INSERT INTO `zz_area_code` VALUES (620924000000, '', 3, 620900000000);
INSERT INTO `zz_area_code` VALUES (620981000000, '', 3, 620900000000);
INSERT INTO `zz_area_code` VALUES (620982000000, '', 3, 620900000000);
INSERT INTO `zz_area_code` VALUES (621000000000, '', 2, 620000000000);
INSERT INTO `zz_area_code` VALUES (621001000000, '', 3, 621000000000);
INSERT INTO `zz_area_code` VALUES (621002000000, '', 3, 621000000000);
INSERT INTO `zz_area_code` VALUES (621021000000, '', 3, 621000000000);
INSERT INTO `zz_area_code` VALUES (621022000000, '', 3, 621000000000);
INSERT INTO `zz_area_code` VALUES (621023000000, '', 3, 621000000000);
INSERT INTO `zz_area_code` VALUES (621024000000, '', 3, 621000000000);
INSERT INTO `zz_area_code` VALUES (621025000000, '', 3, 621000000000);
INSERT INTO `zz_area_code` VALUES (621026000000, '', 3, 621000000000);
INSERT INTO `zz_area_code` VALUES (621027000000, '', 3, 621000000000);
INSERT INTO `zz_area_code` VALUES (621100000000, '', 2, 620000000000);
INSERT INTO `zz_area_code` VALUES (621101000000, '', 3, 621100000000);
INSERT INTO `zz_area_code` VALUES (621102000000, '', 3, 621100000000);
INSERT INTO `zz_area_code` VALUES (621121000000, '', 3, 621100000000);
INSERT INTO `zz_area_code` VALUES (621122000000, '', 3, 621100000000);
INSERT INTO `zz_area_code` VALUES (621123000000, '', 3, 621100000000);
INSERT INTO `zz_area_code` VALUES (621124000000, '', 3, 621100000000);
INSERT INTO `zz_area_code` VALUES (621125000000, '', 3, 621100000000);
INSERT INTO `zz_area_code` VALUES (621126000000, '', 3, 621100000000);
INSERT INTO `zz_area_code` VALUES (621200000000, '', 2, 620000000000);
INSERT INTO `zz_area_code` VALUES (621201000000, '', 3, 621200000000);
INSERT INTO `zz_area_code` VALUES (621202000000, '', 3, 621200000000);
INSERT INTO `zz_area_code` VALUES (621221000000, '', 3, 621200000000);
INSERT INTO `zz_area_code` VALUES (621222000000, '', 3, 621200000000);
INSERT INTO `zz_area_code` VALUES (621223000000, '', 3, 621200000000);
INSERT INTO `zz_area_code` VALUES (621224000000, '', 3, 621200000000);
INSERT INTO `zz_area_code` VALUES (621225000000, '', 3, 621200000000);
INSERT INTO `zz_area_code` VALUES (621226000000, '', 3, 621200000000);
INSERT INTO `zz_area_code` VALUES (621227000000, '', 3, 621200000000);
INSERT INTO `zz_area_code` VALUES (621228000000, '', 3, 621200000000);
INSERT INTO `zz_area_code` VALUES (622900000000, '', 2, 620000000000);
INSERT INTO `zz_area_code` VALUES (622901000000, '', 3, 622900000000);
INSERT INTO `zz_area_code` VALUES (622921000000, '', 3, 622900000000);
INSERT INTO `zz_area_code` VALUES (622922000000, '', 3, 622900000000);
INSERT INTO `zz_area_code` VALUES (622923000000, '', 3, 622900000000);
INSERT INTO `zz_area_code` VALUES (622924000000, '', 3, 622900000000);
INSERT INTO `zz_area_code` VALUES (622925000000, '', 3, 622900000000);
INSERT INTO `zz_area_code` VALUES (622926000000, '', 3, 622900000000);
INSERT INTO `zz_area_code` VALUES (622927000000, '', 3, 622900000000);
INSERT INTO `zz_area_code` VALUES (623000000000, '', 2, 620000000000);
INSERT INTO `zz_area_code` VALUES (623001000000, '', 3, 623000000000);
INSERT INTO `zz_area_code` VALUES (623021000000, '', 3, 623000000000);
INSERT INTO `zz_area_code` VALUES (623022000000, '', 3, 623000000000);
INSERT INTO `zz_area_code` VALUES (623023000000, '', 3, 623000000000);
INSERT INTO `zz_area_code` VALUES (623024000000, '', 3, 623000000000);
INSERT INTO `zz_area_code` VALUES (623025000000, '', 3, 623000000000);
INSERT INTO `zz_area_code` VALUES (623026000000, '', 3, 623000000000);
INSERT INTO `zz_area_code` VALUES (623027000000, '', 3, 623000000000);
INSERT INTO `zz_area_code` VALUES (630000000000, '', 1, NULL);
INSERT INTO `zz_area_code` VALUES (630100000000, '', 2, 630000000000);
INSERT INTO `zz_area_code` VALUES (630101000000, '', 3, 630100000000);
INSERT INTO `zz_area_code` VALUES (630102000000, '', 3, 630100000000);
INSERT INTO `zz_area_code` VALUES (630103000000, '', 3, 630100000000);
INSERT INTO `zz_area_code` VALUES (630104000000, '', 3, 630100000000);
INSERT INTO `zz_area_code` VALUES (630105000000, '', 3, 630100000000);
INSERT INTO `zz_area_code` VALUES (630121000000, '', 3, 630100000000);
INSERT INTO `zz_area_code` VALUES (630122000000, '', 3, 630100000000);
INSERT INTO `zz_area_code` VALUES (630123000000, '', 3, 630100000000);
INSERT INTO `zz_area_code` VALUES (630200000000, '', 2, 630000000000);
INSERT INTO `zz_area_code` VALUES (630202000000, '', 3, 630200000000);
INSERT INTO `zz_area_code` VALUES (630203000000, '', 3, 630200000000);
INSERT INTO `zz_area_code` VALUES (630222000000, '', 3, 630200000000);
INSERT INTO `zz_area_code` VALUES (630223000000, '', 3, 630200000000);
INSERT INTO `zz_area_code` VALUES (630224000000, '', 3, 630200000000);
INSERT INTO `zz_area_code` VALUES (630225000000, '', 3, 630200000000);
INSERT INTO `zz_area_code` VALUES (632200000000, '', 2, 630000000000);
INSERT INTO `zz_area_code` VALUES (632221000000, '', 3, 632200000000);
INSERT INTO `zz_area_code` VALUES (632222000000, '', 3, 632200000000);
INSERT INTO `zz_area_code` VALUES (632223000000, '', 3, 632200000000);
INSERT INTO `zz_area_code` VALUES (632224000000, '', 3, 632200000000);
INSERT INTO `zz_area_code` VALUES (632300000000, '', 2, 630000000000);
INSERT INTO `zz_area_code` VALUES (632321000000, '', 3, 632300000000);
INSERT INTO `zz_area_code` VALUES (632322000000, '', 3, 632300000000);
INSERT INTO `zz_area_code` VALUES (632323000000, '', 3, 632300000000);
INSERT INTO `zz_area_code` VALUES (632324000000, '', 3, 632300000000);
INSERT INTO `zz_area_code` VALUES (632500000000, '', 2, 630000000000);
INSERT INTO `zz_area_code` VALUES (632521000000, '', 3, 632500000000);
INSERT INTO `zz_area_code` VALUES (632522000000, '', 3, 632500000000);
INSERT INTO `zz_area_code` VALUES (632523000000, '', 3, 632500000000);
INSERT INTO `zz_area_code` VALUES (632524000000, '', 3, 632500000000);
INSERT INTO `zz_area_code` VALUES (632525000000, '', 3, 632500000000);
INSERT INTO `zz_area_code` VALUES (632600000000, '', 2, 630000000000);
INSERT INTO `zz_area_code` VALUES (632621000000, '', 3, 632600000000);
INSERT INTO `zz_area_code` VALUES (632622000000, '', 3, 632600000000);
INSERT INTO `zz_area_code` VALUES (632623000000, '', 3, 632600000000);
INSERT INTO `zz_area_code` VALUES (632624000000, '', 3, 632600000000);
INSERT INTO `zz_area_code` VALUES (632625000000, '', 3, 632600000000);
INSERT INTO `zz_area_code` VALUES (632626000000, '', 3, 632600000000);
INSERT INTO `zz_area_code` VALUES (632700000000, '', 2, 630000000000);
INSERT INTO `zz_area_code` VALUES (632701000000, '', 3, 632700000000);
INSERT INTO `zz_area_code` VALUES (632722000000, '', 3, 632700000000);
INSERT INTO `zz_area_code` VALUES (632723000000, '', 3, 632700000000);
INSERT INTO `zz_area_code` VALUES (632724000000, '', 3, 632700000000);
INSERT INTO `zz_area_code` VALUES (632725000000, '', 3, 632700000000);
INSERT INTO `zz_area_code` VALUES (632726000000, '', 3, 632700000000);
INSERT INTO `zz_area_code` VALUES (632800000000, '', 2, 630000000000);
INSERT INTO `zz_area_code` VALUES (632801000000, '', 3, 632800000000);
INSERT INTO `zz_area_code` VALUES (632802000000, '', 3, 632800000000);
INSERT INTO `zz_area_code` VALUES (632803000000, '', 3, 632800000000);
INSERT INTO `zz_area_code` VALUES (632821000000, '', 3, 632800000000);
INSERT INTO `zz_area_code` VALUES (632822000000, '', 3, 632800000000);
INSERT INTO `zz_area_code` VALUES (632823000000, '', 3, 632800000000);
INSERT INTO `zz_area_code` VALUES (632857000000, '', 3, 632800000000);
INSERT INTO `zz_area_code` VALUES (640000000000, '', 1, NULL);
INSERT INTO `zz_area_code` VALUES (640100000000, '', 2, 640000000000);
INSERT INTO `zz_area_code` VALUES (640101000000, '', 3, 640100000000);
INSERT INTO `zz_area_code` VALUES (640104000000, '', 3, 640100000000);
INSERT INTO `zz_area_code` VALUES (640105000000, '', 3, 640100000000);
INSERT INTO `zz_area_code` VALUES (640106000000, '', 3, 640100000000);
INSERT INTO `zz_area_code` VALUES (640121000000, '', 3, 640100000000);
INSERT INTO `zz_area_code` VALUES (640122000000, '', 3, 640100000000);
INSERT INTO `zz_area_code` VALUES (640181000000, '', 3, 640100000000);
INSERT INTO `zz_area_code` VALUES (640200000000, '', 2, 640000000000);
INSERT INTO `zz_area_code` VALUES (640201000000, '', 3, 640200000000);
INSERT INTO `zz_area_code` VALUES (640202000000, '', 3, 640200000000);
INSERT INTO `zz_area_code` VALUES (640205000000, '', 3, 640200000000);
INSERT INTO `zz_area_code` VALUES (640221000000, '', 3, 640200000000);
INSERT INTO `zz_area_code` VALUES (640300000000, '', 2, 640000000000);
INSERT INTO `zz_area_code` VALUES (640301000000, '', 3, 640300000000);
INSERT INTO `zz_area_code` VALUES (640302000000, '', 3, 640300000000);
INSERT INTO `zz_area_code` VALUES (640303000000, '', 3, 640300000000);
INSERT INTO `zz_area_code` VALUES (640323000000, '', 3, 640300000000);
INSERT INTO `zz_area_code` VALUES (640324000000, '', 3, 640300000000);
INSERT INTO `zz_area_code` VALUES (640381000000, '', 3, 640300000000);
INSERT INTO `zz_area_code` VALUES (640400000000, '', 2, 640000000000);
INSERT INTO `zz_area_code` VALUES (640401000000, '', 3, 640400000000);
INSERT INTO `zz_area_code` VALUES (640402000000, '', 3, 640400000000);
INSERT INTO `zz_area_code` VALUES (640422000000, '', 3, 640400000000);
INSERT INTO `zz_area_code` VALUES (640423000000, '', 3, 640400000000);
INSERT INTO `zz_area_code` VALUES (640424000000, '', 3, 640400000000);
INSERT INTO `zz_area_code` VALUES (640425000000, '', 3, 640400000000);
INSERT INTO `zz_area_code` VALUES (640500000000, '', 2, 640000000000);
INSERT INTO `zz_area_code` VALUES (640501000000, '', 3, 640500000000);
INSERT INTO `zz_area_code` VALUES (640502000000, '', 3, 640500000000);
INSERT INTO `zz_area_code` VALUES (640521000000, '', 3, 640500000000);
INSERT INTO `zz_area_code` VALUES (640522000000, '', 3, 640500000000);
INSERT INTO `zz_area_code` VALUES (650000000000, '', 1, NULL);
INSERT INTO `zz_area_code` VALUES (650100000000, '', 2, 650000000000);
INSERT INTO `zz_area_code` VALUES (650101000000, '', 3, 650100000000);
INSERT INTO `zz_area_code` VALUES (650102000000, '', 3, 650100000000);
INSERT INTO `zz_area_code` VALUES (650103000000, '', 3, 650100000000);
INSERT INTO `zz_area_code` VALUES (650104000000, '', 3, 650100000000);
INSERT INTO `zz_area_code` VALUES (650105000000, '', 3, 650100000000);
INSERT INTO `zz_area_code` VALUES (650106000000, '', 3, 650100000000);
INSERT INTO `zz_area_code` VALUES (650107000000, '', 3, 650100000000);
INSERT INTO `zz_area_code` VALUES (650109000000, '', 3, 650100000000);
INSERT INTO `zz_area_code` VALUES (650121000000, '', 3, 650100000000);
INSERT INTO `zz_area_code` VALUES (650171000000, '', 3, 650100000000);
INSERT INTO `zz_area_code` VALUES (650172000000, '', 3, 650100000000);
INSERT INTO `zz_area_code` VALUES (650200000000, '', 2, 650000000000);
INSERT INTO `zz_area_code` VALUES (650201000000, '', 3, 650200000000);
INSERT INTO `zz_area_code` VALUES (650202000000, '', 3, 650200000000);
INSERT INTO `zz_area_code` VALUES (650203000000, '', 3, 650200000000);
INSERT INTO `zz_area_code` VALUES (650204000000, '', 3, 650200000000);
INSERT INTO `zz_area_code` VALUES (650205000000, '', 3, 650200000000);
INSERT INTO `zz_area_code` VALUES (650400000000, '', 2, 650000000000);
INSERT INTO `zz_area_code` VALUES (650402000000, '', 3, 650400000000);
INSERT INTO `zz_area_code` VALUES (650421000000, '', 3, 650400000000);
INSERT INTO `zz_area_code` VALUES (650422000000, '', 3, 650400000000);
INSERT INTO `zz_area_code` VALUES (650500000000, '', 2, 650000000000);
INSERT INTO `zz_area_code` VALUES (650502000000, '', 3, 650500000000);
INSERT INTO `zz_area_code` VALUES (650521000000, '', 3, 650500000000);
INSERT INTO `zz_area_code` VALUES (650522000000, '', 3, 650500000000);
INSERT INTO `zz_area_code` VALUES (652300000000, '', 2, 650000000000);
INSERT INTO `zz_area_code` VALUES (652301000000, '', 3, 652300000000);
INSERT INTO `zz_area_code` VALUES (652302000000, '', 3, 652300000000);
INSERT INTO `zz_area_code` VALUES (652323000000, '', 3, 652300000000);
INSERT INTO `zz_area_code` VALUES (652324000000, '', 3, 652300000000);
INSERT INTO `zz_area_code` VALUES (652325000000, '', 3, 652300000000);
INSERT INTO `zz_area_code` VALUES (652327000000, '', 3, 652300000000);
INSERT INTO `zz_area_code` VALUES (652328000000, '', 3, 652300000000);
INSERT INTO `zz_area_code` VALUES (652700000000, '', 2, 650000000000);
INSERT INTO `zz_area_code` VALUES (652701000000, '', 3, 652700000000);
INSERT INTO `zz_area_code` VALUES (652702000000, '', 3, 652700000000);
INSERT INTO `zz_area_code` VALUES (652722000000, '', 3, 652700000000);
INSERT INTO `zz_area_code` VALUES (652723000000, '', 3, 652700000000);
INSERT INTO `zz_area_code` VALUES (652800000000, '', 2, 650000000000);
INSERT INTO `zz_area_code` VALUES (652801000000, '', 3, 652800000000);
INSERT INTO `zz_area_code` VALUES (652822000000, '', 3, 652800000000);
INSERT INTO `zz_area_code` VALUES (652823000000, '', 3, 652800000000);
INSERT INTO `zz_area_code` VALUES (652824000000, '', 3, 652800000000);
INSERT INTO `zz_area_code` VALUES (652825000000, '', 3, 652800000000);
INSERT INTO `zz_area_code` VALUES (652826000000, '', 3, 652800000000);
INSERT INTO `zz_area_code` VALUES (652827000000, '', 3, 652800000000);
INSERT INTO `zz_area_code` VALUES (652828000000, '', 3, 652800000000);
INSERT INTO `zz_area_code` VALUES (652829000000, '', 3, 652800000000);
INSERT INTO `zz_area_code` VALUES (652871000000, '', 3, 652800000000);
INSERT INTO `zz_area_code` VALUES (652900000000, '', 2, 650000000000);
INSERT INTO `zz_area_code` VALUES (652901000000, '', 3, 652900000000);
INSERT INTO `zz_area_code` VALUES (652922000000, '', 3, 652900000000);
INSERT INTO `zz_area_code` VALUES (652923000000, '', 3, 652900000000);
INSERT INTO `zz_area_code` VALUES (652924000000, '', 3, 652900000000);
INSERT INTO `zz_area_code` VALUES (652925000000, '', 3, 652900000000);
INSERT INTO `zz_area_code` VALUES (652926000000, '', 3, 652900000000);
INSERT INTO `zz_area_code` VALUES (652927000000, '', 3, 652900000000);
INSERT INTO `zz_area_code` VALUES (652928000000, '', 3, 652900000000);
INSERT INTO `zz_area_code` VALUES (652929000000, '', 3, 652900000000);
INSERT INTO `zz_area_code` VALUES (653000000000, '', 2, 650000000000);
INSERT INTO `zz_area_code` VALUES (653001000000, '', 3, 653000000000);
INSERT INTO `zz_area_code` VALUES (653022000000, '', 3, 653000000000);
INSERT INTO `zz_area_code` VALUES (653023000000, '', 3, 653000000000);
INSERT INTO `zz_area_code` VALUES (653024000000, '', 3, 653000000000);
INSERT INTO `zz_area_code` VALUES (653100000000, '', 2, 650000000000);
INSERT INTO `zz_area_code` VALUES (653101000000, '', 3, 653100000000);
INSERT INTO `zz_area_code` VALUES (653121000000, '', 3, 653100000000);
INSERT INTO `zz_area_code` VALUES (653122000000, '', 3, 653100000000);
INSERT INTO `zz_area_code` VALUES (653123000000, '', 3, 653100000000);
INSERT INTO `zz_area_code` VALUES (653124000000, '', 3, 653100000000);
INSERT INTO `zz_area_code` VALUES (653125000000, '', 3, 653100000000);
INSERT INTO `zz_area_code` VALUES (653126000000, '', 3, 653100000000);
INSERT INTO `zz_area_code` VALUES (653127000000, '', 3, 653100000000);
INSERT INTO `zz_area_code` VALUES (653128000000, '', 3, 653100000000);
INSERT INTO `zz_area_code` VALUES (653129000000, '', 3, 653100000000);
INSERT INTO `zz_area_code` VALUES (653130000000, '', 3, 653100000000);
INSERT INTO `zz_area_code` VALUES (653131000000, '', 3, 653100000000);
INSERT INTO `zz_area_code` VALUES (653200000000, '', 2, 650000000000);
INSERT INTO `zz_area_code` VALUES (653201000000, '', 3, 653200000000);
INSERT INTO `zz_area_code` VALUES (653221000000, '', 3, 653200000000);
INSERT INTO `zz_area_code` VALUES (653222000000, '', 3, 653200000000);
INSERT INTO `zz_area_code` VALUES (653223000000, '', 3, 653200000000);
INSERT INTO `zz_area_code` VALUES (653224000000, '', 3, 653200000000);
INSERT INTO `zz_area_code` VALUES (653225000000, '', 3, 653200000000);
INSERT INTO `zz_area_code` VALUES (653226000000, '', 3, 653200000000);
INSERT INTO `zz_area_code` VALUES (653227000000, '', 3, 653200000000);
INSERT INTO `zz_area_code` VALUES (654000000000, '', 2, 650000000000);
INSERT INTO `zz_area_code` VALUES (654002000000, '', 3, 654000000000);
INSERT INTO `zz_area_code` VALUES (654003000000, '', 3, 654000000000);
INSERT INTO `zz_area_code` VALUES (654004000000, '', 3, 654000000000);
INSERT INTO `zz_area_code` VALUES (654021000000, '', 3, 654000000000);
INSERT INTO `zz_area_code` VALUES (654022000000, '', 3, 654000000000);
INSERT INTO `zz_area_code` VALUES (654023000000, '', 3, 654000000000);
INSERT INTO `zz_area_code` VALUES (654024000000, '', 3, 654000000000);
INSERT INTO `zz_area_code` VALUES (654025000000, '', 3, 654000000000);
INSERT INTO `zz_area_code` VALUES (654026000000, '', 3, 654000000000);
INSERT INTO `zz_area_code` VALUES (654027000000, '', 3, 654000000000);
INSERT INTO `zz_area_code` VALUES (654028000000, '', 3, 654000000000);
INSERT INTO `zz_area_code` VALUES (654200000000, '', 2, 650000000000);
INSERT INTO `zz_area_code` VALUES (654201000000, '', 3, 654200000000);
INSERT INTO `zz_area_code` VALUES (654202000000, '', 3, 654200000000);
INSERT INTO `zz_area_code` VALUES (654221000000, '', 3, 654200000000);
INSERT INTO `zz_area_code` VALUES (654223000000, '', 3, 654200000000);
INSERT INTO `zz_area_code` VALUES (654224000000, '', 3, 654200000000);
INSERT INTO `zz_area_code` VALUES (654225000000, '', 3, 654200000000);
INSERT INTO `zz_area_code` VALUES (654226000000, '', 3, 654200000000);
INSERT INTO `zz_area_code` VALUES (654300000000, '', 2, 650000000000);
INSERT INTO `zz_area_code` VALUES (654301000000, '', 3, 654300000000);
INSERT INTO `zz_area_code` VALUES (654321000000, '', 3, 654300000000);
INSERT INTO `zz_area_code` VALUES (654322000000, '', 3, 654300000000);
INSERT INTO `zz_area_code` VALUES (654323000000, '', 3, 654300000000);
INSERT INTO `zz_area_code` VALUES (654324000000, '', 3, 654300000000);
INSERT INTO `zz_area_code` VALUES (654325000000, '', 3, 654300000000);
INSERT INTO `zz_area_code` VALUES (654326000000, '', 3, 654300000000);
INSERT INTO `zz_area_code` VALUES (659000000000, '', 2, 650000000000);
INSERT INTO `zz_area_code` VALUES (659001000000, '', 3, 659000000000);
INSERT INTO `zz_area_code` VALUES (659002000000, '', 3, 659000000000);
INSERT INTO `zz_area_code` VALUES (659003000000, '', 3, 659000000000);
INSERT INTO `zz_area_code` VALUES (659004000000, '', 3, 659000000000);
INSERT INTO `zz_area_code` VALUES (659006000000, '', 3, 659000000000);
COMMIT;

-- ----------------------------
-- Table structure for zz_flow_category
-- ----------------------------
DROP TABLE IF EXISTS `zz_flow_category`;
CREATE TABLE `zz_flow_category` (
  `category_id` bigint NOT NULL COMMENT 'Id',
  `name` varchar(64) CHARACTER SET utf8mb4 COLLATE utf8mb4_bin NOT NULL COMMENT '',
  `code` varchar(64) CHARACTER SET utf8mb4 COLLATE utf8mb4_bin NOT NULL COMMENT '',
  `show_order` int NOT NULL COMMENT '',
  `update_time` datetime NOT NULL COMMENT '',
  `update_user_id` bigint NOT NULL COMMENT 'Id',
  `create_time` datetime NOT NULL COMMENT '',
  `create_user_id` bigint NOT NULL COMMENT 'Id',
  PRIMARY KEY (`category_id`) USING BTREE,
  UNIQUE KEY `idx_code` (`code`) USING BTREE
) ENGINE=InnoDB DEFAULT CHARSET=utf8mb4 COLLATE=utf8mb4_bin;

-- ----------------------------
-- Records of zz_flow_category
-- ----------------------------
BEGIN;
INSERT INTO `zz_flow_category` VALUES (1440940473421139968, '', 'HR', 1, '2021-09-23 15:25:55', 1440911410581213417, '2021-09-23 15:25:55', 1440911410581213417);
INSERT INTO `zz_flow_category` VALUES (1440940520124715008, '', 'CW', 2, '2021-09-23 15:26:06', 1440911410581213417, '2021-09-23 15:26:06', 1440911410581213417);
INSERT INTO `zz_flow_category` VALUES (1440940563934220288, '', 'XM', 3, '2021-09-23 15:26:16', 1440911410581213417, '2021-09-23 15:26:16', 1440911410581213417);
COMMIT;

-- ----------------------------
-- Table structure for zz_flow_entry
-- ----------------------------
DROP TABLE IF EXISTS `zz_flow_entry`;
CREATE TABLE `zz_flow_entry` (
  `entry_id` bigint NOT NULL COMMENT '',
  `process_definition_name` varchar(200) NOT NULL COMMENT '',
  `process_definition_key` varchar(150) NOT NULL COMMENT 'Key',
  `category_id` bigint NOT NULL COMMENT '',
  `main_entry_publish_id` bigint DEFAULT NULL COMMENT 'Id',
  `lastest_publish_time` datetime DEFAULT NULL COMMENT '',
  `status` int NOT NULL COMMENT '',
  `bpmn_xml` longtext COMMENT 'xml',
  `bind_form_type` int NOT NULL COMMENT '',
  `page_id` bigint DEFAULT NULL COMMENT 'Id',
  `default_form_id` bigint DEFAULT NULL COMMENT 'Id',
  `default_router_name` varchar(255) DEFAULT NULL COMMENT '',
  `update_time` datetime NOT NULL COMMENT '',
  `update_user_id` bigint NOT NULL COMMENT 'Id',
  `create_time` datetime NOT NULL COMMENT '',
  `create_user_id` bigint NOT NULL COMMENT 'Id',
  PRIMARY KEY (`entry_id`) USING BTREE,
  UNIQUE KEY `idx_process_definition_key` (`process_definition_key`) USING BTREE,
  KEY `idx_category_id` (`category_id`) USING BTREE,
  KEY `idx_status` (`status`) USING BTREE,
  KEY `idx_process_definition_name` (`process_definition_name`) USING BTREE
) ENGINE=InnoDB DEFAULT CHARSET=utf8mb4 COLLATE=utf8mb4_0900_ai_ci;

-- ----------------------------
-- Records of zz_flow_entry
-- ----------------------------
BEGIN;
INSERT INTO `zz_flow_entry` VALUES (1440962968085860352, '', 'flowLeave', 1440940473421139968, 1471360270025625600, '2021-12-16 14:03:20', 1, '<?xml version=\"1.0\" encoding=\"UTF-8\"?>\n<bpmn2:definitions xmlns:xsi=\"http://www.w3.org/2001/XMLSchema-instance\" xmlns:bpmn2=\"http://www.omg.org/spec/BPMN/20100524/MODEL\" xmlns:bpmndi=\"http://www.omg.org/spec/BPMN/20100524/DI\" xmlns:dc=\"http://www.omg.org/spec/DD/20100524/DC\" xmlns:di=\"http://www.omg.org/spec/DD/20100524/DI\" xmlns:flowable=\"http://flowable.org/bpmn\" id=\"diagram_flowLeave\" targetNamespace=\"http://flowable.org/bpmn\" xsi:schemaLocation=\"http://www.omg.org/spec/BPMN/20100524/MODEL BPMN20.xsd\">\n  <bpmn2:process id=\"flowLeave\" name=\"\" isExecutable=\"true\">\n    <bpmn2:startEvent id=\"Event_1c9ukkq\">\n      <bpmn2:outgoing>Flow_05fy9wh</bpmn2:outgoing>\n    </bpmn2:startEvent>\n    <bpmn2:userTask id=\"Activity_0sc2yuf\" name=\"\" flowable:formKey=\"{&#34;formId&#34;:&#34;1440945411354267648&#34;,&#34;readOnly&#34;:false,&#34;groupType&#34;:&#34;ASSIGNEE&#34;}\" flowable:assignee=\"${startUserName}\">\n      <bpmn2:extensionElements>\n        <flowable:operationList>\n          <flowable:formOperation id=\"1632387369558\" label=\"\" type=\"agree\" showOrder=\"0\" />\n        </flowable:operationList>\n        <flowable:variableList />\n      </bpmn2:extensionElements>\n      <bpmn2:incoming>Flow_05fy9wh</bpmn2:incoming>\n      <bpmn2:incoming>Flow_012hd4v</bpmn2:incoming>\n      <bpmn2:incoming>Flow_1dpnyz6</bpmn2:incoming>\n      <bpmn2:outgoing>Flow_0pme0vr</bpmn2:outgoing>\n    </bpmn2:userTask>\n    <bpmn2:sequenceFlow id=\"Flow_05fy9wh\" sourceRef=\"Event_1c9ukkq\" targetRef=\"Activity_0sc2yuf\" />\n    <bpmn2:userTask id=\"Activity_1jw5u20\" name=\"\" flowable:formKey=\"{&#34;formId&#34;:&#34;1440945411354267648&#34;,&#34;readOnly&#34;:true,&#34;groupType&#34;:&#34;DEPT_POST_LEADER&#34;}\">\n      <bpmn2:extensionElements>\n        <flowable:operationList>\n          <flowable:formOperation id=\"1632387389734\" label=\"\" type=\"agree\" showOrder=\"0\" />\n          <flowable:formOperation id=\"1632387393116\" label=\"\" type=\"refuse\" showOrder=\"1\" />\n        </flowable:operationList>\n        <flowable:variableList />\n      </bpmn2:extensionElements>\n      <bpmn2:incoming>Flow_0pme0vr</bpmn2:incoming>\n      <bpmn2:outgoing>Flow_1hbob37</bpmn2:outgoing>\n      <bpmn2:outgoing>Flow_012hd4v</bpmn2:outgoing>\n    </bpmn2:userTask>\n    <bpmn2:sequenceFlow id=\"Flow_0pme0vr\" sourceRef=\"Activity_0sc2yuf\" targetRef=\"Activity_1jw5u20\" />\n    <bpmn2:userTask id=\"Activity_0olxatv\" name=\"HR\" flowable:formKey=\"{&#34;formId&#34;:&#34;1440945411354267648&#34;,&#34;readOnly&#34;:true,&#34;groupType&#34;:&#34;POST&#34;}\" flowable:candidateGroups=\"deptPost__1440964221780103168\">\n      <bpmn2:extensionElements>\n        <flowable:operationList>\n          <flowable:formOperation id=\"1632388147727\" label=\"\" type=\"agree\" showOrder=\"0\" />\n          <flowable:formOperation id=\"1632388151069\" label=\"\" type=\"refuse\" showOrder=\"1\" />\n        </flowable:operationList>\n        <flowable:variableList />\n        <flowable:deptPostList>\n          <flowable:deptPost id=\"deptPost__1440964221780103168\" type=\"deptPost\" deptPostId=\"1440964221780103168\" />\n        </flowable:deptPostList>\n      </bpmn2:extensionElements>\n      <bpmn2:incoming>Flow_1hbob37</bpmn2:incoming>\n      <bpmn2:outgoing>Flow_0so810a</bpmn2:outgoing>\n      <bpmn2:outgoing>Flow_1dpnyz6</bpmn2:outgoing>\n    </bpmn2:userTask>\n    <bpmn2:sequenceFlow id=\"Flow_1hbob37\" name=\"\" sourceRef=\"Activity_1jw5u20\" targetRef=\"Activity_0olxatv\">\n      <bpmn2:extensionElements>\n        <flowable:customCondition type=\"operation\" operationType=\"agree\" />\n      </bpmn2:extensionElements>\n      <bpmn2:conditionExpression xsi:type=\"bpmn2:tFormalExpression\">${operationType == \'agree\'}</bpmn2:conditionExpression>\n    </bpmn2:sequenceFlow>\n    <bpmn2:endEvent id=\"Event_04byxr7\">\n      <bpmn2:incoming>Flow_0so810a</bpmn2:incoming>\n    </bpmn2:endEvent>\n    <bpmn2:sequenceFlow id=\"Flow_0so810a\" name=\"\" sourceRef=\"Activity_0olxatv\" targetRef=\"Event_04byxr7\">\n      <bpmn2:extensionElements>\n        <flowable:customCondition type=\"operation\" operationType=\"agree\" />\n      </bpmn2:extensionElements>\n      <bpmn2:conditionExpression xsi:type=\"bpmn2:tFormalExpression\">${operationType == \'agree\'}</bpmn2:conditionExpression>\n    </bpmn2:sequenceFlow>\n    <bpmn2:sequenceFlow id=\"Flow_012hd4v\" name=\"\" sourceRef=\"Activity_1jw5u20\" targetRef=\"Activity_0sc2yuf\">\n      <bpmn2:extensionElements>\n        <flowable:customCondition type=\"operation\" operationType=\"refuse\" />\n      </bpmn2:extensionElements>\n      <bpmn2:conditionExpression xsi:type=\"bpmn2:tFormalExpression\">${operationType == \'refuse\'}</bpmn2:conditionExpression>\n    </bpmn2:sequenceFlow>\n    <bpmn2:sequenceFlow id=\"Flow_1dpnyz6\" name=\"\" sourceRef=\"Activity_0olxatv\" targetRef=\"Activity_0sc2yuf\">\n      <bpmn2:extensionElements>\n        <flowable:customCondition type=\"operation\" operationType=\"refuse\" />\n      </bpmn2:extensionElements>\n      <bpmn2:conditionExpression xsi:type=\"bpmn2:tFormalExpression\">${operationType == \'refuse\'}</bpmn2:conditionExpression>\n    </bpmn2:sequenceFlow>\n  </bpmn2:process>\n  <bpmndi:BPMNDiagram id=\"BPMNDiagram_1\">\n    <bpmndi:BPMNPlane id=\"BPMNPlane_1\" bpmnElement=\"flowLeave\">\n      <bpmndi:BPMNEdge id=\"Flow_1dpnyz6_di\" bpmnElement=\"Flow_1dpnyz6\">\n        <di:waypoint x=\"590\" y=\"380\" />\n        <di:waypoint x=\"590\" y=\"420\" />\n        <di:waypoint x=\"270\" y=\"420\" />\n        <di:waypoint x=\"270\" y=\"380\" />\n        <bpmndi:BPMNLabel>\n          <dc:Bounds x=\"419\" y=\"402\" width=\"22\" height=\"14\" />\n        </bpmndi:BPMNLabel>\n      </bpmndi:BPMNEdge>\n      <bpmndi:BPMNEdge id=\"Flow_012hd4v_di\" bpmnElement=\"Flow_012hd4v\">\n        <di:waypoint x=\"430\" y=\"300\" />\n        <di:waypoint x=\"430\" y=\"270\" />\n        <di:waypoint x=\"270\" y=\"270\" />\n        <di:waypoint x=\"270\" y=\"300\" />\n        <bpmndi:BPMNLabel>\n          <dc:Bounds x=\"339\" y=\"252\" width=\"22\" height=\"14\" />\n        </bpmndi:BPMNLabel>\n      </bpmndi:BPMNEdge>\n      <bpmndi:BPMNEdge id=\"Flow_0so810a_di\" bpmnElement=\"Flow_0so810a\">\n        <di:waypoint x=\"640\" y=\"340\" />\n        <di:waypoint x=\"702\" y=\"340\" />\n        <bpmndi:BPMNLabel>\n          <dc:Bounds x=\"660\" y=\"322\" width=\"23\" height=\"14\" />\n        </bpmndi:BPMNLabel>\n      </bpmndi:BPMNEdge>\n      <bpmndi:BPMNEdge id=\"Flow_1hbob37_di\" bpmnElement=\"Flow_1hbob37\">\n        <di:waypoint x=\"480\" y=\"340\" />\n        <di:waypoint x=\"540\" y=\"340\" />\n        <bpmndi:BPMNLabel>\n          <dc:Bounds x=\"499\" y=\"322\" width=\"23\" height=\"14\" />\n        </bpmndi:BPMNLabel>\n      </bpmndi:BPMNEdge>\n      <bpmndi:BPMNEdge id=\"Flow_0pme0vr_di\" bpmnElement=\"Flow_0pme0vr\">\n        <di:waypoint x=\"320\" y=\"340\" />\n        <di:waypoint x=\"380\" y=\"340\" />\n      </bpmndi:BPMNEdge>\n      <bpmndi:BPMNEdge id=\"Flow_05fy9wh_di\" bpmnElement=\"Flow_05fy9wh\">\n        <di:waypoint x=\"168\" y=\"340\" />\n        <di:waypoint x=\"220\" y=\"340\" />\n      </bpmndi:BPMNEdge>\n      <bpmndi:BPMNShape id=\"Event_1c9ukkq_di\" bpmnElement=\"Event_1c9ukkq\">\n        <dc:Bounds x=\"132\" y=\"322\" width=\"36\" height=\"36\" />\n      </bpmndi:BPMNShape>\n      <bpmndi:BPMNShape id=\"Activity_0sc2yuf_di\" bpmnElement=\"Activity_0sc2yuf\">\n        <dc:Bounds x=\"220\" y=\"300\" width=\"100\" height=\"80\" />\n      </bpmndi:BPMNShape>\n      <bpmndi:BPMNShape id=\"Activity_1jw5u20_di\" bpmnElement=\"Activity_1jw5u20\">\n        <dc:Bounds x=\"380\" y=\"300\" width=\"100\" height=\"80\" />\n      </bpmndi:BPMNShape>\n      <bpmndi:BPMNShape id=\"Activity_0olxatv_di\" bpmnElement=\"Activity_0olxatv\">\n        <dc:Bounds x=\"540\" y=\"300\" width=\"100\" height=\"80\" />\n      </bpmndi:BPMNShape>\n      <bpmndi:BPMNShape id=\"Event_04byxr7_di\" bpmnElement=\"Event_04byxr7\">\n        <dc:Bounds x=\"702\" y=\"322\" width=\"36\" height=\"36\" />\n      </bpmndi:BPMNShape>\n    </bpmndi:BPMNPlane>\n  </bpmndi:BPMNDiagram>\n</bpmn2:definitions>\n', 0, 1440945149889744896, 1440945411354267648, NULL, '2021-12-16 14:27:17', 1440965465605148672, '2021-09-23 16:55:18', 1440911410581213417);
INSERT INTO `zz_flow_entry` VALUES (1440966906914803712, '', 'flowSubmit', 1440940520124715008, 1471370350892683264, '2021-12-16 14:43:23', 1, '<?xml version=\"1.0\" encoding=\"UTF-8\"?>\n<bpmn2:definitions xmlns:xsi=\"http://www.w3.org/2001/XMLSchema-instance\" xmlns:bpmn2=\"http://www.omg.org/spec/BPMN/20100524/MODEL\" xmlns:bpmndi=\"http://www.omg.org/spec/BPMN/20100524/DI\" xmlns:dc=\"http://www.omg.org/spec/DD/20100524/DC\" xmlns:di=\"http://www.omg.org/spec/DD/20100524/DI\" xmlns:flowable=\"http://flowable.org/bpmn\" id=\"diagram_flowSubmit\" targetNamespace=\"http://flowable.org/bpmn\" xsi:schemaLocation=\"http://www.omg.org/spec/BPMN/20100524/MODEL BPMN20.xsd\">\n  <bpmn2:process id=\"flowSubmit\" name=\"\" isExecutable=\"true\">\n    <bpmn2:startEvent id=\"Event_17n2rw9\">\n      <bpmn2:outgoing>Flow_00ldvag</bpmn2:outgoing>\n    </bpmn2:startEvent>\n    <bpmn2:userTask id=\"Activity_03kjurt\" name=\"\" flowable:formKey=\"{&#34;formId&#34;:&#34;1440947675041107968&#34;,&#34;readOnly&#34;:false,&#34;groupType&#34;:&#34;ASSIGNEE&#34;}\" flowable:assignee=\"${startUserName}\">\n      <bpmn2:extensionElements>\n        <flowable:variableList />\n        <flowable:operationList>\n          <flowable:formOperation id=\"1632388352676\" label=\"\" type=\"agree\" showOrder=\"0\" />\n          <flowable:formOperation id=\"1639636285550\" label=\"\" type=\"revoke\" showOrder=\"1\" />\n        </flowable:operationList>\n      </bpmn2:extensionElements>\n      <bpmn2:incoming>Flow_00ldvag</bpmn2:incoming>\n      <bpmn2:incoming>Flow_09b7unr</bpmn2:incoming>\n      <bpmn2:outgoing>Flow_0x9dx2t</bpmn2:outgoing>\n    </bpmn2:userTask>\n    <bpmn2:sequenceFlow id=\"Flow_00ldvag\" sourceRef=\"Event_17n2rw9\" targetRef=\"Activity_03kjurt\" />\n    <bpmn2:userTask id=\"Activity_0ywxfwu\" name=\"\" flowable:formKey=\"{&#34;formId&#34;:&#34;1440947675041107968&#34;,&#34;readOnly&#34;:true,&#34;groupType&#34;:&#34;DEPT_POST_LEADER&#34;}\">\n      <bpmn2:extensionElements>\n        <flowable:operationList>\n          <flowable:formOperation id=\"1632388372003\" label=\"\" type=\"agree\" showOrder=\"0\" />\n          <flowable:formOperation id=\"1639636304080\" label=\"\" type=\"reject\" showOrder=\"1\" />\n        </flowable:operationList>\n        <flowable:variableList>\n          <flowable:formVariable id=\"1440967581673459712\" />\n        </flowable:variableList>\n      </bpmn2:extensionElements>\n      <bpmn2:incoming>Flow_0x9dx2t</bpmn2:incoming>\n      <bpmn2:outgoing>Flow_18p3hqb</bpmn2:outgoing>\n    </bpmn2:userTask>\n    <bpmn2:sequenceFlow id=\"Flow_0x9dx2t\" sourceRef=\"Activity_03kjurt\" targetRef=\"Activity_0ywxfwu\" />\n    <bpmn2:exclusiveGateway id=\"Gateway_179zgnp\">\n      <bpmn2:incoming>Flow_18p3hqb</bpmn2:incoming>\n      <bpmn2:outgoing>Flow_1qigakr</bpmn2:outgoing>\n      <bpmn2:outgoing>Flow_058cmsb</bpmn2:outgoing>\n    </bpmn2:exclusiveGateway>\n    <bpmn2:sequenceFlow id=\"Flow_18p3hqb\" name=\"\" sourceRef=\"Activity_0ywxfwu\" targetRef=\"Gateway_179zgnp\">\n      <bpmn2:extensionElements>\n        <flowable:customCondition type=\"operation\" operationType=\"agree\" />\n      </bpmn2:extensionElements>\n    </bpmn2:sequenceFlow>\n    <bpmn2:endEvent id=\"Event_0nvjxgh\">\n      <bpmn2:incoming>Flow_1qigakr</bpmn2:incoming>\n      <bpmn2:incoming>Flow_0ycx8fb</bpmn2:incoming>\n    </bpmn2:endEvent>\n    <bpmn2:sequenceFlow id=\"Flow_1qigakr\" name=\"1000\" sourceRef=\"Gateway_179zgnp\" targetRef=\"Event_0nvjxgh\">\n      <bpmn2:conditionExpression xsi:type=\"bpmn2:tFormalExpression\">${totalAmount &lt;= 1000}</bpmn2:conditionExpression>\n    </bpmn2:sequenceFlow>\n    <bpmn2:userTask id=\"Activity_0qay48u\" name=\"\" flowable:formKey=\"{&#34;formId&#34;:&#34;1440947675041107968&#34;,&#34;readOnly&#34;:true,&#34;groupType&#34;:&#34;DEPT&#34;}\" flowable:candidateGroups=\"1440911410581213416\">\n      <bpmn2:extensionElements>\n        <flowable:operationList>\n          <flowable:formOperation id=\"1632388536771\" label=\"\" type=\"agree\" showOrder=\"0\" />\n          <flowable:formOperation id=\"1632388540081\" label=\"\" type=\"refuse\" showOrder=\"1\" />\n        </flowable:operationList>\n        <flowable:variableList />\n        <flowable:userCandidateGroups type=\"DEPT\" value=\"1440911410581213416\" />\n      </bpmn2:extensionElements>\n      <bpmn2:incoming>Flow_058cmsb</bpmn2:incoming>\n      <bpmn2:outgoing>Flow_0ycx8fb</bpmn2:outgoing>\n      <bpmn2:outgoing>Flow_09b7unr</bpmn2:outgoing>\n    </bpmn2:userTask>\n    <bpmn2:sequenceFlow id=\"Flow_058cmsb\" name=\"1000\" sourceRef=\"Gateway_179zgnp\" targetRef=\"Activity_0qay48u\">\n      <bpmn2:conditionExpression xsi:type=\"bpmn2:tFormalExpression\">${totalAmount &gt; 1000}</bpmn2:conditionExpression>\n    </bpmn2:sequenceFlow>\n    <bpmn2:sequenceFlow id=\"Flow_0ycx8fb\" name=\"\" sourceRef=\"Activity_0qay48u\" targetRef=\"Event_0nvjxgh\">\n      <bpmn2:extensionElements>\n        <flowable:customCondition type=\"operation\" operationType=\"agree\" />\n      </bpmn2:extensionElements>\n      <bpmn2:conditionExpression xsi:type=\"bpmn2:tFormalExpression\">${operationType == \'agree\'}</bpmn2:conditionExpression>\n    </bpmn2:sequenceFlow>\n    <bpmn2:sequenceFlow id=\"Flow_09b7unr\" name=\"\" sourceRef=\"Activity_0qay48u\" targetRef=\"Activity_03kjurt\">\n      <bpmn2:extensionElements>\n        <flowable:customCondition type=\"operation\" operationType=\"refuse\" />\n      </bpmn2:extensionElements>\n      <bpmn2:conditionExpression xsi:type=\"bpmn2:tFormalExpression\">${operationType == \'refuse\'}</bpmn2:conditionExpression>\n    </bpmn2:sequenceFlow>\n  </bpmn2:process>\n  <bpmndi:BPMNDiagram id=\"BPMNDiagram_1\">\n    <bpmndi:BPMNPlane id=\"BPMNPlane_1\" bpmnElement=\"flowSubmit\">\n      <bpmndi:BPMNEdge id=\"Flow_09b7unr_di\" bpmnElement=\"Flow_09b7unr\">\n        <di:waypoint x=\"750\" y=\"450\" />\n        <di:waypoint x=\"750\" y=\"500\" />\n        <di:waypoint x=\"240\" y=\"500\" />\n        <di:waypoint x=\"240\" y=\"350\" />\n        <bpmndi:BPMNLabel>\n          <dc:Bounds x=\"484\" y=\"482\" width=\"22\" height=\"14\" />\n        </bpmndi:BPMNLabel>\n      </bpmndi:BPMNEdge>\n      <bpmndi:BPMNEdge id=\"Flow_0ycx8fb_di\" bpmnElement=\"Flow_0ycx8fb\">\n        <di:waypoint x=\"800\" y=\"410\" />\n        <di:waypoint x=\"950\" y=\"410\" />\n        <di:waypoint x=\"950\" y=\"328\" />\n        <bpmndi:BPMNLabel>\n          <dc:Bounds x=\"864\" y=\"392\" width=\"23\" height=\"14\" />\n        </bpmndi:BPMNLabel>\n      </bpmndi:BPMNEdge>\n      <bpmndi:BPMNEdge id=\"Flow_058cmsb_di\" bpmnElement=\"Flow_058cmsb\">\n        <di:waypoint x=\"540\" y=\"335\" />\n        <di:waypoint x=\"540\" y=\"410\" />\n        <di:waypoint x=\"700\" y=\"410\" />\n        <bpmndi:BPMNLabel>\n          <dc:Bounds x=\"575\" y=\"383\" width=\"90\" height=\"14\" />\n        </bpmndi:BPMNLabel>\n      </bpmndi:BPMNEdge>\n      <bpmndi:BPMNEdge id=\"Flow_1qigakr_di\" bpmnElement=\"Flow_1qigakr\">\n        <di:waypoint x=\"565\" y=\"310\" />\n        <di:waypoint x=\"932\" y=\"310\" />\n        <bpmndi:BPMNLabel>\n          <dc:Bounds x=\"704\" y=\"292\" width=\"90\" height=\"14\" />\n        </bpmndi:BPMNLabel>\n      </bpmndi:BPMNEdge>\n      <bpmndi:BPMNEdge id=\"Flow_18p3hqb_di\" bpmnElement=\"Flow_18p3hqb\">\n        <di:waypoint x=\"450\" y=\"310\" />\n        <di:waypoint x=\"515\" y=\"310\" />\n        <bpmndi:BPMNLabel>\n          <dc:Bounds x=\"471\" y=\"292\" width=\"23\" height=\"14\" />\n        </bpmndi:BPMNLabel>\n      </bpmndi:BPMNEdge>\n      <bpmndi:BPMNEdge id=\"Flow_0x9dx2t_di\" bpmnElement=\"Flow_0x9dx2t\">\n        <di:waypoint x=\"290\" y=\"310\" />\n        <di:waypoint x=\"350\" y=\"310\" />\n      </bpmndi:BPMNEdge>\n      <bpmndi:BPMNEdge id=\"Flow_00ldvag_di\" bpmnElement=\"Flow_00ldvag\">\n        <di:waypoint x=\"138\" y=\"310\" />\n        <di:waypoint x=\"190\" y=\"310\" />\n      </bpmndi:BPMNEdge>\n      <bpmndi:BPMNShape id=\"Event_17n2rw9_di\" bpmnElement=\"Event_17n2rw9\">\n        <dc:Bounds x=\"102\" y=\"292\" width=\"36\" height=\"36\" />\n      </bpmndi:BPMNShape>\n      <bpmndi:BPMNShape id=\"Activity_03kjurt_di\" bpmnElement=\"Activity_03kjurt\">\n        <dc:Bounds x=\"190\" y=\"270\" width=\"100\" height=\"80\" />\n      </bpmndi:BPMNShape>\n      <bpmndi:BPMNShape id=\"Activity_0ywxfwu_di\" bpmnElement=\"Activity_0ywxfwu\">\n        <dc:Bounds x=\"350\" y=\"270\" width=\"100\" height=\"80\" />\n      </bpmndi:BPMNShape>\n      <bpmndi:BPMNShape id=\"Gateway_179zgnp_di\" bpmnElement=\"Gateway_179zgnp\" isMarkerVisible=\"true\">\n        <dc:Bounds x=\"515\" y=\"285\" width=\"50\" height=\"50\" />\n      </bpmndi:BPMNShape>\n      <bpmndi:BPMNShape id=\"Event_0nvjxgh_di\" bpmnElement=\"Event_0nvjxgh\">\n        <dc:Bounds x=\"932\" y=\"292\" width=\"36\" height=\"36\" />\n      </bpmndi:BPMNShape>\n      <bpmndi:BPMNShape id=\"Activity_0qay48u_di\" bpmnElement=\"Activity_0qay48u\">\n        <dc:Bounds x=\"700\" y=\"370\" width=\"100\" height=\"80\" />\n      </bpmndi:BPMNShape>\n    </bpmndi:BPMNPlane>\n  </bpmndi:BPMNDiagram>\n</bpmn2:definitions>\n', 0, 1440946020174270464, 1440947675041107968, NULL, '2021-12-16 14:46:40', 1440965465605148672, '2021-09-23 17:10:57', 1440911410581213417);
INSERT INTO `zz_flow_entry` VALUES (1440968423508021248, '', 'flowContract', 1440940563934220288, 1471371847462293504, '2021-12-16 14:49:20', 1, '<?xml version=\"1.0\" encoding=\"UTF-8\"?>\n<bpmn2:definitions xmlns:xsi=\"http://www.w3.org/2001/XMLSchema-instance\" xmlns:bpmn2=\"http://www.omg.org/spec/BPMN/20100524/MODEL\" xmlns:bpmndi=\"http://www.omg.org/spec/BPMN/20100524/DI\" xmlns:flowable=\"http://flowable.org/bpmn\" xmlns:di=\"http://www.omg.org/spec/DD/20100524/DI\" xmlns:dc=\"http://www.omg.org/spec/DD/20100524/DC\" id=\"diagram_flowContract\" targetNamespace=\"http://flowable.org/bpmn\" xsi:schemaLocation=\"http://www.omg.org/spec/BPMN/20100524/MODEL BPMN20.xsd\">\n  <bpmn2:process id=\"flowContract\" name=\"\" isExecutable=\"true\">\n    <bpmn2:startEvent id=\"Event_1psmisd\">\n      <bpmn2:outgoing>Flow_00cexea</bpmn2:outgoing>\n    </bpmn2:startEvent>\n    <bpmn2:userTask id=\"Activity_0nyla1r\" name=\"\" flowable:formKey=\"{&#34;formId&#34;:&#34;1440954920348946432&#34;,&#34;readOnly&#34;:false,&#34;groupType&#34;:&#34;ASSIGNEE&#34;}\" flowable:assignee=\"${startUserName}\">\n      <bpmn2:extensionElements>\n        <flowable:operationList>\n          <flowable:formOperation id=\"1632388965712\" label=\"\" type=\"agree\" showOrder=\"0\" />\n        </flowable:operationList>\n        <flowable:variableList />\n      </bpmn2:extensionElements>\n      <bpmn2:incoming>Flow_00cexea</bpmn2:incoming>\n      <bpmn2:incoming>Flow_0lloy56</bpmn2:incoming>\n      <bpmn2:incoming>Flow_1vsrivb</bpmn2:incoming>\n      <bpmn2:incoming>Flow_1m2406f</bpmn2:incoming>\n      <bpmn2:outgoing>Flow_04kcajc</bpmn2:outgoing>\n    </bpmn2:userTask>\n    <bpmn2:sequenceFlow id=\"Flow_00cexea\" sourceRef=\"Event_1psmisd\" targetRef=\"Activity_0nyla1r\" />\n    <bpmn2:userTask id=\"Activity_1ucrh52\" name=\"\" flowable:formKey=\"{&#34;formId&#34;:&#34;1440954920348946432&#34;,&#34;readOnly&#34;:true,&#34;groupType&#34;:&#34;DEPT_POST_LEADER&#34;}\">\n      <bpmn2:extensionElements>\n        <flowable:operationList>\n          <flowable:formOperation id=\"1632388972455\" label=\"\" type=\"agree\" showOrder=\"0\" />\n        </flowable:operationList>\n        <flowable:variableList />\n      </bpmn2:extensionElements>\n      <bpmn2:incoming>Flow_04kcajc</bpmn2:incoming>\n      <bpmn2:outgoing>Flow_026fvnq</bpmn2:outgoing>\n    </bpmn2:userTask>\n    <bpmn2:sequenceFlow id=\"Flow_04kcajc\" sourceRef=\"Activity_0nyla1r\" targetRef=\"Activity_1ucrh52\" />\n    <bpmn2:sequenceFlow id=\"Flow_026fvnq\" sourceRef=\"Activity_1ucrh52\" targetRef=\"Gateway_09cdxtf\" />\n    <bpmn2:parallelGateway id=\"Gateway_09cdxtf\">\n      <bpmn2:incoming>Flow_026fvnq</bpmn2:incoming>\n      <bpmn2:outgoing>Flow_0zz0u9g</bpmn2:outgoing>\n      <bpmn2:outgoing>Flow_1yxqbe0</bpmn2:outgoing>\n    </bpmn2:parallelGateway>\n    <bpmn2:userTask id=\"Activity_138m4nn\" name=\"\" flowable:formKey=\"{&#34;formId&#34;:&#34;1440955194991972352&#34;,&#34;readOnly&#34;:true,&#34;groupType&#34;:&#34;DEPT&#34;}\" flowable:candidateGroups=\"1440963698460987392\">\n      <bpmn2:extensionElements>\n        <flowable:operationList>\n          <flowable:formOperation id=\"1632388978101\" label=\"\" type=\"agree\" showOrder=\"0\" />\n        </flowable:operationList>\n        <flowable:variableList />\n        <flowable:userCandidateGroups type=\"DEPT\" value=\"1440963698460987392\" />\n      </bpmn2:extensionElements>\n      <bpmn2:incoming>Flow_0zz0u9g</bpmn2:incoming>\n      <bpmn2:outgoing>Flow_124e8z3</bpmn2:outgoing>\n    </bpmn2:userTask>\n    <bpmn2:sequenceFlow id=\"Flow_0zz0u9g\" sourceRef=\"Gateway_09cdxtf\" targetRef=\"Activity_138m4nn\" />\n    <bpmn2:userTask id=\"Activity_0tm3mph\" name=\"\" flowable:formKey=\"{&#34;formId&#34;:&#34;1440955194991972352&#34;,&#34;readOnly&#34;:true,&#34;groupType&#34;:&#34;ASSIGNEE&#34;}\" flowable:assignee=\"admin\">\n      <bpmn2:extensionElements>\n        <flowable:operationList>\n          <flowable:formOperation id=\"1632388982377\" label=\"\" type=\"agree\" showOrder=\"0\" />\n        </flowable:operationList>\n        <flowable:variableList />\n      </bpmn2:extensionElements>\n      <bpmn2:incoming>Flow_1yxqbe0</bpmn2:incoming>\n      <bpmn2:outgoing>Flow_1uvj3ds</bpmn2:outgoing>\n    </bpmn2:userTask>\n    <bpmn2:sequenceFlow id=\"Flow_1yxqbe0\" sourceRef=\"Gateway_09cdxtf\" targetRef=\"Activity_0tm3mph\" />\n    <bpmn2:sequenceFlow id=\"Flow_124e8z3\" sourceRef=\"Activity_138m4nn\" targetRef=\"Gateway_0oy6ofl\" />\n    <bpmn2:parallelGateway id=\"Gateway_0oy6ofl\">\n      <bpmn2:incoming>Flow_124e8z3</bpmn2:incoming>\n      <bpmn2:incoming>Flow_1uvj3ds</bpmn2:incoming>\n      <bpmn2:outgoing>Flow_1kyhnlz</bpmn2:outgoing>\n    </bpmn2:parallelGateway>\n    <bpmn2:sequenceFlow id=\"Flow_1uvj3ds\" sourceRef=\"Activity_0tm3mph\" targetRef=\"Gateway_0oy6ofl\" />\n    <bpmn2:userTask id=\"Activity_1yuuyie\" name=\"\" flowable:formKey=\"{&#34;formId&#34;:&#34;1440955127790833664&#34;,&#34;readOnly&#34;:true,&#34;groupType&#34;:&#34;POST&#34;}\" flowable:candidateGroups=\"deptPost__1440964519391137792\">\n      <bpmn2:extensionElements>\n        <flowable:operationList>\n          <flowable:formOperation id=\"1632389037814\" label=\"\" type=\"agree\" showOrder=\"0\" />\n          <flowable:formOperation id=\"1632389042489\" label=\"\" type=\"refuse\" showOrder=\"1\" />\n        </flowable:operationList>\n        <flowable:variableList />\n        <flowable:deptPostList>\n          <flowable:deptPost id=\"deptPost__1440964519391137792\" type=\"deptPost\" deptPostId=\"1440964519391137792\" />\n        </flowable:deptPostList>\n      </bpmn2:extensionElements>\n      <bpmn2:incoming>Flow_1kyhnlz</bpmn2:incoming>\n      <bpmn2:outgoing>Flow_0di6qa6</bpmn2:outgoing>\n      <bpmn2:outgoing>Flow_0lloy56</bpmn2:outgoing>\n    </bpmn2:userTask>\n    <bpmn2:sequenceFlow id=\"Flow_1kyhnlz\" sourceRef=\"Gateway_0oy6ofl\" targetRef=\"Activity_1yuuyie\" />\n    <bpmn2:userTask id=\"Activity_098ncvw\" name=\"\" flowable:formKey=\"{&#34;formId&#34;:&#34;1440955001093492736&#34;,&#34;readOnly&#34;:true,&#34;groupType&#34;:&#34;ASSIGNEE&#34;}\" flowable:assignee=\"${assignee}\">\n      <bpmn2:extensionElements>\n        <flowable:operationList>\n          <flowable:formOperation id=\"1632389190662\" label=\"\" type=\"multi_agree\" showOrder=\"0\" />\n          <flowable:formOperation id=\"1632389197406\" label=\"\" type=\"multi_refuse\" showOrder=\"1\" />\n        </flowable:operationList>\n        <flowable:variableList />\n      </bpmn2:extensionElements>\n      <bpmn2:incoming>Flow_0zmsn3x</bpmn2:incoming>\n      <bpmn2:outgoing>Flow_0jyv1zb</bpmn2:outgoing>\n      <bpmn2:multiInstanceLoopCharacteristics flowable:collection=\"assigneeList\" flowable:elementVariable=\"assignee\">\n        <bpmn2:completionCondition xsi:type=\"bpmn2:tFormalExpression\">${nrOfInstances == nrOfCompletedInstances}</bpmn2:completionCondition>\n      </bpmn2:multiInstanceLoopCharacteristics>\n    </bpmn2:userTask>\n    <bpmn2:sequenceFlow id=\"Flow_0di6qa6\" name=\"\" sourceRef=\"Activity_1yuuyie\" targetRef=\"Activity_1eewt01\">\n      <bpmn2:extensionElements>\n        <flowable:customCondition type=\"operation\" operationType=\"agree\" />\n      </bpmn2:extensionElements>\n      <bpmn2:conditionExpression xsi:type=\"bpmn2:tFormalExpression\">${operationType == \'agree\'}</bpmn2:conditionExpression>\n    </bpmn2:sequenceFlow>\n    <bpmn2:exclusiveGateway id=\"Gateway_1m5fruz\">\n      <bpmn2:incoming>Flow_0jyv1zb</bpmn2:incoming>\n      <bpmn2:outgoing>Flow_1f8yxov</bpmn2:outgoing>\n      <bpmn2:outgoing>Flow_1vsrivb</bpmn2:outgoing>\n    </bpmn2:exclusiveGateway>\n    <bpmn2:sequenceFlow id=\"Flow_0jyv1zb\" sourceRef=\"Activity_098ncvw\" targetRef=\"Gateway_1m5fruz\" />\n    <bpmn2:userTask id=\"Activity_1h3pnxy\" name=\"\" flowable:formKey=\"{&#34;formId&#34;:&#34;1440954920348946432&#34;,&#34;readOnly&#34;:true,&#34;groupType&#34;:&#34;DEPT&#34;}\" flowable:candidateGroups=\"1440911410581213416\">\n      <bpmn2:extensionElements>\n        <flowable:operationList>\n          <flowable:formOperation id=\"1632389449508\" label=\"\" type=\"agree\" showOrder=\"0\" />\n          <flowable:formOperation id=\"1632389452850\" label=\"\" type=\"refuse\" showOrder=\"1\" />\n        </flowable:operationList>\n        <flowable:variableList />\n        <flowable:userCandidateGroups type=\"DEPT\" value=\"1440911410581213416\" />\n      </bpmn2:extensionElements>\n      <bpmn2:incoming>Flow_1f8yxov</bpmn2:incoming>\n      <bpmn2:outgoing>Flow_1a3qclm</bpmn2:outgoing>\n      <bpmn2:outgoing>Flow_1m2406f</bpmn2:outgoing>\n    </bpmn2:userTask>\n    <bpmn2:sequenceFlow id=\"Flow_1f8yxov\" name=\"40%\" sourceRef=\"Gateway_1m5fruz\" targetRef=\"Activity_1h3pnxy\">\n      <bpmn2:conditionExpression xsi:type=\"bpmn2:tFormalExpression\">${multiAgreeCount / multiNumOfInstances &gt; 0.4}</bpmn2:conditionExpression>\n    </bpmn2:sequenceFlow>\n    <bpmn2:endEvent id=\"Event_12ajo3d\">\n      <bpmn2:incoming>Flow_1a3qclm</bpmn2:incoming>\n    </bpmn2:endEvent>\n    <bpmn2:sequenceFlow id=\"Flow_1a3qclm\" name=\"\" sourceRef=\"Activity_1h3pnxy\" targetRef=\"Event_12ajo3d\">\n      <bpmn2:extensionElements>\n        <flowable:customCondition type=\"operation\" operationType=\"agree\" />\n      </bpmn2:extensionElements>\n      <bpmn2:conditionExpression xsi:type=\"bpmn2:tFormalExpression\">${operationType == \'agree\'}</bpmn2:conditionExpression>\n    </bpmn2:sequenceFlow>\n    <bpmn2:sequenceFlow id=\"Flow_0lloy56\" name=\"\" sourceRef=\"Activity_1yuuyie\" targetRef=\"Activity_0nyla1r\">\n      <bpmn2:extensionElements>\n        <flowable:customCondition type=\"operation\" operationType=\"refuse\" />\n      </bpmn2:extensionElements>\n      <bpmn2:conditionExpression xsi:type=\"bpmn2:tFormalExpression\">${operationType == \'refuse\'}</bpmn2:conditionExpression>\n    </bpmn2:sequenceFlow>\n    <bpmn2:userTask id=\"Activity_1eewt01\" name=\"\" flowable:formKey=\"{&#34;formId&#34;:&#34;1440955001093492736&#34;,&#34;readOnly&#34;:true,&#34;groupType&#34;:&#34;POST&#34;}\" flowable:candidateGroups=\"deptPost__1440964387983593472,deptPost__1440964387979399168\">\n      <bpmn2:extensionElements>\n        <flowable:variableList />\n        <flowable:deptPostList>\n          <flowable:deptPost id=\"deptPost__1440964387979399168\" type=\"deptPost\" deptPostId=\"1440964387979399168\" />\n        </flowable:deptPostList>\n        <flowable:operationList>\n          <flowable:formOperation id=\"1632389337024\" label=\"\" type=\"multi_sign\" showOrder=\"0\" multiSignAssignee=\"{&#34;assigneeType&#34;:&#34;DEPT_GROUP&#34;,&#34;assigneeList&#34;:&#34;1440963642542526464&#34;}\" />\n          <flowable:formOperation id=\"1632389341901\" label=\"\" type=\"multi_consign\" showOrder=\"1\" />\n        </flowable:operationList>\n      </bpmn2:extensionElements>\n      <bpmn2:incoming>Flow_0di6qa6</bpmn2:incoming>\n      <bpmn2:outgoing>Flow_0zmsn3x</bpmn2:outgoing>\n    </bpmn2:userTask>\n    <bpmn2:sequenceFlow id=\"Flow_0zmsn3x\" sourceRef=\"Activity_1eewt01\" targetRef=\"Activity_098ncvw\" />\n    <bpmn2:sequenceFlow id=\"Flow_1vsrivb\" name=\"40%\" sourceRef=\"Gateway_1m5fruz\" targetRef=\"Activity_0nyla1r\">\n      <bpmn2:conditionExpression xsi:type=\"bpmn2:tFormalExpression\">${multiAgreeCount / multiNumOfInstances &lt;= 0.4}</bpmn2:conditionExpression>\n    </bpmn2:sequenceFlow>\n    <bpmn2:sequenceFlow id=\"Flow_1m2406f\" name=\"\" sourceRef=\"Activity_1h3pnxy\" targetRef=\"Activity_0nyla1r\">\n      <bpmn2:extensionElements>\n        <flowable:customCondition type=\"operation\" operationType=\"refuse\" />\n      </bpmn2:extensionElements>\n      <bpmn2:conditionExpression xsi:type=\"bpmn2:tFormalExpression\">${operationType == \'refuse\'}</bpmn2:conditionExpression>\n    </bpmn2:sequenceFlow>\n  </bpmn2:process>\n  <bpmndi:BPMNDiagram id=\"BPMNDiagram_1\">\n    <bpmndi:BPMNPlane id=\"BPMNPlane_1\" bpmnElement=\"flowContract\">\n      <bpmndi:BPMNEdge id=\"Flow_1m2406f_di\" bpmnElement=\"Flow_1m2406f\">\n        <di:waypoint x=\"1720\" y=\"370\" />\n        <di:waypoint x=\"1720\" y=\"540\" />\n        <di:waypoint x=\"210\" y=\"540\" />\n        <di:waypoint x=\"210\" y=\"370\" />\n        <bpmndi:BPMNLabel>\n          <dc:Bounds x=\"954\" y=\"522\" width=\"22\" height=\"14\" />\n        </bpmndi:BPMNLabel>\n      </bpmndi:BPMNEdge>\n      <bpmndi:BPMNEdge id=\"Flow_1vsrivb_di\" bpmnElement=\"Flow_1vsrivb\">\n        <di:waypoint x=\"1540\" y=\"305\" />\n        <di:waypoint x=\"1540\" y=\"130\" />\n        <di:waypoint x=\"230\" y=\"130\" />\n        <di:waypoint x=\"230\" y=\"290\" />\n        <bpmndi:BPMNLabel>\n          <dc:Bounds x=\"841\" y=\"112\" width=\"89\" height=\"14\" />\n        </bpmndi:BPMNLabel>\n      </bpmndi:BPMNEdge>\n      <bpmndi:BPMNEdge id=\"Flow_0zmsn3x_di\" bpmnElement=\"Flow_0zmsn3x\">\n        <di:waypoint x=\"1290\" y=\"330\" />\n        <di:waypoint x=\"1360\" y=\"330\" />\n      </bpmndi:BPMNEdge>\n      <bpmndi:BPMNEdge id=\"Flow_0lloy56_di\" bpmnElement=\"Flow_0lloy56\">\n        <di:waypoint x=\"1050\" y=\"370\" />\n        <di:waypoint x=\"1050\" y=\"500\" />\n        <di:waypoint x=\"230\" y=\"500\" />\n        <di:waypoint x=\"230\" y=\"370\" />\n        <bpmndi:BPMNLabel>\n          <dc:Bounds x=\"629\" y=\"482\" width=\"22\" height=\"14\" />\n        </bpmndi:BPMNLabel>\n      </bpmndi:BPMNEdge>\n      <bpmndi:BPMNEdge id=\"Flow_1a3qclm_di\" bpmnElement=\"Flow_1a3qclm\">\n        <di:waypoint x=\"1770\" y=\"330\" />\n        <di:waypoint x=\"1862\" y=\"330\" />\n        <bpmndi:BPMNLabel>\n          <dc:Bounds x=\"1805\" y=\"312\" width=\"23\" height=\"14\" />\n        </bpmndi:BPMNLabel>\n      </bpmndi:BPMNEdge>\n      <bpmndi:BPMNEdge id=\"Flow_1f8yxov_di\" bpmnElement=\"Flow_1f8yxov\">\n        <di:waypoint x=\"1565\" y=\"330\" />\n        <di:waypoint x=\"1670\" y=\"330\" />\n        <bpmndi:BPMNLabel>\n          <dc:Bounds x=\"1573\" y=\"312\" width=\"89\" height=\"14\" />\n        </bpmndi:BPMNLabel>\n      </bpmndi:BPMNEdge>\n      <bpmndi:BPMNEdge id=\"Flow_0jyv1zb_di\" bpmnElement=\"Flow_0jyv1zb\">\n        <di:waypoint x=\"1460\" y=\"330\" />\n        <di:waypoint x=\"1515\" y=\"330\" />\n      </bpmndi:BPMNEdge>\n      <bpmndi:BPMNEdge id=\"Flow_0di6qa6_di\" bpmnElement=\"Flow_0di6qa6\">\n        <di:waypoint x=\"1100\" y=\"330\" />\n        <di:waypoint x=\"1190\" y=\"330\" />\n        <bpmndi:BPMNLabel>\n          <dc:Bounds x=\"1134\" y=\"312\" width=\"23\" height=\"14\" />\n        </bpmndi:BPMNLabel>\n      </bpmndi:BPMNEdge>\n      <bpmndi:BPMNEdge id=\"Flow_1kyhnlz_di\" bpmnElement=\"Flow_1kyhnlz\">\n        <di:waypoint x=\"905\" y=\"330\" />\n        <di:waypoint x=\"1000\" y=\"330\" />\n      </bpmndi:BPMNEdge>\n      <bpmndi:BPMNEdge id=\"Flow_1uvj3ds_di\" bpmnElement=\"Flow_1uvj3ds\">\n        <di:waypoint x=\"760\" y=\"430\" />\n        <di:waypoint x=\"880\" y=\"430\" />\n        <di:waypoint x=\"880\" y=\"355\" />\n      </bpmndi:BPMNEdge>\n      <bpmndi:BPMNEdge id=\"Flow_124e8z3_di\" bpmnElement=\"Flow_124e8z3\">\n        <di:waypoint x=\"760\" y=\"200\" />\n        <di:waypoint x=\"880\" y=\"200\" />\n        <di:waypoint x=\"880\" y=\"305\" />\n      </bpmndi:BPMNEdge>\n      <bpmndi:BPMNEdge id=\"Flow_1yxqbe0_di\" bpmnElement=\"Flow_1yxqbe0\">\n        <di:waypoint x=\"530\" y=\"355\" />\n        <di:waypoint x=\"530\" y=\"430\" />\n        <di:waypoint x=\"660\" y=\"430\" />\n      </bpmndi:BPMNEdge>\n      <bpmndi:BPMNEdge id=\"Flow_0zz0u9g_di\" bpmnElement=\"Flow_0zz0u9g\">\n        <di:waypoint x=\"530\" y=\"305\" />\n        <di:waypoint x=\"530\" y=\"200\" />\n        <di:waypoint x=\"660\" y=\"200\" />\n      </bpmndi:BPMNEdge>\n      <bpmndi:BPMNEdge id=\"Flow_026fvnq_di\" bpmnElement=\"Flow_026fvnq\">\n        <di:waypoint x=\"440\" y=\"330\" />\n        <di:waypoint x=\"505\" y=\"330\" />\n      </bpmndi:BPMNEdge>\n      <bpmndi:BPMNEdge id=\"Flow_04kcajc_di\" bpmnElement=\"Flow_04kcajc\">\n        <di:waypoint x=\"280\" y=\"330\" />\n        <di:waypoint x=\"340\" y=\"330\" />\n      </bpmndi:BPMNEdge>\n      <bpmndi:BPMNEdge id=\"Flow_00cexea_di\" bpmnElement=\"Flow_00cexea\">\n        <di:waypoint x=\"128\" y=\"330\" />\n        <di:waypoint x=\"180\" y=\"330\" />\n      </bpmndi:BPMNEdge>\n      <bpmndi:BPMNShape id=\"Event_1psmisd_di\" bpmnElement=\"Event_1psmisd\">\n        <dc:Bounds x=\"92\" y=\"312\" width=\"36\" height=\"36\" />\n      </bpmndi:BPMNShape>\n      <bpmndi:BPMNShape id=\"Activity_0nyla1r_di\" bpmnElement=\"Activity_0nyla1r\">\n        <dc:Bounds x=\"180\" y=\"290\" width=\"100\" height=\"80\" />\n      </bpmndi:BPMNShape>\n      <bpmndi:BPMNShape id=\"Activity_1ucrh52_di\" bpmnElement=\"Activity_1ucrh52\">\n        <dc:Bounds x=\"340\" y=\"290\" width=\"100\" height=\"80\" />\n      </bpmndi:BPMNShape>\n      <bpmndi:BPMNShape id=\"Gateway_1o9nuyj_di\" bpmnElement=\"Gateway_09cdxtf\">\n        <dc:Bounds x=\"505\" y=\"305\" width=\"50\" height=\"50\" />\n      </bpmndi:BPMNShape>\n      <bpmndi:BPMNShape id=\"Activity_138m4nn_di\" bpmnElement=\"Activity_138m4nn\">\n        <dc:Bounds x=\"660\" y=\"160\" width=\"100\" height=\"80\" />\n      </bpmndi:BPMNShape>\n      <bpmndi:BPMNShape id=\"Activity_0tm3mph_di\" bpmnElement=\"Activity_0tm3mph\">\n        <dc:Bounds x=\"660\" y=\"390\" width=\"100\" height=\"80\" />\n      </bpmndi:BPMNShape>\n      <bpmndi:BPMNShape id=\"Gateway_0wdnsyx_di\" bpmnElement=\"Gateway_0oy6ofl\">\n        <dc:Bounds x=\"855\" y=\"305\" width=\"50\" height=\"50\" />\n      </bpmndi:BPMNShape>\n      <bpmndi:BPMNShape id=\"Activity_1yuuyie_di\" bpmnElement=\"Activity_1yuuyie\">\n        <dc:Bounds x=\"1000\" y=\"290\" width=\"100\" height=\"80\" />\n      </bpmndi:BPMNShape>\n      <bpmndi:BPMNShape id=\"Activity_098ncvw_di\" bpmnElement=\"Activity_098ncvw\">\n        <dc:Bounds x=\"1360\" y=\"290\" width=\"100\" height=\"80\" />\n      </bpmndi:BPMNShape>\n      <bpmndi:BPMNShape id=\"Gateway_1m5fruz_di\" bpmnElement=\"Gateway_1m5fruz\" isMarkerVisible=\"true\">\n        <dc:Bounds x=\"1515\" y=\"305\" width=\"50\" height=\"50\" />\n      </bpmndi:BPMNShape>\n      <bpmndi:BPMNShape id=\"Activity_1h3pnxy_di\" bpmnElement=\"Activity_1h3pnxy\">\n        <dc:Bounds x=\"1670\" y=\"290\" width=\"100\" height=\"80\" />\n      </bpmndi:BPMNShape>\n      <bpmndi:BPMNShape id=\"Event_12ajo3d_di\" bpmnElement=\"Event_12ajo3d\">\n        <dc:Bounds x=\"1862\" y=\"312\" width=\"36\" height=\"36\" />\n      </bpmndi:BPMNShape>\n      <bpmndi:BPMNShape id=\"Activity_1eewt01_di\" bpmnElement=\"Activity_1eewt01\">\n        <dc:Bounds x=\"1190\" y=\"290\" width=\"100\" height=\"80\" />\n      </bpmndi:BPMNShape>\n    </bpmndi:BPMNPlane>\n  </bpmndi:BPMNDiagram>\n</bpmn2:definitions>\n', 0, 1440952710487609344, 1440954920348946432, NULL, '2021-12-16 14:53:28', 1440966324770574336, '2021-09-23 17:16:59', 1440911410581213417);
INSERT INTO `zz_flow_entry` VALUES (1440972435892473856, '', 'flowConSign', 1440940473421139968, 1471368903379652608, '2021-12-16 14:37:38', 1, '<?xml version=\"1.0\" encoding=\"UTF-8\"?>\n<bpmn2:definitions xmlns:xsi=\"http://www.w3.org/2001/XMLSchema-instance\" xmlns:bpmn2=\"http://www.omg.org/spec/BPMN/20100524/MODEL\" xmlns:bpmndi=\"http://www.omg.org/spec/BPMN/20100524/DI\" xmlns:dc=\"http://www.omg.org/spec/DD/20100524/DC\" xmlns:di=\"http://www.omg.org/spec/DD/20100524/DI\" xmlns:flowable=\"http://flowable.org/bpmn\" id=\"diagram_flowConSign\" targetNamespace=\"http://flowable.org/bpmn\" xsi:schemaLocation=\"http://www.omg.org/spec/BPMN/20100524/MODEL BPMN20.xsd\">\n  <bpmn2:process id=\"flowConSign\" name=\"\" isExecutable=\"true\">\n    <bpmn2:startEvent id=\"Event_0wpkj6e\">\n      <bpmn2:outgoing>Flow_111kyps</bpmn2:outgoing>\n    </bpmn2:startEvent>\n    <bpmn2:userTask id=\"Activity_1xk7j4n\" name=\"\" flowable:formKey=\"{&#34;formId&#34;:&#34;1440945411354267648&#34;,&#34;readOnly&#34;:false,&#34;groupType&#34;:&#34;ASSIGNEE&#34;}\" flowable:assignee=\"${startUserName}\">\n      <bpmn2:extensionElements>\n        <flowable:operationList>\n          <flowable:formOperation id=\"1632389626319\" label=\"\" type=\"multi_sign\" showOrder=\"0\" />\n          <flowable:formOperation id=\"1632389633373\" label=\"\" type=\"multi_consign\" showOrder=\"1\" />\n        </flowable:operationList>\n        <flowable:variableList />\n      </bpmn2:extensionElements>\n      <bpmn2:incoming>Flow_111kyps</bpmn2:incoming>\n      <bpmn2:incoming>Flow_009p7hy</bpmn2:incoming>\n      <bpmn2:outgoing>Flow_0ct2yid</bpmn2:outgoing>\n    </bpmn2:userTask>\n    <bpmn2:sequenceFlow id=\"Flow_111kyps\" sourceRef=\"Event_0wpkj6e\" targetRef=\"Activity_1xk7j4n\" />\n    <bpmn2:userTask id=\"Activity_006g6qo\" name=\"\" flowable:formKey=\"{&#34;formId&#34;:&#34;1440945411354267648&#34;,&#34;readOnly&#34;:true,&#34;groupType&#34;:&#34;ASSIGNEE&#34;}\" flowable:assignee=\"${assignee}\">\n      <bpmn2:extensionElements>\n        <flowable:operationList>\n          <flowable:formOperation id=\"1632389733600\" label=\"\" type=\"multi_agree\" showOrder=\"0\" />\n        </flowable:operationList>\n        <flowable:variableList />\n      </bpmn2:extensionElements>\n      <bpmn2:incoming>Flow_0ct2yid</bpmn2:incoming>\n      <bpmn2:outgoing>Flow_052kvzh</bpmn2:outgoing>\n      <bpmn2:multiInstanceLoopCharacteristics flowable:collection=\"assigneeList\" flowable:elementVariable=\"assignee\">\n        <bpmn2:completionCondition xsi:type=\"bpmn2:tFormalExpression\">${nrOfInstances == nrOfCompletedInstances}</bpmn2:completionCondition>\n      </bpmn2:multiInstanceLoopCharacteristics>\n    </bpmn2:userTask>\n    <bpmn2:sequenceFlow id=\"Flow_0ct2yid\" sourceRef=\"Activity_1xk7j4n\" targetRef=\"Activity_006g6qo\" />\n    <bpmn2:userTask id=\"Activity_0p7omdm\" name=\"\" flowable:formKey=\"{&#34;formId&#34;:&#34;1440945411354267648&#34;,&#34;readOnly&#34;:true,&#34;groupType&#34;:&#34;ASSIGNEE&#34;}\" flowable:assignee=\"admin\">\n      <bpmn2:extensionElements>\n        <flowable:operationList>\n          <flowable:formOperation id=\"1632389682895\" label=\"\" type=\"agree\" showOrder=\"0\" />\n          <flowable:formOperation id=\"1632389686939\" label=\"\" type=\"refuse\" showOrder=\"1\" />\n        </flowable:operationList>\n        <flowable:variableList />\n      </bpmn2:extensionElements>\n      <bpmn2:incoming>Flow_052kvzh</bpmn2:incoming>\n      <bpmn2:outgoing>Flow_1ng5qp7</bpmn2:outgoing>\n      <bpmn2:outgoing>Flow_009p7hy</bpmn2:outgoing>\n    </bpmn2:userTask>\n    <bpmn2:sequenceFlow id=\"Flow_052kvzh\" sourceRef=\"Activity_006g6qo\" targetRef=\"Activity_0p7omdm\" />\n    <bpmn2:endEvent id=\"Event_1e5mmxp\">\n      <bpmn2:incoming>Flow_1ng5qp7</bpmn2:incoming>\n    </bpmn2:endEvent>\n    <bpmn2:sequenceFlow id=\"Flow_1ng5qp7\" name=\"\" sourceRef=\"Activity_0p7omdm\" targetRef=\"Event_1e5mmxp\">\n      <bpmn2:extensionElements>\n        <flowable:customCondition type=\"operation\" operationType=\"agree\" />\n      </bpmn2:extensionElements>\n      <bpmn2:conditionExpression xsi:type=\"bpmn2:tFormalExpression\">${operationType == \'agree\'}</bpmn2:conditionExpression>\n    </bpmn2:sequenceFlow>\n    <bpmn2:sequenceFlow id=\"Flow_009p7hy\" name=\"\" sourceRef=\"Activity_0p7omdm\" targetRef=\"Activity_1xk7j4n\">\n      <bpmn2:extensionElements>\n        <flowable:customCondition type=\"operation\" operationType=\"refuse\" />\n      </bpmn2:extensionElements>\n      <bpmn2:conditionExpression xsi:type=\"bpmn2:tFormalExpression\">${operationType == \'refuse\'}</bpmn2:conditionExpression>\n    </bpmn2:sequenceFlow>\n  </bpmn2:process>\n  <bpmndi:BPMNDiagram id=\"BPMNDiagram_1\">\n    <bpmndi:BPMNPlane id=\"BPMNPlane_1\" bpmnElement=\"flowConSign\">\n      <bpmndi:BPMNEdge id=\"Flow_009p7hy_di\" bpmnElement=\"Flow_009p7hy\">\n        <di:waypoint x=\"560\" y=\"280\" />\n        <di:waypoint x=\"560\" y=\"230\" />\n        <di:waypoint x=\"240\" y=\"230\" />\n        <di:waypoint x=\"240\" y=\"280\" />\n        <bpmndi:BPMNLabel>\n          <dc:Bounds x=\"389\" y=\"212\" width=\"22\" height=\"14\" />\n        </bpmndi:BPMNLabel>\n      </bpmndi:BPMNEdge>\n      <bpmndi:BPMNEdge id=\"Flow_1ng5qp7_di\" bpmnElement=\"Flow_1ng5qp7\">\n        <di:waypoint x=\"610\" y=\"320\" />\n        <di:waypoint x=\"672\" y=\"320\" />\n        <bpmndi:BPMNLabel>\n          <dc:Bounds x=\"630\" y=\"302\" width=\"23\" height=\"14\" />\n        </bpmndi:BPMNLabel>\n      </bpmndi:BPMNEdge>\n      <bpmndi:BPMNEdge id=\"Flow_052kvzh_di\" bpmnElement=\"Flow_052kvzh\">\n        <di:waypoint x=\"450\" y=\"320\" />\n        <di:waypoint x=\"510\" y=\"320\" />\n      </bpmndi:BPMNEdge>\n      <bpmndi:BPMNEdge id=\"Flow_0ct2yid_di\" bpmnElement=\"Flow_0ct2yid\">\n        <di:waypoint x=\"290\" y=\"320\" />\n        <di:waypoint x=\"350\" y=\"320\" />\n      </bpmndi:BPMNEdge>\n      <bpmndi:BPMNEdge id=\"Flow_111kyps_di\" bpmnElement=\"Flow_111kyps\">\n        <di:waypoint x=\"138\" y=\"320\" />\n        <di:waypoint x=\"190\" y=\"320\" />\n      </bpmndi:BPMNEdge>\n      <bpmndi:BPMNShape id=\"Event_0wpkj6e_di\" bpmnElement=\"Event_0wpkj6e\">\n        <dc:Bounds x=\"102\" y=\"302\" width=\"36\" height=\"36\" />\n      </bpmndi:BPMNShape>\n      <bpmndi:BPMNShape id=\"Activity_1xk7j4n_di\" bpmnElement=\"Activity_1xk7j4n\">\n        <dc:Bounds x=\"190\" y=\"280\" width=\"100\" height=\"80\" />\n      </bpmndi:BPMNShape>\n      <bpmndi:BPMNShape id=\"Activity_006g6qo_di\" bpmnElement=\"Activity_006g6qo\">\n        <dc:Bounds x=\"350\" y=\"280\" width=\"100\" height=\"80\" />\n      </bpmndi:BPMNShape>\n      <bpmndi:BPMNShape id=\"Activity_0p7omdm_di\" bpmnElement=\"Activity_0p7omdm\">\n        <dc:Bounds x=\"510\" y=\"280\" width=\"100\" height=\"80\" />\n      </bpmndi:BPMNShape>\n      <bpmndi:BPMNShape id=\"Event_1e5mmxp_di\" bpmnElement=\"Event_1e5mmxp\">\n        <dc:Bounds x=\"672\" y=\"302\" width=\"36\" height=\"36\" />\n      </bpmndi:BPMNShape>\n    </bpmndi:BPMNPlane>\n  </bpmndi:BPMNDiagram>\n</bpmn2:definitions>\n', 0, 1440945149889744896, 1440945411354267648, NULL, '2021-12-16 14:37:33', 1440965344985354240, '2021-09-23 17:32:55', 1440911410581213417);
INSERT INTO `zz_flow_entry` VALUES (1440973419167354880, '', 'flowTranslate', 1440940473421139968, 1471369060921905152, '2021-12-16 14:38:15', 1, '<?xml version=\"1.0\" encoding=\"UTF-8\"?>\n<bpmn2:definitions xmlns:xsi=\"http://www.w3.org/2001/XMLSchema-instance\" xmlns:bpmn2=\"http://www.omg.org/spec/BPMN/20100524/MODEL\" xmlns:bpmndi=\"http://www.omg.org/spec/BPMN/20100524/DI\" xmlns:dc=\"http://www.omg.org/spec/DD/20100524/DC\" xmlns:di=\"http://www.omg.org/spec/DD/20100524/DI\" xmlns:flowable=\"http://flowable.org/bpmn\" id=\"diagram_flowTranslate\" targetNamespace=\"http://flowable.org/bpmn\" xsi:schemaLocation=\"http://www.omg.org/spec/BPMN/20100524/MODEL BPMN20.xsd\">\n  <bpmn2:process id=\"flowTranslate\" name=\"\" isExecutable=\"true\">\n    <bpmn2:startEvent id=\"Event_1ouk8kj\">\n      <bpmn2:outgoing>Flow_08lgvo0</bpmn2:outgoing>\n    </bpmn2:startEvent>\n    <bpmn2:userTask id=\"Activity_08p9kng\" name=\"\" flowable:formKey=\"{&#34;formId&#34;:&#34;1440945411354267648&#34;,&#34;readOnly&#34;:false,&#34;groupType&#34;:&#34;ASSIGNEE&#34;}\" flowable:assignee=\"${startUserName}\">\n      <bpmn2:extensionElements>\n        <flowable:operationList>\n          <flowable:formOperation id=\"1632389836108\" label=\"\" type=\"agree\" showOrder=\"0\" />\n        </flowable:operationList>\n        <flowable:variableList />\n      </bpmn2:extensionElements>\n      <bpmn2:incoming>Flow_08lgvo0</bpmn2:incoming>\n      <bpmn2:outgoing>Flow_0n45f5j</bpmn2:outgoing>\n    </bpmn2:userTask>\n    <bpmn2:sequenceFlow id=\"Flow_08lgvo0\" sourceRef=\"Event_1ouk8kj\" targetRef=\"Activity_08p9kng\" />\n    <bpmn2:userTask id=\"Activity_12olr01\" name=\"\" flowable:formKey=\"{&#34;formId&#34;:&#34;1440945411354267648&#34;,&#34;readOnly&#34;:true,&#34;groupType&#34;:&#34;ASSIGNEE&#34;}\" flowable:assignee=\"admin\">\n      <bpmn2:extensionElements>\n        <flowable:operationList>\n          <flowable:formOperation id=\"1632389848554\" label=\"\" type=\"agree\" showOrder=\"0\" />\n          <flowable:formOperation id=\"1632389853959\" label=\"\" type=\"transfer\" showOrder=\"1\" />\n        </flowable:operationList>\n        <flowable:variableList />\n      </bpmn2:extensionElements>\n      <bpmn2:incoming>Flow_0n45f5j</bpmn2:incoming>\n      <bpmn2:outgoing>Flow_1s8i9er</bpmn2:outgoing>\n    </bpmn2:userTask>\n    <bpmn2:sequenceFlow id=\"Flow_0n45f5j\" sourceRef=\"Activity_08p9kng\" targetRef=\"Activity_12olr01\" />\n    <bpmn2:endEvent id=\"Event_0lzxnw8\">\n      <bpmn2:incoming>Flow_1s8i9er</bpmn2:incoming>\n    </bpmn2:endEvent>\n    <bpmn2:sequenceFlow id=\"Flow_1s8i9er\" sourceRef=\"Activity_12olr01\" targetRef=\"Event_0lzxnw8\" />\n  </bpmn2:process>\n  <bpmndi:BPMNDiagram id=\"BPMNDiagram_1\">\n    <bpmndi:BPMNPlane id=\"BPMNPlane_1\" bpmnElement=\"flowTranslate\">\n      <bpmndi:BPMNEdge id=\"Flow_1s8i9er_di\" bpmnElement=\"Flow_1s8i9er\">\n        <di:waypoint x=\"480\" y=\"330\" />\n        <di:waypoint x=\"542\" y=\"330\" />\n      </bpmndi:BPMNEdge>\n      <bpmndi:BPMNEdge id=\"Flow_0n45f5j_di\" bpmnElement=\"Flow_0n45f5j\">\n        <di:waypoint x=\"320\" y=\"330\" />\n        <di:waypoint x=\"380\" y=\"330\" />\n      </bpmndi:BPMNEdge>\n      <bpmndi:BPMNEdge id=\"Flow_08lgvo0_di\" bpmnElement=\"Flow_08lgvo0\">\n        <di:waypoint x=\"168\" y=\"330\" />\n        <di:waypoint x=\"220\" y=\"330\" />\n      </bpmndi:BPMNEdge>\n      <bpmndi:BPMNShape id=\"Event_1ouk8kj_di\" bpmnElement=\"Event_1ouk8kj\">\n        <dc:Bounds x=\"132\" y=\"312\" width=\"36\" height=\"36\" />\n      </bpmndi:BPMNShape>\n      <bpmndi:BPMNShape id=\"Activity_08p9kng_di\" bpmnElement=\"Activity_08p9kng\">\n        <dc:Bounds x=\"220\" y=\"290\" width=\"100\" height=\"80\" />\n      </bpmndi:BPMNShape>\n      <bpmndi:BPMNShape id=\"Activity_12olr01_di\" bpmnElement=\"Activity_12olr01\">\n        <dc:Bounds x=\"380\" y=\"290\" width=\"100\" height=\"80\" />\n      </bpmndi:BPMNShape>\n      <bpmndi:BPMNShape id=\"Event_0lzxnw8_di\" bpmnElement=\"Event_0lzxnw8\">\n        <dc:Bounds x=\"542\" y=\"312\" width=\"36\" height=\"36\" />\n      </bpmndi:BPMNShape>\n    </bpmndi:BPMNPlane>\n  </bpmndi:BPMNDiagram>\n</bpmn2:definitions>\n', 0, 1440945149889744896, 1440945411354267648, NULL, '2021-12-16 14:38:12', 1440965344985354240, '2021-09-23 17:36:50', 1440911410581213417);
COMMIT;

-- ----------------------------
-- Table structure for zz_flow_entry_publish
-- ----------------------------
DROP TABLE IF EXISTS `zz_flow_entry_publish`;
CREATE TABLE `zz_flow_entry_publish` (
  `entry_publish_id` bigint NOT NULL COMMENT 'Id',
  `entry_id` bigint NOT NULL COMMENT 'Id',
  `process_definition_id` varchar(64) CHARACTER SET utf8mb4 COLLATE utf8mb4_bin NOT NULL COMMENT 'Id',
  `deploy_id` varchar(64) CHARACTER SET utf8mb4 COLLATE utf8mb4_bin NOT NULL COMMENT 'Id',
  `publish_version` int NOT NULL COMMENT '',
  `active_status` bit(1) NOT NULL COMMENT '',
  `main_version` bit(1) NOT NULL COMMENT '',
  `create_user_id` bigint NOT NULL COMMENT 'Id',
  `publish_time` datetime NOT NULL COMMENT '',
  `init_task_info` text CHARACTER SET utf8mb4 COLLATE utf8mb4_0900_ai_ci COMMENT '',
  PRIMARY KEY (`entry_publish_id`) USING BTREE,
  UNIQUE KEY `idx_process_definition_id` (`process_definition_id`) USING BTREE,
  KEY `idx_entry_id` (`entry_id`) USING BTREE
) ENGINE=InnoDB DEFAULT CHARSET=utf8mb4 COLLATE=utf8mb4_bin;

-- ----------------------------
-- Records of zz_flow_entry_publish
-- ----------------------------
BEGIN;
INSERT INTO `zz_flow_entry_publish` VALUES (1440966810131238912, 1440962968085860352, 'flowLeave:1:1bc2a35b-1c4e-11ec-94ee-5ef70686b817', '1a075ec8-1c4e-11ec-94ee-5ef70686b817', 1, b'1', b'0', 1440911410581213417, '2021-09-23 17:10:34', '{\"assignee\":\"${startUserName}\",\"formId\":1440945411354267648,\"groupType\":\"DEPT\",\"operationList\":[{\"showOrder\":\"0\",\"id\":\"1632387369558\",\"label\":\"\",\"type\":\"agree\"}],\"readOnly\":false,\"taskKey\":\"Activity_0sc2yuf\",\"taskType\":1}');
INSERT INTO `zz_flow_entry_publish` VALUES (1440968302972112896, 1440966906914803712, 'flowSubmit:1:efe9db3f-1c4e-11ec-94ee-5ef70686b817', 'efd6c86c-1c4e-11ec-94ee-5ef70686b817', 1, b'1', b'0', 1440911410581213417, '2021-09-23 17:16:30', '{\"assignee\":\"${startUserName}\",\"formId\":1440947675041107968,\"groupType\":\"DEPT\",\"operationList\":[{\"showOrder\":\"0\",\"id\":\"1632388352676\",\"label\":\"\",\"type\":\"agree\"}],\"readOnly\":false,\"taskKey\":\"Activity_03kjurt\",\"taskType\":1}');
INSERT INTO `zz_flow_entry_publish` VALUES (1440972214223507456, 1440968423508021248, 'flowContract:1:1bbc0c53-1c51-11ec-94ee-5ef70686b817', '1ba32d20-1c51-11ec-94ee-5ef70686b817', 1, b'1', b'0', 1440911410581213417, '2021-09-23 17:32:02', '{\"formId\":1440954920348946432,\"groupType\":\"DEPT\",\"operationList\":[{\"showOrder\":\"0\",\"id\":\"1632388965712\",\"label\":\"\",\"type\":\"agree\"}],\"readOnly\":false,\"taskKey\":\"Activity_0nyla1r\",\"taskType\":1}');
INSERT INTO `zz_flow_entry_publish` VALUES (1440972224344363008, 1440966906914803712, 'flowSubmit:2:1d2bc8f7-1c51-11ec-94ee-5ef70686b817', '1d1dbf34-1c51-11ec-94ee-5ef70686b817', 2, b'1', b'0', 1440911410581213417, '2021-09-23 17:32:05', '{\"assignee\":\"${startUserName}\",\"formId\":1440947675041107968,\"groupType\":\"DEPT\",\"operationList\":[{\"showOrder\":\"0\",\"id\":\"1632388352676\",\"label\":\"\",\"type\":\"agree\"}],\"readOnly\":false,\"taskKey\":\"Activity_03kjurt\",\"taskType\":1}');
INSERT INTO `zz_flow_entry_publish` VALUES (1440973324426416128, 1440972435892473856, 'flowConSign:1:b981c1fb-1c51-11ec-94ee-5ef70686b817', 'b97761b8-1c51-11ec-94ee-5ef70686b817', 1, b'1', b'0', 1440911410581213417, '2021-09-23 17:36:27', '{\"assignee\":\"${startUserName}\",\"formId\":1440945411354267648,\"groupType\":\"DEPT\",\"operationList\":[{\"showOrder\":\"0\",\"id\":\"1632389626319\",\"label\":\"\",\"type\":\"multi_sign\"},{\"showOrder\":\"1\",\"id\":\"1632389633373\",\"label\":\"\",\"type\":\"multi_consign\"}],\"readOnly\":false,\"taskKey\":\"Activity_1xk7j4n\",\"taskType\":1}');
INSERT INTO `zz_flow_entry_publish` VALUES (1440973782771568640, 1440973419167354880, 'flowTranslate:1:faa41acf-1c51-11ec-94ee-5ef70686b817', 'fa9b683c-1c51-11ec-94ee-5ef70686b817', 1, b'1', b'0', 1440911410581213417, '2021-09-23 17:38:16', '{\"assignee\":\"${startUserName}\",\"formId\":1440945411354267648,\"groupType\":\"DEPT\",\"operationList\":[{\"showOrder\":\"0\",\"id\":\"1632389836108\",\"label\":\"\",\"type\":\"agree\"}],\"readOnly\":false,\"taskKey\":\"Activity_08p9kng\",\"taskType\":1}');
INSERT INTO `zz_flow_entry_publish` VALUES (1441214529919782912, 1440968423508021248, 'flowContract:2:9edd1d08-1cd7-11ec-acd8-3ae4f1d3c3af', '9d23d445-1cd7-11ec-acd8-3ae4f1d3c3af', 2, b'1', b'0', 1440911410581213417, '2021-09-24 09:34:55', '{\"assignee\":\"${startUserName}\",\"formId\":1440954920348946432,\"groupType\":\"DEPT\",\"operationList\":[{\"showOrder\":\"0\",\"id\":\"1632388965712\",\"label\":\"\",\"type\":\"agree\"}],\"readOnly\":false,\"taskKey\":\"Activity_0nyla1r\",\"taskType\":1}');
INSERT INTO `zz_flow_entry_publish` VALUES (1441216695006924800, 1440968423508021248, 'flowContract:3:d28aadd0-1cd8-11ec-acd8-3ae4f1d3c3af', 'd273a35d-1cd8-11ec-acd8-3ae4f1d3c3af', 3, b'1', b'0', 1440911410581213417, '2021-09-24 09:43:31', '{\"assignee\":\"${startUserName}\",\"formId\":1440954920348946432,\"groupType\":\"DEPT\",\"operationList\":[{\"showOrder\":\"0\",\"id\":\"1632388965712\",\"label\":\"\",\"type\":\"agree\"}],\"readOnly\":false,\"taskKey\":\"Activity_0nyla1r\",\"taskType\":1}');
INSERT INTO `zz_flow_entry_publish` VALUES (1471360270025625600, 1440962968085860352, 'flowLeave:2:de31b55a-5e35-11ec-9f5e-f20bcee4e113', 'de258057-5e35-11ec-9f5e-f20bcee4e113', 2, b'1', b'1', 1401532052469190656, '2021-12-16 14:03:20', '{\"assignee\":\"${startUserName}\",\"formId\":1440945411354267648,\"groupType\":\"ASSIGNEE\",\"operationList\":[{\"showOrder\":\"0\",\"id\":\"1632387369558\",\"label\":\"\",\"type\":\"agree\"}],\"readOnly\":false,\"taskKey\":\"Activity_0sc2yuf\",\"taskType\":1}');
INSERT INTO `zz_flow_entry_publish` VALUES (1471367541166182400, 1440966906914803712, 'flowSubmit:3:e77c42e7-5e39-11ec-9f5e-f20bcee4e113', 'e76c3d54-5e39-11ec-9f5e-f20bcee4e113', 3, b'1', b'0', 1440911410581213417, '2021-12-16 14:32:13', '{\"assignee\":\"${startUserName}\",\"formId\":1440947675041107968,\"groupType\":\"ASSIGNEE\",\"operationList\":[{\"showOrder\":\"0\",\"id\":\"1632388352676\",\"label\":\"\",\"type\":\"agree\"},{\"showOrder\":\"1\",\"id\":\"1639636285550\",\"label\":\"\",\"type\":\"revoke\"}],\"readOnly\":false,\"taskKey\":\"Activity_03kjurt\",\"taskType\":1}');
INSERT INTO `zz_flow_entry_publish` VALUES (1471368646335926272, 1440968423508021248, 'flowContract:4:8486bef1-5e3a-11ec-8bee-f20bcee4e113', '83c9896e-5e3a-11ec-8bee-f20bcee4e113', 4, b'1', b'0', 1440965344985354240, '2021-12-16 14:36:37', '{\"assignee\":\"${startUserName}\",\"formId\":1440954920348946432,\"groupType\":\"ASSIGNEE\",\"operationList\":[{\"showOrder\":\"0\",\"id\":\"1632388965712\",\"label\":\"\",\"type\":\"agree\"}],\"readOnly\":false,\"taskKey\":\"Activity_0nyla1r\",\"taskType\":1}');
INSERT INTO `zz_flow_entry_publish` VALUES (1471368903379652608, 1440972435892473856, 'flowConSign:2:a9103b25-5e3a-11ec-8bee-f20bcee4e113', 'a9040622-5e3a-11ec-8bee-f20bcee4e113', 2, b'1', b'1', 1440965344985354240, '2021-12-16 14:37:38', '{\"assignee\":\"${startUserName}\",\"formId\":1440945411354267648,\"groupType\":\"ASSIGNEE\",\"operationList\":[{\"showOrder\":\"0\",\"id\":\"1632389626319\",\"label\":\"\",\"type\":\"multi_sign\"},{\"showOrder\":\"1\",\"id\":\"1632389633373\",\"label\":\"\",\"type\":\"multi_consign\"}],\"readOnly\":false,\"taskKey\":\"Activity_1xk7j4n\",\"taskType\":1}');
INSERT INTO `zz_flow_entry_publish` VALUES (1471369060921905152, 1440973419167354880, 'flowTranslate:2:bf74f549-5e3a-11ec-8bee-f20bcee4e113', 'bf6b3146-5e3a-11ec-8bee-f20bcee4e113', 2, b'1', b'1', 1440965344985354240, '2021-12-16 14:38:15', '{\"assignee\":\"${startUserName}\",\"formId\":1440945411354267648,\"groupType\":\"ASSIGNEE\",\"operationList\":[{\"showOrder\":\"0\",\"id\":\"1632389836108\",\"label\":\"\",\"type\":\"agree\"}],\"readOnly\":false,\"taskKey\":\"Activity_08p9kng\",\"taskType\":1}');
INSERT INTO `zz_flow_entry_publish` VALUES (1471370350892683264, 1440966906914803712, 'flowSubmit:4:76c5d27b-5e3b-11ec-8bee-f20bcee4e113', '76b77a98-5e3b-11ec-8bee-f20bcee4e113', 4, b'1', b'1', 1440965465605148672, '2021-12-16 14:43:23', '{\"assignee\":\"${startUserName}\",\"formId\":1440947675041107968,\"groupType\":\"ASSIGNEE\",\"operationList\":[{\"showOrder\":\"0\",\"id\":\"1632388352676\",\"label\":\"\",\"type\":\"agree\"},{\"showOrder\":\"1\",\"id\":\"1639636285550\",\"label\":\"\",\"type\":\"revoke\"}],\"readOnly\":false,\"taskKey\":\"Activity_03kjurt\",\"taskType\":1}');
INSERT INTO `zz_flow_entry_publish` VALUES (1471371847462293504, 1440968423508021248, 'flowContract:5:4b726726-5e3c-11ec-8bee-f20bcee4e113', '4b5dcdb3-5e3c-11ec-8bee-f20bcee4e113', 5, b'1', b'1', 1440965465605148672, '2021-12-16 14:49:20', '{\"assignee\":\"${startUserName}\",\"formId\":1440954920348946432,\"groupType\":\"ASSIGNEE\",\"operationList\":[{\"showOrder\":\"0\",\"id\":\"1632388965712\",\"label\":\"\",\"type\":\"agree\"}],\"readOnly\":false,\"taskKey\":\"Activity_0nyla1r\",\"taskType\":1}');
COMMIT;

-- ----------------------------
-- Table structure for zz_flow_entry_publish_variable
-- ----------------------------
DROP TABLE IF EXISTS `zz_flow_entry_publish_variable`;
CREATE TABLE `zz_flow_entry_publish_variable` (
  `variable_id` bigint NOT NULL COMMENT 'Id',
  `entry_publish_id` bigint NOT NULL COMMENT 'Id',
  `variable_name` varchar(255) CHARACTER SET utf8mb4 COLLATE utf8mb4_bin NOT NULL COMMENT '',
  `show_name` varchar(255) CHARACTER SET utf8mb4 COLLATE utf8mb4_bin NOT NULL COMMENT '',
  `variable_type` int NOT NULL COMMENT '',
  `bind_datasource_id` bigint DEFAULT NULL COMMENT 'Id',
  `bind_relation_id` bigint DEFAULT NULL COMMENT 'Id',
  `bind_column_id` bigint DEFAULT NULL COMMENT 'Id',
  `builtin` bit(1) NOT NULL COMMENT '',
  PRIMARY KEY (`variable_id`) USING BTREE,
  KEY `idx_entry_publish_id` (`entry_publish_id`) USING BTREE
) ENGINE=InnoDB DEFAULT CHARSET=utf8mb4 COLLATE=utf8mb4_bin;

-- ----------------------------
-- Records of zz_flow_entry_publish_variable
-- ----------------------------
BEGIN;
INSERT INTO `zz_flow_entry_publish_variable` VALUES (1440966810181570560, 1440966810131238912, 'operationType', '', 1, NULL, NULL, NULL, b'1');
INSERT INTO `zz_flow_entry_publish_variable` VALUES (1440966810181570561, 1440966810131238912, 'startUserName', '', 0, NULL, NULL, NULL, b'1');
INSERT INTO `zz_flow_entry_publish_variable` VALUES (1440968302993084416, 1440968302972112896, 'operationType', '', 1, NULL, NULL, NULL, b'1');
INSERT INTO `zz_flow_entry_publish_variable` VALUES (1440968302993084417, 1440968302972112896, 'startUserName', '', 0, NULL, NULL, NULL, b'1');
INSERT INTO `zz_flow_entry_publish_variable` VALUES (1440968302993084418, 1440968302972112896, 'totalAmount', '', 1, 1440946127531675648, NULL, 1440946127493926912, b'0');
INSERT INTO `zz_flow_entry_publish_variable` VALUES (1440972214244478976, 1440972214223507456, 'operationType', '', 1, NULL, NULL, NULL, b'1');
INSERT INTO `zz_flow_entry_publish_variable` VALUES (1440972214244478977, 1440972214223507456, 'startUserName', '', 0, NULL, NULL, NULL, b'1');
INSERT INTO `zz_flow_entry_publish_variable` VALUES (1440972224365334528, 1440972224344363008, 'operationType', '', 1, NULL, NULL, NULL, b'1');
INSERT INTO `zz_flow_entry_publish_variable` VALUES (1440972224365334529, 1440972224344363008, 'startUserName', '', 0, NULL, NULL, NULL, b'1');
INSERT INTO `zz_flow_entry_publish_variable` VALUES (1440972224365334530, 1440972224344363008, 'totalAmount', '', 1, 1440946127531675648, NULL, 1440946127493926912, b'0');
INSERT INTO `zz_flow_entry_publish_variable` VALUES (1440973324443193344, 1440973324426416128, 'operationType', '', 1, NULL, NULL, NULL, b'1');
INSERT INTO `zz_flow_entry_publish_variable` VALUES (1440973324443193345, 1440973324426416128, 'startUserName', '', 0, NULL, NULL, NULL, b'1');
INSERT INTO `zz_flow_entry_publish_variable` VALUES (1440973782788345856, 1440973782771568640, 'operationType', '', 1, NULL, NULL, NULL, b'1');
INSERT INTO `zz_flow_entry_publish_variable` VALUES (1440973782788345857, 1440973782771568640, 'startUserName', '', 0, NULL, NULL, NULL, b'1');
INSERT INTO `zz_flow_entry_publish_variable` VALUES (1441214529953337344, 1441214529919782912, 'operationType', '', 1, NULL, NULL, NULL, b'1');
INSERT INTO `zz_flow_entry_publish_variable` VALUES (1441214529953337345, 1441214529919782912, 'startUserName', '', 0, NULL, NULL, NULL, b'1');
INSERT INTO `zz_flow_entry_publish_variable` VALUES (1441216695027896320, 1441216695006924800, 'operationType', '', 1, NULL, NULL, NULL, b'1');
INSERT INTO `zz_flow_entry_publish_variable` VALUES (1441216695027896321, 1441216695006924800, 'startUserName', '', 0, NULL, NULL, NULL, b'1');
INSERT INTO `zz_flow_entry_publish_variable` VALUES (1471360270059180032, 1471360270025625600, 'operationType', '', 1, NULL, NULL, NULL, b'1');
INSERT INTO `zz_flow_entry_publish_variable` VALUES (1471360270059180033, 1471360270025625600, 'startUserName', '', 0, NULL, NULL, NULL, b'1');
INSERT INTO `zz_flow_entry_publish_variable` VALUES (1471367541199736832, 1471367541166182400, 'operationType', '', 1, NULL, NULL, NULL, b'1');
INSERT INTO `zz_flow_entry_publish_variable` VALUES (1471367541199736833, 1471367541166182400, 'startUserName', '', 0, NULL, NULL, NULL, b'1');
INSERT INTO `zz_flow_entry_publish_variable` VALUES (1471367541199736834, 1471367541166182400, 'totalAmount', '', 1, 1440946127531675648, NULL, 1440946127493926912, b'0');
INSERT INTO `zz_flow_entry_publish_variable` VALUES (1471368646394646528, 1471368646335926272, 'operationType', '', 1, NULL, NULL, NULL, b'1');
INSERT INTO `zz_flow_entry_publish_variable` VALUES (1471368646394646529, 1471368646335926272, 'startUserName', '', 0, NULL, NULL, NULL, b'1');
INSERT INTO `zz_flow_entry_publish_variable` VALUES (1471368903404818432, 1471368903379652608, 'operationType', '', 1, NULL, NULL, NULL, b'1');
INSERT INTO `zz_flow_entry_publish_variable` VALUES (1471368903404818433, 1471368903379652608, 'startUserName', '', 0, NULL, NULL, NULL, b'1');
INSERT INTO `zz_flow_entry_publish_variable` VALUES (1471369060942876672, 1471369060921905152, 'operationType', '', 1, NULL, NULL, NULL, b'1');
INSERT INTO `zz_flow_entry_publish_variable` VALUES (1471369060942876673, 1471369060921905152, 'startUserName', '', 0, NULL, NULL, NULL, b'1');
INSERT INTO `zz_flow_entry_publish_variable` VALUES (1471370350917849088, 1471370350892683264, 'operationType', '', 1, NULL, NULL, NULL, b'1');
INSERT INTO `zz_flow_entry_publish_variable` VALUES (1471370350917849089, 1471370350892683264, 'startUserName', '', 0, NULL, NULL, NULL, b'1');
INSERT INTO `zz_flow_entry_publish_variable` VALUES (1471370350917849090, 1471370350892683264, 'totalAmount', '', 1, 1440946127531675648, NULL, 1440946127493926912, b'0');
INSERT INTO `zz_flow_entry_publish_variable` VALUES (1471371847491653632, 1471371847462293504, 'operationType', '', 1, NULL, NULL, NULL, b'1');
INSERT INTO `zz_flow_entry_publish_variable` VALUES (1471371847491653633, 1471371847462293504, 'startUserName', '', 0, NULL, NULL, NULL, b'1');
COMMIT;

-- ----------------------------
-- Table structure for zz_flow_entry_variable
-- ----------------------------
DROP TABLE IF EXISTS `zz_flow_entry_variable`;
CREATE TABLE `zz_flow_entry_variable` (
  `variable_id` bigint NOT NULL COMMENT 'Id',
  `entry_id` bigint NOT NULL COMMENT 'Id',
  `variable_name` varchar(255) CHARACTER SET utf8mb4 COLLATE utf8mb4_bin NOT NULL COMMENT '',
  `show_name` varchar(255) CHARACTER SET utf8mb4 COLLATE utf8mb4_bin NOT NULL COMMENT '',
  `variable_type` int NOT NULL COMMENT '',
  `bind_datasource_id` bigint DEFAULT NULL COMMENT 'Id',
  `bind_relation_id` bigint DEFAULT NULL COMMENT 'Id',
  `bind_column_id` bigint DEFAULT NULL COMMENT 'Id',
  `builtin` bit(1) NOT NULL COMMENT '',
  `create_time` datetime NOT NULL COMMENT '',
  PRIMARY KEY (`variable_id`) USING BTREE,
  UNIQUE KEY `uk_entry_id_variable_name` (`entry_id`,`variable_name`) USING BTREE
) ENGINE=InnoDB DEFAULT CHARSET=utf8mb4 COLLATE=utf8mb4_bin;

-- ----------------------------
-- Records of zz_flow_entry_variable
-- ----------------------------
BEGIN;
INSERT INTO `zz_flow_entry_variable` VALUES (1440962968090054657, 1440962968085860352, 'operationType', '', 1, NULL, NULL, NULL, b'1', '2021-09-23 16:55:18');
INSERT INTO `zz_flow_entry_variable` VALUES (1440962968094248961, 1440962968085860352, 'startUserName', '', 0, NULL, NULL, NULL, b'1', '2021-09-23 16:55:18');
INSERT INTO `zz_flow_entry_variable` VALUES (1440966906918998017, 1440966906914803712, 'operationType', '', 1, NULL, NULL, NULL, b'1', '2021-09-23 17:10:57');
INSERT INTO `zz_flow_entry_variable` VALUES (1440966906927386625, 1440966906914803712, 'startUserName', '', 0, NULL, NULL, NULL, b'1', '2021-09-23 17:10:57');
INSERT INTO `zz_flow_entry_variable` VALUES (1440967581673459712, 1440966906914803712, 'totalAmount', '', 1, 1440946127531675648, NULL, 1440946127493926912, b'0', '2021-09-23 17:13:38');
INSERT INTO `zz_flow_entry_variable` VALUES (1440968423512215553, 1440968423508021248, 'operationType', '', 1, NULL, NULL, NULL, b'1', '2021-09-23 17:16:59');
INSERT INTO `zz_flow_entry_variable` VALUES (1440968423516409857, 1440968423508021248, 'startUserName', '', 0, NULL, NULL, NULL, b'1', '2021-09-23 17:16:59');
INSERT INTO `zz_flow_entry_variable` VALUES (1440972435900862465, 1440972435892473856, 'operationType', '', 1, NULL, NULL, NULL, b'1', '2021-09-23 17:32:55');
INSERT INTO `zz_flow_entry_variable` VALUES (1440972435905056768, 1440972435892473856, 'startUserName', '', 0, NULL, NULL, NULL, b'1', '2021-09-23 17:32:55');
INSERT INTO `zz_flow_entry_variable` VALUES (1440973419171549185, 1440973419167354880, 'operationType', '', 1, NULL, NULL, NULL, b'1', '2021-09-23 17:36:50');
INSERT INTO `zz_flow_entry_variable` VALUES (1440973419175743489, 1440973419167354880, 'startUserName', '', 0, NULL, NULL, NULL, b'1', '2021-09-23 17:36:50');
COMMIT;

-- ----------------------------
-- Table structure for zz_flow_message
-- ----------------------------
DROP TABLE IF EXISTS `zz_flow_message`;
CREATE TABLE `zz_flow_message` (
  `message_id` bigint NOT NULL COMMENT 'Id',
  `message_type` tinyint NOT NULL COMMENT '',
  `message_content` varchar(1024) CHARACTER SET utf8mb4 COLLATE utf8mb4_bin DEFAULT NULL COMMENT '',
  `remind_count` int DEFAULT '0' COMMENT '',
  `work_order_id` bigint DEFAULT NULL COMMENT 'Id',
  `process_definition_id` varchar(255) CHARACTER SET utf8mb4 COLLATE utf8mb4_bin NOT NULL COMMENT 'Id',
  `process_definition_key` varchar(255) CHARACTER SET utf8mb4 COLLATE utf8mb4_bin NOT NULL COMMENT '',
  `process_definition_name` varchar(255) CHARACTER SET utf8mb4 COLLATE utf8mb4_bin NOT NULL COMMENT '',
  `process_instance_id` varchar(255) CHARACTER SET utf8mb4 COLLATE utf8mb4_bin DEFAULT NULL COMMENT 'Id',
  `process_instance_initiator` varchar(255) CHARACTER SET utf8mb4 COLLATE utf8mb4_bin DEFAULT NULL COMMENT '',
  `task_id` varchar(255) CHARACTER SET utf8mb4 COLLATE utf8mb4_bin DEFAULT NULL COMMENT 'Id',
  `task_definition_key` varchar(255) CHARACTER SET utf8mb4 COLLATE utf8mb4_bin DEFAULT NULL COMMENT '',
  `task_name` varchar(255) CHARACTER SET utf8mb4 COLLATE utf8mb4_bin DEFAULT NULL COMMENT '',
  `task_start_time` datetime DEFAULT NULL COMMENT '',
  `task_finished` bit(1) NOT NULL DEFAULT b'0' COMMENT '',
  `task_assignee` varchar(64) CHARACTER SET utf8mb4 COLLATE utf8mb4_bin DEFAULT NULL COMMENT '',
  `update_time` datetime NOT NULL COMMENT '',
  `update_user_id` bigint NOT NULL COMMENT 'Id',
  `create_time` datetime NOT NULL COMMENT '',
  `create_user_id` bigint NOT NULL COMMENT 'Id',
  `create_username` varchar(255) CHARACTER SET utf8mb4 COLLATE utf8mb4_bin NOT NULL COMMENT '',
  PRIMARY KEY (`message_id`) USING BTREE,
  KEY `idx_notified_username` (`task_assignee`) USING BTREE,
  KEY `idx_message_type` (`message_type`) USING BTREE,
  KEY `idx_task_id` (`task_id`) USING BTREE,
  KEY `idx_task_finished` (`task_finished`) USING BTREE,
  KEY `idx_update_time` (`update_time`) USING BTREE
) ENGINE=InnoDB DEFAULT CHARSET=utf8mb4 COLLATE=utf8mb4_bin;

-- ----------------------------
-- Records of zz_flow_message
-- ----------------------------
BEGIN;
INSERT INTO `zz_flow_message` VALUES (1471369219575648256, 0, NULL, 1, 1471362093398626304, 'flowLeave:2:de31b55a-5e35-11ec-9f5e-f20bcee4e113', 'flowLeave', '', 'e13cdd0b-5e36-11ec-9f5e-f20bcee4e113', 'userA', '4afee132-5e38-11ec-9f5e-f20bcee4e113', 'Activity_0olxatv', 'HR', '2021-12-16 14:20:41', b'1', NULL, '2021-12-16 14:38:53', 1440965465605148672, '2021-12-16 14:38:53', 1440965465605148672, 'A');
COMMIT;

-- ----------------------------
-- Table structure for zz_flow_message_candicate_identity
-- ----------------------------
DROP TABLE IF EXISTS `zz_flow_message_candicate_identity`;
CREATE TABLE `zz_flow_message_candicate_identity` (
  `id` bigint NOT NULL COMMENT 'Id',
  `message_id` bigint NOT NULL COMMENT 'Id',
  `candidate_type` varchar(32) CHARACTER SET utf8mb4 COLLATE utf8mb4_bin NOT NULL COMMENT '',
  `candidate_id` varchar(32) CHARACTER SET utf8mb4 COLLATE utf8mb4_bin NOT NULL COMMENT 'Id',
  PRIMARY KEY (`id`),
  KEY `idx_candidate_id` (`candidate_id`) USING BTREE,
  KEY `idx_message_id` (`message_id`) USING BTREE
) ENGINE=InnoDB DEFAULT CHARSET=utf8mb4 COLLATE=utf8mb4_bin;

-- ----------------------------
-- Records of zz_flow_message_candicate_identity
-- ----------------------------
BEGIN;
INSERT INTO `zz_flow_message_candicate_identity` VALUES (1471369219609202688, 1471369219575648256, 'deptPost', '1440964221780103168');
COMMIT;

-- ----------------------------
-- Table structure for zz_flow_task_comment
-- ----------------------------
DROP TABLE IF EXISTS `zz_flow_task_comment`;
CREATE TABLE `zz_flow_task_comment` (
  `id` bigint NOT NULL COMMENT 'Id',
  `process_instance_id` varchar(64) CHARACTER SET utf8 COLLATE utf8_bin NOT NULL COMMENT 'Id',
  `task_id` varchar(64) CHARACTER SET utf8 COLLATE utf8_bin NOT NULL COMMENT 'Id',
  `task_key` varchar(255) CHARACTER SET utf8 COLLATE utf8_bin NOT NULL COMMENT '',
  `task_name` varchar(512) CHARACTER SET utf8 COLLATE utf8_bin DEFAULT NULL COMMENT '',
  `approval_type` varchar(32) CHARACTER SET utf8 COLLATE utf8_bin NOT NULL COMMENT '',
  `comment` varchar(1024) CHARACTER SET utf8 COLLATE utf8_bin DEFAULT NULL COMMENT '',
  `delegate_assignee` varchar(512) CHARACTER SET utf8 COLLATE utf8_bin DEFAULT NULL COMMENT '',
  `create_user_id` bigint NOT NULL COMMENT 'Id',
  `create_username` varchar(255) CHARACTER SET utf8 COLLATE utf8_bin NOT NULL COMMENT '',
  `create_time` datetime NOT NULL COMMENT '',
  PRIMARY KEY (`id`) USING BTREE,
  KEY `idx_process_instance_id` (`process_instance_id`) USING BTREE
) ENGINE=InnoDB DEFAULT CHARSET=utf8mb3 COLLATE=utf8_bin;

-- ----------------------------
-- Records of zz_flow_task_comment
-- ----------------------------
BEGIN;
INSERT INTO `zz_flow_task_comment` VALUES (1441213241249239040, 'e7ac71d9-1cd6-11ec-acd8-3ae4f1d3c3af', 'e7b1c912-1cd6-11ec-acd8-3ae4f1d3c3af', 'Activity_0sc2yuf', '', 'agree', NULL, NULL, 1440966324770574336, 'D', '2021-09-24 09:29:48');
INSERT INTO `zz_flow_task_comment` VALUES (1441213342894002176, 'e7ac71d9-1cd6-11ec-acd8-3ae4f1d3c3af', 'e7b80aa9-1cd6-11ec-acd8-3ae4f1d3c3af', 'Activity_1jw5u20', '', 'agree', '', NULL, 1440966073686953984, '', '2021-09-24 09:30:12');
INSERT INTO `zz_flow_task_comment` VALUES (1441213560184115200, 'e7ac71d9-1cd6-11ec-acd8-3ae4f1d3c3af', 'f62d36b1-1cd6-11ec-acd8-3ae4f1d3c3af', 'Activity_0olxatv', 'HR', 'agree', '', NULL, 1440965465605148672, 'A', '2021-09-24 09:31:04');
INSERT INTO `zz_flow_task_comment` VALUES (1441213876594020352, '420171f8-1cd7-11ec-acd8-3ae4f1d3c3af', '42019911-1cd7-11ec-acd8-3ae4f1d3c3af', 'Activity_03kjurt', '', 'agree', NULL, NULL, 1440966324770574336, 'D', '2021-09-24 09:32:19');
INSERT INTO `zz_flow_task_comment` VALUES (1441213922165133312, '420171f8-1cd7-11ec-acd8-3ae4f1d3c3af', '42054298-1cd7-11ec-acd8-3ae4f1d3c3af', 'Activity_0ywxfwu', '', 'agree', '', NULL, 1440966073686953984, '', '2021-09-24 09:32:30');
INSERT INTO `zz_flow_task_comment` VALUES (1441214057024589824, '420171f8-1cd7-11ec-acd8-3ae4f1d3c3af', '487ef9a2-1cd7-11ec-acd8-3ae4f1d3c3af', 'Activity_0qay48u', '', 'agree', '', NULL, 1440969706411397120, '', '2021-09-24 09:33:02');
INSERT INTO `zz_flow_task_comment` VALUES (1441214335085973504, '719d8e5a-1cd7-11ec-acd8-3ae4f1d3c3af', '719d8e62-1cd7-11ec-acd8-3ae4f1d3c3af', 'Activity_0nyla1r', '', 'stop', '', NULL, 1440966324770574336, 'D', '2021-09-24 09:34:09');
INSERT INTO `zz_flow_task_comment` VALUES (1441215377718644736, '17547fd9-1cd8-11ec-acd8-3ae4f1d3c3af', '1754a6f2-1cd8-11ec-acd8-3ae4f1d3c3af', 'Activity_0nyla1r', '', 'agree', NULL, NULL, 1440966324770574336, 'D', '2021-09-24 09:38:17');
INSERT INTO `zz_flow_task_comment` VALUES (1441215450896666624, '17547fd9-1cd8-11ec-acd8-3ae4f1d3c3af', '1757db49-1cd8-11ec-acd8-3ae4f1d3c3af', 'Activity_1ucrh52', '', 'agree', '', NULL, 1440966073686953984, '', '2021-09-24 09:38:35');
INSERT INTO `zz_flow_task_comment` VALUES (1441215523189690368, '17547fd9-1cd8-11ec-acd8-3ae4f1d3c3af', '21b97ae8-1cd8-11ec-acd8-3ae4f1d3c3af', 'Activity_0tm3mph', '', 'agree', '', NULL, 1440911410581213417, '', '2021-09-24 09:38:52');
INSERT INTO `zz_flow_task_comment` VALUES (1441215553006997504, '17547fd9-1cd8-11ec-acd8-3ae4f1d3c3af', '21b953d4-1cd8-11ec-acd8-3ae4f1d3c3af', 'Activity_138m4nn', '', 'agree', '', NULL, 1440911410581213417, '', '2021-09-24 09:38:59');
INSERT INTO `zz_flow_task_comment` VALUES (1441215775858757632, '17547fd9-1cd8-11ec-acd8-3ae4f1d3c3af', '3040cf64-1cd8-11ec-acd8-3ae4f1d3c3af', 'Activity_1yuuyie', '', 'agree', '', NULL, 1440966073686953984, '', '2021-09-24 09:39:52');
INSERT INTO `zz_flow_task_comment` VALUES (1441216028087422976, '17547fd9-1cd8-11ec-acd8-3ae4f1d3c3af', '4fec915c-1cd8-11ec-acd8-3ae4f1d3c3af', 'Activity_1eewt01', '', 'multi_sign', ' [leaderLaw]  [[\"userB\",\"userC\",\"leaderLaw\"]]', NULL, 1440965808049098752, '', '2021-09-24 09:40:52');
INSERT INTO `zz_flow_task_comment` VALUES (1441216073780170752, '17547fd9-1cd8-11ec-acd8-3ae4f1d3c3af', '4fec915c-1cd8-11ec-acd8-3ae4f1d3c3af', 'Activity_1eewt01', '', 'multi_consign', ' [leaderLaw]  [[\"admin\"]]', NULL, 1440965808049098752, '', '2021-09-24 09:41:03');
INSERT INTO `zz_flow_task_comment` VALUES (1441216212972343296, '17547fd9-1cd8-11ec-acd8-3ae4f1d3c3af', '73c18ac0-1cd8-11ec-acd8-3ae4f1d3c3af', 'Activity_098ncvw', '', 'multi_agree', '', NULL, 1440965808049098752, '', '2021-09-24 09:41:36');
INSERT INTO `zz_flow_task_comment` VALUES (1441216292819308544, '17547fd9-1cd8-11ec-acd8-3ae4f1d3c3af', '73c163a6-1cd8-11ec-acd8-3ae4f1d3c3af', 'Activity_098ncvw', '', 'multi_refuse', '', NULL, 1440965586715676672, 'B', '2021-09-24 09:41:55');
INSERT INTO `zz_flow_task_comment` VALUES (1441216373144424448, '17547fd9-1cd8-11ec-acd8-3ae4f1d3c3af', '73c18abb-1cd8-11ec-acd8-3ae4f1d3c3af', 'Activity_098ncvw', '', 'multi_agree', '', NULL, 1440965697961201664, 'C', '2021-09-24 09:42:15');
INSERT INTO `zz_flow_task_comment` VALUES (1441216770470842368, '17547fd9-1cd8-11ec-acd8-3ae4f1d3c3af', '7a4309f7-1cd8-11ec-acd8-3ae4f1d3c3af', 'Activity_098ncvw', '', 'stop', '', NULL, 1440911410581213417, '', '2021-09-24 09:43:49');
INSERT INTO `zz_flow_task_comment` VALUES (1441217206766538752, '1b41a384-1cd9-11ec-acd8-3ae4f1d3c3af', '1b41a38d-1cd9-11ec-acd8-3ae4f1d3c3af', 'Activity_0nyla1r', '', 'agree', NULL, NULL, 1440966324770574336, 'D', '2021-09-24 09:45:33');
INSERT INTO `zz_flow_task_comment` VALUES (1441217290182856704, '1b41a384-1cd9-11ec-acd8-3ae4f1d3c3af', '1b4488c4-1cd9-11ec-acd8-3ae4f1d3c3af', 'Activity_1ucrh52', '', 'agree', '', NULL, 1440966073686953984, '', '2021-09-24 09:45:53');
INSERT INTO `zz_flow_task_comment` VALUES (1441217345438617600, '1b41a384-1cd9-11ec-acd8-3ae4f1d3c3af', '271ebea3-1cd9-11ec-acd8-3ae4f1d3c3af', 'Activity_0tm3mph', '', 'agree', '', NULL, 1440911410581213417, '', '2021-09-24 09:46:06');
INSERT INTO `zz_flow_task_comment` VALUES (1441217371766263808, '1b41a384-1cd9-11ec-acd8-3ae4f1d3c3af', '271e978f-1cd9-11ec-acd8-3ae4f1d3c3af', 'Activity_138m4nn', '', 'agree', '', NULL, 1440911410581213417, '', '2021-09-24 09:46:13');
INSERT INTO `zz_flow_task_comment` VALUES (1441217738105163776, '1b41a384-1cd9-11ec-acd8-3ae4f1d3c3af', '32b7097e-1cd9-11ec-acd8-3ae4f1d3c3af', 'Activity_1yuuyie', '', 'agree', '', NULL, 1440966186522120192, '', '2021-09-24 09:47:40');
INSERT INTO `zz_flow_task_comment` VALUES (1441217836524507136, '1b41a384-1cd9-11ec-acd8-3ae4f1d3c3af', '66c6d396-1cd9-11ec-acd8-3ae4f1d3c3af', 'Activity_1eewt01', '', 'multi_sign', ' [leaderLaw]  [[\"leaderLaw\",\"userC\"]]', NULL, 1440965808049098752, '', '2021-09-24 09:48:03');
INSERT INTO `zz_flow_task_comment` VALUES (1441217872834596864, '1b41a384-1cd9-11ec-acd8-3ae4f1d3c3af', '74c12a5e-1cd9-11ec-acd8-3ae4f1d3c3af', 'Activity_098ncvw', '', 'multi_agree', '', NULL, 1440965808049098752, '', '2021-09-24 09:48:12');
INSERT INTO `zz_flow_task_comment` VALUES (1441217994800762880, '1b41a384-1cd9-11ec-acd8-3ae4f1d3c3af', '66c6d396-1cd9-11ec-acd8-3ae4f1d3c3af', 'Activity_1eewt01', '', 'multi_consign', ' [leaderLaw]  [[\"userB\"]]', NULL, 1440965808049098752, '', '2021-09-24 09:48:41');
INSERT INTO `zz_flow_task_comment` VALUES (1441218049788088320, '1b41a384-1cd9-11ec-acd8-3ae4f1d3c3af', '8b4134ba-1cd9-11ec-acd8-3ae4f1d3c3af', 'Activity_098ncvw', '', 'multi_agree', '', NULL, 1440965586715676672, 'B', '2021-09-24 09:48:54');
INSERT INTO `zz_flow_task_comment` VALUES (1441218134890516480, '1b41a384-1cd9-11ec-acd8-3ae4f1d3c3af', '74c15172-1cd9-11ec-acd8-3ae4f1d3c3af', 'Activity_098ncvw', '', 'multi_agree', 't', NULL, 1440965697961201664, 'C', '2021-09-24 09:49:15');
INSERT INTO `zz_flow_task_comment` VALUES (1441218265987682304, '1b41a384-1cd9-11ec-acd8-3ae4f1d3c3af', '9f286bc3-1cd9-11ec-acd8-3ae4f1d3c3af', 'Activity_1h3pnxy', '', 'agree', '', NULL, 1440969706411397120, '', '2021-09-24 09:49:46');
INSERT INTO `zz_flow_task_comment` VALUES (1441218427363528704, 'c8b7005a-1cd9-11ec-acd8-3ae4f1d3c3af', 'c8b70062-1cd9-11ec-acd8-3ae4f1d3c3af', 'Activity_08p9kng', '', 'agree', NULL, NULL, 1440911410581213417, '', '2021-09-24 09:50:24');
INSERT INTO `zz_flow_task_comment` VALUES (1441218497429377024, 'c8b7005a-1cd9-11ec-acd8-3ae4f1d3c3af', 'c8b9bf89-1cd9-11ec-acd8-3ae4f1d3c3af', 'Activity_12olr01', '', 'transfer', '', 'leaderHR', 1440911410581213417, '', '2021-09-24 09:50:41');
INSERT INTO `zz_flow_task_comment` VALUES (1441218606418366464, 'c8b7005a-1cd9-11ec-acd8-3ae4f1d3c3af', 'c8b9bf89-1cd9-11ec-acd8-3ae4f1d3c3af', 'Activity_12olr01', '', 'agree', '', NULL, 1440965344985354240, '', '2021-09-24 09:51:07');
INSERT INTO `zz_flow_task_comment` VALUES (1441312737664700416, '22f398f3-1d0e-11ec-8336-3ae4f1d3c3af', '22f9b37c-1d0e-11ec-8336-3ae4f1d3c3af', 'Activity_03kjurt', '', 'agree', NULL, NULL, 1440966324770574336, 'D', '2021-09-24 16:05:10');
INSERT INTO `zz_flow_task_comment` VALUES (1441324108838080512, '22f398f3-1d0e-11ec-8336-3ae4f1d3c3af', '23032963-1d0e-11ec-8336-3ae4f1d3c3af', 'Activity_0ywxfwu', '', 'agree', '', NULL, 1440966073686953984, '', '2021-09-24 16:50:21');
INSERT INTO `zz_flow_task_comment` VALUES (1441340309681213440, '7138d67d-1d1d-11ec-8336-3ae4f1d3c3af', '7138fd96-1d1d-11ec-8336-3ae4f1d3c3af', 'Activity_03kjurt', '', 'agree', NULL, NULL, 1440966324770574336, 'D', '2021-09-24 17:54:43');
INSERT INTO `zz_flow_task_comment` VALUES (1471362093352488960, 'e13cdd0b-5e36-11ec-9f5e-f20bcee4e113', 'e140fbc4-5e36-11ec-9f5e-f20bcee4e113', 'Activity_0sc2yuf', '', 'agree', NULL, NULL, 1440965465605148672, 'A', '2021-12-16 14:10:34');
INSERT INTO `zz_flow_task_comment` VALUES (1471364638540042240, 'e13cdd0b-5e36-11ec-9f5e-f20bcee4e113', 'e14a238b-5e36-11ec-9f5e-f20bcee4e113', 'Activity_1jw5u20', '', 'agree', '', NULL, 1440965344985354240, '', '2021-12-16 14:20:41');
INSERT INTO `zz_flow_task_comment` VALUES (1471369342552641536, 'e13cdd0b-5e36-11ec-9f5e-f20bcee4e113', '4afee132-5e38-11ec-9f5e-f20bcee4e113', 'Activity_0olxatv', 'HR', 'agree', '', NULL, 1440965344985354240, '', '2021-12-16 14:39:23');
INSERT INTO `zz_flow_task_comment` VALUES (1471369537730383872, '0331a80e-5e3b-11ec-8bee-f20bcee4e113', '03324457-5e3b-11ec-8bee-f20bcee4e113', 'Activity_03kjurt', '', 'agree', NULL, NULL, 1440965465605148672, 'A', '2021-12-16 14:40:09');
INSERT INTO `zz_flow_task_comment` VALUES (1471369660887732224, '0331a80e-5e3b-11ec-8bee-f20bcee4e113', '0335edde-5e3b-11ec-8bee-f20bcee4e113', 'Activity_0ywxfwu', '', 'revoke', '', NULL, 1440965465605148672, 'A', '2021-12-16 14:40:39');
INSERT INTO `zz_flow_task_comment` VALUES (1471369740290101248, '0331a80e-5e3b-11ec-8bee-f20bcee4e113', '14b68522-5e3b-11ec-8bee-f20bcee4e113', 'Activity_03kjurt', '', 'agree', '', NULL, 1440965465605148672, 'A', '2021-12-16 14:40:57');
INSERT INTO `zz_flow_task_comment` VALUES (1471370507315056640, '0331a80e-5e3b-11ec-8bee-f20bcee4e113', '1fff5066-5e3b-11ec-8bee-f20bcee4e113', 'Activity_0ywxfwu', '', 'stop', '', NULL, 1440965344985354240, '', '2021-12-16 14:44:00');
INSERT INTO `zz_flow_task_comment` VALUES (1471370630669537280, '9e83779e-5e3b-11ec-8bee-f20bcee4e113', '9e8377a7-5e3b-11ec-8bee-f20bcee4e113', 'Activity_03kjurt', '', 'agree', NULL, NULL, 1440965465605148672, 'A', '2021-12-16 14:44:30');
INSERT INTO `zz_flow_task_comment` VALUES (1471370733769723904, '9e83779e-5e3b-11ec-8bee-f20bcee4e113', '9e87483e-5e3b-11ec-8bee-f20bcee4e113', 'Activity_0ywxfwu', '', 'reject', '', NULL, 1440965344985354240, '', '2021-12-16 14:44:54');
INSERT INTO `zz_flow_task_comment` VALUES (1471370828615520256, '9e83779e-5e3b-11ec-8bee-f20bcee4e113', 'ad2e32a5-5e3b-11ec-8bee-f20bcee4e113', 'Activity_03kjurt', '', 'agree', '', NULL, 1440965465605148672, 'A', '2021-12-16 14:45:17');
INSERT INTO `zz_flow_task_comment` VALUES (1471370873603624960, '9e83779e-5e3b-11ec-8bee-f20bcee4e113', 'baa80eb9-5e3b-11ec-8bee-f20bcee4e113', 'Activity_0ywxfwu', '', 'agree', '', NULL, 1440965344985354240, '', '2021-12-16 14:45:28');
INSERT INTO `zz_flow_task_comment` VALUES (1471372081412182016, '6cada2b7-5e3c-11ec-8bee-f20bcee4e113', '6cadc9d0-5e3c-11ec-8bee-f20bcee4e113', 'Activity_0nyla1r', '', 'agree', NULL, NULL, 1440966324770574336, 'D', '2021-12-16 14:50:16');
INSERT INTO `zz_flow_task_comment` VALUES (1471372259380695040, '6cada2b7-5e3c-11ec-8bee-f20bcee4e113', '6cb12537-5e3c-11ec-8bee-f20bcee4e113', 'Activity_1ucrh52', '', 'agree', '', NULL, 1440966073686953984, '', '2021-12-16 14:50:58');
INSERT INTO `zz_flow_task_comment` VALUES (1471372302657523712, '6cada2b7-5e3c-11ec-8bee-f20bcee4e113', '85faafd2-5e3c-11ec-8bee-f20bcee4e113', 'Activity_138m4nn', '', 'agree', '', NULL, 1440966073686953984, '', '2021-12-16 14:51:08');
INSERT INTO `zz_flow_task_comment` VALUES (1471372386455523328, '6cada2b7-5e3c-11ec-8bee-f20bcee4e113', '85faafd5-5e3c-11ec-8bee-f20bcee4e113', 'Activity_0tm3mph', '', 'agree', '', NULL, 1440911410581213417, '', '2021-12-16 14:51:28');
INSERT INTO `zz_flow_task_comment` VALUES (1471372462045270016, '6cada2b7-5e3c-11ec-8bee-f20bcee4e113', '980a8ed1-5e3c-11ec-8bee-f20bcee4e113', 'Activity_1yuuyie', '', 'agree', '', NULL, 1440966073686953984, '', '2021-12-16 14:51:46');
INSERT INTO `zz_flow_task_comment` VALUES (1471372611853225984, '6cada2b7-5e3c-11ec-8bee-f20bcee4e113', 'a2c91b77-5e3c-11ec-8bee-f20bcee4e113', 'Activity_1eewt01', '', 'multi_sign', ' [leaderLaw]  [userB,leaderLaw,userC]', NULL, 1440965808049098752, '', '2021-12-16 14:52:22');
INSERT INTO `zz_flow_task_comment` VALUES (1471372651858497536, '6cada2b7-5e3c-11ec-8bee-f20bcee4e113', 'b80ef836-5e3c-11ec-8bee-f20bcee4e113', 'Activity_098ncvw', '', 'multi_agree', '', NULL, 1440965808049098752, '', '2021-12-16 14:52:32');
INSERT INTO `zz_flow_task_comment` VALUES (1471372742149279744, '6cada2b7-5e3c-11ec-8bee-f20bcee4e113', 'b80ed121-5e3c-11ec-8bee-f20bcee4e113', 'Activity_098ncvw', '', 'multi_agree', '', NULL, 1440965586715676672, 'B', '2021-12-16 14:52:53');
INSERT INTO `zz_flow_task_comment` VALUES (1471372837368369152, '6cada2b7-5e3c-11ec-8bee-f20bcee4e113', 'b80ef83a-5e3c-11ec-8bee-f20bcee4e113', 'Activity_098ncvw', '', 'multi_refuse', '', NULL, 1440965697961201664, 'C', '2021-12-16 14:53:16');
INSERT INTO `zz_flow_task_comment` VALUES (1471372996424765440, '6cada2b7-5e3c-11ec-8bee-f20bcee4e113', 'd81d2483-5e3c-11ec-8bee-f20bcee4e113', 'Activity_1h3pnxy', '', 'agree', '', NULL, 1440911410581213417, '', '2021-12-16 14:53:54');
INSERT INTO `zz_flow_task_comment` VALUES (1471373134673219584, '02591019-5e3d-11ec-8bee-f20bcee4e113', '02593731-5e3d-11ec-8bee-f20bcee4e113', 'Activity_1xk7j4n', '', 'multi_sign', ' [userD]  [[\"userA\",\"userB\"]]', NULL, 1440966324770574336, 'D', '2021-12-16 14:54:27');
INSERT INTO `zz_flow_task_comment` VALUES (1471373223948980224, '02591019-5e3d-11ec-8bee-f20bcee4e113', '025d07d9-5e3d-11ec-8bee-f20bcee4e113', 'Activity_006g6qo', '', 'multi_agree', '', NULL, 1440965465605148672, 'A', '2021-12-16 14:54:48');
INSERT INTO `zz_flow_task_comment` VALUES (1471373308946550784, '02591019-5e3d-11ec-8bee-f20bcee4e113', '02593731-5e3d-11ec-8bee-f20bcee4e113', 'Activity_1xk7j4n', '', 'multi_consign', ' [userD]  [[\"userD\"]]', NULL, 1440966324770574336, 'D', '2021-12-16 14:55:08');
INSERT INTO `zz_flow_task_comment` VALUES (1471373396850774016, '02591019-5e3d-11ec-8bee-f20bcee4e113', '025d07de-5e3d-11ec-8bee-f20bcee4e113', 'Activity_006g6qo', '', 'multi_agree', '', NULL, 1440965586715676672, 'B', '2021-12-16 14:55:29');
INSERT INTO `zz_flow_task_comment` VALUES (1471373449002749952, '02591019-5e3d-11ec-8bee-f20bcee4e113', '1b22e387-5e3d-11ec-8bee-f20bcee4e113', 'Activity_006g6qo', '', 'multi_agree', '', NULL, 1440966324770574336, 'D', '2021-12-16 14:55:42');
COMMIT;

-- ----------------------------
-- Table structure for zz_flow_task_ext
-- ----------------------------
DROP TABLE IF EXISTS `zz_flow_task_ext`;
CREATE TABLE `zz_flow_task_ext` (
  `process_definition_id` varchar(64) CHARACTER SET utf8mb4 COLLATE utf8mb4_bin NOT NULL COMMENT 'Id',
  `task_id` varchar(64) CHARACTER SET utf8mb4 COLLATE utf8mb4_bin NOT NULL COMMENT 'Id',
  `operation_list_json` longtext CHARACTER SET utf8mb4 COLLATE utf8mb4_bin COMMENT 'JSON',
  `variable_list_json` longtext CHARACTER SET utf8mb4 COLLATE utf8mb4_bin COMMENT 'JSON',
  `assignee_list_json` text CHARACTER SET utf8mb4 COLLATE utf8mb4_bin COMMENT 'assigneeListJSON',
  `group_type` varchar(255) CHARACTER SET utf8mb4 COLLATE utf8mb4_bin NOT NULL COMMENT '',
  `dept_post_list_json` varchar(1024) CHARACTER SET utf8mb4 COLLATE utf8mb4_bin DEFAULT NULL COMMENT '',
  `role_ids` varchar(1024) CHARACTER SET utf8mb4 COLLATE utf8mb4_bin DEFAULT NULL COMMENT 'Id',
  `dept_ids` varchar(1024) CHARACTER SET utf8mb4 COLLATE utf8mb4_bin DEFAULT NULL COMMENT 'Id',
  `candidate_usernames` varchar(4000) CHARACTER SET utf8mb4 COLLATE utf8mb4_bin DEFAULT NULL COMMENT '',
  PRIMARY KEY (`process_definition_id`,`task_id`) USING BTREE
) ENGINE=InnoDB DEFAULT CHARSET=utf8mb4 COLLATE=utf8mb4_bin;

-- ----------------------------
-- Records of zz_flow_task_ext
-- ----------------------------
BEGIN;
INSERT INTO `zz_flow_task_ext` VALUES ('flowConSign:1:b981c1fb-1c51-11ec-94ee-5ef70686b817', 'Activity_006g6qo', '[{\"showOrder\":\"0\",\"id\":\"1632389733600\",\"label\":\"\",\"type\":\"multi_agree\"}]', NULL, NULL, 'DEPT', NULL, NULL, NULL, NULL);
INSERT INTO `zz_flow_task_ext` VALUES ('flowConSign:1:b981c1fb-1c51-11ec-94ee-5ef70686b817', 'Activity_0p7omdm', '[{\"showOrder\":\"0\",\"id\":\"1632389682895\",\"label\":\"\",\"type\":\"agree\"},{\"showOrder\":\"1\",\"id\":\"1632389686939\",\"label\":\"\",\"type\":\"refuse\"}]', NULL, NULL, 'DEPT', NULL, NULL, NULL, NULL);
INSERT INTO `zz_flow_task_ext` VALUES ('flowConSign:1:b981c1fb-1c51-11ec-94ee-5ef70686b817', 'Activity_1xk7j4n', '[{\"showOrder\":\"0\",\"id\":\"1632389626319\",\"label\":\"\",\"type\":\"multi_sign\"},{\"showOrder\":\"1\",\"id\":\"1632389633373\",\"label\":\"\",\"type\":\"multi_consign\"}]', NULL, NULL, 'DEPT', NULL, NULL, NULL, NULL);
INSERT INTO `zz_flow_task_ext` VALUES ('flowConSign:2:a9103b25-5e3a-11ec-8bee-f20bcee4e113', 'Activity_006g6qo', '[{\"showOrder\":\"0\",\"id\":\"1632389733600\",\"label\":\"\",\"type\":\"multi_agree\"}]', NULL, NULL, 'ASSIGNEE', NULL, NULL, NULL, NULL);
INSERT INTO `zz_flow_task_ext` VALUES ('flowConSign:2:a9103b25-5e3a-11ec-8bee-f20bcee4e113', 'Activity_0p7omdm', '[{\"showOrder\":\"0\",\"id\":\"1632389682895\",\"label\":\"\",\"type\":\"agree\"},{\"showOrder\":\"1\",\"id\":\"1632389686939\",\"label\":\"\",\"type\":\"refuse\"}]', NULL, NULL, 'ASSIGNEE', NULL, NULL, NULL, NULL);
INSERT INTO `zz_flow_task_ext` VALUES ('flowConSign:2:a9103b25-5e3a-11ec-8bee-f20bcee4e113', 'Activity_1xk7j4n', '[{\"showOrder\":\"0\",\"id\":\"1632389626319\",\"label\":\"\",\"type\":\"multi_sign\"},{\"showOrder\":\"1\",\"id\":\"1632389633373\",\"label\":\"\",\"type\":\"multi_consign\"}]', NULL, NULL, 'ASSIGNEE', NULL, NULL, NULL, NULL);
INSERT INTO `zz_flow_task_ext` VALUES ('flowContract:1:1bbc0c53-1c51-11ec-94ee-5ef70686b817', 'Activity_098ncvw', '[{\"showOrder\":\"0\",\"id\":\"1632389190662\",\"label\":\"\",\"type\":\"multi_agree\"},{\"showOrder\":\"1\",\"id\":\"1632389197406\",\"label\":\"\",\"type\":\"multi_refuse\"}]', NULL, NULL, 'DEPT', NULL, NULL, NULL, NULL);
INSERT INTO `zz_flow_task_ext` VALUES ('flowContract:1:1bbc0c53-1c51-11ec-94ee-5ef70686b817', 'Activity_0nyla1r', '[{\"showOrder\":\"0\",\"id\":\"1632388965712\",\"label\":\"\",\"type\":\"agree\"}]', NULL, NULL, 'DEPT', NULL, NULL, NULL, NULL);
INSERT INTO `zz_flow_task_ext` VALUES ('flowContract:1:1bbc0c53-1c51-11ec-94ee-5ef70686b817', 'Activity_0tm3mph', '[{\"showOrder\":\"0\",\"id\":\"1632388982377\",\"label\":\"\",\"type\":\"agree\"}]', NULL, NULL, 'DEPT', NULL, NULL, NULL, NULL);
INSERT INTO `zz_flow_task_ext` VALUES ('flowContract:1:1bbc0c53-1c51-11ec-94ee-5ef70686b817', 'Activity_138m4nn', '[{\"showOrder\":\"0\",\"id\":\"1632388978101\",\"label\":\"\",\"type\":\"agree\"}]', NULL, NULL, 'DEPT', NULL, NULL, NULL, NULL);
INSERT INTO `zz_flow_task_ext` VALUES ('flowContract:1:1bbc0c53-1c51-11ec-94ee-5ef70686b817', 'Activity_1eewt01', '[{\"showOrder\":\"0\",\"id\":\"1632389337024\",\"label\":\"\",\"type\":\"multi_sign\"},{\"showOrder\":\"1\",\"id\":\"1632389341901\",\"label\":\"\",\"type\":\"multi_consign\"}]', NULL, NULL, 'POST', NULL, NULL, NULL, NULL);
INSERT INTO `zz_flow_task_ext` VALUES ('flowContract:1:1bbc0c53-1c51-11ec-94ee-5ef70686b817', 'Activity_1h3pnxy', '[{\"showOrder\":\"0\",\"id\":\"1632389449508\",\"label\":\"\",\"type\":\"agree\"},{\"showOrder\":\"1\",\"id\":\"1632389452850\",\"label\":\"\",\"type\":\"refuse\"}]', NULL, NULL, 'DEPT', NULL, NULL, NULL, NULL);
INSERT INTO `zz_flow_task_ext` VALUES ('flowContract:1:1bbc0c53-1c51-11ec-94ee-5ef70686b817', 'Activity_1ucrh52', '[{\"showOrder\":\"0\",\"id\":\"1632388972455\",\"label\":\"\",\"type\":\"agree\"}]', NULL, NULL, 'DEPT_POST_LEADER', NULL, NULL, NULL, NULL);
INSERT INTO `zz_flow_task_ext` VALUES ('flowContract:1:1bbc0c53-1c51-11ec-94ee-5ef70686b817', 'Activity_1yuuyie', '[{\"showOrder\":\"0\",\"id\":\"1632389037814\",\"label\":\"\",\"type\":\"agree\"},{\"showOrder\":\"1\",\"id\":\"1632389042489\",\"label\":\"\",\"type\":\"refuse\"}]', NULL, NULL, 'POST', NULL, NULL, NULL, NULL);
INSERT INTO `zz_flow_task_ext` VALUES ('flowContract:2:9edd1d08-1cd7-11ec-acd8-3ae4f1d3c3af', 'Activity_098ncvw', '[{\"showOrder\":\"0\",\"id\":\"1632389190662\",\"label\":\"\",\"type\":\"multi_agree\"},{\"showOrder\":\"1\",\"id\":\"1632389197406\",\"label\":\"\",\"type\":\"multi_refuse\"}]', NULL, NULL, 'DEPT', NULL, NULL, NULL, NULL);
INSERT INTO `zz_flow_task_ext` VALUES ('flowContract:2:9edd1d08-1cd7-11ec-acd8-3ae4f1d3c3af', 'Activity_0nyla1r', '[{\"showOrder\":\"0\",\"id\":\"1632388965712\",\"label\":\"\",\"type\":\"agree\"}]', NULL, NULL, 'DEPT', NULL, NULL, NULL, NULL);
INSERT INTO `zz_flow_task_ext` VALUES ('flowContract:2:9edd1d08-1cd7-11ec-acd8-3ae4f1d3c3af', 'Activity_0tm3mph', '[{\"showOrder\":\"0\",\"id\":\"1632388982377\",\"label\":\"\",\"type\":\"agree\"}]', NULL, NULL, 'DEPT', NULL, NULL, NULL, NULL);
INSERT INTO `zz_flow_task_ext` VALUES ('flowContract:2:9edd1d08-1cd7-11ec-acd8-3ae4f1d3c3af', 'Activity_138m4nn', '[{\"showOrder\":\"0\",\"id\":\"1632388978101\",\"label\":\"\",\"type\":\"agree\"}]', NULL, NULL, 'DEPT', NULL, NULL, NULL, NULL);
INSERT INTO `zz_flow_task_ext` VALUES ('flowContract:2:9edd1d08-1cd7-11ec-acd8-3ae4f1d3c3af', 'Activity_1eewt01', '[{\"showOrder\":\"0\",\"id\":\"1632389337024\",\"label\":\"\",\"type\":\"multi_sign\"},{\"showOrder\":\"1\",\"id\":\"1632389341901\",\"label\":\"\",\"type\":\"multi_consign\"}]', NULL, NULL, 'POST', NULL, NULL, NULL, NULL);
INSERT INTO `zz_flow_task_ext` VALUES ('flowContract:2:9edd1d08-1cd7-11ec-acd8-3ae4f1d3c3af', 'Activity_1h3pnxy', '[{\"showOrder\":\"0\",\"id\":\"1632389449508\",\"label\":\"\",\"type\":\"agree\"},{\"showOrder\":\"1\",\"id\":\"1632389452850\",\"label\":\"\",\"type\":\"refuse\"}]', NULL, NULL, 'DEPT', NULL, NULL, NULL, NULL);
INSERT INTO `zz_flow_task_ext` VALUES ('flowContract:2:9edd1d08-1cd7-11ec-acd8-3ae4f1d3c3af', 'Activity_1ucrh52', '[{\"showOrder\":\"0\",\"id\":\"1632388972455\",\"label\":\"\",\"type\":\"agree\"}]', NULL, NULL, 'DEPT_POST_LEADER', NULL, NULL, NULL, NULL);
INSERT INTO `zz_flow_task_ext` VALUES ('flowContract:2:9edd1d08-1cd7-11ec-acd8-3ae4f1d3c3af', 'Activity_1yuuyie', '[{\"showOrder\":\"0\",\"id\":\"1632389037814\",\"label\":\"\",\"type\":\"agree\"},{\"showOrder\":\"1\",\"id\":\"1632389042489\",\"label\":\"\",\"type\":\"refuse\"}]', NULL, NULL, 'POST', NULL, NULL, NULL, NULL);
INSERT INTO `zz_flow_task_ext` VALUES ('flowContract:3:d28aadd0-1cd8-11ec-acd8-3ae4f1d3c3af', 'Activity_098ncvw', '[{\"showOrder\":\"0\",\"id\":\"1632389190662\",\"label\":\"\",\"type\":\"multi_agree\"},{\"showOrder\":\"1\",\"id\":\"1632389197406\",\"label\":\"\",\"type\":\"multi_refuse\"}]', NULL, NULL, 'DEPT', NULL, NULL, NULL, NULL);
INSERT INTO `zz_flow_task_ext` VALUES ('flowContract:3:d28aadd0-1cd8-11ec-acd8-3ae4f1d3c3af', 'Activity_0nyla1r', '[{\"showOrder\":\"0\",\"id\":\"1632388965712\",\"label\":\"\",\"type\":\"agree\"}]', NULL, NULL, 'DEPT', NULL, NULL, NULL, NULL);
INSERT INTO `zz_flow_task_ext` VALUES ('flowContract:3:d28aadd0-1cd8-11ec-acd8-3ae4f1d3c3af', 'Activity_0tm3mph', '[{\"showOrder\":\"0\",\"id\":\"1632388982377\",\"label\":\"\",\"type\":\"agree\"}]', NULL, NULL, 'DEPT', NULL, NULL, NULL, NULL);
INSERT INTO `zz_flow_task_ext` VALUES ('flowContract:3:d28aadd0-1cd8-11ec-acd8-3ae4f1d3c3af', 'Activity_138m4nn', '[{\"showOrder\":\"0\",\"id\":\"1632388978101\",\"label\":\"\",\"type\":\"agree\"}]', NULL, NULL, 'DEPT', NULL, NULL, NULL, NULL);
INSERT INTO `zz_flow_task_ext` VALUES ('flowContract:3:d28aadd0-1cd8-11ec-acd8-3ae4f1d3c3af', 'Activity_1eewt01', '[{\"showOrder\":\"0\",\"id\":\"1632389337024\",\"label\":\"\",\"type\":\"multi_sign\"},{\"showOrder\":\"1\",\"id\":\"1632389341901\",\"label\":\"\",\"type\":\"multi_consign\"}]', NULL, NULL, 'POST', NULL, NULL, NULL, NULL);
INSERT INTO `zz_flow_task_ext` VALUES ('flowContract:3:d28aadd0-1cd8-11ec-acd8-3ae4f1d3c3af', 'Activity_1h3pnxy', '[{\"showOrder\":\"0\",\"id\":\"1632389449508\",\"label\":\"\",\"type\":\"agree\"},{\"showOrder\":\"1\",\"id\":\"1632389452850\",\"label\":\"\",\"type\":\"refuse\"}]', NULL, NULL, 'DEPT', NULL, NULL, NULL, NULL);
INSERT INTO `zz_flow_task_ext` VALUES ('flowContract:3:d28aadd0-1cd8-11ec-acd8-3ae4f1d3c3af', 'Activity_1ucrh52', '[{\"showOrder\":\"0\",\"id\":\"1632388972455\",\"label\":\"\",\"type\":\"agree\"}]', NULL, NULL, 'DEPT_POST_LEADER', NULL, NULL, NULL, NULL);
INSERT INTO `zz_flow_task_ext` VALUES ('flowContract:3:d28aadd0-1cd8-11ec-acd8-3ae4f1d3c3af', 'Activity_1yuuyie', '[{\"showOrder\":\"0\",\"id\":\"1632389037814\",\"label\":\"\",\"type\":\"agree\"},{\"showOrder\":\"1\",\"id\":\"1632389042489\",\"label\":\"\",\"type\":\"refuse\"}]', NULL, NULL, 'POST', NULL, NULL, NULL, NULL);
INSERT INTO `zz_flow_task_ext` VALUES ('flowContract:4:8486bef1-5e3a-11ec-8bee-f20bcee4e113', 'Activity_098ncvw', '[{\"showOrder\":\"0\",\"id\":\"1632389190662\",\"label\":\"\",\"type\":\"multi_agree\"},{\"showOrder\":\"1\",\"id\":\"1632389197406\",\"label\":\"\",\"type\":\"multi_refuse\"}]', NULL, NULL, 'ASSIGNEE', NULL, NULL, NULL, NULL);
INSERT INTO `zz_flow_task_ext` VALUES ('flowContract:4:8486bef1-5e3a-11ec-8bee-f20bcee4e113', 'Activity_0nyla1r', '[{\"showOrder\":\"0\",\"id\":\"1632388965712\",\"label\":\"\",\"type\":\"agree\"}]', NULL, NULL, 'ASSIGNEE', NULL, NULL, NULL, NULL);
INSERT INTO `zz_flow_task_ext` VALUES ('flowContract:4:8486bef1-5e3a-11ec-8bee-f20bcee4e113', 'Activity_0tm3mph', '[{\"showOrder\":\"0\",\"id\":\"1632388982377\",\"label\":\"\",\"type\":\"agree\"}]', NULL, NULL, 'DEPT', NULL, NULL, '1440963733084966912', NULL);
INSERT INTO `zz_flow_task_ext` VALUES ('flowContract:4:8486bef1-5e3a-11ec-8bee-f20bcee4e113', 'Activity_138m4nn', '[{\"showOrder\":\"0\",\"id\":\"1632388978101\",\"label\":\"\",\"type\":\"agree\"}]', NULL, NULL, 'DEPT', NULL, NULL, '1440963698460987392', NULL);
INSERT INTO `zz_flow_task_ext` VALUES ('flowContract:4:8486bef1-5e3a-11ec-8bee-f20bcee4e113', 'Activity_1eewt01', '[{\"multiSignAssignee\":{\"assigneeList\":\"1440963642542526464\",\"assigneeType\":\"DEPT_GROUP\"},\"showOrder\":\"0\",\"id\":\"1632389337024\",\"label\":\"\",\"type\":\"multi_sign\"},{\"showOrder\":\"1\",\"id\":\"1632389341901\",\"label\":\"\",\"type\":\"multi_consign\"}]', NULL, NULL, 'POST', '[{\"id\":\"deptPost__1440964387979399168\",\"type\":\"deptPost\",\"deptPostId\":\"1440964387979399168\"}]', NULL, NULL, NULL);
INSERT INTO `zz_flow_task_ext` VALUES ('flowContract:4:8486bef1-5e3a-11ec-8bee-f20bcee4e113', 'Activity_1h3pnxy', '[{\"showOrder\":\"0\",\"id\":\"1632389449508\",\"label\":\"\",\"type\":\"agree\"},{\"showOrder\":\"1\",\"id\":\"1632389452850\",\"label\":\"\",\"type\":\"refuse\"}]', NULL, NULL, 'DEPT', NULL, NULL, '1440911410581213416', NULL);
INSERT INTO `zz_flow_task_ext` VALUES ('flowContract:4:8486bef1-5e3a-11ec-8bee-f20bcee4e113', 'Activity_1ucrh52', '[{\"showOrder\":\"0\",\"id\":\"1632388972455\",\"label\":\"\",\"type\":\"agree\"}]', NULL, NULL, 'DEPT_POST_LEADER', NULL, NULL, NULL, NULL);
INSERT INTO `zz_flow_task_ext` VALUES ('flowContract:4:8486bef1-5e3a-11ec-8bee-f20bcee4e113', 'Activity_1yuuyie', '[{\"showOrder\":\"0\",\"id\":\"1632389037814\",\"label\":\"\",\"type\":\"agree\"},{\"showOrder\":\"1\",\"id\":\"1632389042489\",\"label\":\"\",\"type\":\"refuse\"}]', NULL, NULL, 'POST', '[{\"id\":\"deptPost__1440964519391137792\",\"type\":\"deptPost\",\"deptPostId\":\"1440964519391137792\"}]', NULL, NULL, NULL);
INSERT INTO `zz_flow_task_ext` VALUES ('flowContract:5:4b726726-5e3c-11ec-8bee-f20bcee4e113', 'Activity_098ncvw', '[{\"showOrder\":\"0\",\"id\":\"1632389190662\",\"label\":\"\",\"type\":\"multi_agree\"},{\"showOrder\":\"1\",\"id\":\"1632389197406\",\"label\":\"\",\"type\":\"multi_refuse\"}]', NULL, NULL, 'ASSIGNEE', NULL, NULL, NULL, NULL);
INSERT INTO `zz_flow_task_ext` VALUES ('flowContract:5:4b726726-5e3c-11ec-8bee-f20bcee4e113', 'Activity_0nyla1r', '[{\"showOrder\":\"0\",\"id\":\"1632388965712\",\"label\":\"\",\"type\":\"agree\"}]', NULL, NULL, 'ASSIGNEE', NULL, NULL, NULL, NULL);
INSERT INTO `zz_flow_task_ext` VALUES ('flowContract:5:4b726726-5e3c-11ec-8bee-f20bcee4e113', 'Activity_0tm3mph', '[{\"showOrder\":\"0\",\"id\":\"1632388982377\",\"label\":\"\",\"type\":\"agree\"}]', NULL, NULL, 'ASSIGNEE', NULL, NULL, NULL, NULL);
INSERT INTO `zz_flow_task_ext` VALUES ('flowContract:5:4b726726-5e3c-11ec-8bee-f20bcee4e113', 'Activity_138m4nn', '[{\"showOrder\":\"0\",\"id\":\"1632388978101\",\"label\":\"\",\"type\":\"agree\"}]', NULL, NULL, 'DEPT', NULL, NULL, '1440963698460987392', NULL);
INSERT INTO `zz_flow_task_ext` VALUES ('flowContract:5:4b726726-5e3c-11ec-8bee-f20bcee4e113', 'Activity_1eewt01', '[{\"multiSignAssignee\":{\"assigneeList\":\"1440963642542526464\",\"assigneeType\":\"DEPT_GROUP\"},\"showOrder\":\"0\",\"id\":\"1632389337024\",\"label\":\"\",\"type\":\"multi_sign\"},{\"showOrder\":\"1\",\"id\":\"1632389341901\",\"label\":\"\",\"type\":\"multi_consign\"}]', NULL, NULL, 'POST', '[{\"id\":\"deptPost__1440964387979399168\",\"type\":\"deptPost\",\"deptPostId\":\"1440964387979399168\"}]', NULL, NULL, NULL);
INSERT INTO `zz_flow_task_ext` VALUES ('flowContract:5:4b726726-5e3c-11ec-8bee-f20bcee4e113', 'Activity_1h3pnxy', '[{\"showOrder\":\"0\",\"id\":\"1632389449508\",\"label\":\"\",\"type\":\"agree\"},{\"showOrder\":\"1\",\"id\":\"1632389452850\",\"label\":\"\",\"type\":\"refuse\"}]', NULL, NULL, 'DEPT', NULL, NULL, '1440911410581213416', NULL);
INSERT INTO `zz_flow_task_ext` VALUES ('flowContract:5:4b726726-5e3c-11ec-8bee-f20bcee4e113', 'Activity_1ucrh52', '[{\"showOrder\":\"0\",\"id\":\"1632388972455\",\"label\":\"\",\"type\":\"agree\"}]', NULL, NULL, 'DEPT_POST_LEADER', NULL, NULL, NULL, NULL);
INSERT INTO `zz_flow_task_ext` VALUES ('flowContract:5:4b726726-5e3c-11ec-8bee-f20bcee4e113', 'Activity_1yuuyie', '[{\"showOrder\":\"0\",\"id\":\"1632389037814\",\"label\":\"\",\"type\":\"agree\"},{\"showOrder\":\"1\",\"id\":\"1632389042489\",\"label\":\"\",\"type\":\"refuse\"}]', NULL, NULL, 'POST', '[{\"id\":\"deptPost__1440964519391137792\",\"type\":\"deptPost\",\"deptPostId\":\"1440964519391137792\"}]', NULL, NULL, NULL);
INSERT INTO `zz_flow_task_ext` VALUES ('flowLeave:1:1bc2a35b-1c4e-11ec-94ee-5ef70686b817', 'Activity_0olxatv', '[{\"showOrder\":\"0\",\"id\":\"1632388147727\",\"label\":\"\",\"type\":\"agree\"},{\"showOrder\":\"1\",\"id\":\"1632388151069\",\"label\":\"\",\"type\":\"refuse\"}]', NULL, NULL, 'POST', NULL, NULL, NULL, NULL);
INSERT INTO `zz_flow_task_ext` VALUES ('flowLeave:1:1bc2a35b-1c4e-11ec-94ee-5ef70686b817', 'Activity_0sc2yuf', '[{\"showOrder\":\"0\",\"id\":\"1632387369558\",\"label\":\"\",\"type\":\"agree\"}]', NULL, NULL, 'DEPT', NULL, NULL, NULL, NULL);
INSERT INTO `zz_flow_task_ext` VALUES ('flowLeave:1:1bc2a35b-1c4e-11ec-94ee-5ef70686b817', 'Activity_1jw5u20', '[{\"showOrder\":\"0\",\"id\":\"1632387389734\",\"label\":\"\",\"type\":\"agree\"},{\"showOrder\":\"1\",\"id\":\"1632387393116\",\"label\":\"\",\"type\":\"refuse\"}]', NULL, NULL, 'DEPT_POST_LEADER', NULL, NULL, NULL, NULL);
INSERT INTO `zz_flow_task_ext` VALUES ('flowLeave:2:de31b55a-5e35-11ec-9f5e-f20bcee4e113', 'Activity_0olxatv', '[{\"showOrder\":\"0\",\"id\":\"1632388147727\",\"label\":\"\",\"type\":\"agree\"},{\"showOrder\":\"1\",\"id\":\"1632388151069\",\"label\":\"\",\"type\":\"refuse\"}]', NULL, NULL, 'POST', '[{\"id\":\"deptPost__1440964221780103168\",\"type\":\"deptPost\",\"deptPostId\":\"1440964221780103168\"}]', NULL, NULL, NULL);
INSERT INTO `zz_flow_task_ext` VALUES ('flowLeave:2:de31b55a-5e35-11ec-9f5e-f20bcee4e113', 'Activity_0sc2yuf', '[{\"showOrder\":\"0\",\"id\":\"1632387369558\",\"label\":\"\",\"type\":\"agree\"}]', NULL, NULL, 'ASSIGNEE', NULL, NULL, NULL, NULL);
INSERT INTO `zz_flow_task_ext` VALUES ('flowLeave:2:de31b55a-5e35-11ec-9f5e-f20bcee4e113', 'Activity_1jw5u20', '[{\"showOrder\":\"0\",\"id\":\"1632387389734\",\"label\":\"\",\"type\":\"agree\"},{\"showOrder\":\"1\",\"id\":\"1632387393116\",\"label\":\"\",\"type\":\"refuse\"}]', NULL, NULL, 'DEPT_POST_LEADER', NULL, NULL, NULL, NULL);
INSERT INTO `zz_flow_task_ext` VALUES ('flowSubmit:1:efe9db3f-1c4e-11ec-94ee-5ef70686b817', 'Activity_03kjurt', '[{\"showOrder\":\"0\",\"id\":\"1632388352676\",\"label\":\"\",\"type\":\"agree\"}]', NULL, NULL, 'DEPT', NULL, NULL, NULL, NULL);
INSERT INTO `zz_flow_task_ext` VALUES ('flowSubmit:1:efe9db3f-1c4e-11ec-94ee-5ef70686b817', 'Activity_0qay48u', '[{\"showOrder\":\"0\",\"id\":\"1632388536771\",\"label\":\"\",\"type\":\"agree\"},{\"showOrder\":\"1\",\"id\":\"1632388540081\",\"label\":\"\",\"type\":\"refuse\"}]', NULL, NULL, 'DEPT', NULL, NULL, NULL, NULL);
INSERT INTO `zz_flow_task_ext` VALUES ('flowSubmit:1:efe9db3f-1c4e-11ec-94ee-5ef70686b817', 'Activity_0ywxfwu', '[{\"showOrder\":\"0\",\"id\":\"1632388372003\",\"label\":\"\",\"type\":\"agree\"},{\"showOrder\":\"1\",\"id\":\"1632388375866\",\"label\":\"\",\"type\":\"refuse\"}]', '[{\"variableType\":1,\"showName\":\"\",\"variableName\":\"totalAmount\",\"bindColumnId\":1440946127493926912,\"createTime\":1632388418000,\"builtin\":false,\"bindDatasourceId\":1440946127531675648,\"variableId\":1440967581673459712,\"entryId\":1440966906914803712}]', NULL, 'DEPT_POST_LEADER', NULL, NULL, NULL, NULL);
INSERT INTO `zz_flow_task_ext` VALUES ('flowSubmit:2:1d2bc8f7-1c51-11ec-94ee-5ef70686b817', 'Activity_03kjurt', '[{\"showOrder\":\"0\",\"id\":\"1632388352676\",\"label\":\"\",\"type\":\"agree\"}]', NULL, NULL, 'DEPT', NULL, NULL, NULL, NULL);
INSERT INTO `zz_flow_task_ext` VALUES ('flowSubmit:2:1d2bc8f7-1c51-11ec-94ee-5ef70686b817', 'Activity_0qay48u', '[{\"showOrder\":\"0\",\"id\":\"1632388536771\",\"label\":\"\",\"type\":\"agree\"},{\"showOrder\":\"1\",\"id\":\"1632388540081\",\"label\":\"\",\"type\":\"refuse\"}]', NULL, NULL, 'DEPT', NULL, NULL, NULL, NULL);
INSERT INTO `zz_flow_task_ext` VALUES ('flowSubmit:2:1d2bc8f7-1c51-11ec-94ee-5ef70686b817', 'Activity_0ywxfwu', '[{\"showOrder\":\"0\",\"id\":\"1632388372003\",\"label\":\"\",\"type\":\"agree\"},{\"showOrder\":\"1\",\"id\":\"1632388375866\",\"label\":\"\",\"type\":\"refuse\"}]', '[{\"variableType\":1,\"showName\":\"\",\"variableName\":\"totalAmount\",\"bindColumnId\":1440946127493926912,\"createTime\":1632388418000,\"builtin\":false,\"bindDatasourceId\":1440946127531675648,\"variableId\":1440967581673459712,\"entryId\":1440966906914803712}]', NULL, 'DEPT_POST_LEADER', NULL, NULL, NULL, NULL);
INSERT INTO `zz_flow_task_ext` VALUES ('flowSubmit:3:e77c42e7-5e39-11ec-9f5e-f20bcee4e113', 'Activity_03kjurt', '[{\"showOrder\":\"0\",\"id\":\"1632388352676\",\"label\":\"\",\"type\":\"agree\"},{\"showOrder\":\"1\",\"id\":\"1639636285550\",\"label\":\"\",\"type\":\"revoke\"}]', NULL, NULL, 'ASSIGNEE', NULL, NULL, NULL, NULL);
INSERT INTO `zz_flow_task_ext` VALUES ('flowSubmit:3:e77c42e7-5e39-11ec-9f5e-f20bcee4e113', 'Activity_0qay48u', '[{\"showOrder\":\"0\",\"id\":\"1632388536771\",\"label\":\"\",\"type\":\"agree\"},{\"showOrder\":\"1\",\"id\":\"1632388540081\",\"label\":\"\",\"type\":\"refuse\"}]', NULL, NULL, 'DEPT', NULL, NULL, '1440911410581213416', NULL);
INSERT INTO `zz_flow_task_ext` VALUES ('flowSubmit:3:e77c42e7-5e39-11ec-9f5e-f20bcee4e113', 'Activity_0ywxfwu', '[{\"showOrder\":\"0\",\"id\":\"1632388372003\",\"label\":\"\",\"type\":\"agree\"},{\"showOrder\":\"1\",\"id\":\"1639636304080\",\"label\":\"\",\"type\":\"reject\"}]', '[{\"variableType\":1,\"showName\":\"\",\"variableName\":\"totalAmount\",\"bindColumnId\":1440946127493926912,\"createTime\":1632388418000,\"builtin\":false,\"bindDatasourceId\":1440946127531675648,\"variableId\":1440967581673459712,\"entryId\":1440966906914803712}]', NULL, 'DEPT_POST_LEADER', NULL, NULL, NULL, NULL);
INSERT INTO `zz_flow_task_ext` VALUES ('flowSubmit:4:76c5d27b-5e3b-11ec-8bee-f20bcee4e113', 'Activity_03kjurt', '[{\"showOrder\":\"0\",\"id\":\"1632388352676\",\"label\":\"\",\"type\":\"agree\"},{\"showOrder\":\"1\",\"id\":\"1639636285550\",\"label\":\"\",\"type\":\"revoke\"}]', NULL, NULL, 'ASSIGNEE', NULL, NULL, NULL, NULL);
INSERT INTO `zz_flow_task_ext` VALUES ('flowSubmit:4:76c5d27b-5e3b-11ec-8bee-f20bcee4e113', 'Activity_0qay48u', '[{\"showOrder\":\"0\",\"id\":\"1632388536771\",\"label\":\"\",\"type\":\"agree\"},{\"showOrder\":\"1\",\"id\":\"1632388540081\",\"label\":\"\",\"type\":\"refuse\"}]', NULL, NULL, 'DEPT', NULL, NULL, '1440911410581213416', NULL);
INSERT INTO `zz_flow_task_ext` VALUES ('flowSubmit:4:76c5d27b-5e3b-11ec-8bee-f20bcee4e113', 'Activity_0ywxfwu', '[{\"showOrder\":\"0\",\"id\":\"1632388372003\",\"label\":\"\",\"type\":\"agree\"},{\"showOrder\":\"1\",\"id\":\"1639636304080\",\"label\":\"\",\"type\":\"reject\"}]', '[{\"variableType\":1,\"showName\":\"\",\"variableName\":\"totalAmount\",\"bindColumnId\":1440946127493926912,\"createTime\":1632388418000,\"builtin\":false,\"bindDatasourceId\":1440946127531675648,\"variableId\":1440967581673459712,\"entryId\":1440966906914803712}]', NULL, 'DEPT_POST_LEADER', NULL, NULL, NULL, NULL);
INSERT INTO `zz_flow_task_ext` VALUES ('flowTranslate:1:faa41acf-1c51-11ec-94ee-5ef70686b817', 'Activity_08p9kng', '[{\"showOrder\":\"0\",\"id\":\"1632389836108\",\"label\":\"\",\"type\":\"agree\"}]', NULL, NULL, 'DEPT', NULL, NULL, NULL, NULL);
INSERT INTO `zz_flow_task_ext` VALUES ('flowTranslate:1:faa41acf-1c51-11ec-94ee-5ef70686b817', 'Activity_12olr01', '[{\"showOrder\":\"0\",\"id\":\"1632389848554\",\"label\":\"\",\"type\":\"agree\"},{\"showOrder\":\"1\",\"id\":\"1632389853959\",\"label\":\"\",\"type\":\"transfer\"}]', NULL, NULL, 'DEPT', NULL, NULL, NULL, NULL);
INSERT INTO `zz_flow_task_ext` VALUES ('flowTranslate:2:bf74f549-5e3a-11ec-8bee-f20bcee4e113', 'Activity_08p9kng', '[{\"showOrder\":\"0\",\"id\":\"1632389836108\",\"label\":\"\",\"type\":\"agree\"}]', NULL, NULL, 'ASSIGNEE', NULL, NULL, NULL, NULL);
INSERT INTO `zz_flow_task_ext` VALUES ('flowTranslate:2:bf74f549-5e3a-11ec-8bee-f20bcee4e113', 'Activity_12olr01', '[{\"showOrder\":\"0\",\"id\":\"1632389848554\",\"label\":\"\",\"type\":\"agree\"},{\"showOrder\":\"1\",\"id\":\"1632389853959\",\"label\":\"\",\"type\":\"transfer\"}]', NULL, NULL, 'ASSIGNEE', NULL, NULL, NULL, NULL);
COMMIT;

-- ----------------------------
-- Table structure for zz_flow_work_order
-- ----------------------------
DROP TABLE IF EXISTS `zz_flow_work_order`;
CREATE TABLE `zz_flow_work_order` (
  `work_order_id` bigint NOT NULL COMMENT 'Id',
  `process_definition_key` varchar(128) CHARACTER SET utf8mb4 COLLATE utf8mb4_bin NOT NULL COMMENT '',
  `process_definition_name` varchar(200) CHARACTER SET utf8mb4 COLLATE utf8mb4_0900_ai_ci NOT NULL COMMENT '',
  `process_definition_id` varchar(64) CHARACTER SET utf8mb4 COLLATE utf8mb4_bin NOT NULL COMMENT 'Id',
  `process_instance_id` varchar(64) CHARACTER SET utf8 COLLATE utf8_bin NOT NULL COMMENT 'Id',
  `online_table_id` bigint DEFAULT NULL COMMENT 'Id',
  `table_name` varchar(128) COLLATE utf8mb4_bin DEFAULT NULL COMMENT '',
  `business_key` varchar(128) CHARACTER SET utf8mb4 COLLATE utf8mb4_bin NOT NULL COMMENT '',
  `task_id` varchar(64) CHARACTER SET utf8mb4 COLLATE utf8mb4_bin DEFAULT NULL COMMENT 'Id',
  `task_name` varchar(255) CHARACTER SET utf8mb4 COLLATE utf8mb4_bin DEFAULT NULL COMMENT '',
  `task_definition_key` varchar(255) CHARACTER SET utf8mb4 COLLATE utf8mb4_bin DEFAULT NULL COMMENT '',
  `flow_status` int NOT NULL DEFAULT '0' COMMENT '',
  `submit_username` varchar(64) CHARACTER SET utf8mb4 COLLATE utf8mb4_bin NOT NULL COMMENT '',
  `dept_id` bigint NOT NULL COMMENT 'Id',
  `update_time` datetime NOT NULL COMMENT '',
  `update_user_id` bigint NOT NULL COMMENT 'Id',
  `create_time` datetime NOT NULL COMMENT '',
  `create_user_id` bigint NOT NULL COMMENT 'Id',
  `deleted_flag` int NOT NULL COMMENT '(1:  -1: )',
  PRIMARY KEY (`work_order_id`) USING BTREE,
  UNIQUE KEY `uk_process_instance_id` (`process_instance_id`) USING BTREE,
  KEY `idx_process_definition_key` (`process_definition_key`) USING BTREE,
  KEY `idx_create_user_id` (`create_user_id`) USING BTREE,
  KEY `idx_create_time` (`create_time`) USING BTREE,
  KEY `idx_dept_id` (`dept_id`) USING BTREE,
  KEY `idx_business_key` (`business_key`) USING BTREE
) ENGINE=InnoDB DEFAULT CHARSET=utf8mb4 COLLATE=utf8mb4_bin;

-- ----------------------------
-- Records of zz_flow_work_order
-- ----------------------------
BEGIN;
INSERT INTO `zz_flow_work_order` VALUES (1441213241270210560, 'flowLeave', '', 'flowLeave:1:1bc2a35b-1c4e-11ec-94ee-5ef70686b817', 'e7ac71d9-1cd6-11ec-acd8-3ae4f1d3c3af', 1440945228079960064, NULL, '1441213240326492160', NULL, NULL, NULL, 3, 'userD', 1440963698460987392, '2021-09-24 09:31:04', 1440965465605148672, '2021-09-24 09:29:48', 1440966324770574336, 1);
INSERT INTO `zz_flow_work_order` VALUES (1441213876598214656, 'flowSubmit', '', 'flowSubmit:2:1d2bc8f7-1c51-11ec-94ee-5ef70686b817', '420171f8-1cd7-11ec-acd8-3ae4f1d3c3af', 1440946127460372480, NULL, '1441213876367527936', NULL, NULL, NULL, 3, 'userD', 1440963698460987392, '2021-09-24 09:33:02', 1440969706411397120, '2021-09-24 09:32:19', 1440966324770574336, 1);
INSERT INTO `zz_flow_work_order` VALUES (1441215377722839040, 'flowContract', '', 'flowContract:2:9edd1d08-1cd7-11ec-acd8-3ae4f1d3c3af', '17547fd9-1cd8-11ec-acd8-3ae4f1d3c3af', 1440952815294877696, NULL, '1441215377508929536', NULL, NULL, NULL, 4, 'userD', 1440963698460987392, '2021-09-24 09:43:49', 1440911410581213417, '2021-09-24 09:38:17', 1440966324770574336, 1);
INSERT INTO `zz_flow_work_order` VALUES (1441217206770733056, 'flowContract', '', 'flowContract:3:d28aadd0-1cd8-11ec-acd8-3ae4f1d3c3af', '1b41a384-1cd9-11ec-acd8-3ae4f1d3c3af', 1440952815294877696, NULL, '1441217206602960896', NULL, NULL, NULL, 3, 'userD', 1440963698460987392, '2021-09-24 09:49:46', 1440969706411397120, '2021-09-24 09:45:33', 1440966324770574336, 1);
INSERT INTO `zz_flow_work_order` VALUES (1441218427367723008, 'flowTranslate', '', 'flowTranslate:1:faa41acf-1c51-11ec-94ee-5ef70686b817', 'c8b7005a-1cd9-11ec-acd8-3ae4f1d3c3af', 1440945228079960064, NULL, '1441218427220922368', NULL, NULL, NULL, 3, 'admin', 1440911410581213416, '2021-09-24 09:51:07', 1440965344985354240, '2021-09-24 09:50:24', 1440911410581213417, 1);
INSERT INTO `zz_flow_work_order` VALUES (1441312737689866240, 'flowSubmit', '', 'flowSubmit:2:1d2bc8f7-1c51-11ec-94ee-5ef70686b817', '22f398f3-1d0e-11ec-8336-3ae4f1d3c3af', 1440946127460372480, NULL, '1441312736167333888', NULL, NULL, NULL, 3, 'userD', 1440963698460987392, '2021-09-24 16:50:21', 1440966073686953984, '2021-09-24 16:05:10', 1440966324770574336, 1);
INSERT INTO `zz_flow_work_order` VALUES (1441340309685407744, 'flowSubmit', '', 'flowSubmit:2:1d2bc8f7-1c51-11ec-94ee-5ef70686b817', '7138d67d-1d1d-11ec-8336-3ae4f1d3c3af', 1440946127460372480, NULL, '1441340309442138112', NULL, NULL, NULL, 0, 'userD', 1440963698460987392, '2021-09-24 17:54:43', 1440966324770574336, '2021-09-24 17:54:43', 1440966324770574336, 1);
INSERT INTO `zz_flow_work_order` VALUES (1471362093398626304, 'flowLeave', '', 'flowLeave:2:de31b55a-5e35-11ec-9f5e-f20bcee4e113', 'e13cdd0b-5e36-11ec-9f5e-f20bcee4e113', 1440945228079960064, NULL, '1471362092782063616', NULL, NULL, NULL, 3, 'userA', 1440963592970047488, '2021-12-16 14:39:23', 1440965344985354240, '2021-12-16 14:10:34', 1440965465605148672, 1);
INSERT INTO `zz_flow_work_order` VALUES (1471369537738772480, 'flowSubmit', '', 'flowSubmit:3:e77c42e7-5e39-11ec-9f5e-f20bcee4e113', '0331a80e-5e3b-11ec-8bee-f20bcee4e113', 1440946127460372480, NULL, '1471369537474531328', NULL, NULL, NULL, 4, 'userA', 1440963592970047488, '2021-12-16 14:44:00', 1440965344985354240, '2021-12-16 14:40:09', 1440965465605148672, -1);
INSERT INTO `zz_flow_work_order` VALUES (1471370630686314496, 'flowSubmit', '', 'flowSubmit:4:76c5d27b-5e3b-11ec-8bee-f20bcee4e113', '9e83779e-5e3b-11ec-8bee-f20bcee4e113', 1440946127460372480, NULL, '1471370630484987904', NULL, NULL, NULL, 3, 'userA', 1440963592970047488, '2021-12-16 14:45:28', 1440965344985354240, '2021-12-16 14:44:30', 1440965465605148672, 1);
INSERT INTO `zz_flow_work_order` VALUES (1471372081424764928, 'flowContract', '', 'flowContract:5:4b726726-5e3c-11ec-8bee-f20bcee4e113', '6cada2b7-5e3c-11ec-8bee-f20bcee4e113', 1440952815294877696, NULL, '1471372081240215552', NULL, NULL, NULL, 3, 'userD', 1440963698460987392, '2021-12-16 14:53:54', 1440911410581213417, '2021-12-16 14:50:16', 1440966324770574336, 1);
INSERT INTO `zz_flow_work_order` VALUES (1471373134681608192, 'flowConSign', '', 'flowConSign:2:a9103b25-5e3a-11ec-8bee-f20bcee4e113', '02591019-5e3d-11ec-8bee-f20bcee4e113', 1440945228079960064, NULL, '1471373134455115776', NULL, NULL, NULL, 1, 'userD', 1440963698460987392, '2021-12-16 14:55:42', 1440966324770574336, '2021-12-16 14:54:27', 1440966324770574336, 1);
COMMIT;

-- ----------------------------
-- Table structure for zz_online_column
-- ----------------------------
DROP TABLE IF EXISTS `zz_online_column`;
CREATE TABLE `zz_online_column` (
  `column_id` bigint NOT NULL COMMENT 'Id',
  `column_name` varchar(64) CHARACTER SET utf8mb4 COLLATE utf8mb4_bin NOT NULL COMMENT '',
  `table_id` bigint NOT NULL COMMENT 'Id',
  `column_type` varchar(32) CHARACTER SET utf8 COLLATE utf8_bin NOT NULL COMMENT '',
  `full_column_type` varchar(32) CHARACTER SET utf8 COLLATE utf8_bin NOT NULL COMMENT '()',
  `primary_key` bit(1) NOT NULL COMMENT '',
  `auto_increment` bit(1) NOT NULL COMMENT '(0:  1: )',
  `nullable` bit(1) NOT NULL COMMENT ' (0:  1: )',
  `column_default` varchar(255) CHARACTER SET utf8 COLLATE utf8_bin DEFAULT NULL COMMENT '',
  `column_show_order` int NOT NULL COMMENT '',
  `column_comment` varchar(255) CHARACTER SET utf8 COLLATE utf8_bin DEFAULT NULL COMMENT '',
  `object_field_name` varchar(255) CHARACTER SET utf8 COLLATE utf8_bin NOT NULL COMMENT '',
  `object_field_type` varchar(32) CHARACTER SET utf8 COLLATE utf8_bin NOT NULL COMMENT '',
  `filter_type` int NOT NULL DEFAULT '1' COMMENT '',
  `parent_key` bit(1) NOT NULL COMMENT 'Id',
  `dept_filter` bit(1) NOT NULL COMMENT '',
  `user_filter` bit(1) NOT NULL COMMENT '',
  `field_kind` int DEFAULT NULL COMMENT '',
  `max_file_count` int DEFAULT NULL COMMENT '0',
  `dict_id` bigint DEFAULT NULL COMMENT 'Id',
  `update_time` datetime NOT NULL COMMENT '',
  `create_time` datetime NOT NULL COMMENT '',
  PRIMARY KEY (`column_id`),
  KEY `idx_table_id` (`table_id`) USING BTREE,
  KEY `idx_dict_id` (`dict_id`) USING BTREE
) ENGINE=InnoDB DEFAULT CHARSET=utf8mb4 COLLATE=utf8mb4_bin;

-- ----------------------------
-- Records of zz_online_column
-- ----------------------------
BEGIN;
INSERT INTO `zz_online_column` VALUES (1440945228088348672, 'id', 1440945228079960064, 'bigint', 'bigint(20)', b'1', b'0', b'0', NULL, 1, 'Id', 'id', 'Long', 0, b'0', b'0', b'0', NULL, NULL, NULL, '2021-09-23 15:44:49', '2021-09-23 15:44:49');
INSERT INTO `zz_online_column` VALUES (1440945228092542976, 'user_id', 1440945228079960064, 'bigint', 'bigint(20)', b'0', b'0', b'0', NULL, 2, '', 'userId', 'Long', 0, b'0', b'0', b'0', 21, NULL, 1440944417170001920, '2021-09-24 09:29:41', '2021-09-23 15:44:49');
INSERT INTO `zz_online_column` VALUES (1440945228100931584, 'leave_reason', 1440945228079960064, 'varchar', 'varchar(512)', b'0', b'0', b'0', NULL, 3, '', 'leaveReason', 'String', 0, b'0', b'0', b'0', NULL, NULL, NULL, '2021-09-23 15:44:49', '2021-09-23 15:44:49');
INSERT INTO `zz_online_column` VALUES (1440945228105125888, 'leave_type', 1440945228079960064, 'int', 'int(11)', b'0', b'0', b'0', NULL, 4, '', 'leaveType', 'Integer', 0, b'0', b'0', b'0', NULL, NULL, 1440943031288074240, '2021-09-23 15:45:01', '2021-09-23 15:44:49');
INSERT INTO `zz_online_column` VALUES (1440945228113514496, 'leave_begin_time', 1440945228079960064, 'datetime', 'datetime', b'0', b'0', b'0', NULL, 5, '', 'leaveBeginTime', 'Date', 0, b'0', b'0', b'0', NULL, NULL, NULL, '2021-09-23 15:44:49', '2021-09-23 15:44:49');
INSERT INTO `zz_online_column` VALUES (1440945228117708800, 'leave_end_time', 1440945228079960064, 'datetime', 'datetime', b'0', b'0', b'0', NULL, 6, '', 'leaveEndTime', 'Date', 0, b'0', b'0', b'0', NULL, NULL, NULL, '2021-09-23 15:44:49', '2021-09-23 15:44:49');
INSERT INTO `zz_online_column` VALUES (1440945228126097408, 'apply_time', 1440945228079960064, 'datetime', 'datetime', b'0', b'0', b'0', NULL, 7, '', 'applyTime', 'Date', 0, b'0', b'0', b'0', 20, NULL, NULL, '2021-09-23 15:45:06', '2021-09-23 15:44:49');
INSERT INTO `zz_online_column` VALUES (1440946127468761088, 'id', 1440946127460372480, 'bigint', 'bigint(20)', b'1', b'0', b'0', NULL, 1, 'Id', 'id', 'Long', 0, b'0', b'0', b'0', NULL, NULL, NULL, '2021-09-23 15:48:23', '2021-09-23 15:48:23');
INSERT INTO `zz_online_column` VALUES (1440946127481344000, 'submit_name', 1440946127460372480, 'varchar', 'varchar(255)', b'0', b'0', b'0', NULL, 2, '', 'submitName', 'String', 0, b'0', b'0', b'0', NULL, NULL, NULL, '2021-09-23 15:48:23', '2021-09-23 15:48:23');
INSERT INTO `zz_online_column` VALUES (1440946127489732608, 'submit_kind', 1440946127460372480, 'int', 'int(11)', b'0', b'0', b'0', NULL, 3, '', 'submitKind', 'Integer', 0, b'0', b'0', b'0', NULL, NULL, 1440943168626364416, '2021-09-23 15:49:11', '2021-09-23 15:48:23');
INSERT INTO `zz_online_column` VALUES (1440946127493926912, 'total_amount', 1440946127460372480, 'int', 'int(11)', b'0', b'0', b'0', NULL, 4, '', 'totalAmount', 'Integer', 0, b'0', b'0', b'0', NULL, NULL, NULL, '2021-09-23 15:49:52', '2021-09-23 15:48:23');
INSERT INTO `zz_online_column` VALUES (1440946127498121216, 'description', 1440946127460372480, 'varchar', 'varchar(512)', b'0', b'0', b'0', NULL, 5, '', 'description', 'String', 0, b'0', b'0', b'0', NULL, NULL, NULL, '2021-09-23 15:48:23', '2021-09-23 15:48:23');
INSERT INTO `zz_online_column` VALUES (1440946127506509824, 'memo', 1440946127460372480, 'varchar', 'varchar(512)', b'0', b'0', b'1', NULL, 6, '', 'memo', 'String', 0, b'0', b'0', b'0', NULL, NULL, NULL, '2021-09-23 15:48:23', '2021-09-23 15:48:23');
INSERT INTO `zz_online_column` VALUES (1440946127510704128, 'update_user_id', 1440946127460372480, 'bigint', 'bigint(20)', b'0', b'0', b'1', NULL, 7, '', 'updateUserId', 'Long', 0, b'0', b'0', b'0', 23, NULL, NULL, '2021-09-23 15:50:04', '2021-09-23 15:48:23');
INSERT INTO `zz_online_column` VALUES (1440946127514898432, 'update_time', 1440946127460372480, 'datetime', 'datetime', b'0', b'0', b'1', NULL, 8, '', 'updateTime', 'Date', 0, b'0', b'0', b'0', 22, NULL, NULL, '2021-09-23 15:50:08', '2021-09-23 15:48:23');
INSERT INTO `zz_online_column` VALUES (1440946127523287040, 'create_user_id', 1440946127460372480, 'bigint', 'bigint(20)', b'0', b'0', b'0', NULL, 9, '', 'createUserId', 'Long', 0, b'0', b'0', b'0', 21, NULL, NULL, '2021-09-23 15:50:12', '2021-09-23 15:48:23');
INSERT INTO `zz_online_column` VALUES (1440946127527481344, 'create_time', 1440946127460372480, 'datetime', 'datetime', b'0', b'0', b'0', NULL, 10, '', 'createTime', 'Date', 0, b'0', b'0', b'0', 20, NULL, NULL, '2021-09-23 15:50:16', '2021-09-23 15:48:23');
INSERT INTO `zz_online_column` VALUES (1440947089222668288, 'id', 1440947089218473984, 'bigint', 'bigint(20)', b'1', b'0', b'0', NULL, 1, 'Id', 'id', 'Long', 0, b'0', b'0', b'0', NULL, NULL, NULL, '2021-09-23 15:52:12', '2021-09-23 15:52:12');
INSERT INTO `zz_online_column` VALUES (1440947089231056896, 'submit_id', 1440947089218473984, 'bigint', 'bigint(20)', b'0', b'0', b'0', NULL, 2, 'Id', 'submitId', 'Long', 1, b'0', b'0', b'0', NULL, NULL, NULL, '2021-09-23 15:57:41', '2021-09-23 15:52:12');
INSERT INTO `zz_online_column` VALUES (1440947089235251200, 'expense_type', 1440947089218473984, 'int', 'int(11)', b'0', b'0', b'0', NULL, 3, '', 'expenseType', 'Integer', 0, b'0', b'0', b'0', NULL, NULL, 1440943309924077568, '2021-09-23 15:53:15', '2021-09-23 15:52:12');
INSERT INTO `zz_online_column` VALUES (1440947089243639808, 'expense_time', 1440947089218473984, 'datetime', 'datetime', b'0', b'0', b'0', NULL, 4, '', 'expenseTime', 'Date', 0, b'0', b'0', b'0', NULL, NULL, NULL, '2021-09-23 15:52:12', '2021-09-23 15:52:12');
INSERT INTO `zz_online_column` VALUES (1440947089252028416, 'amount', 1440947089218473984, 'int', 'int(11)', b'0', b'0', b'0', NULL, 5, '', 'amount', 'Integer', 0, b'0', b'0', b'0', NULL, NULL, NULL, '2021-09-23 15:52:12', '2021-09-23 15:52:12');
INSERT INTO `zz_online_column` VALUES (1440947089260417024, 'image_url', 1440947089218473984, 'varchar', 'varchar(512)', b'0', b'0', b'1', NULL, 6, '', 'imageUrl', 'String', 0, b'0', b'0', b'0', 2, 1, NULL, '2021-09-23 15:53:53', '2021-09-23 15:52:12');
INSERT INTO `zz_online_column` VALUES (1440947089264611328, 'description', 1440947089218473984, 'varchar', 'varchar(255)', b'0', b'0', b'1', NULL, 7, '', 'description', 'String', 0, b'0', b'0', b'0', NULL, NULL, NULL, '2021-09-23 15:52:12', '2021-09-23 15:52:12');
INSERT INTO `zz_online_column` VALUES (1440952815303266304, 'contract_id', 1440952815294877696, 'bigint', 'bigint(20)', b'1', b'0', b'0', NULL, 1, 'Id', 'contractId', 'Long', 0, b'0', b'0', b'0', NULL, NULL, NULL, '2021-09-23 16:14:57', '2021-09-23 16:14:57');
INSERT INTO `zz_online_column` VALUES (1440952815307460608, 'first_party_id', 1440952815294877696, 'bigint', 'bigint(20)', b'0', b'0', b'0', NULL, 2, '', 'firstPartyId', 'Long', 0, b'0', b'0', b'0', NULL, NULL, 1440943452526219264, '2021-09-23 16:16:50', '2021-09-23 16:14:57');
INSERT INTO `zz_online_column` VALUES (1440952815311654912, 'second_party_id', 1440952815294877696, 'bigint', 'bigint(20)', b'0', b'0', b'0', NULL, 3, '', 'secondPartyId', 'Long', 0, b'0', b'0', b'0', NULL, NULL, 1440943955939168256, '2021-09-23 16:16:59', '2021-09-23 16:14:57');
INSERT INTO `zz_online_column` VALUES (1440952815315849216, 'contract_type', 1440952815294877696, 'int', 'int(11)', b'0', b'0', b'0', NULL, 4, '', 'contractType', 'Integer', 0, b'0', b'0', b'0', NULL, NULL, 1440944300799037440, '2021-09-23 16:17:03', '2021-09-23 16:14:57');
INSERT INTO `zz_online_column` VALUES (1440952815320043520, 'due_date', 1440952815294877696, 'datetime', 'datetime', b'0', b'0', b'0', NULL, 5, '', 'dueDate', 'Date', 0, b'0', b'0', b'0', NULL, NULL, NULL, '2021-09-23 16:14:57', '2021-09-23 16:14:57');
INSERT INTO `zz_online_column` VALUES (1440952815324237824, 'sales_id', 1440952815294877696, 'bigint', 'bigint(20)', b'0', b'0', b'0', NULL, 6, '', 'salesId', 'Long', 0, b'0', b'0', b'0', NULL, NULL, 1440944417170001920, '2021-09-23 16:17:10', '2021-09-23 16:14:57');
INSERT INTO `zz_online_column` VALUES (1440952815332626432, 'commission_rate', 1440952815294877696, 'int', 'int(11)', b'0', b'0', b'0', NULL, 7, '%', 'commissionRate', 'Integer', 0, b'0', b'0', b'0', NULL, NULL, NULL, '2021-09-23 16:17:38', '2021-09-23 16:14:57');
INSERT INTO `zz_online_column` VALUES (1440952815336820736, 'attachment', 1440952815294877696, 'varchar', 'varchar(512)', b'0', b'0', b'1', NULL, 8, '', 'attachment', 'String', 0, b'0', b'0', b'0', 1, 1, NULL, '2021-09-23 16:17:46', '2021-09-23 16:14:57');
INSERT INTO `zz_online_column` VALUES (1440952815341015040, 'security_attachment', 1440952815294877696, 'varchar', 'varchar(512)', b'0', b'0', b'1', NULL, 9, '', 'securityAttachment', 'String', 0, b'0', b'0', b'0', 1, 1, NULL, '2021-09-23 16:17:53', '2021-09-23 16:14:57');
INSERT INTO `zz_online_column` VALUES (1440952815345209344, 'intellectual_property_attachment', 1440952815294877696, 'varchar', 'varchar(512)', b'0', b'0', b'1', NULL, 10, '', 'intellectualPropertyAttachment', 'String', 0, b'0', b'0', b'0', 1, 1, NULL, '2021-09-23 16:18:00', '2021-09-23 16:14:57');
INSERT INTO `zz_online_column` VALUES (1440952815349403648, 'other_attachment', 1440952815294877696, 'varchar', 'varchar(512)', b'0', b'0', b'1', NULL, 11, '', 'otherAttachment', 'String', 0, b'0', b'0', b'0', 1, 1, NULL, '2021-09-23 16:18:05', '2021-09-23 16:14:57');
INSERT INTO `zz_online_column` VALUES (1440952815353597952, 'create_user_id', 1440952815294877696, 'bigint', 'bigint(20)', b'0', b'0', b'0', NULL, 12, '', 'createUserId', 'Long', 0, b'0', b'0', b'0', 21, NULL, NULL, '2021-09-23 16:18:09', '2021-09-23 16:14:57');
INSERT INTO `zz_online_column` VALUES (1440952815357792256, 'create_time', 1440952815294877696, 'datetime', 'datetime', b'0', b'0', b'0', NULL, 13, '', 'createTime', 'Date', 0, b'0', b'0', b'0', 20, NULL, NULL, '2021-09-23 16:18:15', '2021-09-23 16:14:57');
INSERT INTO `zz_online_column` VALUES (1440952815361986560, 'update_user_id', 1440952815294877696, 'bigint', 'bigint(20)', b'0', b'0', b'0', NULL, 14, '', 'updateUserId', 'Long', 0, b'0', b'0', b'0', 23, NULL, NULL, '2021-09-23 16:18:19', '2021-09-23 16:14:57');
INSERT INTO `zz_online_column` VALUES (1440952815366180864, 'update_time', 1440952815294877696, 'datetime', 'datetime', b'0', b'0', b'0', NULL, 15, '', 'updateTime', 'Date', 0, b'0', b'0', b'0', 22, NULL, NULL, '2021-09-23 16:18:24', '2021-09-23 16:14:57');
INSERT INTO `zz_online_column` VALUES (1440952815370375168, 'deleted_flag', 1440952815294877696, 'int', 'int(11)', b'0', b'0', b'0', '0', 16, '(1:  -1: )', 'deletedFlag', 'Integer', 0, b'0', b'0', b'0', 31, NULL, NULL, '2021-09-23 16:18:28', '2021-09-23 16:14:57');
INSERT INTO `zz_online_column` VALUES (1440952921037475840, 'first_party_id', 1440952921024892928, 'bigint', 'bigint(20)', b'1', b'0', b'0', NULL, 1, 'Id', 'firstPartyId', 'Long', 0, b'0', b'0', b'0', NULL, NULL, NULL, '2021-09-23 16:15:23', '2021-09-23 16:15:23');
INSERT INTO `zz_online_column` VALUES (1440952921041670144, 'company_name', 1440952921024892928, 'varchar', 'varchar(255)', b'0', b'0', b'0', NULL, 2, '', 'companyName', 'String', 0, b'0', b'0', b'0', NULL, NULL, NULL, '2021-09-23 16:15:23', '2021-09-23 16:15:23');
INSERT INTO `zz_online_column` VALUES (1440952921050058752, 'legal_person', 1440952921024892928, 'varchar', 'varchar(64)', b'0', b'0', b'0', NULL, 3, '', 'legalPerson', 'String', 0, b'0', b'0', b'0', NULL, NULL, NULL, '2021-09-23 16:18:38', '2021-09-23 16:15:23');
INSERT INTO `zz_online_column` VALUES (1440952921054253056, 'legal_person_id', 1440952921024892928, 'char', 'char(18)', b'0', b'0', b'0', NULL, 4, '', 'legalPersonId', 'String', 0, b'0', b'0', b'0', NULL, NULL, NULL, '2021-09-23 16:15:23', '2021-09-23 16:15:23');
INSERT INTO `zz_online_column` VALUES (1440952921058447360, 'registry_address', 1440952921024892928, 'varchar', 'varchar(512)', b'0', b'0', b'0', NULL, 5, '', 'registryAddress', 'String', 0, b'0', b'0', b'0', NULL, NULL, NULL, '2021-09-23 16:15:23', '2021-09-23 16:15:23');
INSERT INTO `zz_online_column` VALUES (1440952921066835968, 'contact_info', 1440952921024892928, 'varchar', 'varchar(255)', b'0', b'0', b'0', NULL, 6, '', 'contactInfo', 'String', 0, b'0', b'0', b'0', NULL, NULL, NULL, '2021-09-23 16:15:23', '2021-09-23 16:15:23');
INSERT INTO `zz_online_column` VALUES (1440952921079418880, 'business_scope', 1440952921024892928, 'varchar', 'varchar(4000)', b'0', b'0', b'0', NULL, 7, '', 'businessScope', 'String', 0, b'0', b'0', b'0', NULL, NULL, NULL, '2021-09-23 16:15:23', '2021-09-23 16:15:23');
INSERT INTO `zz_online_column` VALUES (1440952921087807488, 'memo', 1440952921024892928, 'varchar', 'varchar(1024)', b'0', b'0', b'1', NULL, 8, '', 'memo', 'String', 0, b'0', b'0', b'0', NULL, NULL, NULL, '2021-09-23 16:15:23', '2021-09-23 16:15:23');
INSERT INTO `zz_online_column` VALUES (1440952921092001792, 'create_user_id', 1440952921024892928, 'bigint', 'bigint(20)', b'0', b'0', b'0', NULL, 9, '', 'createUserId', 'Long', 0, b'0', b'0', b'0', 21, NULL, NULL, '2021-09-23 16:18:48', '2021-09-23 16:15:23');
INSERT INTO `zz_online_column` VALUES (1440952921100390400, 'create_time', 1440952921024892928, 'datetime', 'datetime', b'0', b'0', b'0', NULL, 10, '', 'createTime', 'Date', 0, b'0', b'0', b'0', 20, NULL, NULL, '2021-09-23 16:18:51', '2021-09-23 16:15:23');
INSERT INTO `zz_online_column` VALUES (1440952921104584704, 'update_user_id', 1440952921024892928, 'bigint', 'bigint(20)', b'0', b'0', b'0', NULL, 11, '', 'updateUserId', 'Long', 0, b'0', b'0', b'0', 23, NULL, NULL, '2021-09-23 16:18:54', '2021-09-23 16:15:23');
INSERT INTO `zz_online_column` VALUES (1440952921108779008, 'update_time', 1440952921024892928, 'datetime', 'datetime', b'0', b'0', b'0', NULL, 12, '', 'updateTime', 'Date', 0, b'0', b'0', b'0', 22, NULL, NULL, '2021-09-23 16:19:00', '2021-09-23 16:15:23');
INSERT INTO `zz_online_column` VALUES (1440952921112973312, 'deleted_flag', 1440952921024892928, 'int', 'int(11)', b'0', b'0', b'0', '0', 13, '(1:  -1: )', 'deletedFlag', 'Integer', 0, b'0', b'0', b'0', 31, NULL, NULL, '2021-09-23 16:19:04', '2021-09-23 16:15:23');
INSERT INTO `zz_online_column` VALUES (1440952988393803776, 'second_party_id', 1440952988389609472, 'bigint', 'bigint(20)', b'1', b'0', b'0', NULL, 1, 'Id', 'secondPartyId', 'Long', 0, b'0', b'0', b'0', NULL, NULL, NULL, '2021-09-23 16:15:39', '2021-09-23 16:15:39');
INSERT INTO `zz_online_column` VALUES (1440952988406386688, 'company_name', 1440952988389609472, 'varchar', 'varchar(255)', b'0', b'0', b'0', NULL, 2, '', 'companyName', 'String', 0, b'0', b'0', b'0', NULL, NULL, NULL, '2021-09-23 16:15:39', '2021-09-23 16:15:39');
INSERT INTO `zz_online_column` VALUES (1440952988456718336, 'legal_person', 1440952988389609472, 'varchar', 'varchar(64)', b'0', b'0', b'0', NULL, 3, '', 'legalPerson', 'String', 0, b'0', b'0', b'0', NULL, NULL, NULL, '2021-09-23 16:19:12', '2021-09-23 16:15:39');
INSERT INTO `zz_online_column` VALUES (1440952988469301248, 'legal_person_id', 1440952988389609472, 'char', 'char(18)', b'0', b'0', b'0', NULL, 4, '', 'legalPersonId', 'String', 0, b'0', b'0', b'0', NULL, NULL, NULL, '2021-09-23 16:15:39', '2021-09-23 16:15:39');
INSERT INTO `zz_online_column` VALUES (1440952988473495552, 'registry_address', 1440952988389609472, 'varchar', 'varchar(512)', b'0', b'0', b'0', NULL, 5, '', 'registryAddress', 'String', 0, b'0', b'0', b'0', NULL, NULL, NULL, '2021-09-23 16:15:39', '2021-09-23 16:15:39');
INSERT INTO `zz_online_column` VALUES (1440952988486078464, 'contact_info', 1440952988389609472, 'varchar', 'varchar(255)', b'0', b'0', b'0', NULL, 6, '', 'contactInfo', 'String', 0, b'0', b'0', b'0', NULL, NULL, NULL, '2021-09-23 16:15:39', '2021-09-23 16:15:39');
INSERT INTO `zz_online_column` VALUES (1440952988494467072, 'business_scope', 1440952988389609472, 'varchar', 'varchar(4000)', b'0', b'0', b'0', NULL, 7, '', 'businessScope', 'String', 0, b'0', b'0', b'0', NULL, NULL, NULL, '2021-09-23 16:15:39', '2021-09-23 16:15:39');
INSERT INTO `zz_online_column` VALUES (1440952988498661376, 'memo', 1440952988389609472, 'varchar', 'varchar(1024)', b'0', b'0', b'1', NULL, 8, '', 'memo', 'String', 0, b'0', b'0', b'0', NULL, NULL, NULL, '2021-09-23 16:15:39', '2021-09-23 16:15:39');
INSERT INTO `zz_online_column` VALUES (1440952988502855680, 'create_user_id', 1440952988389609472, 'bigint', 'bigint(20)', b'0', b'0', b'0', NULL, 9, '', 'createUserId', 'Long', 0, b'0', b'0', b'0', 21, NULL, NULL, '2021-09-23 16:19:17', '2021-09-23 16:15:39');
INSERT INTO `zz_online_column` VALUES (1440952988507049984, 'create_time', 1440952988389609472, 'datetime', 'datetime', b'0', b'0', b'0', NULL, 10, '', 'createTime', 'Date', 0, b'0', b'0', b'0', 20, NULL, NULL, '2021-09-23 16:19:21', '2021-09-23 16:15:39');
INSERT INTO `zz_online_column` VALUES (1440952988515438592, 'update_user_id', 1440952988389609472, 'bigint', 'bigint(20)', b'0', b'0', b'0', NULL, 11, '', 'updateUserId', 'Long', 0, b'0', b'0', b'0', 23, NULL, NULL, '2021-09-23 16:19:24', '2021-09-23 16:15:39');
INSERT INTO `zz_online_column` VALUES (1440952988519632896, 'update_time', 1440952988389609472, 'datetime', 'datetime', b'0', b'0', b'0', NULL, 12, '', 'updateTime', 'Date', 0, b'0', b'0', b'0', 22, NULL, NULL, '2021-09-23 16:19:28', '2021-09-23 16:15:39');
INSERT INTO `zz_online_column` VALUES (1440952988528021504, 'deleted_flag', 1440952988389609472, 'int', 'int(11)', b'0', b'0', b'0', '0', 13, '(1:  -1: )', 'deletedFlag', 'Integer', 0, b'0', b'0', b'0', 31, NULL, NULL, '2021-09-23 16:19:33', '2021-09-23 16:15:39');
INSERT INTO `zz_online_column` VALUES (1440953088910299136, 'contract_detail_id', 1440953088901910528, 'bigint', 'bigint(20)', b'1', b'0', b'0', NULL, 1, 'Id', 'contractDetailId', 'Long', 0, b'0', b'0', b'0', NULL, NULL, NULL, '2021-09-23 16:16:03', '2021-09-23 16:16:03');
INSERT INTO `zz_online_column` VALUES (1440953088918687744, 'contract_id', 1440953088901910528, 'bigint', 'bigint(20)', b'0', b'0', b'0', NULL, 2, 'Id', 'contractId', 'Long', 1, b'0', b'0', b'0', NULL, NULL, NULL, '2021-09-23 16:42:59', '2021-09-23 16:16:03');
INSERT INTO `zz_online_column` VALUES (1440953088922882048, 'product_id', 1440953088901910528, 'bigint', 'bigint(20)', b'0', b'0', b'0', NULL, 3, '', 'productId', 'Long', 0, b'0', b'0', b'0', NULL, NULL, 1440944049128214528, '2021-09-23 16:20:03', '2021-09-23 16:16:03');
INSERT INTO `zz_online_column` VALUES (1440953088927076352, 'total_count', 1440953088901910528, 'int', 'int(11)', b'0', b'0', b'0', NULL, 4, '', 'totalCount', 'Integer', 0, b'0', b'0', b'0', NULL, NULL, NULL, '2021-09-23 16:20:10', '2021-09-23 16:16:03');
INSERT INTO `zz_online_column` VALUES (1440953088935464960, 'total_amount', 1440953088901910528, 'int', 'int(11)', b'0', b'0', b'0', NULL, 5, '', 'totalAmount', 'Integer', 0, b'0', b'0', b'0', NULL, NULL, NULL, '2021-09-23 16:20:56', '2021-09-23 16:16:03');
INSERT INTO `zz_online_column` VALUES (1440953088939659264, 'meno', 1440953088901910528, 'varchar', 'varchar(1024)', b'0', b'0', b'1', NULL, 6, '', 'meno', 'String', 0, b'0', b'0', b'0', NULL, NULL, NULL, '2021-09-23 16:16:03', '2021-09-23 16:16:03');
INSERT INTO `zz_online_column` VALUES (1440953088948047872, 'create_user_id', 1440953088901910528, 'bigint', 'bigint(20)', b'0', b'0', b'0', NULL, 7, '', 'createUserId', 'Long', 0, b'0', b'0', b'0', 21, NULL, NULL, '2021-09-23 16:21:00', '2021-09-23 16:16:03');
INSERT INTO `zz_online_column` VALUES (1440953088952242176, 'create_time', 1440953088901910528, 'datetime', 'datetime', b'0', b'0', b'0', NULL, 8, '', 'createTime', 'Date', 0, b'0', b'0', b'0', 20, NULL, NULL, '2021-09-23 16:21:04', '2021-09-23 16:16:03');
INSERT INTO `zz_online_column` VALUES (1440953088960630784, 'update_user_id', 1440953088901910528, 'bigint', 'bigint(20)', b'0', b'0', b'0', NULL, 9, '', 'updateUserId', 'Long', 0, b'0', b'0', b'0', 23, NULL, NULL, '2021-09-23 16:21:07', '2021-09-23 16:16:03');
INSERT INTO `zz_online_column` VALUES (1440953088964825088, 'update_time', 1440953088901910528, 'datetime', 'datetime', b'0', b'0', b'0', NULL, 10, '', 'updateTime', 'Date', 0, b'0', b'0', b'0', 22, NULL, NULL, '2021-09-23 16:21:12', '2021-09-23 16:16:03');
INSERT INTO `zz_online_column` VALUES (1440953088973213696, 'deleted_flag', 1440953088901910528, 'int', 'int(11)', b'0', b'0', b'0', '0', 11, '(1:  -1: )', 'deletedFlag', 'Integer', 0, b'0', b'0', b'0', 31, NULL, NULL, '2021-09-23 16:21:15', '2021-09-23 16:16:03');
INSERT INTO `zz_online_column` VALUES (1440953170518872064, 'pay_detail_id', 1440953170514677760, 'bigint', 'bigint(20)', b'1', b'0', b'0', NULL, 1, 'Id', 'payDetailId', 'Long', 0, b'0', b'0', b'0', NULL, NULL, NULL, '2021-09-23 16:16:22', '2021-09-23 16:16:22');
INSERT INTO `zz_online_column` VALUES (1440953170531454976, 'contract_id', 1440953170514677760, 'bigint', 'bigint(20)', b'0', b'0', b'0', NULL, 2, 'Id', 'contractId', 'Long', 1, b'0', b'0', b'0', NULL, NULL, NULL, '2021-09-23 16:43:04', '2021-09-23 16:16:22');
INSERT INTO `zz_online_column` VALUES (1440953170535649280, 'pay_date', 1440953170514677760, 'datetime', 'datetime', b'0', b'0', b'0', NULL, 3, '', 'payDate', 'Date', 0, b'0', b'0', b'0', NULL, NULL, NULL, '2021-09-23 16:16:22', '2021-09-23 16:16:22');
INSERT INTO `zz_online_column` VALUES (1440953170539843584, 'pay_type', 1440953170514677760, 'int', 'int(11)', b'0', b'0', b'0', NULL, 4, '', 'payType', 'Integer', 0, b'0', b'0', b'0', NULL, NULL, 1440944184381935616, '2021-09-23 16:21:27', '2021-09-23 16:16:22');
INSERT INTO `zz_online_column` VALUES (1440953170548232192, 'percentage', 1440953170514677760, 'int', 'int(11)', b'0', b'0', b'0', NULL, 5, '', 'percentage', 'Integer', 0, b'0', b'0', b'0', NULL, NULL, NULL, '2021-09-23 16:16:22', '2021-09-23 16:16:22');
INSERT INTO `zz_online_column` VALUES (1440953170552426496, 'memo', 1440953170514677760, 'varchar', 'varchar(1024)', b'0', b'0', b'1', NULL, 6, '', 'memo', 'String', 0, b'0', b'0', b'0', NULL, NULL, NULL, '2021-09-23 16:16:22', '2021-09-23 16:16:22');
INSERT INTO `zz_online_column` VALUES (1440953170560815104, 'create_user_id', 1440953170514677760, 'bigint', 'bigint(20)', b'0', b'0', b'0', NULL, 7, '', 'createUserId', 'Long', 0, b'0', b'0', b'0', 21, NULL, NULL, '2021-09-23 16:21:43', '2021-09-23 16:16:22');
INSERT INTO `zz_online_column` VALUES (1440953170569203712, 'create_time', 1440953170514677760, 'datetime', 'datetime', b'0', b'0', b'0', NULL, 8, '', 'createTime', 'Date', 0, b'0', b'0', b'0', 20, NULL, NULL, '2021-09-23 16:21:46', '2021-09-23 16:16:22');
INSERT INTO `zz_online_column` VALUES (1440953170573398016, 'update_user_id', 1440953170514677760, 'bigint', 'bigint(20)', b'0', b'0', b'0', NULL, 9, '', 'updateUserId', 'Long', 0, b'0', b'0', b'0', 23, NULL, NULL, '2021-09-23 16:21:49', '2021-09-23 16:16:22');
INSERT INTO `zz_online_column` VALUES (1440953170581786624, 'update_time', 1440953170514677760, 'datetime', 'datetime', b'0', b'0', b'0', NULL, 10, '', 'updateTime', 'Date', 0, b'0', b'0', b'0', 22, NULL, NULL, '2021-09-23 16:21:52', '2021-09-23 16:16:22');
INSERT INTO `zz_online_column` VALUES (1440953170585980928, 'deleted_flag', 1440953170514677760, 'int', 'int(11)', b'0', b'0', b'0', '0', 11, '(1:  -1: )', 'deletedFlag', 'Integer', 0, b'0', b'0', b'0', 31, NULL, NULL, '2021-09-23 16:21:55', '2021-09-23 16:16:22');
INSERT INTO `zz_online_column` VALUES (1440953245668216832, 'delivery_id', 1440953245664022528, 'bigint', 'bigint(20)', b'1', b'0', b'0', NULL, 1, 'Id', 'deliveryId', 'Long', 0, b'0', b'0', b'0', NULL, NULL, NULL, '2021-09-23 16:16:40', '2021-09-23 16:16:40');
INSERT INTO `zz_online_column` VALUES (1440953245676605440, 'contract_id', 1440953245664022528, 'bigint', 'bigint(20)', b'0', b'0', b'0', NULL, 2, 'Id', 'contractId', 'Long', 1, b'0', b'0', b'0', NULL, NULL, NULL, '2021-09-23 16:43:09', '2021-09-23 16:16:40');
INSERT INTO `zz_online_column` VALUES (1440953245684994048, 'delivery_date', 1440953245664022528, 'datetime', 'datetime', b'0', b'0', b'0', NULL, 3, '', 'deliveryDate', 'Date', 0, b'0', b'0', b'0', NULL, NULL, NULL, '2021-09-23 16:16:40', '2021-09-23 16:16:40');
INSERT INTO `zz_online_column` VALUES (1440953245697576960, 'product_id', 1440953245664022528, 'bigint', 'bigint(20)', b'0', b'0', b'0', NULL, 4, '', 'productId', 'Long', 0, b'0', b'0', b'0', NULL, NULL, 1440944049128214528, '2021-09-23 16:22:18', '2021-09-23 16:16:40');
INSERT INTO `zz_online_column` VALUES (1440953245705965568, 'total_count', 1440953245664022528, 'int', 'int(11)', b'0', b'0', b'0', NULL, 5, '', 'totalCount', 'Integer', 0, b'0', b'0', b'0', NULL, NULL, NULL, '2021-09-23 16:22:21', '2021-09-23 16:16:40');
INSERT INTO `zz_online_column` VALUES (1440953245718548480, 'memo', 1440953245664022528, 'varchar', 'varchar(1024)', b'0', b'0', b'1', NULL, 6, '', 'memo', 'String', 0, b'0', b'0', b'0', NULL, NULL, NULL, '2021-09-23 16:16:40', '2021-09-23 16:16:40');
INSERT INTO `zz_online_column` VALUES (1440953245722742784, 'create_user_id', 1440953245664022528, 'bigint', 'bigint(20)', b'0', b'0', b'0', NULL, 7, '', 'createUserId', 'Long', 0, b'0', b'0', b'0', 21, NULL, NULL, '2021-09-23 16:22:45', '2021-09-23 16:16:40');
INSERT INTO `zz_online_column` VALUES (1440953245726937088, 'create_time', 1440953245664022528, 'datetime', 'datetime', b'0', b'0', b'0', NULL, 8, '', 'createTime', 'Date', 0, b'0', b'0', b'0', 20, NULL, NULL, '2021-09-23 16:22:48', '2021-09-23 16:16:40');
INSERT INTO `zz_online_column` VALUES (1440953245731131392, 'update_user_id', 1440953245664022528, 'bigint', 'bigint(20)', b'0', b'0', b'0', NULL, 9, '', 'updateUserId', 'Long', 0, b'0', b'0', b'0', 23, NULL, NULL, '2021-09-23 16:22:52', '2021-09-23 16:16:40');
INSERT INTO `zz_online_column` VALUES (1440953245735325696, 'update_time', 1440953245664022528, 'datetime', 'datetime', b'0', b'0', b'0', NULL, 10, '', 'updateTime', 'Date', 0, b'0', b'0', b'0', 22, NULL, NULL, '2021-09-23 16:22:56', '2021-09-23 16:16:40');
INSERT INTO `zz_online_column` VALUES (1440953245743714304, 'deleted_flag', 1440953245664022528, 'int', 'int(11)', b'0', b'0', b'0', '0', 11, '(1:  -1: )', 'deletedFlag', 'Integer', 0, b'0', b'0', b'0', 31, NULL, NULL, '2021-09-23 16:22:59', '2021-09-23 16:16:40');
INSERT INTO `zz_online_column` VALUES (1440958971132252160, 'first_party_id', 1440958971128057856, 'bigint', 'bigint(20)', b'1', b'0', b'0', NULL, 1, 'Id', 'firstPartyId', 'Long', 0, b'0', b'0', b'0', NULL, NULL, NULL, '2021-09-23 16:39:25', '2021-09-23 16:39:25');
INSERT INTO `zz_online_column` VALUES (1440958971140640768, 'company_name', 1440958971128057856, 'varchar', 'varchar(255)', b'0', b'0', b'0', NULL, 2, '', 'companyName', 'String', 3, b'0', b'0', b'0', NULL, NULL, NULL, '2021-09-23 16:41:25', '2021-09-23 16:39:25');
INSERT INTO `zz_online_column` VALUES (1440958971144835072, 'legal_person', 1440958971128057856, 'varchar', 'varchar(64)', b'0', b'0', b'0', NULL, 3, '', 'legalPerson', 'String', 0, b'0', b'0', b'0', NULL, NULL, NULL, '2021-09-23 16:39:32', '2021-09-23 16:39:25');
INSERT INTO `zz_online_column` VALUES (1440958971149029376, 'legal_person_id', 1440958971128057856, 'char', 'char(18)', b'0', b'0', b'0', NULL, 4, '', 'legalPersonId', 'String', 0, b'0', b'0', b'0', NULL, NULL, NULL, '2021-09-23 16:39:25', '2021-09-23 16:39:25');
INSERT INTO `zz_online_column` VALUES (1440958971153223680, 'registry_address', 1440958971128057856, 'varchar', 'varchar(512)', b'0', b'0', b'0', NULL, 5, '', 'registryAddress', 'String', 0, b'0', b'0', b'0', NULL, NULL, NULL, '2021-09-23 16:39:25', '2021-09-23 16:39:25');
INSERT INTO `zz_online_column` VALUES (1440958971157417984, 'contact_info', 1440958971128057856, 'varchar', 'varchar(255)', b'0', b'0', b'0', NULL, 6, '', 'contactInfo', 'String', 0, b'0', b'0', b'0', NULL, NULL, NULL, '2021-09-23 16:39:25', '2021-09-23 16:39:25');
INSERT INTO `zz_online_column` VALUES (1440958971161612288, 'business_scope', 1440958971128057856, 'varchar', 'varchar(4000)', b'0', b'0', b'0', NULL, 7, '', 'businessScope', 'String', 0, b'0', b'0', b'0', NULL, NULL, NULL, '2021-09-23 16:39:25', '2021-09-23 16:39:25');
INSERT INTO `zz_online_column` VALUES (1440958971165806592, 'memo', 1440958971128057856, 'varchar', 'varchar(1024)', b'0', b'0', b'1', NULL, 8, '', 'memo', 'String', 0, b'0', b'0', b'0', NULL, NULL, NULL, '2021-09-23 16:39:25', '2021-09-23 16:39:25');
INSERT INTO `zz_online_column` VALUES (1440958971170000896, 'create_user_id', 1440958971128057856, 'bigint', 'bigint(20)', b'0', b'0', b'0', NULL, 9, '', 'createUserId', 'Long', 0, b'0', b'0', b'0', 21, NULL, NULL, '2021-09-23 16:39:40', '2021-09-23 16:39:25');
INSERT INTO `zz_online_column` VALUES (1440958971174195200, 'create_time', 1440958971128057856, 'datetime', 'datetime', b'0', b'0', b'0', NULL, 10, '', 'createTime', 'Date', 0, b'0', b'0', b'0', 20, NULL, NULL, '2021-09-23 16:39:43', '2021-09-23 16:39:25');
INSERT INTO `zz_online_column` VALUES (1440958971178389504, 'update_user_id', 1440958971128057856, 'bigint', 'bigint(20)', b'0', b'0', b'0', NULL, 11, '', 'updateUserId', 'Long', 0, b'0', b'0', b'0', 23, NULL, NULL, '2021-09-23 16:39:46', '2021-09-23 16:39:25');
INSERT INTO `zz_online_column` VALUES (1440958971182583808, 'update_time', 1440958971128057856, 'datetime', 'datetime', b'0', b'0', b'0', NULL, 12, '', 'updateTime', 'Date', 0, b'0', b'0', b'0', 22, NULL, NULL, '2021-09-23 16:39:53', '2021-09-23 16:39:25');
INSERT INTO `zz_online_column` VALUES (1440958971186778112, 'deleted_flag', 1440958971128057856, 'int', 'int(11)', b'0', b'0', b'0', '0', 13, '(1:  -1: )', 'deletedFlag', 'Integer', 0, b'0', b'0', b'0', 31, NULL, NULL, '2021-09-23 16:39:58', '2021-09-23 16:39:25');
INSERT INTO `zz_online_column` VALUES (1440961208285925376, 'second_party_id', 1440961208273342464, 'bigint', 'bigint(20)', b'1', b'0', b'0', NULL, 1, 'Id', 'secondPartyId', 'Long', 0, b'0', b'0', b'0', NULL, NULL, NULL, '2021-09-23 16:48:18', '2021-09-23 16:48:18');
INSERT INTO `zz_online_column` VALUES (1440961208294313984, 'company_name', 1440961208273342464, 'varchar', 'varchar(255)', b'0', b'0', b'0', NULL, 2, '', 'companyName', 'String', 3, b'0', b'0', b'0', NULL, NULL, NULL, '2021-09-23 16:48:23', '2021-09-23 16:48:18');
INSERT INTO `zz_online_column` VALUES (1440961208298508288, 'legal_person', 1440961208273342464, 'varchar', 'varchar(64)', b'0', b'0', b'0', NULL, 3, '', 'legalPerson', 'String', 0, b'0', b'0', b'0', NULL, NULL, NULL, '2021-09-23 16:48:28', '2021-09-23 16:48:18');
INSERT INTO `zz_online_column` VALUES (1440961208302702592, 'legal_person_id', 1440961208273342464, 'char', 'char(18)', b'0', b'0', b'0', NULL, 4, '', 'legalPersonId', 'String', 0, b'0', b'0', b'0', NULL, NULL, NULL, '2021-09-23 16:48:18', '2021-09-23 16:48:18');
INSERT INTO `zz_online_column` VALUES (1440961208306896896, 'registry_address', 1440961208273342464, 'varchar', 'varchar(512)', b'0', b'0', b'0', NULL, 5, '', 'registryAddress', 'String', 0, b'0', b'0', b'0', NULL, NULL, NULL, '2021-09-23 16:48:18', '2021-09-23 16:48:18');
INSERT INTO `zz_online_column` VALUES (1440961208315285504, 'contact_info', 1440961208273342464, 'varchar', 'varchar(255)', b'0', b'0', b'0', NULL, 6, '', 'contactInfo', 'String', 0, b'0', b'0', b'0', NULL, NULL, NULL, '2021-09-23 16:48:18', '2021-09-23 16:48:18');
INSERT INTO `zz_online_column` VALUES (1440961208319479808, 'business_scope', 1440961208273342464, 'varchar', 'varchar(4000)', b'0', b'0', b'0', NULL, 7, '', 'businessScope', 'String', 0, b'0', b'0', b'0', NULL, NULL, NULL, '2021-09-23 16:48:18', '2021-09-23 16:48:18');
INSERT INTO `zz_online_column` VALUES (1440961208323674112, 'memo', 1440961208273342464, 'varchar', 'varchar(1024)', b'0', b'0', b'1', NULL, 8, '', 'memo', 'String', 0, b'0', b'0', b'0', NULL, NULL, NULL, '2021-09-23 16:48:18', '2021-09-23 16:48:18');
INSERT INTO `zz_online_column` VALUES (1440961208327868416, 'create_user_id', 1440961208273342464, 'bigint', 'bigint(20)', b'0', b'0', b'0', NULL, 9, '', 'createUserId', 'Long', 0, b'0', b'0', b'0', 21, NULL, NULL, '2021-09-23 16:48:36', '2021-09-23 16:48:18');
INSERT INTO `zz_online_column` VALUES (1440961208332062720, 'create_time', 1440961208273342464, 'datetime', 'datetime', b'0', b'0', b'0', NULL, 10, '', 'createTime', 'Date', 0, b'0', b'0', b'0', 20, NULL, NULL, '2021-09-23 16:48:40', '2021-09-23 16:48:18');
INSERT INTO `zz_online_column` VALUES (1440961208336257024, 'update_user_id', 1440961208273342464, 'bigint', 'bigint(20)', b'0', b'0', b'0', NULL, 11, '', 'updateUserId', 'Long', 0, b'0', b'0', b'0', 23, NULL, NULL, '2021-09-23 16:48:44', '2021-09-23 16:48:18');
INSERT INTO `zz_online_column` VALUES (1440961208340451328, 'update_time', 1440961208273342464, 'datetime', 'datetime', b'0', b'0', b'0', NULL, 12, '', 'updateTime', 'Date', 0, b'0', b'0', b'0', 22, NULL, NULL, '2021-09-23 16:48:49', '2021-09-23 16:48:18');
INSERT INTO `zz_online_column` VALUES (1440961208344645632, 'deleted_flag', 1440961208273342464, 'int', 'int(11)', b'0', b'0', b'0', '0', 13, '(1:  -1: )', 'deletedFlag', 'Integer', 0, b'0', b'0', b'0', 31, NULL, NULL, '2021-09-23 16:48:55', '2021-09-23 16:48:18');
INSERT INTO `zz_online_column` VALUES (1440962162720772096, 'product_id', 1440962162712383488, 'bigint', 'bigint(20)', b'1', b'0', b'0', NULL, 1, 'Id', 'productId', 'Long', 0, b'0', b'0', b'0', NULL, NULL, NULL, '2021-09-23 16:52:06', '2021-09-23 16:52:06');
INSERT INTO `zz_online_column` VALUES (1440962162729160704, 'product_name', 1440962162712383488, 'varchar', 'varchar(255)', b'0', b'0', b'0', NULL, 2, '', 'productName', 'String', 3, b'0', b'0', b'0', NULL, NULL, NULL, '2021-09-23 16:52:10', '2021-09-23 16:52:06');
INSERT INTO `zz_online_column` VALUES (1440962162733355008, 'product_spec', 1440962162712383488, 'varchar', 'varchar(255)', b'0', b'0', b'0', NULL, 3, '', 'productSpec', 'String', 0, b'0', b'0', b'0', NULL, NULL, NULL, '2021-09-23 16:52:06', '2021-09-23 16:52:06');
INSERT INTO `zz_online_column` VALUES (1440962162737549312, 'type', 1440962162712383488, 'varchar', 'varchar(255)', b'0', b'0', b'0', NULL, 4, '', 'type', 'String', 0, b'0', b'0', b'0', NULL, NULL, NULL, '2021-09-23 16:52:06', '2021-09-23 16:52:06');
INSERT INTO `zz_online_column` VALUES (1440962162741743616, 'cost_price', 1440962162712383488, 'int', 'int(11)', b'0', b'0', b'0', NULL, 5, '', 'costPrice', 'Integer', 2, b'0', b'0', b'0', NULL, NULL, NULL, '2021-09-23 16:53:05', '2021-09-23 16:52:06');
INSERT INTO `zz_online_column` VALUES (1440962162745937920, 'memo', 1440962162712383488, 'varchar', 'varchar(1024)', b'0', b'0', b'1', NULL, 6, '', 'memo', 'String', 0, b'0', b'0', b'0', NULL, NULL, NULL, '2021-09-23 16:52:06', '2021-09-23 16:52:06');
INSERT INTO `zz_online_column` VALUES (1440962162750132224, 'create_user_id', 1440962162712383488, 'bigint', 'bigint(20)', b'0', b'0', b'0', NULL, 7, '', 'createUserId', 'Long', 0, b'0', b'0', b'0', 21, NULL, NULL, '2021-09-23 16:52:20', '2021-09-23 16:52:06');
INSERT INTO `zz_online_column` VALUES (1440962162754326528, 'create_time', 1440962162712383488, 'datetime', 'datetime', b'0', b'0', b'0', NULL, 8, '', 'createTime', 'Date', 0, b'0', b'0', b'0', 20, NULL, NULL, '2021-09-23 16:52:23', '2021-09-23 16:52:06');
INSERT INTO `zz_online_column` VALUES (1440962162762715136, 'update_user_id', 1440962162712383488, 'bigint', 'bigint(20)', b'0', b'0', b'0', NULL, 9, '', 'updateUserId', 'Long', 0, b'0', b'0', b'0', 23, NULL, NULL, '2021-09-23 16:52:27', '2021-09-23 16:52:06');
INSERT INTO `zz_online_column` VALUES (1440962162766909440, 'update_time', 1440962162712383488, 'datetime', 'datetime', b'0', b'0', b'0', NULL, 10, '', 'updateTime', 'Date', 0, b'0', b'0', b'0', 22, NULL, NULL, '2021-09-23 16:52:31', '2021-09-23 16:52:06');
INSERT INTO `zz_online_column` VALUES (1440962162771103744, 'deleted_flag', 1440962162712383488, 'int', 'int(11)', b'0', b'0', b'0', '0', 11, '(1:  -1: )', 'deletedFlag', 'Integer', 0, b'0', b'0', b'0', 31, NULL, NULL, '2021-09-23 16:52:34', '2021-09-23 16:52:06');
COMMIT;

-- ----------------------------
-- Table structure for zz_online_column_rule
-- ----------------------------
DROP TABLE IF EXISTS `zz_online_column_rule`;
CREATE TABLE `zz_online_column_rule` (
  `column_id` bigint NOT NULL COMMENT 'Id',
  `rule_id` bigint NOT NULL COMMENT 'Id',
  `prop_data_json` text CHARACTER SET utf8mb4 COLLATE utf8mb4_bin COMMENT '',
  PRIMARY KEY (`column_id`,`rule_id`) USING BTREE,
  KEY `idx_rule_id` (`rule_id`) USING BTREE
) ENGINE=InnoDB DEFAULT CHARSET=utf8mb4 COLLATE=utf8mb4_bin;

-- ----------------------------
-- Records of zz_online_column_rule
-- ----------------------------
BEGIN;
INSERT INTO `zz_online_column_rule` VALUES (1440946127493926912, 2, '{\"message\":\"0\"}');
INSERT INTO `zz_online_column_rule` VALUES (1440946127493926912, 4, '{\"message\":\"0\",\"min\":0}');
INSERT INTO `zz_online_column_rule` VALUES (1440946261518716928, 2, '{\"message\":\"0\"}');
INSERT INTO `zz_online_column_rule` VALUES (1440946261518716928, 4, '{\"message\":\"0\",\"min\":0}');
INSERT INTO `zz_online_column_rule` VALUES (1440947089252028416, 2, '{\"message\":\"0\"}');
INSERT INTO `zz_online_column_rule` VALUES (1440947089252028416, 4, '{\"message\":\"0\",\"min\":0}');
INSERT INTO `zz_online_column_rule` VALUES (1440949025019793408, 2, '{\"message\":\"0\"}');
INSERT INTO `zz_online_column_rule` VALUES (1440949025019793408, 4, '{\"message\":\"0\",\"min\":0}');
INSERT INTO `zz_online_column_rule` VALUES (1440949181786099712, 6, '{\"message\":\"\"}');
INSERT INTO `zz_online_column_rule` VALUES (1440949481989214208, 1, '{\"message\":\"0\"}');
INSERT INTO `zz_online_column_rule` VALUES (1440949481989214208, 4, '{\"message\":\"0\",\"min\":0}');
INSERT INTO `zz_online_column_rule` VALUES (1440949481993408512, 2, '{\"message\":\"0\"}');
INSERT INTO `zz_online_column_rule` VALUES (1440949481993408512, 4, '{\"message\":\"0\",\"min\":0}');
INSERT INTO `zz_online_column_rule` VALUES (1440949804128538624, 2, '{\"message\":\"0\"}');
INSERT INTO `zz_online_column_rule` VALUES (1440949804128538624, 4, '{\"message\":\"0\",\"min\":0}');
INSERT INTO `zz_online_column_rule` VALUES (1440952815332626432, 2, '{\"message\":\"0\"}');
INSERT INTO `zz_online_column_rule` VALUES (1440952815332626432, 4, '{\"message\":\"0\",\"min\":0}');
INSERT INTO `zz_online_column_rule` VALUES (1440953088927076352, 2, '{\"message\":\"0\"}');
INSERT INTO `zz_online_column_rule` VALUES (1440953088927076352, 4, '{\"message\":\"0\",\"min\":0}');
INSERT INTO `zz_online_column_rule` VALUES (1440953088935464960, 2, '{\"message\":\"0\"}');
INSERT INTO `zz_online_column_rule` VALUES (1440953088935464960, 4, '{\"message\":\"0\",\"min\":0}');
INSERT INTO `zz_online_column_rule` VALUES (1440953245705965568, 2, '{\"message\":\"0\"}');
INSERT INTO `zz_online_column_rule` VALUES (1440953245705965568, 4, '{\"message\":\"0\",\"min\":0}');
INSERT INTO `zz_online_column_rule` VALUES (1440962162741743616, 2, '{\"message\":\"0\"}');
INSERT INTO `zz_online_column_rule` VALUES (1440962162741743616, 4, '{\"message\":\"0\",\"min\":0}');
COMMIT;

-- ----------------------------
-- Table structure for zz_online_datasource
-- ----------------------------
DROP TABLE IF EXISTS `zz_online_datasource`;
CREATE TABLE `zz_online_datasource` (
  `datasource_id` bigint NOT NULL COMMENT 'Id',
  `datasource_name` varchar(64) CHARACTER SET utf8mb4 COLLATE utf8mb4_bin NOT NULL COMMENT '',
  `variable_name` varchar(64) CHARACTER SET utf8mb4 COLLATE utf8mb4_bin NOT NULL COMMENT '',
  `dblink_id` bigint NOT NULL COMMENT 'Id',
  `master_table_id` bigint NOT NULL COMMENT 'Id',
  `update_time` datetime NOT NULL COMMENT '',
  `create_time` datetime NOT NULL COMMENT '',
  PRIMARY KEY (`datasource_id`),
  UNIQUE KEY `idx_variable_name` (`variable_name`) USING BTREE,
  KEY `idx_master_table_id` (`master_table_id`) USING BTREE
) ENGINE=InnoDB DEFAULT CHARSET=utf8mb4 COLLATE=utf8mb4_bin;

-- ----------------------------
-- Records of zz_online_datasource
-- ----------------------------
BEGIN;
INSERT INTO `zz_online_datasource` VALUES (1440945228130291712, '', 'dsFlowLeave', 1, 1440945228079960064, '2021-09-23 15:44:49', '2021-09-23 15:44:49');
INSERT INTO `zz_online_datasource` VALUES (1440946127531675648, '', 'dsFlowSubmit', 1, 1440946127460372480, '2021-09-23 15:48:23', '2021-09-23 15:48:23');
INSERT INTO `zz_online_datasource` VALUES (1440952815374569472, '', 'dsFlowContract', 1, 1440952815294877696, '2021-09-23 16:14:57', '2021-09-23 16:14:57');
INSERT INTO `zz_online_datasource` VALUES (1440958971190972416, '', 'dsFirstParty', 1, 1440958971128057856, '2021-09-23 16:39:25', '2021-09-23 16:39:25');
INSERT INTO `zz_online_datasource` VALUES (1440961208344645633, '', 'dsSecondParty', 1, 1440961208273342464, '2021-09-23 16:48:18', '2021-09-23 16:48:18');
INSERT INTO `zz_online_datasource` VALUES (1440962162771103745, '', 'dsProduct', 1, 1440962162712383488, '2021-09-23 16:52:06', '2021-09-23 16:52:06');
COMMIT;

-- ----------------------------
-- Table structure for zz_online_datasource_relation
-- ----------------------------
DROP TABLE IF EXISTS `zz_online_datasource_relation`;
CREATE TABLE `zz_online_datasource_relation` (
  `relation_id` bigint NOT NULL COMMENT 'Id',
  `relation_name` varchar(64) CHARACTER SET utf8mb4 COLLATE utf8mb4_bin NOT NULL COMMENT '',
  `variable_name` varchar(128) CHARACTER SET utf8mb4 COLLATE utf8mb4_bin NOT NULL COMMENT '',
  `datasource_id` bigint NOT NULL COMMENT 'Id',
  `relation_type` int NOT NULL COMMENT '',
  `master_column_id` bigint NOT NULL COMMENT 'Id',
  `slave_table_id` bigint NOT NULL COMMENT 'Id',
  `slave_column_id` bigint NOT NULL COMMENT 'Id',
  `cascade_delete` bit(1) NOT NULL COMMENT '',
  `left_join` bit(1) NOT NULL COMMENT '',
  `update_time` datetime NOT NULL COMMENT '',
  `create_time` datetime NOT NULL COMMENT '',
  PRIMARY KEY (`relation_id`) USING BTREE,
  KEY `idx_datasource_id` (`datasource_id`) USING BTREE
) ENGINE=InnoDB DEFAULT CHARSET=utf8mb4 COLLATE=utf8mb4_bin;

-- ----------------------------
-- Records of zz_online_datasource_relation
-- ----------------------------
BEGIN;
INSERT INTO `zz_online_datasource_relation` VALUES (1440947089268805632, '', 'id_zz_test_flow_submit_detail_submit_idRelation', 1440946127531675648, 1, 1440946127468761088, 1440947089218473984, 1440947089231056896, b'1', b'1', '2021-09-23 15:52:12', '2021-09-23 15:52:12');
INSERT INTO `zz_online_datasource_relation` VALUES (1440952921117167616, '', 'first_party_id_zz_test_flow_first_party_first_party_idRelation', 1440952815374569472, 0, 1440952815307460608, 1440952921024892928, 1440952921037475840, b'0', b'1', '2021-09-23 16:15:23', '2021-09-23 16:15:23');
INSERT INTO `zz_online_datasource_relation` VALUES (1440952988536410112, '', 'second_party_id_zz_test_flow_second_party_second_party_idRelation', 1440952815374569472, 0, 1440952815311654912, 1440952988389609472, 1440952988393803776, b'0', b'1', '2021-09-23 16:15:39', '2021-09-23 16:15:39');
INSERT INTO `zz_online_datasource_relation` VALUES (1440953088977408000, '', 'contract_id_zz_test_flow_contract_detail_contract_idRelation', 1440952815374569472, 1, 1440952815303266304, 1440953088901910528, 1440953088918687744, b'1', b'1', '2021-09-23 16:16:03', '2021-09-23 16:16:03');
INSERT INTO `zz_online_datasource_relation` VALUES (1440953170590175232, '', 'contract_id_zz_test_flow_pay_detail_contract_idRelation', 1440952815374569472, 1, 1440952815303266304, 1440953170514677760, 1440953170531454976, b'1', b'1', '2021-09-23 16:16:22', '2021-09-23 16:16:22');
INSERT INTO `zz_online_datasource_relation` VALUES (1440953245747908608, '', 'contract_id_zz_test_flow_delivery_detail_contract_idRelation', 1440952815374569472, 1, 1440952815303266304, 1440953245664022528, 1440953245676605440, b'1', b'1', '2021-09-23 16:16:40', '2021-09-23 16:16:40');
COMMIT;

-- ----------------------------
-- Table structure for zz_online_datasource_table
-- ----------------------------
DROP TABLE IF EXISTS `zz_online_datasource_table`;
CREATE TABLE `zz_online_datasource_table` (
  `id` bigint NOT NULL COMMENT 'Id',
  `datasource_id` bigint NOT NULL COMMENT 'Id',
  `relation_id` bigint DEFAULT NULL COMMENT 'Id',
  `table_id` bigint NOT NULL COMMENT 'Id',
  PRIMARY KEY (`id`) USING BTREE,
  KEY `idx_relation_id` (`relation_id`) USING BTREE,
  KEY `idx_datasource_id` (`datasource_id`) USING BTREE,
  KEY `idx_table_id` (`table_id`) USING BTREE
) ENGINE=InnoDB DEFAULT CHARSET=utf8mb4 COLLATE=utf8mb4_bin;

-- ----------------------------
-- Records of zz_online_datasource_table
-- ----------------------------
BEGIN;
INSERT INTO `zz_online_datasource_table` VALUES (1440945228134486016, 1440945228130291712, NULL, 1440945228079960064);
INSERT INTO `zz_online_datasource_table` VALUES (1440946127535869952, 1440946127531675648, NULL, 1440946127460372480);
INSERT INTO `zz_online_datasource_table` VALUES (1440947089272999936, 1440946127531675648, 1440947089268805632, 1440947089218473984);
INSERT INTO `zz_online_datasource_table` VALUES (1440952815378763776, 1440952815374569472, NULL, 1440952815294877696);
INSERT INTO `zz_online_datasource_table` VALUES (1440952921121361920, 1440952815374569472, 1440952921117167616, 1440952921024892928);
INSERT INTO `zz_online_datasource_table` VALUES (1440952988540604416, 1440952815374569472, 1440952988536410112, 1440952988389609472);
INSERT INTO `zz_online_datasource_table` VALUES (1440953088981602304, 1440952815374569472, 1440953088977408000, 1440953088901910528);
INSERT INTO `zz_online_datasource_table` VALUES (1440953170594369536, 1440952815374569472, 1440953170590175232, 1440953170514677760);
INSERT INTO `zz_online_datasource_table` VALUES (1440953245752102912, 1440952815374569472, 1440953245747908608, 1440953245664022528);
INSERT INTO `zz_online_datasource_table` VALUES (1440958971195166720, 1440958971190972416, NULL, 1440958971128057856);
INSERT INTO `zz_online_datasource_table` VALUES (1440961208348839936, 1440961208344645633, NULL, 1440961208273342464);
INSERT INTO `zz_online_datasource_table` VALUES (1440962162775298048, 1440962162771103745, NULL, 1440962162712383488);
COMMIT;

-- ----------------------------
-- Table structure for zz_online_dblink
-- ----------------------------
DROP TABLE IF EXISTS `zz_online_dblink`;
CREATE TABLE `zz_online_dblink` (
  `dblink_id` bigint NOT NULL COMMENT 'Id',
  `dblink_name` varchar(64) CHARACTER SET utf8mb4 COLLATE utf8mb4_bin NOT NULL COMMENT '',
  `variable_name` varchar(64) CHARACTER SET utf8mb4 COLLATE utf8mb4_bin NOT NULL COMMENT '',
  `dblink_desc` varchar(512) CHARACTER SET utf8mb4 COLLATE utf8mb4_bin DEFAULT NULL COMMENT '',
  `dblink_config_constant` int NOT NULL COMMENT '',
  `create_time` datetime NOT NULL COMMENT '',
  PRIMARY KEY (`dblink_id`)
) ENGINE=InnoDB DEFAULT CHARSET=utf8mb4 COLLATE=utf8mb4_bin;

-- ----------------------------
-- Records of zz_online_dblink
-- ----------------------------
BEGIN;
INSERT INTO `zz_online_dblink` VALUES (1, 'first', 'first', '', 0, '2021-09-23 00:00:00');
COMMIT;

-- ----------------------------
-- Table structure for zz_online_dict
-- ----------------------------
DROP TABLE IF EXISTS `zz_online_dict`;
CREATE TABLE `zz_online_dict` (
  `dict_id` bigint NOT NULL COMMENT 'Id',
  `dict_name` varchar(64) CHARACTER SET utf8mb4 COLLATE utf8mb4_bin NOT NULL COMMENT '',
  `dict_type` int NOT NULL COMMENT '',
  `dblink_id` bigint DEFAULT NULL COMMENT 'Id',
  `table_name` varchar(64) CHARACTER SET utf8mb4 COLLATE utf8mb4_bin DEFAULT NULL COMMENT '',
  `key_column_name` varchar(64) CHARACTER SET utf8mb4 COLLATE utf8mb4_bin DEFAULT NULL COMMENT '',
  `parent_key_column_name` varchar(64) CHARACTER SET utf8mb4 COLLATE utf8mb4_bin DEFAULT NULL COMMENT '',
  `value_column_name` varchar(64) CHARACTER SET utf8mb4 COLLATE utf8mb4_bin DEFAULT NULL COMMENT '',
  `deleted_column_name` varchar(64) CHARACTER SET utf8mb4 COLLATE utf8mb4_bin DEFAULT NULL COMMENT '',
  `user_filter_column_name` varchar(64) CHARACTER SET utf8mb4 COLLATE utf8mb4_bin DEFAULT NULL COMMENT '',
  `dept_filter_column_name` varchar(64) CHARACTER SET utf8mb4 COLLATE utf8mb4_bin DEFAULT NULL COMMENT 'dept_filter_column_name',
  `tenant_filter_column_name` varchar(64) CHARACTER SET utf8mb4 COLLATE utf8mb4_bin DEFAULT NULL COMMENT '',
  `tree_flag` bit(1) NOT NULL COMMENT '',
  `dict_list_url` varchar(512) CHARACTER SET utf8mb4 COLLATE utf8mb4_bin DEFAULT NULL COMMENT 'url',
  `dict_ids_url` varchar(512) CHARACTER SET utf8mb4 COLLATE utf8mb4_bin DEFAULT NULL COMMENT 'idurl',
  `dict_data_json` text CHARACTER SET utf8mb4 COLLATE utf8mb4_bin COMMENT 'JSON',
  `update_time` datetime NOT NULL COMMENT '',
  `create_time` datetime NOT NULL COMMENT '',
  PRIMARY KEY (`dict_id`) USING BTREE
) ENGINE=InnoDB DEFAULT CHARSET=utf8mb4 COLLATE=utf8mb4_bin;

-- ----------------------------
-- Records of zz_online_dict
-- ----------------------------
BEGIN;
INSERT INTO `zz_online_dict` VALUES (1440943031288074240, '', 15, NULL, NULL, NULL, NULL, NULL, NULL, NULL, NULL, NULL, b'0', NULL, NULL, '{\"dictData\":[{\"type\":\"Integer\",\"id\":1,\"name\":\"\"},{\"type\":\"Integer\",\"id\":2,\"name\":\"\"},{\"type\":\"Integer\",\"id\":3,\"name\":\"\"}],\"paramList\":[]}', '2021-09-23 15:36:05', '2021-09-23 15:36:05');
INSERT INTO `zz_online_dict` VALUES (1440943168626364416, '', 15, NULL, NULL, NULL, NULL, NULL, NULL, NULL, NULL, NULL, b'0', NULL, NULL, '{\"dictData\":[{\"type\":\"Integer\",\"id\":1,\"name\":\"\"},{\"type\":\"Integer\",\"id\":2,\"name\":\"\"}],\"paramList\":[]}', '2021-09-23 15:36:37', '2021-09-23 15:36:37');
INSERT INTO `zz_online_dict` VALUES (1440943309924077568, '', 15, NULL, NULL, NULL, NULL, NULL, NULL, NULL, NULL, NULL, b'0', NULL, NULL, '{\"dictData\":[{\"type\":\"Integer\",\"id\":1,\"name\":\"\"},{\"type\":\"Integer\",\"id\":2,\"name\":\"\"}],\"paramList\":[]}', '2021-09-23 15:37:11', '2021-09-23 15:37:11');
INSERT INTO `zz_online_dict` VALUES (1440943452526219264, '', 1, 1, 'zz_test_flow_first_party', 'first_party_id', NULL, 'company_name', 'deleted_flag', NULL, NULL, NULL, b'0', NULL, NULL, '{\"paramList\":[]}', '2021-09-23 15:37:45', '2021-09-23 15:37:45');
INSERT INTO `zz_online_dict` VALUES (1440943955939168256, '', 1, 1, 'zz_test_flow_second_party', 'second_party_id', NULL, 'company_name', 'deleted_flag', NULL, NULL, NULL, b'0', NULL, NULL, '{\"paramList\":[]}', '2021-09-23 15:39:45', '2021-09-23 15:39:45');
INSERT INTO `zz_online_dict` VALUES (1440944049128214528, '', 1, 1, 'zz_test_flow_product', 'product_id', NULL, 'product_name', 'deleted_flag', NULL, NULL, NULL, b'0', NULL, NULL, '{\"paramList\":[]}', '2021-09-23 15:40:07', '2021-09-23 15:40:07');
INSERT INTO `zz_online_dict` VALUES (1440944184381935616, '', 15, NULL, NULL, NULL, NULL, NULL, NULL, NULL, NULL, NULL, b'0', NULL, NULL, '{\"dictData\":[{\"type\":\"Integer\",\"id\":1,\"name\":\"\"},{\"type\":\"Integer\",\"id\":2,\"name\":\"\"},{\"type\":\"Integer\",\"id\":3,\"name\":\"\"}],\"paramList\":[]}', '2021-09-23 15:40:40', '2021-09-23 15:40:40');
INSERT INTO `zz_online_dict` VALUES (1440944300799037440, '', 15, NULL, NULL, NULL, NULL, NULL, NULL, NULL, NULL, NULL, b'0', NULL, NULL, '{\"dictData\":[{\"type\":\"Integer\",\"id\":1,\"name\":\"\"},{\"type\":\"Integer\",\"id\":2,\"name\":\"\"}],\"paramList\":[]}', '2021-09-23 15:41:07', '2021-09-23 15:41:07');
INSERT INTO `zz_online_dict` VALUES (1440944417170001920, '', 1, 1, 'zz_sys_user', 'user_id', NULL, 'show_name', 'deleted_flag', NULL, NULL, NULL, b'0', NULL, NULL, '{\"paramList\":[]}', '2021-09-23 15:41:35', '2021-09-23 15:41:35');
COMMIT;

-- ----------------------------
-- Table structure for zz_online_form
-- ----------------------------
DROP TABLE IF EXISTS `zz_online_form`;
CREATE TABLE `zz_online_form` (
  `form_id` bigint NOT NULL COMMENT 'Id',
  `page_id` bigint NOT NULL COMMENT 'id',
  `form_code` varchar(32) CHARACTER SET utf8mb4 COLLATE utf8mb4_bin DEFAULT NULL COMMENT '',
  `form_name` varchar(64) CHARACTER SET utf8mb4 COLLATE utf8mb4_bin NOT NULL COMMENT '',
  `form_kind` int NOT NULL COMMENT '',
  `form_type` int NOT NULL COMMENT '',
  `master_table_id` bigint NOT NULL COMMENT 'id',
  `widget_json` mediumtext CHARACTER SET utf8mb4 COLLATE utf8mb4_bin COMMENT 'JSON',
  `params_json` text CHARACTER SET utf8mb4 COLLATE utf8mb4_bin COMMENT 'JSON',
  `update_time` datetime NOT NULL COMMENT '',
  `create_time` datetime NOT NULL COMMENT '',
  PRIMARY KEY (`form_id`) USING BTREE,
  UNIQUE KEY `uk_page_id_form_code` (`page_id`,`form_code`) USING BTREE
) ENGINE=InnoDB DEFAULT CHARSET=utf8mb4 COLLATE=utf8mb4_bin;

-- ----------------------------
-- Records of zz_online_form
-- ----------------------------
BEGIN;
INSERT INTO `zz_online_form` VALUES (1440945411354267648, 1440945149889744896, 'formFlowLeave', '', 5, 10, 1440945228079960064, '{\"formConfig\":{\"formKind\":5,\"formType\":10,\"gutter\":20,\"labelWidth\":120,\"labelPosition\":\"right\",\"width\":800,\"paramList\":[{\"columnName\":\"id\",\"primaryKey\":true,\"slaveClumn\":false,\"builtin\":true}]},\"widgetList\":[{\"widgetKind\":1,\"widgetType\":10,\"span\":24,\"placeholder\":\"\",\"id\":1632383156919,\"datasourceId\":\"1440945228130291712\",\"tableId\":\"1440945228079960064\",\"columnId\":\"1440945228105125888\",\"columnName\":\"leave_type\",\"showName\":\"\",\"variableName\":\"leaveType\",\"dictParamList\":[],\"queryParamList\":[],\"tableColumnList\":[]},{\"widgetKind\":1,\"widgetType\":20,\"span\":24,\"placeholder\":\"\",\"type\":\"date\",\"format\":\"yyyy-MM-dd\",\"valueFormat\":\"yyyy-MM-dd\",\"readOnly\":false,\"disabled\":false,\"id\":1632383163405,\"datasourceId\":\"1440945228130291712\",\"tableId\":\"1440945228079960064\",\"columnId\":\"1440945228113514496\",\"columnName\":\"leave_begin_time\",\"showName\":\"\",\"variableName\":\"leaveBeginTime\",\"dictParamList\":null,\"queryParamList\":[],\"tableColumnList\":[]},{\"widgetKind\":1,\"widgetType\":20,\"span\":24,\"placeholder\":\"\",\"type\":\"date\",\"format\":\"yyyy-MM-dd\",\"valueFormat\":\"yyyy-MM-dd\",\"readOnly\":false,\"disabled\":false,\"id\":1632383171595,\"datasourceId\":\"1440945228130291712\",\"tableId\":\"1440945228079960064\",\"columnId\":\"1440945228117708800\",\"columnName\":\"leave_end_time\",\"showName\":\"\",\"variableName\":\"leaveEndTime\",\"dictParamList\":null,\"queryParamList\":[],\"tableColumnList\":[]},{\"widgetKind\":1,\"widgetType\":1,\"span\":24,\"type\":\"textarea\",\"placeholder\":\"\",\"defaultValue\":\"\",\"minRows\":2,\"maxRows\":2,\"readOnly\":false,\"disabled\":false,\"id\":1632383177429,\"datasourceId\":\"1440945228130291712\",\"tableId\":\"1440945228079960064\",\"columnId\":\"1440945228100931584\",\"columnName\":\"leave_reason\",\"showName\":\"\",\"variableName\":\"leaveReason\",\"dictParamList\":null,\"queryParamList\":[],\"tableColumnList\":[]}]}', '[{\"autoIncrement\":false,\"columnComment\":\"Id\",\"columnId\":\"1440945228088348672\",\"columnName\":\"id\",\"columnShowOrder\":1,\"columnType\":\"bigint\",\"createTime\":\"2021-09-23 15:44:49\",\"deptFilter\":false,\"filterType\":0,\"fullColumnType\":\"bigint(20)\",\"nullable\":false,\"objectFieldName\":\"id\",\"objectFieldType\":\"Long\",\"parentKey\":false,\"primaryKey\":true,\"tableId\":\"1440945228079960064\",\"updateTime\":\"2021-09-23 15:44:49\",\"userFilter\":false}]', '2021-09-23 15:46:50', '2021-09-23 15:45:32');
INSERT INTO `zz_online_form` VALUES (1440945468593934336, 1440945149889744896, 'formOrderLeave', '', 5, 11, 1440945228079960064, '{\"formConfig\":{\"formKind\":5,\"formType\":11,\"gutter\":20,\"labelWidth\":100,\"labelPosition\":\"right\",\"width\":800,\"paramList\":[{\"columnName\":\"id\",\"primaryKey\":true,\"slaveClumn\":false,\"builtin\":true}],\"tableWidget\":{\"widgetKind\":2,\"widgetType\":100,\"span\":24,\"supportBottom\":0,\"tableInfo\":{\"paged\":true,\"optionColumnWidth\":150},\"titleColor\":\"#409EFF\",\"tableColumnList\":[{\"columnId\":\"1440945228092542976\",\"tableId\":\"1440945228079960064\",\"showName\":\"\",\"showOrder\":1,\"sortable\":false},{\"columnId\":\"1440945228105125888\",\"tableId\":\"1440945228079960064\",\"showName\":\"\",\"showOrder\":2,\"sortable\":false},{\"columnId\":\"1440945228113514496\",\"tableId\":\"1440945228079960064\",\"showName\":\"\",\"showOrder\":3,\"sortable\":false},{\"columnId\":\"1440945228117708800\",\"tableId\":\"1440945228079960064\",\"showName\":\"\",\"showOrder\":4,\"sortable\":false}],\"operationList\":[],\"queryParamList\":[],\"tableId\":\"1440945228079960064\",\"variableName\":\"formOrderLeave\",\"showName\":\"\",\"hasError\":false,\"datasourceId\":\"1440945228130291712\"}},\"widgetList\":[]}', '[{\"autoIncrement\":false,\"columnComment\":\"Id\",\"columnId\":\"1440945228088348672\",\"columnName\":\"id\",\"columnShowOrder\":1,\"columnType\":\"bigint\",\"createTime\":\"2021-09-23 15:44:49\",\"deptFilter\":false,\"filterType\":0,\"fullColumnType\":\"bigint(20)\",\"nullable\":false,\"objectFieldName\":\"id\",\"objectFieldType\":\"Long\",\"parentKey\":false,\"primaryKey\":true,\"tableId\":\"1440945228079960064\",\"updateTime\":\"2021-09-23 15:44:49\",\"userFilter\":false}]', '2021-09-23 17:56:51', '2021-09-23 15:45:46');
INSERT INTO `zz_online_form` VALUES (1440947675041107968, 1440946020174270464, 'formFlowSubmit', '', 5, 10, 1440946127460372480, '{\"formConfig\":{\"formKind\":5,\"formType\":10,\"gutter\":20,\"labelWidth\":100,\"labelPosition\":\"right\",\"width\":800,\"paramList\":[{\"columnName\":\"id\",\"primaryKey\":true,\"slaveClumn\":false,\"builtin\":true}]},\"widgetList\":[{\"widgetKind\":1,\"widgetType\":1,\"span\":12,\"type\":\"text\",\"placeholder\":\"\",\"defaultValue\":\"\",\"minRows\":2,\"maxRows\":2,\"readOnly\":false,\"disabled\":false,\"id\":1632383719604,\"datasourceId\":\"1440946127531675648\",\"tableId\":\"1440946127460372480\",\"columnId\":\"1440946127481344000\",\"columnName\":\"submit_name\",\"showName\":\"\",\"variableName\":\"submitName\",\"dictParamList\":null,\"queryParamList\":[],\"tableColumnList\":[],\"hasError\":false},{\"widgetKind\":1,\"widgetType\":10,\"span\":12,\"placeholder\":\"\",\"id\":1632383720428,\"datasourceId\":\"1440946127531675648\",\"tableId\":\"1440946127460372480\",\"columnId\":\"1440946127489732608\",\"columnName\":\"submit_kind\",\"showName\":\"\",\"variableName\":\"submitKind\",\"queryParamList\":[],\"tableColumnList\":[],\"hasError\":false},{\"widgetKind\":1,\"widgetType\":3,\"span\":12,\"defaultValue\":0,\"min\":0,\"step\":1,\"precision\":2,\"controlVisible\":1,\"controlPosition\":0,\"readOnly\":false,\"disabled\":false,\"id\":1632383724574,\"datasourceId\":\"1440946127531675648\",\"tableId\":\"1440946127460372480\",\"columnId\":\"1440946127493926912\",\"columnName\":\"total_amount\",\"showName\":\"\",\"variableName\":\"totalAmount\",\"dictParamList\":null,\"queryParamList\":[],\"tableColumnList\":[],\"hasError\":false},{\"widgetKind\":1,\"widgetType\":1,\"span\":12,\"type\":\"text\",\"placeholder\":\"\",\"defaultValue\":\"\",\"minRows\":2,\"maxRows\":2,\"readOnly\":false,\"disabled\":false,\"id\":1632383744379,\"datasourceId\":\"1440946127531675648\",\"tableId\":\"1440946127460372480\",\"columnId\":\"1440946127498121216\",\"columnName\":\"description\",\"showName\":\"\",\"variableName\":\"description\",\"dictParamList\":null,\"queryParamList\":[],\"tableColumnList\":[],\"hasError\":false},{\"widgetKind\":1,\"widgetType\":1,\"span\":24,\"type\":\"textarea\",\"placeholder\":\"\",\"defaultValue\":\"\",\"minRows\":2,\"maxRows\":2,\"readOnly\":false,\"disabled\":false,\"id\":1632383752809,\"datasourceId\":\"1440946127531675648\",\"tableId\":\"1440946127460372480\",\"columnId\":\"1440946127506509824\",\"columnName\":\"memo\",\"showName\":\"\",\"variableName\":\"memo\",\"dictParamList\":null,\"queryParamList\":[],\"tableColumnList\":[],\"hasError\":false},{\"widgetKind\":2,\"widgetType\":100,\"span\":24,\"supportBottom\":0,\"tableInfo\":{\"paged\":true,\"optionColumnWidth\":150},\"titleColor\":\"#409EFF\",\"tableColumnList\":[{\"columnId\":\"1440947089235251200\",\"tableId\":\"1440947089218473984\",\"showName\":\"\",\"showOrder\":1,\"sortable\":false,\"relationId\":\"1440947089268805632\",\"dataFieldName\":null},{\"columnId\":\"1440947089252028416\",\"tableId\":\"1440947089218473984\",\"showName\":\"\",\"showOrder\":2,\"sortable\":false,\"relationId\":\"1440947089268805632\",\"dataFieldName\":null},{\"columnId\":\"1440947089260417024\",\"tableId\":\"1440947089218473984\",\"showName\":\"\",\"showOrder\":3,\"sortable\":false,\"relationId\":\"1440947089268805632\",\"dataFieldName\":null},{\"columnId\":\"1440947089264611328\",\"tableId\":\"1440947089218473984\",\"showName\":\"\",\"showOrder\":4,\"sortable\":false,\"relationId\":\"1440947089268805632\",\"dataFieldName\":null}],\"operationList\":[{\"id\":1,\"type\":0,\"name\":\"\",\"enabled\":true,\"builtin\":true,\"rowOperation\":false,\"btnType\":\"primary\",\"plain\":false,\"formId\":\"1440947791881834496\"},{\"id\":2,\"type\":1,\"name\":\"\",\"enabled\":true,\"builtin\":true,\"rowOperation\":true,\"btnClass\":\"table-btn success\",\"formId\":\"1440947791881834496\"},{\"id\":3,\"type\":2,\"name\":\"\",\"enabled\":true,\"builtin\":true,\"rowOperation\":true,\"btnClass\":\"table-btn delete\"}],\"queryParamList\":[{\"tableId\":\"1440947089218473984\",\"columnId\":\"1440947089231056896\",\"paramValueType\":0,\"paramValue\":\"id\"}],\"id\":1632383762135,\"relationId\":\"1440947089268805632\",\"tableId\":\"1440947089218473984\",\"columnName\":\"id_zz_test_flow_submit_detail_submit_idRelation\",\"showName\":\"\",\"variableName\":\"id_zz_test_flow_submit_detail_submit_idRelation\",\"dictParamList\":null,\"hasError\":false}]}', '[{\"autoIncrement\":false,\"columnComment\":\"Id\",\"columnId\":\"1440946127468761088\",\"columnName\":\"id\",\"columnShowOrder\":1,\"columnType\":\"bigint\",\"createTime\":\"2021-09-23 15:48:23\",\"deptFilter\":false,\"filterType\":0,\"fullColumnType\":\"bigint(20)\",\"nullable\":false,\"objectFieldName\":\"id\",\"objectFieldType\":\"Long\",\"parentKey\":false,\"primaryKey\":true,\"tableId\":\"1440946127460372480\",\"updateTime\":\"2021-09-23 15:48:23\",\"userFilter\":false}]', '2021-09-23 15:58:07', '2021-09-23 15:54:32');
INSERT INTO `zz_online_form` VALUES (1440947791881834496, 1440946020174270464, 'formEditFlowSubmitDetail', '', 1, 5, 1440947089218473984, '{\"formConfig\":{\"formKind\":1,\"formType\":5,\"gutter\":20,\"labelWidth\":100,\"labelPosition\":\"right\",\"width\":800,\"paramList\":[{\"columnName\":\"id\",\"primaryKey\":true,\"slaveClumn\":false,\"builtin\":true}]},\"widgetList\":[{\"widgetKind\":1,\"widgetType\":10,\"span\":24,\"placeholder\":\"\",\"id\":1632383900080,\"datasourceId\":\"1440946127531675648\",\"relationId\":\"1440947089268805632\",\"tableId\":\"1440947089218473984\",\"columnId\":\"1440947089235251200\",\"columnName\":\"expense_type\",\"showName\":\"\",\"variableName\":\"expenseType\",\"dictParamList\":[],\"queryParamList\":[],\"tableColumnList\":[]},{\"widgetKind\":1,\"widgetType\":20,\"span\":24,\"placeholder\":\"\",\"type\":\"date\",\"format\":\"yyyy-MM-dd\",\"valueFormat\":\"yyyy-MM-dd\",\"readOnly\":false,\"disabled\":false,\"id\":1632383900902,\"datasourceId\":\"1440946127531675648\",\"relationId\":\"1440947089268805632\",\"tableId\":\"1440947089218473984\",\"columnId\":\"1440947089243639808\",\"columnName\":\"expense_time\",\"showName\":\"\",\"variableName\":\"expenseTime\",\"dictParamList\":null,\"queryParamList\":[],\"tableColumnList\":[]},{\"widgetKind\":1,\"widgetType\":3,\"span\":24,\"defaultValue\":0,\"min\":0,\"step\":1,\"precision\":2,\"controlVisible\":1,\"controlPosition\":0,\"readOnly\":false,\"disabled\":false,\"id\":1632383906027,\"datasourceId\":\"1440946127531675648\",\"relationId\":\"1440947089268805632\",\"tableId\":\"1440947089218473984\",\"columnId\":\"1440947089252028416\",\"columnName\":\"amount\",\"showName\":\"\",\"variableName\":\"amount\",\"dictParamList\":null,\"queryParamList\":[],\"tableColumnList\":[]},{\"widgetKind\":1,\"widgetType\":1,\"span\":24,\"type\":\"textarea\",\"placeholder\":\"\",\"defaultValue\":\"\",\"minRows\":2,\"maxRows\":4,\"readOnly\":false,\"disabled\":false,\"id\":1632383907850,\"datasourceId\":\"1440946127531675648\",\"relationId\":\"1440947089268805632\",\"tableId\":\"1440947089218473984\",\"columnId\":\"1440947089264611328\",\"columnName\":\"description\",\"showName\":\"\",\"variableName\":\"description\",\"dictParamList\":null,\"queryParamList\":[],\"tableColumnList\":[]},{\"widgetKind\":1,\"widgetType\":31,\"span\":24,\"isImage\":true,\"fileFieldName\":\"uploadFile\",\"actionUrl\":\"/admin/flow/flowOnlineOperation/upload\",\"downloadUrl\":\"/admin/flow/flowOnlineOperation/download\",\"id\":1632383908452,\"datasourceId\":\"1440946127531675648\",\"relationId\":\"1440947089268805632\",\"tableId\":\"1440947089218473984\",\"columnId\":\"1440947089260417024\",\"columnName\":\"image_url\",\"showName\":\"\",\"variableName\":\"imageUrl\",\"dictParamList\":null,\"queryParamList\":[],\"tableColumnList\":[]}]}', '[{\"autoIncrement\":false,\"columnComment\":\"Id\",\"columnId\":\"1440947089222668288\",\"columnName\":\"id\",\"columnShowOrder\":1,\"columnType\":\"bigint\",\"createTime\":\"2021-09-23 15:52:12\",\"deptFilter\":false,\"filterType\":0,\"fullColumnType\":\"bigint(20)\",\"nullable\":false,\"objectFieldName\":\"id\",\"objectFieldType\":\"Long\",\"parentKey\":false,\"primaryKey\":true,\"tableId\":\"1440947089218473984\",\"updateTime\":\"2021-09-23 15:52:12\",\"userFilter\":false}]', '2021-09-23 15:59:08', '2021-09-23 15:55:00');
INSERT INTO `zz_online_form` VALUES (1440954920348946432, 1440952710487609344, 'formFlowContract', '', 5, 10, 1440952815294877696, '{\"formConfig\":{\"formKind\":5,\"formType\":10,\"gutter\":20,\"labelWidth\":120,\"labelPosition\":\"right\",\"width\":800,\"paramList\":[{\"columnName\":\"contract_id\",\"primaryKey\":true,\"slaveClumn\":false,\"builtin\":true}]},\"widgetList\":[{\"widgetKind\":1,\"widgetType\":10,\"span\":12,\"placeholder\":\"\",\"id\":1632385543720,\"datasourceId\":\"1440952815374569472\",\"tableId\":\"1440952815294877696\",\"columnId\":\"1440952815307460608\",\"columnName\":\"first_party_id\",\"showName\":\"\",\"variableName\":\"firstPartyId\",\"queryParamList\":[],\"tableColumnList\":[],\"hasError\":false},{\"widgetKind\":1,\"widgetType\":10,\"span\":12,\"placeholder\":\"\",\"id\":1632385544316,\"datasourceId\":\"1440952815374569472\",\"tableId\":\"1440952815294877696\",\"columnId\":\"1440952815311654912\",\"columnName\":\"second_party_id\",\"showName\":\"\",\"variableName\":\"secondPartyId\",\"queryParamList\":[],\"tableColumnList\":[],\"hasError\":false},{\"widgetKind\":1,\"widgetType\":10,\"span\":12,\"placeholder\":\"\",\"id\":1632385545012,\"datasourceId\":\"1440952815374569472\",\"tableId\":\"1440952815294877696\",\"columnId\":\"1440952815315849216\",\"columnName\":\"contract_type\",\"showName\":\"\",\"variableName\":\"contractType\",\"queryParamList\":[],\"tableColumnList\":[],\"hasError\":false},{\"widgetKind\":1,\"widgetType\":10,\"span\":12,\"placeholder\":\"\",\"id\":1632385545729,\"datasourceId\":\"1440952815374569472\",\"tableId\":\"1440952815294877696\",\"columnId\":\"1440952815324237824\",\"columnName\":\"sales_id\",\"showName\":\"\",\"variableName\":\"salesId\",\"queryParamList\":[],\"tableColumnList\":[],\"hasError\":false},{\"widgetKind\":1,\"widgetType\":20,\"span\":12,\"placeholder\":\"\",\"type\":\"date\",\"format\":\"yyyy-MM-dd\",\"valueFormat\":\"yyyy-MM-dd\",\"readOnly\":false,\"disabled\":false,\"id\":1632385550074,\"datasourceId\":\"1440952815374569472\",\"tableId\":\"1440952815294877696\",\"columnId\":\"1440952815320043520\",\"columnName\":\"due_date\",\"showName\":\"\",\"variableName\":\"dueDate\",\"dictParamList\":null,\"queryParamList\":[],\"tableColumnList\":[],\"hasError\":false},{\"widgetKind\":1,\"widgetType\":3,\"span\":12,\"defaultValue\":0,\"min\":0,\"step\":1,\"precision\":2,\"controlVisible\":1,\"controlPosition\":0,\"readOnly\":false,\"disabled\":false,\"id\":1632385552142,\"datasourceId\":\"1440952815374569472\",\"tableId\":\"1440952815294877696\",\"columnId\":\"1440952815332626432\",\"columnName\":\"commission_rate\",\"showName\":\"\",\"variableName\":\"commissionRate\",\"dictParamList\":null,\"queryParamList\":[],\"tableColumnList\":[],\"hasError\":false},{\"widgetKind\":1,\"widgetType\":31,\"span\":12,\"isImage\":false,\"fileFieldName\":\"uploadFile\",\"actionUrl\":\"/admin/flow/flowOnlineOperation/upload\",\"downloadUrl\":\"/admin/flow/flowOnlineOperation/download\",\"id\":1632385586521,\"datasourceId\":\"1440952815374569472\",\"tableId\":\"1440952815294877696\",\"columnId\":\"1440952815336820736\",\"columnName\":\"attachment\",\"showName\":\"\",\"variableName\":\"attachment\",\"dictParamList\":null,\"queryParamList\":[],\"tableColumnList\":[],\"hasError\":false},{\"widgetKind\":1,\"widgetType\":31,\"span\":12,\"isImage\":false,\"fileFieldName\":\"uploadFile\",\"actionUrl\":\"/admin/flow/flowOnlineOperation/upload\",\"downloadUrl\":\"/admin/flow/flowOnlineOperation/download\",\"id\":1632385587136,\"datasourceId\":\"1440952815374569472\",\"tableId\":\"1440952815294877696\",\"columnId\":\"1440952815341015040\",\"columnName\":\"security_attachment\",\"showName\":\"\",\"variableName\":\"securityAttachment\",\"dictParamList\":null,\"queryParamList\":[],\"tableColumnList\":[],\"hasError\":false},{\"widgetKind\":1,\"widgetType\":31,\"span\":12,\"isImage\":false,\"fileFieldName\":\"uploadFile\",\"actionUrl\":\"/admin/flow/flowOnlineOperation/upload\",\"downloadUrl\":\"/admin/flow/flowOnlineOperation/download\",\"id\":1632385587746,\"datasourceId\":\"1440952815374569472\",\"tableId\":\"1440952815294877696\",\"columnId\":\"1440952815345209344\",\"columnName\":\"intellectual_property_attachment\",\"showName\":\"\",\"variableName\":\"intellectualPropertyAttachment\",\"dictParamList\":null,\"queryParamList\":[],\"tableColumnList\":[],\"hasError\":false},{\"widgetKind\":1,\"widgetType\":31,\"span\":12,\"isImage\":false,\"fileFieldName\":\"uploadFile\",\"actionUrl\":\"/admin/flow/flowOnlineOperation/upload\",\"downloadUrl\":\"/admin/flow/flowOnlineOperation/download\",\"id\":1632385589128,\"datasourceId\":\"1440952815374569472\",\"tableId\":\"1440952815294877696\",\"columnId\":\"1440952815349403648\",\"columnName\":\"other_attachment\",\"showName\":\"\",\"variableName\":\"otherAttachment\",\"dictParamList\":null,\"queryParamList\":[],\"tableColumnList\":[],\"hasError\":false},{\"widgetKind\":2,\"widgetType\":100,\"span\":24,\"supportBottom\":1,\"tableInfo\":{\"paged\":true,\"optionColumnWidth\":150},\"titleColor\":\"#409EFF\",\"tableColumnList\":[{\"columnId\":\"1440953088922882048\",\"tableId\":\"1440953088901910528\",\"showName\":\"\",\"showOrder\":1,\"sortable\":false,\"relationId\":\"1440953088977408000\",\"dataFieldName\":null},{\"columnId\":\"1440953088927076352\",\"tableId\":\"1440953088901910528\",\"showName\":\"\",\"showOrder\":2,\"sortable\":false,\"relationId\":\"1440953088977408000\",\"dataFieldName\":null},{\"columnId\":\"1440953088935464960\",\"tableId\":\"1440953088901910528\",\"showName\":\"\",\"showOrder\":3,\"sortable\":false,\"relationId\":\"1440953088977408000\",\"dataFieldName\":null},{\"columnId\":\"1440953088939659264\",\"tableId\":\"1440953088901910528\",\"showName\":\"\",\"showOrder\":4,\"sortable\":false,\"relationId\":\"1440953088977408000\",\"dataFieldName\":null}],\"operationList\":[{\"id\":1,\"type\":0,\"name\":\"\",\"enabled\":true,\"builtin\":true,\"rowOperation\":false,\"btnType\":\"primary\",\"plain\":false,\"formId\":\"1440955295755931648\"},{\"id\":2,\"type\":1,\"name\":\"\",\"enabled\":true,\"builtin\":true,\"rowOperation\":true,\"btnClass\":\"table-btn success\",\"formId\":\"1440955295755931648\"},{\"id\":3,\"type\":2,\"name\":\"\",\"enabled\":true,\"builtin\":true,\"rowOperation\":true,\"btnClass\":\"table-btn delete\"}],\"queryParamList\":[{\"tableId\":\"1440953088901910528\",\"columnId\":\"1440953088918687744\",\"paramValueType\":1,\"paramValue\":\"1440952815303266304\"}],\"id\":1632385613866,\"relationId\":\"1440953088977408000\",\"tableId\":\"1440953088901910528\",\"columnName\":\"contract_id_zz_test_flow_contract_detail_contract_idRelation\",\"showName\":\"\",\"variableName\":\"contract_id_zz_test_flow_contract_detail_contract_idRelation\",\"dictParamList\":null,\"hasError\":false},{\"widgetKind\":2,\"widgetType\":100,\"span\":24,\"supportBottom\":1,\"tableInfo\":{\"paged\":true,\"optionColumnWidth\":150},\"titleColor\":\"#409EFF\",\"tableColumnList\":[{\"columnId\":\"1440953245684994048\",\"tableId\":\"1440953245664022528\",\"showName\":\"\",\"showOrder\":1,\"sortable\":false,\"relationId\":\"1440953245747908608\",\"dataFieldName\":null},{\"columnId\":\"1440953245697576960\",\"tableId\":\"1440953245664022528\",\"showName\":\"\",\"showOrder\":2,\"sortable\":false,\"relationId\":\"1440953245747908608\",\"dataFieldName\":null},{\"columnId\":\"1440953245705965568\",\"tableId\":\"1440953245664022528\",\"showName\":\"\",\"showOrder\":3,\"sortable\":false,\"relationId\":\"1440953245747908608\",\"dataFieldName\":null},{\"columnId\":\"1440953245718548480\",\"tableId\":\"1440953245664022528\",\"showName\":\"\",\"showOrder\":4,\"sortable\":false,\"relationId\":\"1440953245747908608\",\"dataFieldName\":null}],\"operationList\":[{\"id\":1,\"type\":0,\"name\":\"\",\"enabled\":true,\"builtin\":true,\"rowOperation\":false,\"btnType\":\"primary\",\"plain\":false,\"formId\":\"1440955424638504960\"},{\"id\":2,\"type\":1,\"name\":\"\",\"enabled\":true,\"builtin\":true,\"rowOperation\":true,\"btnClass\":\"table-btn success\",\"formId\":\"1440955424638504960\"},{\"id\":3,\"type\":2,\"name\":\"\",\"enabled\":true,\"builtin\":true,\"rowOperation\":true,\"btnClass\":\"table-btn delete\"}],\"queryParamList\":[{\"tableId\":\"1440953245664022528\",\"columnId\":\"1440953245676605440\",\"paramValueType\":1,\"paramValue\":\"1440952815303266304\"}],\"id\":1632385617093,\"relationId\":\"1440953245747908608\",\"tableId\":\"1440953245664022528\",\"columnName\":\"contract_id_zz_test_flow_delivery_detail_contract_idRelation\",\"showName\":\"\",\"variableName\":\"contract_id_zz_test_flow_delivery_detail_contract_idRelation\",\"dictParamList\":null,\"hasError\":false},{\"widgetKind\":2,\"widgetType\":100,\"span\":24,\"supportBottom\":0,\"tableInfo\":{\"paged\":true,\"optionColumnWidth\":150},\"titleColor\":\"#409EFF\",\"tableColumnList\":[{\"columnId\":\"1440953170535649280\",\"tableId\":\"1440953170514677760\",\"showName\":\"\",\"showOrder\":1,\"sortable\":false,\"relationId\":\"1440953170590175232\",\"dataFieldName\":null},{\"columnId\":\"1440953170539843584\",\"tableId\":\"1440953170514677760\",\"showName\":\"\",\"showOrder\":2,\"sortable\":false,\"relationId\":\"1440953170590175232\",\"dataFieldName\":null},{\"columnId\":\"1440953170548232192\",\"tableId\":\"1440953170514677760\",\"showName\":\"%\",\"showOrder\":3,\"sortable\":false,\"relationId\":\"1440953170590175232\",\"dataFieldName\":null},{\"columnId\":\"1440953170552426496\",\"tableId\":\"1440953170514677760\",\"showName\":\"\",\"showOrder\":4,\"sortable\":false,\"relationId\":\"1440953170590175232\",\"dataFieldName\":null}],\"operationList\":[{\"id\":1,\"type\":0,\"name\":\"\",\"enabled\":true,\"builtin\":true,\"rowOperation\":false,\"btnType\":\"primary\",\"plain\":false,\"formId\":\"1440955361006718976\"},{\"id\":2,\"type\":1,\"name\":\"\",\"enabled\":true,\"builtin\":true,\"rowOperation\":true,\"btnClass\":\"table-btn success\",\"formId\":\"1440955361006718976\"},{\"id\":3,\"type\":2,\"name\":\"\",\"enabled\":true,\"builtin\":true,\"rowOperation\":true,\"btnClass\":\"table-btn delete\"}],\"queryParamList\":[{\"tableId\":\"1440953170514677760\",\"columnId\":\"1440953170531454976\",\"paramValueType\":1,\"paramValue\":\"1440952815303266304\"}],\"id\":1632385617965,\"relationId\":\"1440953170590175232\",\"tableId\":\"1440953170514677760\",\"columnName\":\"contract_id_zz_test_flow_pay_detail_contract_idRelation\",\"showName\":\"\",\"variableName\":\"contract_id_zz_test_flow_pay_detail_contract_idRelation\",\"dictParamList\":null,\"hasError\":false}]}', '[{\"autoIncrement\":false,\"columnComment\":\"Id\",\"columnId\":\"1440952815303266304\",\"columnName\":\"contract_id\",\"columnShowOrder\":1,\"columnType\":\"bigint\",\"createTime\":\"2021-09-23 16:14:57\",\"deptFilter\":false,\"filterType\":0,\"fullColumnType\":\"bigint(20)\",\"nullable\":false,\"objectFieldName\":\"contractId\",\"objectFieldType\":\"Long\",\"parentKey\":false,\"primaryKey\":true,\"tableId\":\"1440952815294877696\",\"updateTime\":\"2021-09-23 16:14:57\",\"userFilter\":false}]', '2021-09-24 09:36:35', '2021-09-23 16:23:19');
INSERT INTO `zz_online_form` VALUES (1440955001093492736, 1440952710487609344, 'formFlowContractLaw', '', 5, 10, 1440952815294877696, '{\"formConfig\":{\"formKind\":5,\"formType\":10,\"gutter\":20,\"labelWidth\":120,\"labelPosition\":\"right\",\"width\":800,\"paramList\":[{\"columnName\":\"contract_id\",\"primaryKey\":true,\"slaveClumn\":false,\"builtin\":true}]},\"widgetList\":[{\"widgetKind\":2,\"widgetType\":40,\"span\":24,\"position\":\"center\",\"id\":1632385804854,\"columnName\":\"divider\",\"showName\":\"\",\"variableName\":\"divider\",\"dictParamList\":null,\"queryParamList\":[],\"tableColumnList\":[]},{\"widgetKind\":1,\"widgetType\":1,\"span\":12,\"type\":\"text\",\"placeholder\":\"\",\"defaultValue\":\"\",\"minRows\":2,\"maxRows\":2,\"readOnly\":false,\"disabled\":false,\"id\":1632385840611,\"datasourceId\":\"1440952815374569472\",\"relationId\":\"1440952921117167616\",\"tableId\":\"1440952921024892928\",\"columnId\":\"1440952921041670144\",\"columnName\":\"company_name\",\"showName\":\"\",\"variableName\":\"companyName\",\"dictParamList\":null,\"queryParamList\":[],\"tableColumnList\":[]},{\"widgetKind\":1,\"widgetType\":1,\"span\":12,\"type\":\"text\",\"placeholder\":\"\",\"defaultValue\":\"\",\"minRows\":2,\"maxRows\":2,\"readOnly\":false,\"disabled\":false,\"id\":1632385850871,\"datasourceId\":\"1440952815374569472\",\"relationId\":\"1440952921117167616\",\"tableId\":\"1440952921024892928\",\"columnId\":\"1440952921066835968\",\"columnName\":\"contact_info\",\"showName\":\"\",\"variableName\":\"contactInfo\",\"dictParamList\":null,\"queryParamList\":[],\"tableColumnList\":[]},{\"widgetKind\":1,\"widgetType\":1,\"span\":24,\"type\":\"textarea\",\"placeholder\":\"\",\"defaultValue\":\"\",\"minRows\":2,\"maxRows\":2,\"readOnly\":false,\"disabled\":false,\"id\":1632385854474,\"datasourceId\":\"1440952815374569472\",\"relationId\":\"1440952921117167616\",\"tableId\":\"1440952921024892928\",\"columnId\":\"1440952921058447360\",\"columnName\":\"registry_address\",\"showName\":\"\",\"variableName\":\"registryAddress\",\"dictParamList\":null,\"queryParamList\":[],\"tableColumnList\":[]},{\"widgetKind\":1,\"widgetType\":1,\"span\":24,\"type\":\"textarea\",\"placeholder\":\"\",\"defaultValue\":\"\",\"minRows\":2,\"maxRows\":2,\"readOnly\":false,\"disabled\":false,\"id\":1632385855796,\"datasourceId\":\"1440952815374569472\",\"relationId\":\"1440952921117167616\",\"tableId\":\"1440952921024892928\",\"columnId\":\"1440952921079418880\",\"columnName\":\"business_scope\",\"showName\":\"\",\"variableName\":\"businessScope\",\"dictParamList\":null,\"queryParamList\":[],\"tableColumnList\":[]},{\"widgetKind\":2,\"widgetType\":40,\"span\":24,\"position\":\"center\",\"id\":1632385870258,\"columnName\":\"divider\",\"showName\":\"\",\"variableName\":\"divider1\",\"dictParamList\":null,\"queryParamList\":[],\"tableColumnList\":[]},{\"widgetKind\":1,\"widgetType\":1,\"span\":12,\"type\":\"text\",\"placeholder\":\"\",\"defaultValue\":\"\",\"minRows\":2,\"maxRows\":2,\"readOnly\":false,\"disabled\":false,\"id\":1632385881057,\"datasourceId\":\"1440952815374569472\",\"relationId\":\"1440952988536410112\",\"tableId\":\"1440952988389609472\",\"columnId\":\"1440952988406386688\",\"columnName\":\"company_name\",\"showName\":\"\",\"variableName\":\"companyName1\",\"dictParamList\":null,\"queryParamList\":[],\"tableColumnList\":[]},{\"widgetKind\":1,\"widgetType\":1,\"span\":12,\"type\":\"text\",\"placeholder\":\"\",\"defaultValue\":\"\",\"minRows\":2,\"maxRows\":2,\"readOnly\":false,\"disabled\":false,\"id\":1632385882845,\"datasourceId\":\"1440952815374569472\",\"relationId\":\"1440952988536410112\",\"tableId\":\"1440952988389609472\",\"columnId\":\"1440952988486078464\",\"columnName\":\"contact_info\",\"showName\":\"\",\"variableName\":\"contactInfo1\",\"dictParamList\":null,\"queryParamList\":[],\"tableColumnList\":[]},{\"widgetKind\":1,\"widgetType\":1,\"span\":24,\"type\":\"textarea\",\"placeholder\":\"\",\"defaultValue\":\"\",\"minRows\":2,\"maxRows\":2,\"readOnly\":false,\"disabled\":false,\"id\":1632385886068,\"datasourceId\":\"1440952815374569472\",\"relationId\":\"1440952988536410112\",\"tableId\":\"1440952988389609472\",\"columnId\":\"1440952988473495552\",\"columnName\":\"registry_address\",\"showName\":\"\",\"variableName\":\"registryAddress1\",\"dictParamList\":null,\"queryParamList\":[],\"tableColumnList\":[]},{\"widgetKind\":1,\"widgetType\":1,\"span\":24,\"type\":\"textarea\",\"placeholder\":\"\",\"defaultValue\":\"\",\"minRows\":2,\"maxRows\":2,\"readOnly\":false,\"disabled\":false,\"id\":1632385886979,\"datasourceId\":\"1440952815374569472\",\"relationId\":\"1440952988536410112\",\"tableId\":\"1440952988389609472\",\"columnId\":\"1440952988494467072\",\"columnName\":\"business_scope\",\"showName\":\"\",\"variableName\":\"businessScope1\",\"dictParamList\":null,\"queryParamList\":[],\"tableColumnList\":[]},{\"widgetKind\":2,\"widgetType\":40,\"span\":24,\"position\":\"center\",\"id\":1632385900924,\"columnName\":\"divider\",\"showName\":\"\",\"variableName\":\"divider2\",\"dictParamList\":null,\"queryParamList\":[],\"tableColumnList\":[]},{\"widgetKind\":1,\"widgetType\":10,\"span\":12,\"placeholder\":\"\",\"id\":1632385921859,\"datasourceId\":\"1440952815374569472\",\"tableId\":\"1440952815294877696\",\"columnId\":\"1440952815315849216\",\"columnName\":\"contract_type\",\"showName\":\"\",\"variableName\":\"contractType\",\"readOnly\":true,\"dictParamList\":[],\"queryParamList\":[],\"tableColumnList\":[]},{\"widgetKind\":1,\"widgetType\":20,\"span\":12,\"placeholder\":\"\",\"type\":\"date\",\"format\":\"yyyy-MM-dd\",\"valueFormat\":\"yyyy-MM-dd\",\"readOnly\":true,\"disabled\":false,\"id\":1632385943091,\"datasourceId\":\"1440952815374569472\",\"tableId\":\"1440952815294877696\",\"columnId\":\"1440952815320043520\",\"columnName\":\"due_date\",\"showName\":\"\",\"variableName\":\"dueDate\",\"dictParamList\":null,\"queryParamList\":[],\"tableColumnList\":[]},{\"widgetKind\":1,\"widgetType\":31,\"span\":12,\"isImage\":false,\"fileFieldName\":\"uploadFile\",\"actionUrl\":\"/admin/flow/flowOnlineOperation/upload\",\"downloadUrl\":\"/admin/flow/flowOnlineOperation/download\",\"id\":1632385951296,\"datasourceId\":\"1440952815374569472\",\"tableId\":\"1440952815294877696\",\"columnId\":\"1440952815336820736\",\"columnName\":\"attachment\",\"showName\":\"\",\"variableName\":\"attachment\",\"dictParamList\":null,\"queryParamList\":[],\"tableColumnList\":[]},{\"widgetKind\":1,\"widgetType\":31,\"span\":12,\"isImage\":false,\"fileFieldName\":\"uploadFile\",\"actionUrl\":\"/admin/flow/flowOnlineOperation/upload\",\"downloadUrl\":\"/admin/flow/flowOnlineOperation/download\",\"id\":1632385954049,\"datasourceId\":\"1440952815374569472\",\"tableId\":\"1440952815294877696\",\"columnId\":\"1440952815341015040\",\"columnName\":\"security_attachment\",\"showName\":\"\",\"variableName\":\"securityAttachment\",\"dictParamList\":null,\"queryParamList\":[],\"tableColumnList\":[]},{\"widgetKind\":1,\"widgetType\":31,\"span\":12,\"isImage\":false,\"fileFieldName\":\"uploadFile\",\"actionUrl\":\"/admin/flow/flowOnlineOperation/upload\",\"downloadUrl\":\"/admin/flow/flowOnlineOperation/download\",\"id\":1632385954722,\"datasourceId\":\"1440952815374569472\",\"tableId\":\"1440952815294877696\",\"columnId\":\"1440952815345209344\",\"columnName\":\"intellectual_property_attachment\",\"showName\":\"\",\"variableName\":\"intellectualPropertyAttachment\",\"dictParamList\":null,\"queryParamList\":[],\"tableColumnList\":[]},{\"widgetKind\":1,\"widgetType\":31,\"span\":12,\"isImage\":false,\"fileFieldName\":\"uploadFile\",\"actionUrl\":\"/admin/flow/flowOnlineOperation/upload\",\"downloadUrl\":\"/admin/flow/flowOnlineOperation/download\",\"id\":1632385955926,\"datasourceId\":\"1440952815374569472\",\"tableId\":\"1440952815294877696\",\"columnId\":\"1440952815349403648\",\"columnName\":\"other_attachment\",\"showName\":\"\",\"variableName\":\"otherAttachment\",\"dictParamList\":null,\"queryParamList\":[],\"tableColumnList\":[]}]}', '[{\"autoIncrement\":false,\"columnComment\":\"Id\",\"columnId\":\"1440952815303266304\",\"columnName\":\"contract_id\",\"columnShowOrder\":1,\"columnType\":\"bigint\",\"createTime\":\"2021-09-23 16:14:57\",\"deptFilter\":false,\"filterType\":0,\"fullColumnType\":\"bigint(20)\",\"nullable\":false,\"objectFieldName\":\"contractId\",\"objectFieldType\":\"Long\",\"parentKey\":false,\"primaryKey\":true,\"tableId\":\"1440952815294877696\",\"updateTime\":\"2021-09-23 16:14:57\",\"userFilter\":false}]', '2021-09-23 16:32:45', '2021-09-23 16:23:39');
INSERT INTO `zz_online_form` VALUES (1440955127790833664, 1440952710487609344, 'formFlowContractPay', '', 5, 10, 1440952815294877696, '{\"formConfig\":{\"formKind\":5,\"formType\":10,\"gutter\":20,\"labelWidth\":100,\"labelPosition\":\"right\",\"width\":800,\"paramList\":[{\"columnName\":\"contract_id\",\"primaryKey\":true,\"slaveClumn\":false,\"builtin\":true}]},\"widgetList\":[{\"widgetKind\":1,\"widgetType\":10,\"span\":12,\"placeholder\":\"\",\"id\":1632385985050,\"datasourceId\":\"1440952815374569472\",\"tableId\":\"1440952815294877696\",\"columnId\":\"1440952815307460608\",\"columnName\":\"first_party_id\",\"showName\":\"\",\"variableName\":\"firstPartyId\",\"queryParamList\":[],\"tableColumnList\":[],\"hasError\":false},{\"widgetKind\":1,\"widgetType\":10,\"span\":12,\"placeholder\":\"\",\"id\":1632385985722,\"datasourceId\":\"1440952815374569472\",\"tableId\":\"1440952815294877696\",\"columnId\":\"1440952815311654912\",\"columnName\":\"second_party_id\",\"showName\":\"\",\"variableName\":\"secondPartyId\",\"queryParamList\":[],\"tableColumnList\":[],\"hasError\":false},{\"widgetKind\":1,\"widgetType\":10,\"span\":12,\"placeholder\":\"\",\"id\":1632385986562,\"datasourceId\":\"1440952815374569472\",\"tableId\":\"1440952815294877696\",\"columnId\":\"1440952815315849216\",\"columnName\":\"contract_type\",\"showName\":\"\",\"variableName\":\"contractType\",\"queryParamList\":[],\"tableColumnList\":[],\"hasError\":false},{\"widgetKind\":1,\"widgetType\":10,\"span\":12,\"placeholder\":\"\",\"id\":1632385987354,\"datasourceId\":\"1440952815374569472\",\"tableId\":\"1440952815294877696\",\"columnId\":\"1440952815324237824\",\"columnName\":\"sales_id\",\"showName\":\"\",\"variableName\":\"salesId\",\"queryParamList\":[],\"tableColumnList\":[],\"hasError\":false},{\"widgetKind\":1,\"widgetType\":20,\"span\":12,\"placeholder\":\"\",\"type\":\"date\",\"format\":\"yyyy-MM-dd\",\"valueFormat\":\"yyyy-MM-dd\",\"readOnly\":false,\"disabled\":false,\"id\":1632385998420,\"datasourceId\":\"1440952815374569472\",\"tableId\":\"1440952815294877696\",\"columnId\":\"1440952815320043520\",\"columnName\":\"due_date\",\"showName\":\"\",\"variableName\":\"dueDate\",\"dictParamList\":null,\"queryParamList\":[],\"tableColumnList\":[],\"hasError\":false},{\"widgetKind\":2,\"widgetType\":100,\"span\":24,\"supportBottom\":0,\"tableInfo\":{\"paged\":true,\"optionColumnWidth\":150},\"titleColor\":\"#409EFF\",\"tableColumnList\":[{\"columnId\":\"1440953170535649280\",\"tableId\":\"1440953170514677760\",\"showName\":\"\",\"showOrder\":1,\"sortable\":false,\"relationId\":\"1440953170590175232\",\"dataFieldName\":null},{\"columnId\":\"1440953170539843584\",\"tableId\":\"1440953170514677760\",\"showName\":\"\",\"showOrder\":2,\"sortable\":false,\"relationId\":\"1440953170590175232\",\"dataFieldName\":null},{\"columnId\":\"1440953170548232192\",\"tableId\":\"1440953170514677760\",\"showName\":\"%\",\"showOrder\":3,\"sortable\":false,\"relationId\":\"1440953170590175232\",\"dataFieldName\":null},{\"columnId\":\"1440953170552426496\",\"tableId\":\"1440953170514677760\",\"showName\":\"\",\"showOrder\":4,\"sortable\":false,\"relationId\":\"1440953170590175232\",\"dataFieldName\":null}],\"operationList\":[{\"id\":1,\"type\":0,\"name\":\"\",\"enabled\":false,\"builtin\":true,\"rowOperation\":false,\"btnType\":\"primary\",\"plain\":false},{\"id\":2,\"type\":1,\"name\":\"\",\"enabled\":false,\"builtin\":true,\"rowOperation\":true,\"btnClass\":\"table-btn success\"},{\"id\":3,\"type\":2,\"name\":\"\",\"enabled\":false,\"builtin\":true,\"rowOperation\":true,\"btnClass\":\"table-btn delete\"}],\"queryParamList\":[{\"tableId\":\"1440953170514677760\",\"columnId\":\"1440953170531454976\",\"paramValueType\":1,\"paramValue\":\"1440952815303266304\"}],\"id\":1632386005350,\"relationId\":\"1440953170590175232\",\"tableId\":\"1440953170514677760\",\"columnName\":\"contract_id_zz_test_flow_pay_detail_contract_idRelation\",\"showName\":\"\",\"variableName\":\"contract_id_zz_test_flow_pay_detail_contract_idRelation\",\"dictParamList\":null,\"hasError\":false}]}', '[{\"autoIncrement\":false,\"columnComment\":\"Id\",\"columnId\":\"1440952815303266304\",\"columnName\":\"contract_id\",\"columnShowOrder\":1,\"columnType\":\"bigint\",\"createTime\":\"2021-09-23 16:14:57\",\"deptFilter\":false,\"filterType\":0,\"fullColumnType\":\"bigint(20)\",\"nullable\":false,\"objectFieldName\":\"contractId\",\"objectFieldType\":\"Long\",\"parentKey\":false,\"primaryKey\":true,\"tableId\":\"1440952815294877696\",\"updateTime\":\"2021-09-23 16:14:57\",\"userFilter\":false}]', '2021-09-23 16:45:43', '2021-09-23 16:24:09');
INSERT INTO `zz_online_form` VALUES (1440955194991972352, 1440952710487609344, 'formFlowContractDetail', '', 5, 10, 1440952815294877696, '{\"formConfig\":{\"formKind\":5,\"formType\":10,\"gutter\":20,\"labelWidth\":100,\"labelPosition\":\"right\",\"width\":800,\"paramList\":[{\"columnName\":\"contract_id\",\"primaryKey\":true,\"slaveClumn\":false,\"builtin\":true}]},\"widgetList\":[{\"widgetKind\":1,\"widgetType\":10,\"span\":12,\"placeholder\":\"\",\"id\":1632386076617,\"datasourceId\":\"1440952815374569472\",\"tableId\":\"1440952815294877696\",\"columnId\":\"1440952815307460608\",\"columnName\":\"first_party_id\",\"showName\":\"\",\"variableName\":\"firstPartyId\",\"queryParamList\":[],\"tableColumnList\":[],\"hasError\":false},{\"widgetKind\":1,\"widgetType\":10,\"span\":12,\"placeholder\":\"\",\"id\":1632386077249,\"datasourceId\":\"1440952815374569472\",\"tableId\":\"1440952815294877696\",\"columnId\":\"1440952815311654912\",\"columnName\":\"second_party_id\",\"showName\":\"\",\"variableName\":\"secondPartyId\",\"queryParamList\":[],\"tableColumnList\":[],\"hasError\":false},{\"widgetKind\":1,\"widgetType\":10,\"span\":12,\"placeholder\":\"\",\"id\":1632386077906,\"datasourceId\":\"1440952815374569472\",\"tableId\":\"1440952815294877696\",\"columnId\":\"1440952815315849216\",\"columnName\":\"contract_type\",\"showName\":\"\",\"variableName\":\"contractType\",\"queryParamList\":[],\"tableColumnList\":[],\"hasError\":false},{\"widgetKind\":1,\"widgetType\":10,\"span\":12,\"placeholder\":\"\",\"id\":1632386078973,\"datasourceId\":\"1440952815374569472\",\"tableId\":\"1440952815294877696\",\"columnId\":\"1440952815324237824\",\"columnName\":\"sales_id\",\"showName\":\"\",\"variableName\":\"salesId\",\"queryParamList\":[],\"tableColumnList\":[],\"hasError\":false},{\"widgetKind\":1,\"widgetType\":20,\"span\":12,\"placeholder\":\"\",\"type\":\"date\",\"format\":\"yyyy-MM-dd\",\"valueFormat\":\"yyyy-MM-dd\",\"readOnly\":false,\"disabled\":false,\"id\":1632386079478,\"datasourceId\":\"1440952815374569472\",\"tableId\":\"1440952815294877696\",\"columnId\":\"1440952815320043520\",\"columnName\":\"due_date\",\"showName\":\"\",\"variableName\":\"dueDate\",\"dictParamList\":null,\"queryParamList\":[],\"tableColumnList\":[],\"hasError\":false},{\"widgetKind\":2,\"widgetType\":100,\"span\":24,\"supportBottom\":0,\"tableInfo\":{\"paged\":true,\"optionColumnWidth\":150},\"titleColor\":\"#409EFF\",\"tableColumnList\":[{\"columnId\":\"1440953088922882048\",\"tableId\":\"1440953088901910528\",\"showName\":\"\",\"showOrder\":1,\"sortable\":false,\"relationId\":\"1440953088977408000\",\"dataFieldName\":null},{\"columnId\":\"1440953088927076352\",\"tableId\":\"1440953088901910528\",\"showName\":\"\",\"showOrder\":2,\"sortable\":false,\"relationId\":\"1440953088977408000\",\"dataFieldName\":null},{\"columnId\":\"1440953088935464960\",\"tableId\":\"1440953088901910528\",\"showName\":\"\",\"showOrder\":3,\"sortable\":false,\"relationId\":\"1440953088977408000\",\"dataFieldName\":null},{\"columnId\":\"1440953088939659264\",\"tableId\":\"1440953088901910528\",\"showName\":\"\",\"showOrder\":4,\"sortable\":false,\"relationId\":\"1440953088977408000\",\"dataFieldName\":null}],\"operationList\":[{\"id\":1,\"type\":0,\"name\":\"\",\"enabled\":false,\"builtin\":true,\"rowOperation\":false,\"btnType\":\"primary\",\"plain\":false},{\"id\":2,\"type\":1,\"name\":\"\",\"enabled\":false,\"builtin\":true,\"rowOperation\":true,\"btnClass\":\"table-btn success\"},{\"id\":3,\"type\":2,\"name\":\"\",\"enabled\":false,\"builtin\":true,\"rowOperation\":true,\"btnClass\":\"table-btn delete\"}],\"queryParamList\":[{\"tableId\":\"1440953088901910528\",\"columnId\":\"1440953088918687744\",\"paramValueType\":1,\"paramValue\":\"1440952815303266304\"}],\"id\":1632386082967,\"relationId\":\"1440953088977408000\",\"tableId\":\"1440953088901910528\",\"columnName\":\"contract_id_zz_test_flow_contract_detail_contract_idRelation\",\"showName\":\"\",\"variableName\":\"contract_id_zz_test_flow_contract_detail_contract_idRelation\",\"dictParamList\":null,\"hasError\":false},{\"widgetKind\":2,\"widgetType\":100,\"span\":24,\"supportBottom\":0,\"tableInfo\":{\"paged\":true,\"optionColumnWidth\":150},\"titleColor\":\"#409EFF\",\"tableColumnList\":[{\"columnId\":\"1440953245684994048\",\"tableId\":\"1440953245664022528\",\"showName\":\"\",\"showOrder\":1,\"sortable\":false,\"relationId\":\"1440953245747908608\",\"dataFieldName\":null},{\"columnId\":\"1440953245697576960\",\"tableId\":\"1440953245664022528\",\"showName\":\"\",\"showOrder\":2,\"sortable\":false,\"relationId\":\"1440953245747908608\",\"dataFieldName\":null},{\"columnId\":\"1440953245705965568\",\"tableId\":\"1440953245664022528\",\"showName\":\"\",\"showOrder\":3,\"sortable\":false,\"relationId\":\"1440953245747908608\",\"dataFieldName\":null},{\"columnId\":\"1440953245718548480\",\"tableId\":\"1440953245664022528\",\"showName\":\"\",\"showOrder\":4,\"sortable\":false,\"relationId\":\"1440953245747908608\",\"dataFieldName\":null}],\"operationList\":[{\"id\":1,\"type\":0,\"name\":\"\",\"enabled\":false,\"builtin\":true,\"rowOperation\":false,\"btnType\":\"primary\",\"plain\":false},{\"id\":2,\"type\":1,\"name\":\"\",\"enabled\":false,\"builtin\":true,\"rowOperation\":true,\"btnClass\":\"table-btn success\"},{\"id\":3,\"type\":2,\"name\":\"\",\"enabled\":false,\"builtin\":true,\"rowOperation\":true,\"btnClass\":\"table-btn delete\"}],\"queryParamList\":[{\"tableId\":\"1440953245664022528\",\"columnId\":\"1440953245676605440\",\"paramValueType\":1,\"paramValue\":\"1440952815303266304\"}],\"id\":1632386085719,\"relationId\":\"1440953245747908608\",\"tableId\":\"1440953245664022528\",\"columnName\":\"contract_id_zz_test_flow_delivery_detail_contract_idRelation\",\"showName\":\"\",\"variableName\":\"contract_id_zz_test_flow_delivery_detail_contract_idRelation\",\"dictParamList\":null,\"hasError\":false}]}', '[{\"autoIncrement\":false,\"columnComment\":\"Id\",\"columnId\":\"1440952815303266304\",\"columnName\":\"contract_id\",\"columnShowOrder\":1,\"columnType\":\"bigint\",\"createTime\":\"2021-09-23 16:14:57\",\"deptFilter\":false,\"filterType\":0,\"fullColumnType\":\"bigint(20)\",\"nullable\":false,\"objectFieldName\":\"contractId\",\"objectFieldType\":\"Long\",\"parentKey\":false,\"primaryKey\":true,\"tableId\":\"1440952815294877696\",\"updateTime\":\"2021-09-23 16:14:57\",\"userFilter\":false}]', '2021-09-23 16:46:06', '2021-09-23 16:24:25');
INSERT INTO `zz_online_form` VALUES (1440955295755931648, 1440952710487609344, 'formEditProduct', '', 1, 5, 1440953088901910528, '{\"formConfig\":{\"formKind\":1,\"formType\":5,\"gutter\":20,\"labelWidth\":100,\"labelPosition\":\"right\",\"width\":800,\"paramList\":[{\"columnName\":\"contract_detail_id\",\"primaryKey\":true,\"slaveClumn\":false,\"builtin\":true}]},\"widgetList\":[{\"widgetKind\":1,\"widgetType\":10,\"span\":24,\"placeholder\":\"\",\"id\":1632386167477,\"datasourceId\":\"1440952815374569472\",\"relationId\":\"1440953088977408000\",\"tableId\":\"1440953088901910528\",\"columnId\":\"1440953088922882048\",\"columnName\":\"product_id\",\"showName\":\"\",\"variableName\":\"productId\",\"dictParamList\":[],\"queryParamList\":[],\"tableColumnList\":[],\"hasError\":false},{\"widgetKind\":1,\"widgetType\":3,\"span\":24,\"defaultValue\":0,\"min\":0,\"step\":1,\"precision\":0,\"controlVisible\":1,\"controlPosition\":0,\"readOnly\":false,\"disabled\":false,\"id\":1632386168097,\"datasourceId\":\"1440952815374569472\",\"relationId\":\"1440953088977408000\",\"tableId\":\"1440953088901910528\",\"columnId\":\"1440953088927076352\",\"columnName\":\"total_count\",\"showName\":\"\",\"variableName\":\"totalCount\",\"dictParamList\":null,\"queryParamList\":[],\"tableColumnList\":[],\"hasError\":false},{\"widgetKind\":1,\"widgetType\":3,\"span\":24,\"defaultValue\":0,\"min\":0,\"step\":1,\"precision\":2,\"controlVisible\":1,\"controlPosition\":0,\"readOnly\":false,\"disabled\":false,\"id\":1632386168937,\"datasourceId\":\"1440952815374569472\",\"relationId\":\"1440953088977408000\",\"tableId\":\"1440953088901910528\",\"columnId\":\"1440953088935464960\",\"columnName\":\"total_amount\",\"showName\":\"\",\"variableName\":\"totalAmount\",\"dictParamList\":null,\"queryParamList\":[],\"tableColumnList\":[],\"hasError\":false},{\"widgetKind\":1,\"widgetType\":1,\"span\":24,\"type\":\"textarea\",\"placeholder\":\"\",\"defaultValue\":\"\",\"minRows\":2,\"maxRows\":4,\"readOnly\":false,\"disabled\":false,\"id\":1632386170038,\"datasourceId\":\"1440952815374569472\",\"relationId\":\"1440953088977408000\",\"tableId\":\"1440953088901910528\",\"columnId\":\"1440953088939659264\",\"columnName\":\"meno\",\"showName\":\"\",\"variableName\":\"meno\",\"dictParamList\":null,\"queryParamList\":[],\"tableColumnList\":[],\"hasError\":false}]}', '[{\"autoIncrement\":false,\"columnComment\":\"Id\",\"columnId\":\"1440953088910299136\",\"columnName\":\"contract_detail_id\",\"columnShowOrder\":1,\"columnType\":\"bigint\",\"createTime\":\"2021-09-23 16:16:03\",\"deptFilter\":false,\"filterType\":0,\"fullColumnType\":\"bigint(20)\",\"nullable\":false,\"objectFieldName\":\"contractDetailId\",\"objectFieldType\":\"Long\",\"parentKey\":false,\"primaryKey\":true,\"tableId\":\"1440953088901910528\",\"updateTime\":\"2021-09-23 16:16:03\",\"userFilter\":false}]', '2021-09-23 16:40:38', '2021-09-23 16:24:49');
INSERT INTO `zz_online_form` VALUES (1440955361006718976, 1440952710487609344, 'formEditPay', '', 1, 5, 1440953170514677760, '{\"formConfig\":{\"formKind\":1,\"formType\":5,\"gutter\":20,\"labelWidth\":100,\"labelPosition\":\"right\",\"width\":800,\"paramList\":[{\"columnName\":\"pay_detail_id\",\"primaryKey\":true,\"slaveClumn\":false,\"builtin\":true}]},\"widgetList\":[{\"widgetKind\":1,\"widgetType\":10,\"span\":24,\"placeholder\":\"\",\"id\":1632386206508,\"datasourceId\":\"1440952815374569472\",\"relationId\":\"1440953170590175232\",\"tableId\":\"1440953170514677760\",\"columnId\":\"1440953170539843584\",\"columnName\":\"pay_type\",\"showName\":\"\",\"variableName\":\"payType\",\"dictParamList\":[],\"queryParamList\":[],\"tableColumnList\":[],\"hasError\":false},{\"widgetKind\":1,\"widgetType\":20,\"span\":24,\"placeholder\":\"\",\"type\":\"date\",\"format\":\"yyyy-MM-dd\",\"valueFormat\":\"yyyy-MM-dd\",\"readOnly\":false,\"disabled\":false,\"id\":1632386207312,\"datasourceId\":\"1440952815374569472\",\"relationId\":\"1440953170590175232\",\"tableId\":\"1440953170514677760\",\"columnId\":\"1440953170535649280\",\"columnName\":\"pay_date\",\"showName\":\"\",\"variableName\":\"payDate\",\"dictParamList\":null,\"queryParamList\":[],\"tableColumnList\":[],\"hasError\":false},{\"widgetKind\":1,\"widgetType\":3,\"span\":24,\"defaultValue\":0,\"min\":0,\"max\":100,\"step\":1,\"precision\":2,\"controlVisible\":1,\"controlPosition\":0,\"readOnly\":false,\"disabled\":false,\"id\":1632386208455,\"datasourceId\":\"1440952815374569472\",\"relationId\":\"1440953170590175232\",\"tableId\":\"1440953170514677760\",\"columnId\":\"1440953170548232192\",\"columnName\":\"percentage\",\"showName\":\"\",\"variableName\":\"percentage\",\"dictParamList\":null,\"queryParamList\":[],\"tableColumnList\":[],\"hasError\":false},{\"widgetKind\":1,\"widgetType\":1,\"span\":24,\"type\":\"textarea\",\"placeholder\":\"\",\"defaultValue\":\"\",\"minRows\":2,\"maxRows\":2,\"readOnly\":false,\"disabled\":false,\"id\":1632386209209,\"datasourceId\":\"1440952815374569472\",\"relationId\":\"1440953170590175232\",\"tableId\":\"1440953170514677760\",\"columnId\":\"1440953170552426496\",\"columnName\":\"memo\",\"showName\":\"\",\"variableName\":\"memo\",\"dictParamList\":null,\"queryParamList\":[],\"tableColumnList\":[],\"hasError\":false}]}', '[{\"autoIncrement\":false,\"columnComment\":\"Id\",\"columnId\":\"1440953170518872064\",\"columnName\":\"pay_detail_id\",\"columnShowOrder\":1,\"columnType\":\"bigint\",\"createTime\":\"2021-09-23 16:16:22\",\"deptFilter\":false,\"filterType\":0,\"fullColumnType\":\"bigint(20)\",\"nullable\":false,\"objectFieldName\":\"payDetailId\",\"objectFieldType\":\"Long\",\"parentKey\":false,\"primaryKey\":true,\"tableId\":\"1440953170514677760\",\"updateTime\":\"2021-09-23 16:16:22\",\"userFilter\":false}]', '2021-09-23 16:40:43', '2021-09-23 16:25:04');
INSERT INTO `zz_online_form` VALUES (1440955424638504960, 1440952710487609344, 'formEditDelivery', '', 1, 5, 1440953245664022528, '{\"formConfig\":{\"formKind\":1,\"formType\":5,\"gutter\":20,\"labelWidth\":100,\"labelPosition\":\"right\",\"width\":800,\"paramList\":[{\"columnName\":\"delivery_id\",\"primaryKey\":true,\"slaveClumn\":false,\"builtin\":true}]},\"widgetList\":[{\"widgetKind\":1,\"widgetType\":20,\"span\":24,\"placeholder\":\"\",\"type\":\"date\",\"format\":\"yyyy-MM-dd\",\"valueFormat\":\"yyyy-MM-dd\",\"readOnly\":false,\"disabled\":false,\"id\":1632386237515,\"datasourceId\":\"1440952815374569472\",\"relationId\":\"1440953245747908608\",\"tableId\":\"1440953245664022528\",\"columnId\":\"1440953245684994048\",\"columnName\":\"delivery_date\",\"showName\":\"\",\"variableName\":\"deliveryDate\",\"dictParamList\":null,\"queryParamList\":[],\"tableColumnList\":[],\"hasError\":false},{\"widgetKind\":1,\"widgetType\":10,\"span\":24,\"placeholder\":\"\",\"id\":1632386238087,\"datasourceId\":\"1440952815374569472\",\"relationId\":\"1440953245747908608\",\"tableId\":\"1440953245664022528\",\"columnId\":\"1440953245697576960\",\"columnName\":\"product_id\",\"showName\":\"\",\"variableName\":\"productId\",\"dictParamList\":[],\"queryParamList\":[],\"tableColumnList\":[],\"hasError\":false},{\"widgetKind\":1,\"widgetType\":3,\"span\":24,\"defaultValue\":0,\"min\":0,\"step\":1,\"precision\":0,\"controlVisible\":1,\"controlPosition\":0,\"readOnly\":false,\"disabled\":false,\"id\":1632386238799,\"datasourceId\":\"1440952815374569472\",\"relationId\":\"1440953245747908608\",\"tableId\":\"1440953245664022528\",\"columnId\":\"1440953245705965568\",\"columnName\":\"total_count\",\"showName\":\"\",\"variableName\":\"totalCount\",\"dictParamList\":null,\"queryParamList\":[],\"tableColumnList\":[],\"hasError\":false},{\"widgetKind\":1,\"widgetType\":1,\"span\":24,\"type\":\"textarea\",\"placeholder\":\"\",\"defaultValue\":\"\",\"minRows\":2,\"maxRows\":4,\"readOnly\":false,\"disabled\":false,\"id\":1632386239345,\"datasourceId\":\"1440952815374569472\",\"relationId\":\"1440953245747908608\",\"tableId\":\"1440953245664022528\",\"columnId\":\"1440953245718548480\",\"columnName\":\"memo\",\"showName\":\"\",\"variableName\":\"memo\",\"dictParamList\":null,\"queryParamList\":[],\"tableColumnList\":[],\"hasError\":false}]}', '[{\"autoIncrement\":false,\"columnComment\":\"Id\",\"columnId\":\"1440953245668216832\",\"columnName\":\"delivery_id\",\"columnShowOrder\":1,\"columnType\":\"bigint\",\"createTime\":\"2021-09-23 16:16:40\",\"deptFilter\":false,\"filterType\":0,\"fullColumnType\":\"bigint(20)\",\"nullable\":false,\"objectFieldName\":\"deliveryId\",\"objectFieldType\":\"Long\",\"parentKey\":false,\"primaryKey\":true,\"tableId\":\"1440953245664022528\",\"updateTime\":\"2021-09-23 16:16:40\",\"userFilter\":false}]', '2021-09-23 16:40:49', '2021-09-23 16:25:20');
INSERT INTO `zz_online_form` VALUES (1440955483438452736, 1440952710487609344, 'formOrderContract', '', 5, 11, 1440952815294877696, '{\"formConfig\":{\"formKind\":5,\"formType\":11,\"gutter\":20,\"labelWidth\":100,\"labelPosition\":\"right\",\"width\":800,\"paramList\":[{\"columnName\":\"contract_id\",\"primaryKey\":true,\"slaveClumn\":false,\"builtin\":true}],\"tableWidget\":{\"widgetKind\":2,\"widgetType\":100,\"span\":24,\"supportBottom\":0,\"tableInfo\":{\"paged\":true,\"optionColumnWidth\":150},\"titleColor\":\"#409EFF\",\"tableColumnList\":[{\"columnId\":\"1440952815307460608\",\"tableId\":\"1440952815294877696\",\"showName\":\"\",\"showOrder\":1,\"sortable\":false},{\"columnId\":\"1440952815311654912\",\"tableId\":\"1440952815294877696\",\"showName\":\"\",\"showOrder\":2,\"sortable\":false},{\"columnId\":\"1440952815315849216\",\"tableId\":\"1440952815294877696\",\"showName\":\"\",\"showOrder\":3,\"sortable\":false},{\"columnId\":\"1440952815320043520\",\"tableId\":\"1440952815294877696\",\"showName\":\"\",\"showOrder\":4,\"sortable\":false},{\"columnId\":\"1440952815324237824\",\"tableId\":\"1440952815294877696\",\"showName\":\"\",\"showOrder\":5,\"sortable\":false}],\"operationList\":[],\"queryParamList\":[],\"tableId\":\"1440952815294877696\",\"variableName\":\"formOrderContract\",\"showName\":\"\",\"hasError\":false,\"datasourceId\":\"1440952815374569472\"}},\"widgetList\":[]}', '[{\"autoIncrement\":false,\"columnComment\":\"Id\",\"columnId\":\"1440952815303266304\",\"columnName\":\"contract_id\",\"columnShowOrder\":1,\"columnType\":\"bigint\",\"createTime\":\"2021-09-23 16:14:57\",\"deptFilter\":false,\"filterType\":0,\"fullColumnType\":\"bigint(20)\",\"nullable\":false,\"objectFieldName\":\"contractId\",\"objectFieldType\":\"Long\",\"parentKey\":false,\"primaryKey\":true,\"tableId\":\"1440952815294877696\",\"updateTime\":\"2021-09-23 16:14:57\",\"userFilter\":false}]', '2021-09-23 16:38:33', '2021-09-23 16:25:34');
INSERT INTO `zz_online_form` VALUES (1440959226632474624, 1440958861153406976, 'formFirstParty', '', 5, 1, 1440958971128057856, '{\"formConfig\":{\"formKind\":5,\"formType\":1,\"gutter\":20,\"labelWidth\":100,\"labelPosition\":\"right\",\"width\":800,\"paramList\":[],\"tableWidget\":{\"widgetKind\":2,\"widgetType\":100,\"span\":24,\"supportBottom\":0,\"tableInfo\":{\"paged\":true,\"optionColumnWidth\":150},\"titleColor\":\"#409EFF\",\"tableColumnList\":[{\"columnId\":\"1440958971140640768\",\"tableId\":\"1440958971128057856\",\"showName\":\"\",\"showOrder\":1,\"sortable\":false},{\"columnId\":\"1440958971144835072\",\"tableId\":\"1440958971128057856\",\"showName\":\"\",\"showOrder\":2,\"sortable\":false},{\"columnId\":\"1440958971157417984\",\"tableId\":\"1440958971128057856\",\"showName\":\"\",\"showOrder\":3,\"sortable\":false},{\"columnId\":\"1440958971153223680\",\"tableId\":\"1440958971128057856\",\"showName\":\"\",\"showOrder\":4,\"sortable\":false}],\"operationList\":[{\"id\":1,\"type\":0,\"name\":\"\",\"enabled\":true,\"builtin\":true,\"rowOperation\":false,\"btnType\":\"primary\",\"plain\":false,\"formId\":\"1440959420396736512\"},{\"id\":2,\"type\":1,\"name\":\"\",\"enabled\":true,\"builtin\":true,\"rowOperation\":true,\"btnClass\":\"table-btn success\",\"formId\":\"1440959420396736512\"},{\"id\":3,\"type\":2,\"name\":\"\",\"enabled\":true,\"builtin\":true,\"rowOperation\":true,\"btnClass\":\"table-btn delete\"}],\"queryParamList\":[],\"tableId\":\"1440958971128057856\",\"variableName\":\"formFirstParty\",\"showName\":\"\",\"datasourceId\":\"1440958971190972416\",\"hasError\":false}},\"widgetList\":[{\"widgetKind\":0,\"widgetType\":1,\"span\":12,\"type\":\"text\",\"placeholder\":\"\",\"defaultValue\":\"\",\"minRows\":2,\"maxRows\":2,\"readOnly\":false,\"disabled\":false,\"id\":1632386494962,\"datasourceId\":\"1440958971190972416\",\"tableId\":\"1440958971128057856\",\"columnId\":\"1440958971140640768\",\"columnName\":\"company_name\",\"showName\":\"\",\"variableName\":\"companyName\",\"dictParamList\":null,\"queryParamList\":[],\"tableColumnList\":[]}]}', '[{\"autoIncrement\":false,\"columnComment\":\"\",\"columnId\":\"1440958971140640768\",\"columnName\":\"company_name\",\"columnShowOrder\":2,\"columnType\":\"varchar\",\"createTime\":\"2021-09-23 16:39:25\",\"deptFilter\":false,\"filterType\":3,\"fullColumnType\":\"varchar(255)\",\"nullable\":false,\"objectFieldName\":\"companyName\",\"objectFieldType\":\"String\",\"parentKey\":false,\"primaryKey\":false,\"tableId\":\"1440958971128057856\",\"updateTime\":\"2021-09-23 16:41:25\",\"userFilter\":false}]', '2021-09-23 16:42:32', '2021-09-23 16:40:26');
INSERT INTO `zz_online_form` VALUES (1440959420396736512, 1440958861153406976, 'formViewFirstParty', '', 1, 5, 1440958971128057856, '{\"formConfig\":{\"formKind\":1,\"formType\":5,\"gutter\":20,\"labelWidth\":120,\"labelPosition\":\"right\",\"width\":800,\"paramList\":[{\"columnName\":\"first_party_id\",\"primaryKey\":true,\"slaveClumn\":false,\"builtin\":true}]},\"widgetList\":[{\"widgetKind\":1,\"widgetType\":1,\"span\":12,\"type\":\"text\",\"placeholder\":\"\",\"defaultValue\":\"\",\"minRows\":2,\"maxRows\":2,\"readOnly\":false,\"disabled\":false,\"id\":1632386807099,\"datasourceId\":\"1440958971190972416\",\"tableId\":\"1440958971128057856\",\"columnId\":\"1440958971140640768\",\"columnName\":\"company_name\",\"showName\":\"\",\"variableName\":\"companyName\",\"dictParamList\":null,\"queryParamList\":[],\"tableColumnList\":[]},{\"widgetKind\":1,\"widgetType\":1,\"span\":12,\"type\":\"text\",\"placeholder\":\"\",\"defaultValue\":\"\",\"minRows\":2,\"maxRows\":2,\"readOnly\":false,\"disabled\":false,\"id\":1632386808030,\"datasourceId\":\"1440958971190972416\",\"tableId\":\"1440958971128057856\",\"columnId\":\"1440958971144835072\",\"columnName\":\"legal_person\",\"showName\":\"\",\"variableName\":\"legalPerson\",\"dictParamList\":null,\"queryParamList\":[],\"tableColumnList\":[]},{\"widgetKind\":1,\"widgetType\":1,\"span\":12,\"type\":\"text\",\"placeholder\":\"\",\"defaultValue\":\"\",\"minRows\":2,\"maxRows\":2,\"readOnly\":false,\"disabled\":false,\"id\":1632386809518,\"datasourceId\":\"1440958971190972416\",\"tableId\":\"1440958971128057856\",\"columnId\":\"1440958971149029376\",\"columnName\":\"legal_person_id\",\"showName\":\"\",\"variableName\":\"legalPersonId\",\"dictParamList\":null,\"queryParamList\":[],\"tableColumnList\":[]},{\"widgetKind\":1,\"widgetType\":1,\"span\":12,\"type\":\"text\",\"placeholder\":\"\",\"defaultValue\":\"\",\"minRows\":2,\"maxRows\":2,\"readOnly\":false,\"disabled\":false,\"id\":1632386811364,\"datasourceId\":\"1440958971190972416\",\"tableId\":\"1440958971128057856\",\"columnId\":\"1440958971157417984\",\"columnName\":\"contact_info\",\"showName\":\"\",\"variableName\":\"contactInfo\",\"dictParamList\":null,\"queryParamList\":[],\"tableColumnList\":[]},{\"widgetKind\":1,\"widgetType\":1,\"span\":24,\"type\":\"text\",\"placeholder\":\"\",\"defaultValue\":\"\",\"minRows\":2,\"maxRows\":2,\"readOnly\":false,\"disabled\":false,\"id\":1632386814864,\"datasourceId\":\"1440958971190972416\",\"tableId\":\"1440958971128057856\",\"columnId\":\"1440958971153223680\",\"columnName\":\"registry_address\",\"showName\":\"\",\"variableName\":\"registryAddress\",\"dictParamList\":null,\"queryParamList\":[],\"tableColumnList\":[]},{\"widgetKind\":1,\"widgetType\":1,\"span\":24,\"type\":\"textarea\",\"placeholder\":\"\",\"defaultValue\":\"\",\"minRows\":2,\"maxRows\":2,\"readOnly\":false,\"disabled\":false,\"id\":1632386817801,\"datasourceId\":\"1440958971190972416\",\"tableId\":\"1440958971128057856\",\"columnId\":\"1440958971161612288\",\"columnName\":\"business_scope\",\"showName\":\"\",\"variableName\":\"businessScope\",\"dictParamList\":null,\"queryParamList\":[],\"tableColumnList\":[]},{\"widgetKind\":1,\"widgetType\":1,\"span\":24,\"type\":\"textarea\",\"placeholder\":\"\",\"defaultValue\":\"\",\"minRows\":2,\"maxRows\":2,\"readOnly\":false,\"disabled\":false,\"id\":1632386819192,\"datasourceId\":\"1440958971190972416\",\"tableId\":\"1440958971128057856\",\"columnId\":\"1440958971165806592\",\"columnName\":\"memo\",\"showName\":\"\",\"variableName\":\"memo\",\"dictParamList\":null,\"queryParamList\":[],\"tableColumnList\":[]}]}', '[{\"autoIncrement\":false,\"columnComment\":\"Id\",\"columnId\":\"1440958971132252160\",\"columnName\":\"first_party_id\",\"columnShowOrder\":1,\"columnType\":\"bigint\",\"createTime\":\"2021-09-23 16:39:25\",\"deptFilter\":false,\"filterType\":0,\"fullColumnType\":\"bigint(20)\",\"nullable\":false,\"objectFieldName\":\"firstPartyId\",\"objectFieldType\":\"Long\",\"parentKey\":false,\"primaryKey\":true,\"tableId\":\"1440958971128057856\",\"updateTime\":\"2021-09-23 16:39:25\",\"userFilter\":false}]', '2021-09-23 16:47:25', '2021-09-23 16:41:12');
INSERT INTO `zz_online_form` VALUES (1440961456601305088, 1440961119001776128, 'formSecondParty', '', 5, 1, 1440961208273342464, '{\"formConfig\":{\"formKind\":5,\"formType\":1,\"gutter\":20,\"labelWidth\":100,\"labelPosition\":\"right\",\"width\":800,\"paramList\":[],\"tableWidget\":{\"widgetKind\":2,\"widgetType\":100,\"span\":24,\"supportBottom\":0,\"tableInfo\":{\"paged\":true,\"optionColumnWidth\":150},\"titleColor\":\"#409EFF\",\"tableColumnList\":[{\"columnId\":\"1440961208294313984\",\"tableId\":\"1440961208273342464\",\"showName\":\"\",\"showOrder\":1,\"sortable\":false,\"dataFieldName\":\"company_name\"},{\"columnId\":\"1440961208298508288\",\"tableId\":\"1440961208273342464\",\"showName\":\"\",\"showOrder\":2,\"sortable\":false,\"dataFieldName\":\"legal_person\"},{\"columnId\":\"1440961208315285504\",\"tableId\":\"1440961208273342464\",\"showName\":\"\",\"showOrder\":3,\"sortable\":false,\"dataFieldName\":\"contact_info\"},{\"columnId\":\"1440961208306896896\",\"tableId\":\"1440961208273342464\",\"showName\":\"\",\"showOrder\":4,\"sortable\":false,\"dataFieldName\":\"registry_address\"}],\"operationList\":[{\"id\":1,\"type\":0,\"name\":\"\",\"enabled\":true,\"builtin\":true,\"rowOperation\":false,\"btnType\":\"primary\",\"plain\":false,\"formId\":\"1440961779596267520\"},{\"id\":2,\"type\":1,\"name\":\"\",\"enabled\":true,\"builtin\":true,\"rowOperation\":true,\"btnClass\":\"table-btn success\",\"formId\":\"1440961779596267520\"},{\"id\":3,\"type\":2,\"name\":\"\",\"enabled\":true,\"builtin\":true,\"rowOperation\":true,\"btnClass\":\"table-btn delete\"}],\"queryParamList\":[],\"tableId\":\"1440961208273342464\",\"variableName\":\"formSecondParty\",\"showName\":\"\",\"datasourceId\":\"1440961208344645633\",\"hasError\":false}},\"widgetList\":[{\"widgetKind\":0,\"widgetType\":1,\"span\":12,\"type\":\"text\",\"placeholder\":\"\",\"defaultValue\":\"\",\"minRows\":2,\"maxRows\":2,\"readOnly\":false,\"disabled\":false,\"id\":1632386975051,\"datasourceId\":\"1440961208344645633\",\"tableId\":\"1440961208273342464\",\"columnId\":\"1440961208294313984\",\"columnName\":\"company_name\",\"showName\":\"\",\"variableName\":\"companyName\",\"dictParamList\":null,\"queryParamList\":[],\"tableColumnList\":[],\"hasError\":false}]}', '[{\"autoIncrement\":false,\"columnComment\":\"\",\"columnId\":\"1440961208294313984\",\"columnName\":\"company_name\",\"columnShowOrder\":2,\"columnType\":\"varchar\",\"createTime\":\"2021-09-23 16:48:18\",\"deptFilter\":false,\"filterType\":3,\"fullColumnType\":\"varchar(255)\",\"nullable\":false,\"objectFieldName\":\"companyName\",\"objectFieldType\":\"String\",\"parentKey\":false,\"primaryKey\":false,\"tableId\":\"1440961208273342464\",\"updateTime\":\"2021-09-23 16:48:23\",\"userFilter\":false}]', '2021-09-23 16:50:51', '2021-09-23 16:49:18');
INSERT INTO `zz_online_form` VALUES (1440961779596267520, 1440961119001776128, 'formViewSecondParty', '', 1, 5, 1440961208273342464, '{\"formConfig\":{\"formKind\":1,\"formType\":5,\"gutter\":20,\"labelWidth\":120,\"labelPosition\":\"right\",\"width\":800,\"paramList\":[{\"columnName\":\"second_party_id\",\"primaryKey\":true,\"slaveClumn\":false,\"builtin\":true}]},\"widgetList\":[{\"widgetKind\":1,\"widgetType\":1,\"span\":12,\"type\":\"text\",\"placeholder\":\"\",\"defaultValue\":\"\",\"minRows\":2,\"maxRows\":2,\"readOnly\":false,\"disabled\":false,\"id\":1632387055657,\"datasourceId\":\"1440961208344645633\",\"tableId\":\"1440961208273342464\",\"columnId\":\"1440961208294313984\",\"columnName\":\"company_name\",\"showName\":\"\",\"variableName\":\"companyName\",\"dictParamList\":null,\"queryParamList\":[],\"tableColumnList\":[]},{\"widgetKind\":1,\"widgetType\":1,\"span\":12,\"type\":\"text\",\"placeholder\":\"\",\"defaultValue\":\"\",\"minRows\":2,\"maxRows\":2,\"readOnly\":false,\"disabled\":false,\"id\":1632387056269,\"datasourceId\":\"1440961208344645633\",\"tableId\":\"1440961208273342464\",\"columnId\":\"1440961208298508288\",\"columnName\":\"legal_person\",\"showName\":\"\",\"variableName\":\"legalPerson\",\"dictParamList\":null,\"queryParamList\":[],\"tableColumnList\":[]},{\"widgetKind\":1,\"widgetType\":1,\"span\":12,\"type\":\"text\",\"placeholder\":\"\",\"defaultValue\":\"\",\"minRows\":2,\"maxRows\":2,\"readOnly\":false,\"disabled\":false,\"id\":1632387056789,\"datasourceId\":\"1440961208344645633\",\"tableId\":\"1440961208273342464\",\"columnId\":\"1440961208302702592\",\"columnName\":\"legal_person_id\",\"showName\":\"\",\"variableName\":\"legalPersonId\",\"dictParamList\":null,\"queryParamList\":[],\"tableColumnList\":[]},{\"widgetKind\":1,\"widgetType\":1,\"span\":12,\"type\":\"text\",\"placeholder\":\"\",\"defaultValue\":\"\",\"minRows\":2,\"maxRows\":2,\"readOnly\":false,\"disabled\":false,\"id\":1632387059360,\"datasourceId\":\"1440961208344645633\",\"tableId\":\"1440961208273342464\",\"columnId\":\"1440961208315285504\",\"columnName\":\"contact_info\",\"showName\":\"\",\"variableName\":\"contactInfo\",\"dictParamList\":null,\"queryParamList\":[],\"tableColumnList\":[]},{\"widgetKind\":1,\"widgetType\":1,\"span\":24,\"type\":\"text\",\"placeholder\":\"\",\"defaultValue\":\"\",\"minRows\":2,\"maxRows\":2,\"readOnly\":false,\"disabled\":false,\"id\":1632387060899,\"datasourceId\":\"1440961208344645633\",\"tableId\":\"1440961208273342464\",\"columnId\":\"1440961208306896896\",\"columnName\":\"registry_address\",\"showName\":\"\",\"variableName\":\"registryAddress\",\"dictParamList\":null,\"queryParamList\":[],\"tableColumnList\":[]},{\"widgetKind\":1,\"widgetType\":1,\"span\":24,\"type\":\"textarea\",\"placeholder\":\"\",\"defaultValue\":\"\",\"minRows\":2,\"maxRows\":4,\"readOnly\":false,\"disabled\":false,\"id\":1632387061874,\"datasourceId\":\"1440961208344645633\",\"tableId\":\"1440961208273342464\",\"columnId\":\"1440961208319479808\",\"columnName\":\"business_scope\",\"showName\":\"\",\"variableName\":\"businessScope\",\"dictParamList\":null,\"queryParamList\":[],\"tableColumnList\":[]},{\"widgetKind\":1,\"widgetType\":1,\"span\":24,\"type\":\"textarea\",\"placeholder\":\"\",\"defaultValue\":\"\",\"minRows\":2,\"maxRows\":4,\"readOnly\":false,\"disabled\":false,\"id\":1632387062646,\"datasourceId\":\"1440961208344645633\",\"tableId\":\"1440961208273342464\",\"columnId\":\"1440961208323674112\",\"columnName\":\"memo\",\"showName\":\"\",\"variableName\":\"memo\",\"dictParamList\":null,\"queryParamList\":[],\"tableColumnList\":[]}]}', '[{\"autoIncrement\":false,\"columnComment\":\"Id\",\"columnId\":\"1440961208285925376\",\"columnName\":\"second_party_id\",\"columnShowOrder\":1,\"columnType\":\"bigint\",\"createTime\":\"2021-09-23 16:48:18\",\"deptFilter\":false,\"filterType\":0,\"fullColumnType\":\"bigint(20)\",\"nullable\":false,\"objectFieldName\":\"secondPartyId\",\"objectFieldType\":\"Long\",\"parentKey\":false,\"primaryKey\":true,\"tableId\":\"1440961208273342464\",\"updateTime\":\"2021-09-23 16:48:18\",\"userFilter\":false}]', '2021-09-23 16:51:20', '2021-09-23 16:50:35');
INSERT INTO `zz_online_form` VALUES (1440962496864194560, 1440962061336055808, 'formProduct', '', 5, 1, 1440962162712383488, '{\"formConfig\":{\"formKind\":5,\"formType\":1,\"gutter\":20,\"labelWidth\":100,\"labelPosition\":\"right\",\"width\":800,\"paramList\":[],\"tableWidget\":{\"widgetKind\":2,\"widgetType\":100,\"span\":24,\"supportBottom\":0,\"tableInfo\":{\"paged\":true,\"optionColumnWidth\":150},\"titleColor\":\"#409EFF\",\"tableColumnList\":[{\"columnId\":\"1440962162729160704\",\"tableId\":\"1440962162712383488\",\"showName\":\"\",\"showOrder\":1,\"sortable\":false},{\"columnId\":\"1440962162733355008\",\"tableId\":\"1440962162712383488\",\"showName\":\"\",\"showOrder\":2,\"sortable\":false},{\"columnId\":\"1440962162741743616\",\"tableId\":\"1440962162712383488\",\"showName\":\"\",\"showOrder\":3,\"sortable\":false},{\"columnId\":\"1440962162745937920\",\"tableId\":\"1440962162712383488\",\"showName\":\"\",\"showOrder\":4,\"sortable\":false}],\"operationList\":[{\"id\":1,\"type\":0,\"name\":\"\",\"enabled\":true,\"builtin\":true,\"rowOperation\":false,\"btnType\":\"primary\",\"plain\":false,\"formId\":\"1440962547132928000\"},{\"id\":2,\"type\":1,\"name\":\"\",\"enabled\":true,\"builtin\":true,\"rowOperation\":true,\"btnClass\":\"table-btn success\",\"formId\":\"1440962547132928000\"},{\"id\":3,\"type\":2,\"name\":\"\",\"enabled\":true,\"builtin\":true,\"rowOperation\":true,\"btnClass\":\"table-btn delete\"}],\"queryParamList\":[],\"tableId\":\"1440962162712383488\",\"variableName\":\"formProduct\",\"showName\":\"\",\"datasourceId\":\"1440962162771103745\",\"hasError\":false}},\"widgetList\":[{\"widgetKind\":0,\"widgetType\":1,\"span\":12,\"type\":\"text\",\"placeholder\":\"\",\"defaultValue\":\"\",\"minRows\":2,\"maxRows\":2,\"readOnly\":false,\"disabled\":false,\"id\":1632387220352,\"datasourceId\":\"1440962162771103745\",\"tableId\":\"1440962162712383488\",\"columnId\":\"1440962162729160704\",\"columnName\":\"product_name\",\"showName\":\"\",\"variableName\":\"productName\",\"dictParamList\":null,\"queryParamList\":[],\"tableColumnList\":[]},{\"widgetKind\":0,\"widgetType\":4,\"readOnly\":false,\"disabled\":false,\"id\":1632387221253,\"datasourceId\":\"1440962162771103745\",\"tableId\":\"1440962162712383488\",\"columnId\":\"1440962162741743616\",\"columnName\":\"cost_price\",\"showName\":\"\",\"variableName\":\"costPrice\",\"dictParamList\":null,\"queryParamList\":[],\"tableColumnList\":[]}]}', '[{\"autoIncrement\":false,\"columnComment\":\"\",\"columnId\":\"1440962162729160704\",\"columnName\":\"product_name\",\"columnShowOrder\":2,\"columnType\":\"varchar\",\"createTime\":\"2021-09-23 16:52:06\",\"deptFilter\":false,\"filterType\":3,\"fullColumnType\":\"varchar(255)\",\"nullable\":false,\"objectFieldName\":\"productName\",\"objectFieldType\":\"String\",\"parentKey\":false,\"primaryKey\":false,\"tableId\":\"1440962162712383488\",\"updateTime\":\"2021-09-23 16:52:10\",\"userFilter\":false},{\"autoIncrement\":false,\"columnComment\":\"\",\"columnId\":\"1440962162741743616\",\"columnName\":\"cost_price\",\"columnShowOrder\":5,\"columnType\":\"int\",\"createTime\":\"2021-09-23 16:52:06\",\"deptFilter\":false,\"filterType\":2,\"fullColumnType\":\"int(11)\",\"nullable\":false,\"objectFieldName\":\"costPrice\",\"objectFieldType\":\"Integer\",\"parentKey\":false,\"primaryKey\":false,\"tableId\":\"1440962162712383488\",\"updateTime\":\"2021-09-23 16:53:05\",\"userFilter\":false}]', '2021-09-23 16:54:15', '2021-09-23 16:53:26');
INSERT INTO `zz_online_form` VALUES (1440962547132928000, 1440962061336055808, 'formEditProduct', '', 1, 5, 1440962162712383488, '{\"formConfig\":{\"gutter\":20,\"labelWidth\":100,\"labelPosition\":\"right\",\"width\":800,\"widgetList\":[],\"paramList\":[]},\"widgetList\":[]}', '[]', '2021-09-23 16:53:38', '2021-09-23 16:53:38');
COMMIT;

-- ----------------------------
-- Table structure for zz_online_form_datasource
-- ----------------------------
DROP TABLE IF EXISTS `zz_online_form_datasource`;
CREATE TABLE `zz_online_form_datasource` (
  `id` bigint NOT NULL COMMENT 'Id',
  `form_id` bigint NOT NULL COMMENT 'Id',
  `datasource_id` bigint NOT NULL COMMENT 'Id',
  PRIMARY KEY (`id`),
  KEY `idx_form_id` (`form_id`) USING BTREE,
  KEY `idx_datasource_id` (`datasource_id`) USING BTREE
) ENGINE=InnoDB DEFAULT CHARSET=utf8mb4 COLLATE=utf8mb4_bin;

-- ----------------------------
-- Records of zz_online_form_datasource
-- ----------------------------
BEGIN;
INSERT INTO `zz_online_form_datasource` VALUES (1440945738333818880, 1440945411354267648, 1440945228130291712);
INSERT INTO `zz_online_form_datasource` VALUES (1440948576577392640, 1440947675041107968, 1440946127531675648);
INSERT INTO `zz_online_form_datasource` VALUES (1440948832954224640, 1440947791881834496, 1440946127531675648);
INSERT INTO `zz_online_form_datasource` VALUES (1440957294211764224, 1440955001093492736, 1440952815374569472);
INSERT INTO `zz_online_form_datasource` VALUES (1440958752122474496, 1440955483438452736, 1440952815374569472);
INSERT INTO `zz_online_form_datasource` VALUES (1440959275592585216, 1440955295755931648, 1440952815374569472);
INSERT INTO `zz_online_form_datasource` VALUES (1440959299529478144, 1440955361006718976, 1440952815374569472);
INSERT INTO `zz_online_form_datasource` VALUES (1440959323269238784, 1440955424638504960, 1440952815374569472);
INSERT INTO `zz_online_form_datasource` VALUES (1440959757073518592, 1440959226632474624, 1440958971190972416);
INSERT INTO `zz_online_form_datasource` VALUES (1440960555518005248, 1440955127790833664, 1440952815374569472);
INSERT INTO `zz_online_form_datasource` VALUES (1440960654734266368, 1440955194991972352, 1440952815374569472);
INSERT INTO `zz_online_form_datasource` VALUES (1440960985459331072, 1440959420396736512, 1440958971190972416);
INSERT INTO `zz_online_form_datasource` VALUES (1440961848324132864, 1440961456601305088, 1440961208344645633);
INSERT INTO `zz_online_form_datasource` VALUES (1440961970739089408, 1440961779596267520, 1440961208344645633);
INSERT INTO `zz_online_form_datasource` VALUES (1440962547137122304, 1440962547132928000, 1440962162771103745);
INSERT INTO `zz_online_form_datasource` VALUES (1440962702619971584, 1440962496864194560, 1440962162771103745);
INSERT INTO `zz_online_form_datasource` VALUES (1440978457667309568, 1440945468593934336, 1440945228130291712);
INSERT INTO `zz_online_form_datasource` VALUES (1441214948859449344, 1440954920348946432, 1440952815374569472);
COMMIT;

-- ----------------------------
-- Table structure for zz_online_page
-- ----------------------------
DROP TABLE IF EXISTS `zz_online_page`;
CREATE TABLE `zz_online_page` (
  `page_id` bigint NOT NULL COMMENT 'Id',
  `page_code` varchar(32) CHARACTER SET utf8mb4 COLLATE utf8mb4_bin DEFAULT NULL COMMENT '',
  `page_name` varchar(64) CHARACTER SET utf8mb4 COLLATE utf8mb4_bin NOT NULL COMMENT '',
  `page_type` int NOT NULL COMMENT '',
  `status` int NOT NULL COMMENT '',
  `published` bit(1) NOT NULL DEFAULT b'0' COMMENT '',
  `update_time` datetime NOT NULL COMMENT '',
  `create_time` datetime NOT NULL COMMENT '',
  PRIMARY KEY (`page_id`) USING BTREE
) ENGINE=InnoDB DEFAULT CHARSET=utf8mb4 COLLATE=utf8mb4_bin;

-- ----------------------------
-- Records of zz_online_page
-- ----------------------------
BEGIN;
INSERT INTO `zz_online_page` VALUES (1440945149889744896, 'pageFlowLeave', '', 10, 2, b'1', '2021-09-23 15:45:08', '2021-09-23 15:44:30');
INSERT INTO `zz_online_page` VALUES (1440946020174270464, 'pageSubmit', '', 10, 2, b'1', '2021-09-23 15:57:43', '2021-09-23 15:47:57');
INSERT INTO `zz_online_page` VALUES (1440952710487609344, 'pageFlowContract', '', 10, 2, b'1', '2021-09-23 16:23:02', '2021-09-23 16:14:32');
INSERT INTO `zz_online_page` VALUES (1440958861153406976, 'formFirstParty', '', 1, 2, b'1', '2021-09-23 16:40:03', '2021-09-23 16:38:59');
INSERT INTO `zz_online_page` VALUES (1440961119001776128, 'pageSecondParty', '', 1, 2, b'1', '2021-09-23 16:48:58', '2021-09-23 16:47:57');
INSERT INTO `zz_online_page` VALUES (1440962061336055808, 'pageProduct', '', 1, 2, b'1', '2021-09-23 16:53:12', '2021-09-23 16:51:42');
COMMIT;

-- ----------------------------
-- Table structure for zz_online_page_datasource
-- ----------------------------
DROP TABLE IF EXISTS `zz_online_page_datasource`;
CREATE TABLE `zz_online_page_datasource` (
  `id` bigint NOT NULL COMMENT 'Id',
  `page_id` bigint NOT NULL COMMENT 'Id',
  `datasource_id` bigint NOT NULL COMMENT 'Id',
  PRIMARY KEY (`id`),
  KEY `idx_page_id` (`page_id`) USING BTREE,
  KEY `idx_datasource_id` (`datasource_id`) USING BTREE
) ENGINE=InnoDB DEFAULT CHARSET=utf8mb4 COLLATE=utf8mb4_bin;

-- ----------------------------
-- Records of zz_online_page_datasource
-- ----------------------------
BEGIN;
INSERT INTO `zz_online_page_datasource` VALUES (1440945228138680320, 1440945149889744896, 1440945228130291712);
INSERT INTO `zz_online_page_datasource` VALUES (1440946127540064256, 1440946020174270464, 1440946127531675648);
INSERT INTO `zz_online_page_datasource` VALUES (1440952815382958080, 1440952710487609344, 1440952815374569472);
INSERT INTO `zz_online_page_datasource` VALUES (1440958971195166721, 1440958861153406976, 1440958971190972416);
INSERT INTO `zz_online_page_datasource` VALUES (1440961208353034240, 1440961119001776128, 1440961208344645633);
INSERT INTO `zz_online_page_datasource` VALUES (1440962162779492352, 1440962061336055808, 1440962162771103745);
COMMIT;

-- ----------------------------
-- Table structure for zz_online_rule
-- ----------------------------
DROP TABLE IF EXISTS `zz_online_rule`;
CREATE TABLE `zz_online_rule` (
  `rule_id` bigint NOT NULL COMMENT 'Id',
  `rule_name` varchar(64) CHARACTER SET utf8mb4 COLLATE utf8mb4_bin NOT NULL COMMENT '',
  `rule_type` int NOT NULL COMMENT '',
  `builtin` bit(1) NOT NULL COMMENT '',
  `pattern` varchar(512) CHARACTER SET utf8mb4 COLLATE utf8mb4_bin DEFAULT NULL COMMENT '',
  `update_time` datetime NOT NULL COMMENT '',
  `create_time` datetime NOT NULL COMMENT '',
  `deleted_flag` int NOT NULL COMMENT '',
  PRIMARY KEY (`rule_id`) USING BTREE
) ENGINE=InnoDB DEFAULT CHARSET=utf8mb4 COLLATE=utf8mb4_bin;

-- ----------------------------
-- Records of zz_online_rule
-- ----------------------------
BEGIN;
INSERT INTO `zz_online_rule` VALUES (1, '', 1, b'1', NULL, '2021-09-23 00:00:00', '2021-09-23 00:00:00', 1);
INSERT INTO `zz_online_rule` VALUES (2, '', 2, b'1', NULL, '2021-09-23 00:00:00', '2021-09-23 00:00:00', 1);
INSERT INTO `zz_online_rule` VALUES (3, '', 3, b'1', NULL, '2021-09-23 00:00:00', '2021-09-23 00:00:00', 1);
INSERT INTO `zz_online_rule` VALUES (4, '', 4, b'1', NULL, '2021-09-23 00:00:00', '2021-09-23 00:00:00', 1);
INSERT INTO `zz_online_rule` VALUES (5, '', 5, b'1', NULL, '2021-09-23 00:00:00', '2021-09-23 00:00:00', 1);
INSERT INTO `zz_online_rule` VALUES (6, '', 6, b'1', NULL, '2021-09-23 00:00:00', '2021-09-23 00:00:00', 1);
COMMIT;

-- ----------------------------
-- Table structure for zz_online_table
-- ----------------------------
DROP TABLE IF EXISTS `zz_online_table`;
CREATE TABLE `zz_online_table` (
  `table_id` bigint NOT NULL COMMENT 'Id',
  `table_name` varchar(64) CHARACTER SET utf8mb4 COLLATE utf8mb4_bin NOT NULL COMMENT '',
  `model_name` varchar(64) CHARACTER SET utf8mb4 COLLATE utf8mb4_bin NOT NULL COMMENT '',
  `dblink_id` bigint NOT NULL COMMENT 'Id',
  `update_time` datetime NOT NULL COMMENT '',
  `create_time` datetime NOT NULL COMMENT '',
  PRIMARY KEY (`table_id`),
  KEY `idx_dblink_id` (`dblink_id`) USING BTREE
) ENGINE=InnoDB DEFAULT CHARSET=utf8mb4 COLLATE=utf8mb4_bin;

-- ----------------------------
-- Records of zz_online_table
-- ----------------------------
BEGIN;
INSERT INTO `zz_online_table` VALUES (1440945228079960064, 'zz_test_flow_leave', 'ZzTestFlowLeave', 1, '2021-09-23 15:44:48', '2021-09-23 15:44:48');
INSERT INTO `zz_online_table` VALUES (1440946127460372480, 'zz_test_flow_submit', 'ZzTestFlowSubmit', 1, '2021-09-23 15:48:23', '2021-09-23 15:48:23');
INSERT INTO `zz_online_table` VALUES (1440947089218473984, 'zz_test_flow_submit_detail', 'ZzTestFlowSubmitDetail', 1, '2021-09-23 15:52:12', '2021-09-23 15:52:12');
INSERT INTO `zz_online_table` VALUES (1440952815294877696, 'zz_test_flow_contract', 'ZzTestFlowContract', 1, '2021-09-23 16:14:57', '2021-09-23 16:14:57');
INSERT INTO `zz_online_table` VALUES (1440952921024892928, 'zz_test_flow_first_party', 'ZzTestFlowFirstParty', 1, '2021-09-23 16:15:23', '2021-09-23 16:15:23');
INSERT INTO `zz_online_table` VALUES (1440952988389609472, 'zz_test_flow_second_party', 'ZzTestFlowSecondParty', 1, '2021-09-23 16:15:39', '2021-09-23 16:15:39');
INSERT INTO `zz_online_table` VALUES (1440953088901910528, 'zz_test_flow_contract_detail', 'ZzTestFlowContractDetail', 1, '2021-09-23 16:16:03', '2021-09-23 16:16:03');
INSERT INTO `zz_online_table` VALUES (1440953170514677760, 'zz_test_flow_pay_detail', 'ZzTestFlowPayDetail', 1, '2021-09-23 16:16:22', '2021-09-23 16:16:22');
INSERT INTO `zz_online_table` VALUES (1440953245664022528, 'zz_test_flow_delivery_detail', 'ZzTestFlowDeliveryDetail', 1, '2021-09-23 16:16:40', '2021-09-23 16:16:40');
INSERT INTO `zz_online_table` VALUES (1440958971128057856, 'zz_test_flow_first_party', 'ZzTestFlowFirstParty', 1, '2021-09-23 16:39:25', '2021-09-23 16:39:25');
INSERT INTO `zz_online_table` VALUES (1440961208273342464, 'zz_test_flow_second_party', 'ZzTestFlowSecondParty', 1, '2021-09-23 16:48:18', '2021-09-23 16:48:18');
INSERT INTO `zz_online_table` VALUES (1440962162712383488, 'zz_test_flow_product', 'ZzTestFlowProduct', 1, '2021-09-23 16:52:06', '2021-09-23 16:52:06');
COMMIT;

-- ----------------------------
-- Table structure for zz_online_virtual_column
-- ----------------------------
DROP TABLE IF EXISTS `zz_online_virtual_column`;
CREATE TABLE `zz_online_virtual_column` (
  `virtual_column_id` bigint NOT NULL COMMENT 'Id',
  `table_id` bigint NOT NULL COMMENT 'Id',
  `object_field_name` varchar(64) CHARACTER SET utf8mb4 COLLATE utf8mb4_bin NOT NULL COMMENT '',
  `object_field_type` varchar(32) CHARACTER SET utf8mb4 COLLATE utf8mb4_bin NOT NULL COMMENT '',
  `column_prompt` varchar(64) CHARACTER SET utf8mb4 COLLATE utf8mb4_bin NOT NULL COMMENT '',
  `virtual_type` int NOT NULL COMMENT '(0: )',
  `datasource_id` bigint NOT NULL COMMENT 'Id',
  `relation_id` bigint DEFAULT NULL COMMENT 'Id',
  `aggregation_table_id` bigint DEFAULT NULL COMMENT 'Id',
  `aggregation_column_id` bigint DEFAULT NULL COMMENT 'Id',
  `aggregation_type` int DEFAULT NULL COMMENT '(0: sum 1: count 2: avg 3: min 4: max)',
  `where_clause_json` varchar(1024) CHARACTER SET utf8mb4 COLLATE utf8mb4_bin DEFAULT NULL COMMENT 'json',
  PRIMARY KEY (`virtual_column_id`) USING BTREE,
  KEY `idx_database_id` (`datasource_id`) USING BTREE,
  KEY `idx_relation_id` (`relation_id`) USING BTREE,
  KEY `idx_table_id` (`table_id`) USING BTREE,
  KEY `idx_aggregation_column_id` (`aggregation_column_id`) USING BTREE
) ENGINE=InnoDB DEFAULT CHARSET=utf8mb4 COLLATE=utf8mb4_bin;

-- ----------------------------
-- Records of zz_online_virtual_column
-- ----------------------------
BEGIN;
INSERT INTO `zz_online_virtual_column` VALUES (1440947297541165056, 1440946127460372480, 'totalAmount', 'Long', '', 0, 1440946127531675648, 1440947089268805632, 1440947089218473984, 1440947089252028416, 0, '[]');
COMMIT;

-- ----------------------------
-- Table structure for zz_stream_producer_atleastonce_trans
-- ----------------------------
DROP TABLE IF EXISTS `zz_stream_producer_atleastonce_trans`;
CREATE TABLE `zz_stream_producer_atleastonce_trans` (
  `id` bigint NOT NULL AUTO_INCREMENT COMMENT '',
  `trans_id` char(80) CHARACTER SET utf8mb4 COLLATE utf8mb4_bin NOT NULL COMMENT 'Id',
  `message_type` varchar(64) CHARACTER SET utf8mb4 COLLATE utf8mb4_bin NOT NULL COMMENT '',
  `message_command` varchar(255) CHARACTER SET utf8mb4 COLLATE utf8mb4_bin NOT NULL COMMENT '',
  `message_data` mediumtext CHARACTER SET utf8mb4 COLLATE utf8mb4_bin NOT NULL COMMENT '',
  `message_topic` varchar(64) CHARACTER SET utf8mb4 COLLATE utf8mb4_bin NOT NULL COMMENT '',
  `partition_key` varchar(64) CHARACTER SET utf8mb4 COLLATE utf8mb4_bin NOT NULL COMMENT 'Key',
  `producer_trace_id` varchar(64) CHARACTER SET utf8mb4 COLLATE utf8mb4_bin NOT NULL COMMENT 'traceId',
  `create_time` datetime NOT NULL COMMENT '',
  `update_time` datetime DEFAULT NULL COMMENT '',
  `sent_status` bit(1) NOT NULL DEFAULT b'0' COMMENT '',
  PRIMARY KEY (`id`) USING BTREE,
  KEY `idx_trans_id` (`trans_id`) USING BTREE
) ENGINE=InnoDB AUTO_INCREMENT=13 DEFAULT CHARSET=utf8mb4 COLLATE=utf8mb4_bin COMMENT='';

-- ----------------------------
-- Records of zz_stream_producer_atleastonce_trans
-- ----------------------------
BEGIN;
INSERT INTO `zz_stream_producer_atleastonce_trans` VALUES (5, 'ss-ss-ss-INSERT', 'ss', 'INSERT', '1', 'StreamTestTopic', 'ss', 'cd2773d8ea6a42eaabaec9197b41af3d', '2021-11-01 08:35:36', '2021-11-01 08:41:12', b'1');
INSERT INTO `zz_stream_producer_atleastonce_trans` VALUES (6, 'ss-ss-ss-INSERT', 'ss', 'INSERT', '1', 'StreamTestTopic', 'ss', '84f93699b8284451b9b0a7e70ab1d753', '2021-11-01 08:43:32', '2021-11-01 08:44:22', b'1');
INSERT INTO `zz_stream_producer_atleastonce_trans` VALUES (7, 'ss-ss-ss-INSERT', 'ss', 'INSERT', '1', 'StreamTestTopic', 'ss', '7cd36524ef934a07b1b337b1fcc0d71b', '2021-11-01 08:46:12', '2021-11-01 08:46:37', b'1');
INSERT INTO `zz_stream_producer_atleastonce_trans` VALUES (8, 'ss-ss-ss-INSERT', 'ss', 'INSERT', '1', 'StreamTestTopic', 'ss', '80c5aa2d8205450e809b06584bd99a48', '2021-11-01 08:50:25', '2021-11-01 08:50:36', b'1');
INSERT INTO `zz_stream_producer_atleastonce_trans` VALUES (9, 'ss-ss-ss-INSERT', 'ss', 'INSERT', '1', 'StreamTestTopic', 'ss', '4c8ae644d94248fcb4f19fb8c7553dac', '2021-11-01 08:51:28', '2021-11-01 08:52:42', b'1');
INSERT INTO `zz_stream_producer_atleastonce_trans` VALUES (10, 'ss-ss-ss-INSERT', 'ss', 'INSERT', '1', 'StreamTestTopic', 'ss', '4847601ddc7b4c2fa50046620d24a77d', '2021-11-01 08:54:15', '2021-11-01 08:54:23', b'1');
INSERT INTO `zz_stream_producer_atleastonce_trans` VALUES (11, 'ss-ss-ss-INSERT', 'ss', 'INSERT', '1', 'StreamTestTopic', 'ss', '397d7179d3034badbc68b9ca12f28ab3', '2021-11-01 08:55:06', '2021-11-01 08:55:22', b'1');
INSERT INTO `zz_stream_producer_atleastonce_trans` VALUES (12, 'ss-ss-ss-INSERT', 'ss', 'INSERT', '1', 'StreamTestTopic', 'ss', '28c56adf9ee34484accdb7e7bf651712', '2021-11-01 09:05:18', '2021-11-01 09:05:23', b'1');
COMMIT;

-- ----------------------------
-- Table structure for zz_stream_producer_exactlyonce_trans
-- ----------------------------
DROP TABLE IF EXISTS `zz_stream_producer_exactlyonce_trans`;
CREATE TABLE `zz_stream_producer_exactlyonce_trans` (
  `id` bigint NOT NULL AUTO_INCREMENT COMMENT '',
  `trans_id` char(80) CHARACTER SET utf8mb4 COLLATE utf8mb4_bin NOT NULL COMMENT 'Id',
  `message_type` varchar(64) CHARACTER SET utf8mb4 COLLATE utf8mb4_bin NOT NULL COMMENT '',
  `message_command` varchar(255) CHARACTER SET utf8mb4 COLLATE utf8mb4_bin NOT NULL COMMENT '',
  `message_data` mediumtext CHARACTER SET utf8mb4 COLLATE utf8mb4_bin NOT NULL COMMENT '',
  `message_topic` varchar(64) CHARACTER SET utf8mb4 COLLATE utf8mb4_bin NOT NULL COMMENT '',
  `partition_key` varchar(64) CHARACTER SET utf8mb4 COLLATE utf8mb4_bin NOT NULL COMMENT 'Key',
  `producer_trace_id` varchar(64) CHARACTER SET utf8mb4 COLLATE utf8mb4_bin NOT NULL COMMENT 'traceId',
  `create_time` datetime NOT NULL COMMENT '',
  `update_time` datetime DEFAULT NULL COMMENT '',
  `sent_status` bit(1) NOT NULL DEFAULT b'0' COMMENT '',
  PRIMARY KEY (`id`) USING BTREE,
  KEY `idx_trans_id` (`trans_id`) USING BTREE
) ENGINE=InnoDB AUTO_INCREMENT=7 DEFAULT CHARSET=utf8mb4 COLLATE=utf8mb4_bin COMMENT='';

-- ----------------------------
-- Records of zz_stream_producer_exactlyonce_trans
-- ----------------------------
BEGIN;
INSERT INTO `zz_stream_producer_exactlyonce_trans` VALUES (1, 'ss-ss-ss-INSERT', 'ss', 'INSERT', '1', 'StreamTestTopic', 'ss', '00497c9f9879404ca91fb40ad07d6299', '2021-11-02 08:26:43', '2021-11-02 08:49:31', b'1');
INSERT INTO `zz_stream_producer_exactlyonce_trans` VALUES (2, 'ss-ss-ss-INSERT', 'ss', 'INSERT', '1', 'StreamTestTopic', 'ss', '12f8f307583a4d14af99cb62e38287bf', '2021-11-02 08:31:19', '2021-11-02 08:49:31', b'1');
INSERT INTO `zz_stream_producer_exactlyonce_trans` VALUES (3, 'ss-ss-ss-INSERT', 'ss', 'INSERT', '1', 'StreamTestTopic', 'ss', 'ba4ff5af2aa0459387db3d19d97cc42d', '2021-11-02 08:59:24', '2021-11-02 08:59:47', b'1');
INSERT INTO `zz_stream_producer_exactlyonce_trans` VALUES (4, 'ss-ss-ss-INSERT', 'ss', 'INSERT', '1', 'StreamTestTopic', 'ss', 'f7c10689c783419191a37b6834e5c3dd', '2021-11-02 09:23:49', '2021-11-02 09:23:49', b'1');
INSERT INTO `zz_stream_producer_exactlyonce_trans` VALUES (5, 'ss-ss-ss-INSERT', 'ss', 'INSERT', '1', 'StreamTestTopic', 'ss', '37dad9446ecf4cbda3d6e13a19634b98', '2021-11-02 09:24:01', '2021-11-02 09:24:02', b'1');
INSERT INTO `zz_stream_producer_exactlyonce_trans` VALUES (6, 'ss-ss-ss-INSERT', 'ss', 'INSERT', '1', 'StreamTestTopic', 'ss', 'ebbb3fd252ad4fd59ce45fd174d8d25a', '2021-11-02 09:25:55', '2021-11-02 09:26:24', b'1');
COMMIT;

-- ----------------------------
-- Table structure for zz_stream_producer_update_mark
-- ----------------------------
DROP TABLE IF EXISTS `zz_stream_producer_update_mark`;
CREATE TABLE `zz_stream_producer_update_mark` (
  `id` int NOT NULL COMMENT 'Id',
  `update_time` datetime NOT NULL COMMENT '',
  PRIMARY KEY (`id`)
) ENGINE=InnoDB DEFAULT CHARSET=utf8mb4 COLLATE=utf8mb4_bin COMMENT='';

-- ----------------------------
-- Records of zz_stream_producer_update_mark
-- ----------------------------
BEGIN;
INSERT INTO `zz_stream_producer_update_mark` VALUES (1, '2021-11-01 09:05:23');
INSERT INTO `zz_stream_producer_update_mark` VALUES (2, '2021-11-02 09:26:24');
COMMIT;

-- ----------------------------
-- Table structure for zz_sys_data_perm
-- ----------------------------
DROP TABLE IF EXISTS `zz_sys_data_perm`;
CREATE TABLE `zz_sys_data_perm` (
  `data_perm_id` bigint NOT NULL COMMENT '',
  `data_perm_name` varchar(64) CHARACTER SET utf8mb4 COLLATE utf8mb4_bin NOT NULL COMMENT '',
  `rule_type` tinyint NOT NULL COMMENT '(0:  1:  2:  3:  4:  5: )',
  `create_user_id` bigint NOT NULL COMMENT 'Id',
  `create_time` datetime NOT NULL COMMENT '',
  `update_user_id` bigint NOT NULL COMMENT 'Id',
  `update_time` datetime NOT NULL COMMENT '',
  `deleted_flag` int NOT NULL COMMENT '(1:  -1: )',
  PRIMARY KEY (`data_perm_id`) USING BTREE,
  KEY `idx_create_time` (`create_time`) USING BTREE
) ENGINE=InnoDB DEFAULT CHARSET=utf8mb4 COLLATE=utf8mb4_bin COMMENT='';

-- ----------------------------
-- Records of zz_sys_data_perm
-- ----------------------------
BEGIN;
INSERT INTO `zz_sys_data_perm` VALUES (1440965237959299072, '', 0, 1440911410581213417, '2021-09-23 17:04:19', 1440911410581213417, '2021-09-23 17:04:19', 1);
COMMIT;

-- ----------------------------
-- Table structure for zz_sys_data_perm_dept
-- ----------------------------
DROP TABLE IF EXISTS `zz_sys_data_perm_dept`;
CREATE TABLE `zz_sys_data_perm_dept` (
  `data_perm_id` bigint NOT NULL COMMENT 'Id',
  `dept_id` bigint NOT NULL COMMENT 'Id',
  PRIMARY KEY (`data_perm_id`,`dept_id`),
  KEY `idx_dept_id` (`dept_id`) USING BTREE
) ENGINE=InnoDB DEFAULT CHARSET=utf8mb4 COLLATE=utf8mb4_bin COMMENT='';

-- ----------------------------
-- Table structure for zz_sys_data_perm_user
-- ----------------------------
DROP TABLE IF EXISTS `zz_sys_data_perm_user`;
CREATE TABLE `zz_sys_data_perm_user` (
  `data_perm_id` bigint NOT NULL COMMENT 'Id',
  `user_id` bigint NOT NULL COMMENT 'Id',
  PRIMARY KEY (`data_perm_id`,`user_id`),
  KEY `idx_user_id` (`user_id`) USING BTREE
) ENGINE=InnoDB DEFAULT CHARSET=utf8mb4 COLLATE=utf8mb4_bin COMMENT='';

-- ----------------------------
-- Records of zz_sys_data_perm_user
-- ----------------------------
BEGIN;
INSERT INTO `zz_sys_data_perm_user` VALUES (1440965237959299072, 1440965344985354240);
INSERT INTO `zz_sys_data_perm_user` VALUES (1440965237959299072, 1440965465605148672);
INSERT INTO `zz_sys_data_perm_user` VALUES (1440965237959299072, 1440965586715676672);
INSERT INTO `zz_sys_data_perm_user` VALUES (1440965237959299072, 1440965697961201664);
INSERT INTO `zz_sys_data_perm_user` VALUES (1440965237959299072, 1440965808049098752);
INSERT INTO `zz_sys_data_perm_user` VALUES (1440965237959299072, 1440966073686953984);
INSERT INTO `zz_sys_data_perm_user` VALUES (1440965237959299072, 1440966186522120192);
INSERT INTO `zz_sys_data_perm_user` VALUES (1440965237959299072, 1440966324770574336);
INSERT INTO `zz_sys_data_perm_user` VALUES (1440965237959299072, 1440969706411397120);
COMMIT;

-- ----------------------------
-- Table structure for zz_sys_dept
-- ----------------------------
DROP TABLE IF EXISTS `zz_sys_dept`;
CREATE TABLE `zz_sys_dept` (
  `dept_id` bigint NOT NULL COMMENT 'Id',
  `parent_id` bigint DEFAULT NULL COMMENT 'Id',
  `dept_name` varchar(50) CHARACTER SET utf8mb4 COLLATE utf8mb4_bin NOT NULL COMMENT '',
  `show_order` int NOT NULL COMMENT '',
  `create_user_id` bigint NOT NULL COMMENT 'Id',
  `create_time` datetime NOT NULL COMMENT '',
  `update_user_id` bigint NOT NULL COMMENT 'Id',
  `update_time` datetime NOT NULL COMMENT '',
  `deleted_flag` int NOT NULL DEFAULT '0' COMMENT '(1:  -1: )',
  PRIMARY KEY (`dept_id`) USING BTREE,
  KEY `idx_parent_id` (`parent_id`) USING BTREE,
  KEY `idx_show_order` (`show_order`) USING BTREE
) ENGINE=InnoDB DEFAULT CHARSET=utf8mb4 COLLATE=utf8mb4_bin ROW_FORMAT=COMPACT COMMENT='';

-- ----------------------------
-- Records of zz_sys_dept
-- ----------------------------
BEGIN;
INSERT INTO `zz_sys_dept` VALUES (1440911410581213416, NULL, '', 1, 1440911410581213417, '2021-09-23 00:00:00', 1440911410581213417, '2021-09-23 00:00:00', 1);
INSERT INTO `zz_sys_dept` VALUES (1440963592970047488, 1440911410581213416, '', 1, 1440911410581213417, '2021-09-23 16:57:47', 1440911410581213417, '2021-09-23 16:57:47', 1);
INSERT INTO `zz_sys_dept` VALUES (1440963642542526464, 1440911410581213416, '', 2, 1440911410581213417, '2021-09-23 16:57:59', 1440911410581213417, '2021-09-23 16:57:59', 1);
INSERT INTO `zz_sys_dept` VALUES (1440963698460987392, NULL, '', 2, 1440911410581213417, '2021-09-23 16:58:12', 1440911410581213417, '2021-09-23 16:58:12', 1);
INSERT INTO `zz_sys_dept` VALUES (1440963733084966912, NULL, '', 2, 1440911410581213417, '2021-09-23 16:58:20', 1440911410581213417, '2021-09-23 16:58:20', 1);
COMMIT;

-- ----------------------------
-- Table structure for zz_sys_dept_post
-- ----------------------------
DROP TABLE IF EXISTS `zz_sys_dept_post`;
CREATE TABLE `zz_sys_dept_post` (
  `dept_post_id` bigint NOT NULL COMMENT 'Id',
  `dept_id` bigint NOT NULL COMMENT 'Id',
  `post_id` bigint NOT NULL COMMENT 'Id',
  `post_show_name` varchar(255) CHARACTER SET utf8mb4 COLLATE utf8mb4_bin NOT NULL COMMENT '',
  PRIMARY KEY (`dept_post_id`) USING BTREE,
  KEY `idx_post_id` (`post_id`) USING BTREE,
  KEY `idx_dept_id` (`dept_id`) USING BTREE
) ENGINE=InnoDB DEFAULT CHARSET=utf8mb4 COLLATE=utf8mb4_bin;

-- ----------------------------
-- Records of zz_sys_dept_post
-- ----------------------------
BEGIN;
INSERT INTO `zz_sys_dept_post` VALUES (1440964221780103168, 1440963592970047488, 1440964097913917440, '');
INSERT INTO `zz_sys_dept_post` VALUES (1440964221855600640, 1440963592970047488, 1440964157770829824, '');
INSERT INTO `zz_sys_dept_post` VALUES (1440964387979399168, 1440963642542526464, 1440964097913917440, '');
INSERT INTO `zz_sys_dept_post` VALUES (1440964387983593472, 1440963642542526464, 1440964157770829824, '');
INSERT INTO `zz_sys_dept_post` VALUES (1440964519391137792, 1440963698460987392, 1440963890539139072, '');
INSERT INTO `zz_sys_dept_post` VALUES (1440964519395332096, 1440963698460987392, 1440964040611336192, '');
INSERT INTO `zz_sys_dept_post` VALUES (1440964519399526400, 1440963698460987392, 1440964157770829824, '');
INSERT INTO `zz_sys_dept_post` VALUES (1440964725134331904, 1440963733084966912, 1440963890539139072, '');
INSERT INTO `zz_sys_dept_post` VALUES (1440964725138526208, 1440963733084966912, 1440964040611336192, '');
INSERT INTO `zz_sys_dept_post` VALUES (1440964725142720512, 1440963733084966912, 1440964157770829824, '');
INSERT INTO `zz_sys_dept_post` VALUES (1440969551792574464, 1440911410581213416, 1440963890539139072, '');
COMMIT;

-- ----------------------------
-- Table structure for zz_sys_dept_relation
-- ----------------------------
DROP TABLE IF EXISTS `zz_sys_dept_relation`;
CREATE TABLE `zz_sys_dept_relation` (
  `parent_dept_id` bigint NOT NULL COMMENT 'Id',
  `dept_id` bigint NOT NULL COMMENT 'Id',
  PRIMARY KEY (`parent_dept_id`,`dept_id`),
  KEY `idx_dept_id` (`dept_id`) USING BTREE
) ENGINE=InnoDB DEFAULT CHARSET=utf8mb4 COLLATE=utf8mb4_bin ROW_FORMAT=COMPACT COMMENT='';

-- ----------------------------
-- Records of zz_sys_dept_relation
-- ----------------------------
BEGIN;
INSERT INTO `zz_sys_dept_relation` VALUES (1440911410581213416, 1440911410581213416);
INSERT INTO `zz_sys_dept_relation` VALUES (1440911410581213416, 1440963592970047488);
INSERT INTO `zz_sys_dept_relation` VALUES (1440963592970047488, 1440963592970047488);
INSERT INTO `zz_sys_dept_relation` VALUES (1440911410581213416, 1440963642542526464);
INSERT INTO `zz_sys_dept_relation` VALUES (1440963642542526464, 1440963642542526464);
INSERT INTO `zz_sys_dept_relation` VALUES (1440963698460987392, 1440963698460987392);
INSERT INTO `zz_sys_dept_relation` VALUES (1440963733084966912, 1440963733084966912);
COMMIT;

-- ----------------------------
-- Table structure for zz_sys_menu
-- ----------------------------
DROP TABLE IF EXISTS `zz_sys_menu`;
CREATE TABLE `zz_sys_menu` (
  `menu_id` bigint NOT NULL COMMENT 'Id',
  `parent_id` bigint DEFAULT NULL COMMENT 'Idnull',
  `menu_name` varchar(50) CHARACTER SET utf8mb4 COLLATE utf8mb4_bin NOT NULL COMMENT '',
  `menu_type` int NOT NULL COMMENT '(0:  1:  2:  3: UI)',
  `form_router_name` varchar(64) CHARACTER SET utf8mb4 COLLATE utf8mb4_bin DEFAULT NULL COMMENT 'menu_type1',
  `online_form_id` bigint DEFAULT NULL COMMENT 'Id',
  `online_menu_perm_type` int DEFAULT NULL COMMENT '',
  `online_flow_entry_id` bigint DEFAULT NULL COMMENT 'Id',
  `show_order` int NOT NULL COMMENT ' ()',
  `icon` varchar(50) CHARACTER SET utf8mb4 COLLATE utf8mb4_bin DEFAULT NULL COMMENT '',
  `create_user_id` bigint NOT NULL COMMENT 'Id',
  `create_time` datetime NOT NULL COMMENT '',
  `update_user_id` bigint NOT NULL COMMENT 'Id',
  `update_time` datetime NOT NULL COMMENT '',
  `deleted_flag` int NOT NULL COMMENT '(1:  -1: )',
  PRIMARY KEY (`menu_id`) USING BTREE,
  KEY `idx_show_order` (`show_order`) USING BTREE,
  KEY `idx_parent_id` (`parent_id`) USING BTREE
) ENGINE=InnoDB DEFAULT CHARSET=utf8mb4 COLLATE=utf8mb4_bin ROW_FORMAT=COMPACT COMMENT='';

-- ----------------------------
-- Records of zz_sys_menu
-- ----------------------------
BEGIN;
INSERT INTO `zz_sys_menu` VALUES (1392786476428693504, NULL, '', 0, NULL, NULL, NULL, NULL, 2, 'el-icon-c-scale-to-original', 1440911410581213417, '2021-09-23 00:00:00', 1440911410581213417, '2021-09-23 17:42:00', 1);
INSERT INTO `zz_sys_menu` VALUES (1392786549942259712, 1392786476428693504, '', 1, 'formOnlineDict', NULL, NULL, NULL, 1, NULL, 1440911410581213417, '2021-09-23 00:00:00', 1440911410581213417, '2021-09-23 00:00:00', 1);
INSERT INTO `zz_sys_menu` VALUES (1392786950682841088, 1392786476428693504, '', 1, 'formOnlinePage', NULL, NULL, NULL, 2, NULL, 1440911410581213417, '2021-09-23 00:00:00', 1440911410581213417, '2021-09-23 00:00:00', 1);
INSERT INTO `zz_sys_menu` VALUES (1401532054578925568, NULL, '', 0, NULL, NULL, NULL, NULL, 1, 'el-icon-setting', 1440911410581213417, '2021-09-23 00:00:00', 1440911410581213417, '2021-09-23 17:41:39', 1);
INSERT INTO `zz_sys_menu` VALUES (1401532055971434496, 1401532054578925568, '', 1, 'formSysUser', NULL, NULL, NULL, 100, NULL, 1440911410581213417, '2021-09-23 00:00:00', 1440911410581213417, '2021-09-23 00:00:00', 1);
INSERT INTO `zz_sys_menu` VALUES (1401532055971434497, 1401532054578925568, '', 1, 'formSysDept', NULL, NULL, NULL, 105, NULL, 1440911410581213417, '2021-09-23 00:00:00', 1440911410581213417, '2021-09-23 00:00:00', 1);
INSERT INTO `zz_sys_menu` VALUES (1401532055971434498, 1401532054578925568, '', 1, 'formSysRole', NULL, NULL, NULL, 110, NULL, 1440911410581213417, '2021-09-23 00:00:00', 1440911410581213417, '2021-09-23 00:00:00', 1);
INSERT INTO `zz_sys_menu` VALUES (1401532055971434499, 1401532054578925568, '', 1, 'formSysDataPerm', NULL, NULL, NULL, 115, NULL, 1440911410581213417, '2021-09-23 00:00:00', 1440911410581213417, '2021-09-23 00:00:00', 1);
INSERT INTO `zz_sys_menu` VALUES (1401532055971434500, 1401532054578925568, '', 1, 'formSysMenu', NULL, NULL, NULL, 120, NULL, 1440911410581213417, '2021-09-23 00:00:00', 1440911410581213417, '2021-09-23 00:00:00', 1);
INSERT INTO `zz_sys_menu` VALUES (1401532055971434501, 1401532054578925568, '', 1, 'formSysPermCode', NULL, NULL, NULL, 125, NULL, 1440911410581213417, '2021-09-23 00:00:00', 1440911410581213417, '2021-09-23 00:00:00', 1);
INSERT INTO `zz_sys_menu` VALUES (1401532055971434502, 1401532054578925568, '', 1, 'formSysPerm', NULL, NULL, NULL, 130, NULL, 1440911410581213417, '2021-09-23 00:00:00', 1440911410581213417, '2021-09-23 00:00:00', 1);
INSERT INTO `zz_sys_menu` VALUES (1401532055971434503, 1401532054578925568, '', 1, 'formSysDict', NULL, NULL, NULL, 135, NULL, 1440911410581213417, '2021-09-23 00:00:00', 1440911410581213417, '2021-09-23 00:00:00', 1);
INSERT INTO `zz_sys_menu` VALUES (1401532055971434504, 1401532054578925568, '', 1, 'formSysLoginUser', NULL, NULL, NULL, 145, NULL, 1440911410581213417, '2021-09-23 00:00:00', 1440911410581213417, '2021-09-23 00:00:00', 1);
INSERT INTO `zz_sys_menu` VALUES (1418057714138877952, NULL, '', 0, NULL, NULL, NULL, NULL, 3, 'el-icon-s-operation', 1440911410581213417, '2021-09-23 00:00:00', 1440911410581213417, '2021-09-23 17:42:12', 1);
INSERT INTO `zz_sys_menu` VALUES (1418057835631087616, 1418057714138877952, '', 1, 'formFlowCategory', NULL, NULL, NULL, 1, NULL, 1440911410581213417, '2021-09-23 00:00:00', 1440911410581213417, '2021-09-23 00:00:00', 1);
INSERT INTO `zz_sys_menu` VALUES (1418058049951633408, 1418057835631087616, '', 3, NULL, NULL, NULL, NULL, 1, NULL, 1440911410581213417, '2021-09-23 00:00:00', 1440911410581213417, '2021-09-23 00:00:00', 1);
INSERT INTO `zz_sys_menu` VALUES (1418058115667988480, 1418057835631087616, '', 3, NULL, NULL, NULL, NULL, 2, NULL, 1440911410581213417, '2021-09-23 00:00:00', 1440911410581213417, '2021-09-23 00:00:00', 1);
INSERT INTO `zz_sys_menu` VALUES (1418058170542067712, 1418057835631087616, '', 3, NULL, NULL, NULL, NULL, 3, NULL, 1440911410581213417, '2021-09-23 00:00:00', 1440911410581213417, '2021-09-23 00:00:00', 1);
INSERT INTO `zz_sys_menu` VALUES (1418058289182150656, 1418057714138877952, '', 1, 'formFlowEntry', NULL, NULL, NULL, 2, NULL, 1440911410581213417, '2021-09-23 00:00:00', 1440911410581213417, '2021-09-23 00:00:00', 1);
INSERT INTO `zz_sys_menu` VALUES (1418058515099947008, 1418058289182150656, '', 3, NULL, NULL, NULL, NULL, 1, NULL, 1440911410581213417, '2021-09-23 00:00:00', 1440911410581213417, '2021-09-23 00:00:00', 1);
INSERT INTO `zz_sys_menu` VALUES (1418058602723151872, 1418058289182150656, '', 3, NULL, NULL, NULL, NULL, 2, NULL, 1440911410581213417, '2021-09-23 00:00:00', 1440911410581213417, '2021-09-23 00:00:00', 1);
INSERT INTO `zz_sys_menu` VALUES (1418058744037642240, 1418057714138877952, '', 1, 'formAllInstance', NULL, NULL, NULL, 3, NULL, 1440911410581213417, '2021-09-23 00:00:00', 1440911410581213417, '2021-09-23 00:00:00', 1);
INSERT INTO `zz_sys_menu` VALUES (1418058844164067328, 1418058744037642240, '', 3, NULL, NULL, NULL, NULL, 1, NULL, 1440911410581213417, '2021-09-23 00:00:00', 1440911410581213417, '2021-09-23 00:00:00', 1);
INSERT INTO `zz_sys_menu` VALUES (1418058907674218496, 1418058744037642240, '', 3, NULL, NULL, NULL, NULL, 2, NULL, 1440911410581213417, '2021-09-23 00:00:00', 1440911410581213417, '2021-09-23 00:00:00', 1);
INSERT INTO `zz_sys_menu` VALUES (1418059005175009280, NULL, '', 0, NULL, NULL, NULL, NULL, 4, 'el-icon-tickets', 1440911410581213417, '2021-09-23 00:00:00', 1440911410581213417, '2021-09-23 17:42:32', 1);
INSERT INTO `zz_sys_menu` VALUES (1418059167532322816, 1418059005175009280, '', 1, 'formMyTask', NULL, NULL, NULL, 1, NULL, 1440911410581213417, '2021-09-23 00:00:00', 1440911410581213417, '2021-09-23 00:00:00', 1);
INSERT INTO `zz_sys_menu` VALUES (1418059283920064512, 1418059005175009280, '', 1, 'formMyHistoryTask', NULL, NULL, NULL, 2, NULL, 1440911410581213417, '2021-09-23 00:00:00', 1440911410581213417, '2021-09-23 00:00:00', 1);
INSERT INTO `zz_sys_menu` VALUES (1423161217970606080, 1418059005175009280, '', 1, 'formMyApprovedTask', NULL, NULL, NULL, 2, NULL, 1440911410581213417, '2021-09-23 00:00:00', 1440911410581213417, '2021-09-23 00:00:00', 1);
INSERT INTO `zz_sys_menu` VALUES (1433040549035642880, 1401532054578925568, '', 1, 'formSysPost', NULL, NULL, NULL, 106, NULL, 1440911410581213417, '2021-09-23 00:00:00', 1440911410581213417, '2021-09-23 00:00:00', 1);
INSERT INTO `zz_sys_menu` VALUES (1440911410581213280, 1401532055971434496, '', 3, NULL, NULL, NULL, NULL, 1, NULL, 1440911410581213417, '2021-09-23 00:00:00', 1440911410581213417, '2021-09-23 00:00:00', 1);
INSERT INTO `zz_sys_menu` VALUES (1440911410581213281, 1401532055971434496, '', 3, NULL, NULL, NULL, NULL, 2, NULL, 1440911410581213417, '2021-09-23 00:00:00', 1440911410581213417, '2021-09-23 00:00:00', 1);
INSERT INTO `zz_sys_menu` VALUES (1440911410581213282, 1401532055971434496, '', 3, NULL, NULL, NULL, NULL, 3, NULL, 1440911410581213417, '2021-09-23 00:00:00', 1440911410581213417, '2021-09-23 00:00:00', 1);
INSERT INTO `zz_sys_menu` VALUES (1440911410581213283, 1401532055971434496, '', 3, NULL, NULL, NULL, NULL, 4, NULL, 1440911410581213417, '2021-09-23 00:00:00', 1440911410581213417, '2021-09-23 00:00:00', 1);
INSERT INTO `zz_sys_menu` VALUES (1440911410581213284, 1401532055971434496, '', 3, NULL, NULL, NULL, NULL, 5, NULL, 1440911410581213417, '2021-09-23 00:00:00', 1440911410581213417, '2021-09-23 00:00:00', 1);
INSERT INTO `zz_sys_menu` VALUES (1440911410581213285, 1401532055971434496, '', 3, NULL, NULL, NULL, NULL, 6, NULL, 1440911410581213417, '2021-09-23 00:00:00', 1440911410581213417, '2021-09-23 00:00:00', 1);
INSERT INTO `zz_sys_menu` VALUES (1440911410581213294, 1401532055971434497, '', 3, NULL, NULL, NULL, NULL, 1, NULL, 1440911410581213417, '2021-09-23 00:00:00', 1440911410581213417, '2021-09-23 00:00:00', 1);
INSERT INTO `zz_sys_menu` VALUES (1440911410581213295, 1401532055971434497, '', 3, NULL, NULL, NULL, NULL, 2, NULL, 1440911410581213417, '2021-09-23 00:00:00', 1440911410581213417, '2021-09-23 00:00:00', 1);
INSERT INTO `zz_sys_menu` VALUES (1440911410581213296, 1401532055971434497, '', 3, NULL, NULL, NULL, NULL, 3, NULL, 1440911410581213417, '2021-09-23 00:00:00', 1440911410581213417, '2021-09-23 00:00:00', 1);
INSERT INTO `zz_sys_menu` VALUES (1440911410581213297, 1401532055971434497, '', 3, NULL, NULL, NULL, NULL, 4, NULL, 1440911410581213417, '2021-09-23 00:00:00', 1440911410581213417, '2021-09-23 00:00:00', 1);
INSERT INTO `zz_sys_menu` VALUES (1440911410581213298, 1401532055971434497, '', 3, NULL, NULL, NULL, NULL, 5, NULL, 1440911410581213417, '2021-09-23 00:00:00', 1440911410581213417, '2021-09-23 00:00:00', 1);
INSERT INTO `zz_sys_menu` VALUES (1440911410581213299, 1401532055971434497, '', 3, NULL, NULL, NULL, NULL, 6, NULL, 1440911410581213417, '2021-09-23 00:00:00', 1440911410581213417, '2021-09-23 00:00:00', 1);
INSERT INTO `zz_sys_menu` VALUES (1440911410581213308, 1401532055971434498, '', 2, NULL, NULL, NULL, NULL, 1, NULL, 1440911410581213417, '2021-09-23 00:00:00', 1440911410581213417, '2021-09-23 00:00:00', 1);
INSERT INTO `zz_sys_menu` VALUES (1440911410581213309, 1401532055971434498, '', 2, NULL, NULL, NULL, NULL, 2, NULL, 1440911410581213417, '2021-09-23 00:00:00', 1440911410581213417, '2021-09-23 00:00:00', 1);
INSERT INTO `zz_sys_menu` VALUES (1440911410581213310, 1440911410581213308, '', 3, NULL, NULL, NULL, NULL, 1, NULL, 1440911410581213417, '2021-09-23 00:00:00', 1440911410581213417, '2021-09-23 00:00:00', 1);
INSERT INTO `zz_sys_menu` VALUES (1440911410581213311, 1440911410581213308, '', 3, NULL, NULL, NULL, NULL, 2, NULL, 1440911410581213417, '2021-09-23 00:00:00', 1440911410581213417, '2021-09-23 00:00:00', 1);
INSERT INTO `zz_sys_menu` VALUES (1440911410581213312, 1440911410581213308, '', 3, NULL, NULL, NULL, NULL, 3, NULL, 1440911410581213417, '2021-09-23 00:00:00', 1440911410581213417, '2021-09-23 00:00:00', 1);
INSERT INTO `zz_sys_menu` VALUES (1440911410581213313, 1440911410581213308, '', 3, NULL, NULL, NULL, NULL, 4, NULL, 1440911410581213417, '2021-09-23 00:00:00', 1440911410581213417, '2021-09-23 00:00:00', 1);
INSERT INTO `zz_sys_menu` VALUES (1440911410581213314, 1440911410581213308, '', 3, NULL, NULL, NULL, NULL, 5, NULL, 1440911410581213417, '2021-09-23 00:00:00', 1440911410581213417, '2021-09-23 00:00:00', 1);
INSERT INTO `zz_sys_menu` VALUES (1440911410581213315, 1440911410581213309, '', 3, NULL, NULL, NULL, NULL, 1, NULL, 1440911410581213417, '2021-09-23 00:00:00', 1440911410581213417, '2021-09-23 00:00:00', 1);
INSERT INTO `zz_sys_menu` VALUES (1440911410581213316, 1440911410581213309, '', 3, NULL, NULL, NULL, NULL, 2, NULL, 1440911410581213417, '2021-09-23 00:00:00', 1440911410581213417, '2021-09-23 00:00:00', 1);
INSERT INTO `zz_sys_menu` VALUES (1440911410581213317, 1440911410581213309, '', 3, NULL, NULL, NULL, NULL, 3, NULL, 1440911410581213417, '2021-09-23 00:00:00', 1440911410581213417, '2021-09-23 00:00:00', 1);
INSERT INTO `zz_sys_menu` VALUES (1440911410581213328, 1401532055971434499, '', 2, NULL, NULL, NULL, NULL, 1, NULL, 1440911410581213417, '2021-09-23 00:00:00', 1440911410581213417, '2021-09-23 00:00:00', 1);
INSERT INTO `zz_sys_menu` VALUES (1440911410581213329, 1401532055971434499, '', 2, NULL, NULL, NULL, NULL, 2, NULL, 1440911410581213417, '2021-09-23 00:00:00', 1440911410581213417, '2021-09-23 00:00:00', 1);
INSERT INTO `zz_sys_menu` VALUES (1440911410581213330, 1440911410581213328, '', 3, NULL, NULL, NULL, NULL, 1, NULL, 1440911410581213417, '2021-09-23 00:00:00', 1440911410581213417, '2021-09-23 00:00:00', 1);
INSERT INTO `zz_sys_menu` VALUES (1440911410581213331, 1440911410581213328, '', 3, NULL, NULL, NULL, NULL, 2, NULL, 1440911410581213417, '2021-09-23 00:00:00', 1440911410581213417, '2021-09-23 00:00:00', 1);
INSERT INTO `zz_sys_menu` VALUES (1440911410581213332, 1440911410581213328, '', 3, NULL, NULL, NULL, NULL, 3, NULL, 1440911410581213417, '2021-09-23 00:00:00', 1440911410581213417, '2021-09-23 00:00:00', 1);
INSERT INTO `zz_sys_menu` VALUES (1440911410581213333, 1440911410581213328, '', 3, NULL, NULL, NULL, NULL, 4, NULL, 1440911410581213417, '2021-09-23 00:00:00', 1440911410581213417, '2021-09-23 00:00:00', 1);
INSERT INTO `zz_sys_menu` VALUES (1440911410581213334, 1440911410581213329, '', 3, NULL, NULL, NULL, NULL, 1, NULL, 1440911410581213417, '2021-09-23 00:00:00', 1440911410581213417, '2021-09-23 00:00:00', 1);
INSERT INTO `zz_sys_menu` VALUES (1440911410581213335, 1440911410581213329, '', 3, NULL, NULL, NULL, NULL, 2, NULL, 1440911410581213417, '2021-09-23 00:00:00', 1440911410581213417, '2021-09-23 00:00:00', 1);
INSERT INTO `zz_sys_menu` VALUES (1440911410581213336, 1440911410581213329, '', 3, NULL, NULL, NULL, NULL, 3, NULL, 1440911410581213417, '2021-09-23 00:00:00', 1440911410581213417, '2021-09-23 00:00:00', 1);
INSERT INTO `zz_sys_menu` VALUES (1440911410581213346, 1401532055971434500, '', 3, NULL, NULL, NULL, NULL, 1, NULL, 1440911410581213417, '2021-09-23 00:00:00', 1440911410581213417, '2021-09-23 00:00:00', 1);
INSERT INTO `zz_sys_menu` VALUES (1440911410581213347, 1401532055971434500, '', 3, NULL, NULL, NULL, NULL, 2, NULL, 1440911410581213417, '2021-09-23 00:00:00', 1440911410581213417, '2021-09-23 00:00:00', 1);
INSERT INTO `zz_sys_menu` VALUES (1440911410581213348, 1401532055971434500, '', 3, NULL, NULL, NULL, NULL, 3, NULL, 1440911410581213417, '2021-09-23 00:00:00', 1440911410581213417, '2021-09-23 00:00:00', 1);
INSERT INTO `zz_sys_menu` VALUES (1440911410581213349, 1401532055971434500, '', 3, NULL, NULL, NULL, NULL, 4, NULL, 1440911410581213417, '2021-09-23 00:00:00', 1440911410581213417, '2021-09-23 00:00:00', 1);
INSERT INTO `zz_sys_menu` VALUES (1440911410581213350, 1401532055971434500, '', 3, NULL, NULL, NULL, NULL, 5, NULL, 1440911410581213417, '2021-09-23 00:00:00', 1440911410581213417, '2021-09-23 00:00:00', 1);
INSERT INTO `zz_sys_menu` VALUES (1440911410581213358, 1401532055971434501, '', 3, NULL, NULL, NULL, NULL, 1, NULL, 1440911410581213417, '2021-09-23 00:00:00', 1440911410581213417, '2021-09-23 00:00:00', 1);
INSERT INTO `zz_sys_menu` VALUES (1440911410581213359, 1401532055971434501, '', 3, NULL, NULL, NULL, NULL, 2, NULL, 1440911410581213417, '2021-09-23 00:00:00', 1440911410581213417, '2021-09-23 00:00:00', 1);
INSERT INTO `zz_sys_menu` VALUES (1440911410581213360, 1401532055971434501, '', 3, NULL, NULL, NULL, NULL, 3, NULL, 1440911410581213417, '2021-09-23 00:00:00', 1440911410581213417, '2021-09-23 00:00:00', 1);
INSERT INTO `zz_sys_menu` VALUES (1440911410581213361, 1401532055971434501, '', 3, NULL, NULL, NULL, NULL, 4, NULL, 1440911410581213417, '2021-09-23 00:00:00', 1440911410581213417, '2021-09-23 00:00:00', 1);
INSERT INTO `zz_sys_menu` VALUES (1440911410581213362, 1401532055971434501, '', 3, NULL, NULL, NULL, NULL, 5, NULL, 1440911410581213417, '2021-09-23 00:00:00', 1440911410581213417, '2021-09-23 00:00:00', 1);
INSERT INTO `zz_sys_menu` VALUES (1440911410581213370, 1401532055971434502, '', 3, NULL, NULL, NULL, NULL, 1, NULL, 1440911410581213417, '2021-09-23 00:00:00', 1440911410581213417, '2021-09-23 00:00:00', 1);
INSERT INTO `zz_sys_menu` VALUES (1440911410581213371, 1401532055971434502, '', 3, NULL, NULL, NULL, NULL, 2, NULL, 1440911410581213417, '2021-09-23 00:00:00', 1440911410581213417, '2021-09-23 00:00:00', 1);
INSERT INTO `zz_sys_menu` VALUES (1440911410581213372, 1401532055971434502, '', 3, NULL, NULL, NULL, NULL, 3, NULL, 1440911410581213417, '2021-09-23 00:00:00', 1440911410581213417, '2021-09-23 00:00:00', 1);
INSERT INTO `zz_sys_menu` VALUES (1440911410581213373, 1401532055971434502, '', 3, NULL, NULL, NULL, NULL, 4, NULL, 1440911410581213417, '2021-09-23 00:00:00', 1440911410581213417, '2021-09-23 00:00:00', 1);
INSERT INTO `zz_sys_menu` VALUES (1440911410581213374, 1401532055971434502, '', 3, NULL, NULL, NULL, NULL, 5, NULL, 1440911410581213417, '2021-09-23 00:00:00', 1440911410581213417, '2021-09-23 00:00:00', 1);
INSERT INTO `zz_sys_menu` VALUES (1440911410581213375, 1401532055971434502, '', 3, NULL, NULL, NULL, NULL, 6, NULL, 1440911410581213417, '2021-09-23 00:00:00', 1440911410581213417, '2021-09-23 00:00:00', 1);
INSERT INTO `zz_sys_menu` VALUES (1440911410581213376, 1401532055971434502, '', 3, NULL, NULL, NULL, NULL, 7, NULL, 1440911410581213417, '2021-09-23 00:00:00', 1440911410581213417, '2021-09-23 00:00:00', 1);
INSERT INTO `zz_sys_menu` VALUES (1440911410581213377, 1401532055971434502, '', 3, NULL, NULL, NULL, NULL, 8, NULL, 1440911410581213417, '2021-09-23 00:00:00', 1440911410581213417, '2021-09-23 00:00:00', 1);
INSERT INTO `zz_sys_menu` VALUES (1440911410581213388, 1401532055971434503, '', 3, NULL, NULL, NULL, NULL, 1, NULL, 1440911410581213417, '2021-09-23 00:00:00', 1440911410581213417, '2021-09-23 00:00:00', 1);
INSERT INTO `zz_sys_menu` VALUES (1440911410581213389, 1401532055971434503, '', 3, NULL, NULL, NULL, NULL, 2, NULL, 1440911410581213417, '2021-09-23 00:00:00', 1440911410581213417, '2021-09-23 00:00:00', 1);
INSERT INTO `zz_sys_menu` VALUES (1440911410581213390, 1401532055971434503, '', 3, NULL, NULL, NULL, NULL, 3, NULL, 1440911410581213417, '2021-09-23 00:00:00', 1440911410581213417, '2021-09-23 00:00:00', 1);
INSERT INTO `zz_sys_menu` VALUES (1440911410581213391, 1401532055971434503, '', 3, NULL, NULL, NULL, NULL, 4, NULL, 1440911410581213417, '2021-09-23 00:00:00', 1440911410581213417, '2021-09-23 00:00:00', 1);
INSERT INTO `zz_sys_menu` VALUES (1440911410581213392, 1401532055971434503, '', 3, NULL, NULL, NULL, NULL, 5, NULL, 1440911410581213417, '2021-09-23 00:00:00', 1440911410581213417, '2021-09-23 00:00:00', 1);
INSERT INTO `zz_sys_menu` VALUES (1440911410581213400, 1401532055971434504, '', 3, NULL, NULL, NULL, NULL, 1, NULL, 1440911410581213417, '2021-09-23 00:00:00', 1440911410581213417, '2021-09-23 00:00:00', 1);
INSERT INTO `zz_sys_menu` VALUES (1440911410581213401, 1401532055971434504, '', 3, NULL, NULL, NULL, NULL, 2, NULL, 1440911410581213417, '2021-09-23 00:00:00', 1440911410581213417, '2021-09-23 00:00:00', 1);
INSERT INTO `zz_sys_menu` VALUES (1440911410581213406, 1433040549035642880, '', 2, NULL, NULL, NULL, NULL, 1, NULL, 1440911410581213417, '2021-09-23 00:00:00', 1440911410581213417, '2021-09-23 00:00:00', 1);
INSERT INTO `zz_sys_menu` VALUES (1440911410581213407, 1440911410581213406, '', 3, NULL, NULL, NULL, NULL, 1, NULL, 1440911410581213417, '2021-09-23 00:00:00', 1440911410581213417, '2021-09-23 00:00:00', 1);
INSERT INTO `zz_sys_menu` VALUES (1440911410581213408, 1440911410581213406, '', 3, NULL, NULL, NULL, NULL, 2, NULL, 1440911410581213417, '2021-09-23 00:00:00', 1440911410581213417, '2021-09-23 00:00:00', 1);
INSERT INTO `zz_sys_menu` VALUES (1440911410581213409, 1440911410581213406, '', 3, NULL, NULL, NULL, NULL, 3, NULL, 1440911410581213417, '2021-09-23 00:00:00', 1440911410581213417, '2021-09-23 00:00:00', 1);
INSERT INTO `zz_sys_menu` VALUES (1440911410581213410, 1440911410581213406, '', 3, NULL, NULL, NULL, NULL, 4, NULL, 1440911410581213417, '2021-09-23 00:00:00', 1440911410581213417, '2021-09-23 00:00:00', 1);
INSERT INTO `zz_sys_menu` VALUES (1440973980537196544, NULL, '', 0, NULL, NULL, NULL, NULL, 5, 'el-icon-goods', 1440911410581213417, '2021-09-23 17:39:04', 1440911410581213417, '2021-09-23 17:42:45', 1);
INSERT INTO `zz_sys_menu` VALUES (1440974056105971712, 1440973980537196544, '', 1, NULL, 1440959226632474624, NULL, NULL, 1, NULL, 1440911410581213417, '2021-09-23 17:39:22', 1440911410581213417, '2021-09-23 17:39:22', 1);
INSERT INTO `zz_sys_menu` VALUES (1440974056110166016, 1440974056105971712, '', 3, NULL, 1440959226632474624, 0, NULL, 0, NULL, 1440911410581213417, '2021-09-23 17:39:22', 1440911410581213417, '2021-09-23 17:39:22', 1);
INSERT INTO `zz_sys_menu` VALUES (1440974056114360320, 1440974056105971712, '', 3, NULL, 1440959226632474624, 1, NULL, 1, NULL, 1440911410581213417, '2021-09-23 17:39:22', 1440911410581213417, '2021-09-23 17:39:22', 1);
INSERT INTO `zz_sys_menu` VALUES (1440974134195523584, 1440973980537196544, '', 1, NULL, 1440961456601305088, NULL, NULL, 2, NULL, 1440911410581213417, '2021-09-23 17:39:40', 1440911410581213417, '2021-09-23 17:39:40', 1);
INSERT INTO `zz_sys_menu` VALUES (1440974134199717888, 1440974134195523584, '', 3, NULL, 1440961456601305088, 0, NULL, 0, NULL, 1440911410581213417, '2021-09-23 17:39:40', 1440911410581213417, '2021-09-23 17:39:40', 1);
INSERT INTO `zz_sys_menu` VALUES (1440974134203912192, 1440974134195523584, '', 3, NULL, 1440961456601305088, 1, NULL, 1, NULL, 1440911410581213417, '2021-09-23 17:39:40', 1440911410581213417, '2021-09-23 17:39:40', 1);
INSERT INTO `zz_sys_menu` VALUES (1440974233613111296, 1440973980537196544, '', 1, NULL, 1440962496864194560, NULL, NULL, 3, NULL, 1440911410581213417, '2021-09-23 17:40:04', 1440911410581213417, '2021-09-23 17:40:04', 1);
INSERT INTO `zz_sys_menu` VALUES (1440974233617305600, 1440974233613111296, '', 3, NULL, 1440962496864194560, 0, NULL, 0, NULL, 1440911410581213417, '2021-09-23 17:40:04', 1440911410581213417, '2021-09-23 17:40:04', 1);
INSERT INTO `zz_sys_menu` VALUES (1440974233621499904, 1440974233613111296, '', 3, NULL, 1440962496864194560, 1, NULL, 1, NULL, 1440911410581213417, '2021-09-23 17:40:04', 1440911410581213417, '2021-09-23 17:40:04', 1);
INSERT INTO `zz_sys_menu` VALUES (1440974310754750464, NULL, '', 0, NULL, NULL, NULL, NULL, 6, 'el-icon-menu', 1440911410581213417, '2021-09-23 17:40:22', 1440911410581213417, '2021-09-23 17:43:00', 1);
INSERT INTO `zz_sys_menu` VALUES (1440974580402360320, 1440974310754750464, '', 1, NULL, 1440945468593934336, NULL, 1440962968085860352, 1, NULL, 1440911410581213417, '2021-09-23 17:41:27', 1440911410581213417, '2021-09-23 17:54:31', 1);
INSERT INTO `zz_sys_menu` VALUES (1440978065088843776, 1440974310754750464, '', 1, NULL, 1440955483438452736, NULL, 1440968423508021248, 2, NULL, 1440911410581213417, '2021-09-23 17:55:17', 1440911410581213417, '2021-09-23 17:55:17', 1);
COMMIT;

-- ----------------------------
-- Table structure for zz_sys_menu_perm_code
-- ----------------------------
DROP TABLE IF EXISTS `zz_sys_menu_perm_code`;
CREATE TABLE `zz_sys_menu_perm_code` (
  `menu_id` bigint NOT NULL COMMENT 'Id',
  `perm_code_id` bigint NOT NULL COMMENT 'Id',
  PRIMARY KEY (`menu_id`,`perm_code_id`) USING BTREE,
  KEY `idx_perm_code_id` (`perm_code_id`) USING BTREE
) ENGINE=InnoDB DEFAULT CHARSET=utf8mb4 COLLATE=utf8mb4_bin COMMENT='';

-- ----------------------------
-- Records of zz_sys_menu_perm_code
-- ----------------------------
BEGIN;
INSERT INTO `zz_sys_menu_perm_code` VALUES (1392786549942259712, 1400638885750378496);
INSERT INTO `zz_sys_menu_perm_code` VALUES (1392786950682841088, 1400639252747784192);
INSERT INTO `zz_sys_menu_perm_code` VALUES (1418057835631087616, 1418046848794365952);
INSERT INTO `zz_sys_menu_perm_code` VALUES (1418058049951633408, 1418046986677915648);
INSERT INTO `zz_sys_menu_perm_code` VALUES (1418058115667988480, 1418047095188754432);
INSERT INTO `zz_sys_menu_perm_code` VALUES (1418058170542067712, 1418047182946177024);
INSERT INTO `zz_sys_menu_perm_code` VALUES (1418058289182150656, 1418048205177753600);
INSERT INTO `zz_sys_menu_perm_code` VALUES (1418058602723151872, 1418048335343783936);
INSERT INTO `zz_sys_menu_perm_code` VALUES (1418058744037642240, 1418049164754817024);
INSERT INTO `zz_sys_menu_perm_code` VALUES (1418058844164067328, 1418049287106859008);
INSERT INTO `zz_sys_menu_perm_code` VALUES (1418058907674218496, 1418049398776008704);
INSERT INTO `zz_sys_menu_perm_code` VALUES (1418059167532322816, 1418050322282057728);
INSERT INTO `zz_sys_menu_perm_code` VALUES (1418058515099947008, 1418050797706416128);
INSERT INTO `zz_sys_menu_perm_code` VALUES (1418059283920064512, 1418057346877231104);
INSERT INTO `zz_sys_menu_perm_code` VALUES (1423161217970606080, 1423636498195943424);
INSERT INTO `zz_sys_menu_perm_code` VALUES (1423161217970606080, 1423637544578322432);
INSERT INTO `zz_sys_menu_perm_code` VALUES (1440911410581213280, 1440911410581213287);
INSERT INTO `zz_sys_menu_perm_code` VALUES (1440911410581213281, 1440911410581213288);
INSERT INTO `zz_sys_menu_perm_code` VALUES (1440911410581213282, 1440911410581213289);
INSERT INTO `zz_sys_menu_perm_code` VALUES (1440911410581213283, 1440911410581213290);
INSERT INTO `zz_sys_menu_perm_code` VALUES (1440911410581213284, 1440911410581213291);
INSERT INTO `zz_sys_menu_perm_code` VALUES (1440911410581213285, 1440911410581213292);
INSERT INTO `zz_sys_menu_perm_code` VALUES (1440911410581213294, 1440911410581213301);
INSERT INTO `zz_sys_menu_perm_code` VALUES (1440911410581213295, 1440911410581213302);
INSERT INTO `zz_sys_menu_perm_code` VALUES (1440911410581213296, 1440911410581213303);
INSERT INTO `zz_sys_menu_perm_code` VALUES (1440911410581213297, 1440911410581213304);
INSERT INTO `zz_sys_menu_perm_code` VALUES (1440911410581213298, 1440911410581213305);
INSERT INTO `zz_sys_menu_perm_code` VALUES (1440911410581213299, 1440911410581213306);
INSERT INTO `zz_sys_menu_perm_code` VALUES (1440911410581213310, 1440911410581213319);
INSERT INTO `zz_sys_menu_perm_code` VALUES (1440911410581213315, 1440911410581213320);
INSERT INTO `zz_sys_menu_perm_code` VALUES (1440911410581213311, 1440911410581213321);
INSERT INTO `zz_sys_menu_perm_code` VALUES (1440911410581213312, 1440911410581213322);
INSERT INTO `zz_sys_menu_perm_code` VALUES (1440911410581213313, 1440911410581213323);
INSERT INTO `zz_sys_menu_perm_code` VALUES (1440911410581213314, 1440911410581213324);
INSERT INTO `zz_sys_menu_perm_code` VALUES (1440911410581213316, 1440911410581213325);
INSERT INTO `zz_sys_menu_perm_code` VALUES (1440911410581213317, 1440911410581213326);
INSERT INTO `zz_sys_menu_perm_code` VALUES (1440911410581213330, 1440911410581213338);
INSERT INTO `zz_sys_menu_perm_code` VALUES (1440911410581213334, 1440911410581213339);
INSERT INTO `zz_sys_menu_perm_code` VALUES (1440911410581213331, 1440911410581213340);
INSERT INTO `zz_sys_menu_perm_code` VALUES (1440911410581213332, 1440911410581213341);
INSERT INTO `zz_sys_menu_perm_code` VALUES (1440911410581213333, 1440911410581213342);
INSERT INTO `zz_sys_menu_perm_code` VALUES (1440911410581213335, 1440911410581213343);
INSERT INTO `zz_sys_menu_perm_code` VALUES (1440911410581213336, 1440911410581213344);
INSERT INTO `zz_sys_menu_perm_code` VALUES (1440911410581213346, 1440911410581213352);
INSERT INTO `zz_sys_menu_perm_code` VALUES (1440911410581213347, 1440911410581213353);
INSERT INTO `zz_sys_menu_perm_code` VALUES (1440911410581213348, 1440911410581213354);
INSERT INTO `zz_sys_menu_perm_code` VALUES (1440911410581213349, 1440911410581213355);
INSERT INTO `zz_sys_menu_perm_code` VALUES (1440911410581213350, 1440911410581213356);
INSERT INTO `zz_sys_menu_perm_code` VALUES (1440911410581213358, 1440911410581213364);
INSERT INTO `zz_sys_menu_perm_code` VALUES (1440911410581213359, 1440911410581213365);
INSERT INTO `zz_sys_menu_perm_code` VALUES (1440911410581213360, 1440911410581213366);
INSERT INTO `zz_sys_menu_perm_code` VALUES (1440911410581213361, 1440911410581213367);
INSERT INTO `zz_sys_menu_perm_code` VALUES (1440911410581213362, 1440911410581213368);
INSERT INTO `zz_sys_menu_perm_code` VALUES (1440911410581213370, 1440911410581213379);
INSERT INTO `zz_sys_menu_perm_code` VALUES (1440911410581213371, 1440911410581213380);
INSERT INTO `zz_sys_menu_perm_code` VALUES (1440911410581213372, 1440911410581213381);
INSERT INTO `zz_sys_menu_perm_code` VALUES (1440911410581213373, 1440911410581213382);
INSERT INTO `zz_sys_menu_perm_code` VALUES (1440911410581213374, 1440911410581213383);
INSERT INTO `zz_sys_menu_perm_code` VALUES (1440911410581213375, 1440911410581213384);
INSERT INTO `zz_sys_menu_perm_code` VALUES (1440911410581213376, 1440911410581213385);
INSERT INTO `zz_sys_menu_perm_code` VALUES (1440911410581213377, 1440911410581213386);
INSERT INTO `zz_sys_menu_perm_code` VALUES (1401532055971434503, 1440911410581213394);
INSERT INTO `zz_sys_menu_perm_code` VALUES (1440911410581213388, 1440911410581213394);
INSERT INTO `zz_sys_menu_perm_code` VALUES (1401532055971434503, 1440911410581213395);
INSERT INTO `zz_sys_menu_perm_code` VALUES (1440911410581213389, 1440911410581213395);
INSERT INTO `zz_sys_menu_perm_code` VALUES (1401532055971434503, 1440911410581213396);
INSERT INTO `zz_sys_menu_perm_code` VALUES (1440911410581213390, 1440911410581213396);
INSERT INTO `zz_sys_menu_perm_code` VALUES (1401532055971434503, 1440911410581213397);
INSERT INTO `zz_sys_menu_perm_code` VALUES (1440911410581213391, 1440911410581213397);
INSERT INTO `zz_sys_menu_perm_code` VALUES (1401532055971434503, 1440911410581213398);
INSERT INTO `zz_sys_menu_perm_code` VALUES (1440911410581213392, 1440911410581213398);
INSERT INTO `zz_sys_menu_perm_code` VALUES (1440911410581213400, 1440911410581213403);
INSERT INTO `zz_sys_menu_perm_code` VALUES (1440911410581213401, 1440911410581213404);
INSERT INTO `zz_sys_menu_perm_code` VALUES (1440911410581213407, 1440911410581213412);
INSERT INTO `zz_sys_menu_perm_code` VALUES (1440911410581213408, 1440911410581213413);
INSERT INTO `zz_sys_menu_perm_code` VALUES (1440911410581213409, 1440911410581213414);
INSERT INTO `zz_sys_menu_perm_code` VALUES (1440911410581213410, 1440911410581213415);
INSERT INTO `zz_sys_menu_perm_code` VALUES (1440974580402360320, 1440976898661289984);
INSERT INTO `zz_sys_menu_perm_code` VALUES (1440978065088843776, 1440976998183735296);
INSERT INTO `zz_sys_menu_perm_code` VALUES (1440974580402360320, 1440977405874278400);
INSERT INTO `zz_sys_menu_perm_code` VALUES (1440978065088843776, 1440977767599443968);
COMMIT;

-- ----------------------------
-- Table structure for zz_sys_operation_log
-- ----------------------------
DROP TABLE IF EXISTS `zz_sys_operation_log`;
CREATE TABLE `zz_sys_operation_log` (
  `log_id` bigint NOT NULL COMMENT 'Id',
  `description` varchar(255) CHARACTER SET utf8mb4 COLLATE utf8mb4_bin DEFAULT NULL COMMENT '',
  `operation_type` int DEFAULT NULL COMMENT '',
  `service_name` varchar(128) CHARACTER SET utf8mb4 COLLATE utf8mb4_bin DEFAULT NULL COMMENT '',
  `api_class` varchar(255) CHARACTER SET utf8mb4 COLLATE utf8mb4_bin DEFAULT NULL COMMENT 'controller',
  `api_method` varchar(255) CHARACTER SET utf8mb4 COLLATE utf8mb4_bin DEFAULT NULL COMMENT 'controller',
  `session_id` varchar(255) CHARACTER SET utf8mb4 COLLATE utf8mb4_bin DEFAULT NULL COMMENT 'sessionId',
  `trace_id` char(32) CHARACTER SET utf8mb4 COLLATE utf8mb4_bin DEFAULT NULL COMMENT 'Id',
  `elapse` int DEFAULT NULL COMMENT '',
  `request_method` varchar(32) CHARACTER SET utf8mb4 COLLATE utf8mb4_bin DEFAULT NULL COMMENT 'HTTP GET',
  `request_url` varchar(255) CHARACTER SET utf8mb4 COLLATE utf8mb4_bin DEFAULT NULL COMMENT 'HTTP ',
  `request_arguments` varchar(2000) CHARACTER SET utf8mb4 COLLATE utf8mb4_bin DEFAULT NULL COMMENT 'controller',
  `response_result` varchar(2000) CHARACTER SET utf8mb4 COLLATE utf8mb4_bin DEFAULT NULL COMMENT 'controller',
  `request_ip` varchar(32) CHARACTER SET utf8mb4 COLLATE utf8mb4_bin DEFAULT NULL COMMENT 'IP',
  `success` bit(1) DEFAULT NULL COMMENT '',
  `error_msg` varchar(2000) CHARACTER SET utf8mb4 COLLATE utf8mb4_bin DEFAULT NULL COMMENT '',
  `tenant_id` bigint DEFAULT NULL COMMENT 'Id',
  `operator_id` bigint DEFAULT NULL COMMENT 'Id',
  `operator_name` varchar(255) CHARACTER SET utf8mb4 COLLATE utf8mb4_bin DEFAULT NULL COMMENT '',
  `operation_time` datetime DEFAULT NULL COMMENT '',
  PRIMARY KEY (`log_id`),
  KEY `idx_trace_id_idx` (`trace_id`),
  KEY `idx_operation_type_idx` (`operation_type`),
  KEY `idx_operation_time_idx` (`operation_time`) USING BTREE,
  KEY `idx_success` (`success`) USING BTREE,
  KEY `idx_elapse` (`elapse`) USING BTREE
) ENGINE=InnoDB DEFAULT CHARSET=utf8mb4 COLLATE=utf8mb4_bin COMMENT='';

-- ----------------------------
-- Table structure for zz_sys_perm
-- ----------------------------
DROP TABLE IF EXISTS `zz_sys_perm`;
CREATE TABLE `zz_sys_perm` (
  `perm_id` bigint NOT NULL COMMENT 'id',
  `module_id` bigint NOT NULL DEFAULT '0' COMMENT 'id',
  `perm_name` varchar(64) CHARACTER SET utf8mb4 COLLATE utf8mb4_bin NOT NULL DEFAULT '' COMMENT '',
  `url` varchar(128) CHARACTER SET utf8mb4 COLLATE utf8mb4_bin NOT NULL DEFAULT '' COMMENT 'url',
  `show_order` int NOT NULL DEFAULT '0' COMMENT '',
  `create_user_id` bigint NOT NULL COMMENT 'Id',
  `create_time` datetime NOT NULL COMMENT '',
  `update_user_id` bigint NOT NULL COMMENT 'Id',
  `update_time` datetime NOT NULL COMMENT '',
  `deleted_flag` int NOT NULL COMMENT '(1:  -1: )',
  PRIMARY KEY (`perm_id`) USING BTREE,
  KEY `idx_show_order` (`show_order`) USING BTREE,
  KEY `idx_module_id` (`module_id`) USING BTREE
) ENGINE=InnoDB DEFAULT CHARSET=utf8mb4 COLLATE=utf8mb4_bin ROW_FORMAT=COMPACT COMMENT='';

-- ----------------------------
-- Records of zz_sys_perm
-- ----------------------------
BEGIN;
INSERT INTO `zz_sys_perm` VALUES (1400626748101496832, 1400625224646397952, '', '/admin/online/onlineDblink/list', 1, 1440911410581213417, '2021-09-23 00:00:00', 1440911410581213417, '2021-09-23 00:00:00', 1);
INSERT INTO `zz_sys_perm` VALUES (1400626963806162944, 1400625224646397952, '', '/admin/online/onlineDblink/listDblinkTables', 2, 1440911410581213417, '2021-09-23 00:00:00', 1440911410581213417, '2021-09-23 00:00:00', 1);
INSERT INTO `zz_sys_perm` VALUES (1400627109692444672, 1400625224646397952, '', '/admin/online/onlineDblink/listDblinkTableColumns', 3, 1440911410581213417, '2021-09-23 00:00:00', 1440911410581213417, '2021-09-23 00:00:00', 1);
INSERT INTO `zz_sys_perm` VALUES (1400632108514283520, 1400625585851469824, '', '/admin/online/onlineDict/list', 1, 1440911410581213417, '2021-09-23 00:00:00', 1440911410581213417, '2021-09-23 00:00:00', 1);
INSERT INTO `zz_sys_perm` VALUES (1400632216169484288, 1400625585851469824, '', '/admin/online/onlineDict/view', 2, 1440911410581213417, '2021-09-23 00:00:00', 1440911410581213417, '2021-09-23 00:00:00', 1);
INSERT INTO `zz_sys_perm` VALUES (1400632326538399744, 1400625585851469824, '', '/admin/online/onlineDict/add', 3, 1440911410581213417, '2021-09-23 00:00:00', 1440911410581213417, '2021-09-23 00:00:00', 1);
INSERT INTO `zz_sys_perm` VALUES (1400632438635368448, 1400625585851469824, '', '/admin/online/onlineDict/update', 4, 1440911410581213417, '2021-09-23 00:00:00', 1440911410581213417, '2021-09-23 00:00:00', 1);
INSERT INTO `zz_sys_perm` VALUES (1400632511620452352, 1400625585851469824, '', '/admin/online/onlineDict/delete', 5, 1440911410581213417, '2021-09-23 00:00:00', 1440911410581213417, '2021-09-23 00:00:00', 1);
INSERT INTO `zz_sys_perm` VALUES (1400632924021198848, 1400625800033603584, '', '/admin/online/onlineTable/list', 1, 1440911410581213417, '2021-09-23 00:00:00', 1440911410581213417, '2021-09-23 00:00:00', 1);
INSERT INTO `zz_sys_perm` VALUES (1400632978937221120, 1400625800033603584, '', '/admin/online/onlineTable/view', 2, 1440911410581213417, '2021-09-23 00:00:00', 1440911410581213417, '2021-09-23 00:00:00', 1);
INSERT INTO `zz_sys_perm` VALUES (1400633026181861376, 1400625800033603584, '', '/admin/online/onlineTable/add', 3, 1440911410581213417, '2021-09-23 00:00:00', 1440911410581213417, '2021-09-23 00:00:00', 1);
INSERT INTO `zz_sys_perm` VALUES (1400633077717274624, 1400625800033603584, '', '/admin/online/onlineTable/update', 4, 1440911410581213417, '2021-09-23 00:00:00', 1440911410581213417, '2021-09-23 00:00:00', 1);
INSERT INTO `zz_sys_perm` VALUES (1400633129688895488, 1400625800033603584, '', '/admin/online/onlineTable/delete', 5, 1440911410581213417, '2021-09-23 00:00:00', 1440911410581213417, '2021-09-23 00:00:00', 1);
INSERT INTO `zz_sys_perm` VALUES (1400633375525441536, 1400625906245963776, '', '/admin/online/onlineColumn/list', 1, 1440911410581213417, '2021-09-23 00:00:00', 1440911410581213417, '2021-09-23 00:00:00', 1);
INSERT INTO `zz_sys_perm` VALUES (1400633437093629952, 1400625906245963776, '', '/admin/online/onlineColumn/view', 2, 1440911410581213417, '2021-09-23 00:00:00', 1440911410581213417, '2021-09-23 00:00:00', 1);
INSERT INTO `zz_sys_perm` VALUES (1400633529678696448, 1400625906245963776, '', '/admin/online/onlineColumn/add', 3, 1440911410581213417, '2021-09-23 00:00:00', 1440911410581213417, '2021-09-23 00:00:00', 1);
INSERT INTO `zz_sys_perm` VALUES (1400633568027217920, 1400625906245963776, '', '/admin/online/onlineColumn/update', 4, 1440911410581213417, '2021-09-23 00:00:00', 1440911410581213417, '2021-09-23 00:00:00', 1);
INSERT INTO `zz_sys_perm` VALUES (1400633612201627648, 1400625906245963776, '', '/admin/online/onlineColumn/delete', 5, 1440911410581213417, '2021-09-23 00:00:00', 1440911410581213417, '2021-09-23 00:00:00', 1);
INSERT INTO `zz_sys_perm` VALUES (1400633713376628736, 1400625906245963776, '', '/admin/online/onlineColumn/refresh', 6, 1440911410581213417, '2021-09-23 00:00:00', 1440911410581213417, '2021-09-23 00:00:00', 1);
INSERT INTO `zz_sys_perm` VALUES (1400633798403559424, 1400625906245963776, '', '/admin/online/onlineColumn/listOnlineColumnRule', 7, 1440911410581213417, '2021-09-23 00:00:00', 1440911410581213417, '2021-09-23 00:00:00', 1);
INSERT INTO `zz_sys_perm` VALUES (1400633922085195776, 1400625906245963776, '', '/admin/online/onlineColumn/listNotInOnlineColumnRule', 8, 1440911410581213417, '2021-09-23 00:00:00', 1440911410581213417, '2021-09-23 00:00:00', 1);
INSERT INTO `zz_sys_perm` VALUES (1400634012745076736, 1400625906245963776, '', '/admin/online/onlineColumn/addOnlineColumnRule', 9, 1440911410581213417, '2021-09-23 00:00:00', 1440911410581213417, '2021-09-23 00:00:00', 1);
INSERT INTO `zz_sys_perm` VALUES (1400634100498305024, 1400625906245963776, '', '/admin/online/onlineColumn/deleteOnlineColumnRule', 10, 1440911410581213417, '2021-09-23 00:00:00', 1440911410581213417, '2021-09-23 00:00:00', 1);
INSERT INTO `zz_sys_perm` VALUES (1400634280308117504, 1400625906245963776, '', '/admin/online/onlineColumn/updateOnlineColumnRule', 11, 1440911410581213417, '2021-09-23 00:00:00', 1440911410581213417, '2021-09-23 00:00:00', 1);
INSERT INTO `zz_sys_perm` VALUES (1400634354593435648, 1400625906245963776, '', '/admin/online/onlineColumn/viewOnlineColumnRule', 12, 1440911410581213417, '2021-09-23 00:00:00', 1440911410581213417, '2021-09-23 00:00:00', 1);
INSERT INTO `zz_sys_perm` VALUES (1400634559896227840, 1400626018774945792, '', '/admin/online/onlineRule/list', 1, 1440911410581213417, '2021-09-23 00:00:00', 1440911410581213417, '2021-09-23 00:00:00', 1);
INSERT INTO `zz_sys_perm` VALUES (1400634613151305728, 1400626018774945792, '', '/admin/online/onlineRule/view', 2, 1440911410581213417, '2021-09-23 00:00:00', 1440911410581213417, '2021-09-23 00:00:00', 1);
INSERT INTO `zz_sys_perm` VALUES (1400634651944423424, 1400626018774945792, '', '/admin/online/onlineRule/add', 3, 1440911410581213417, '2021-09-23 00:00:00', 1440911410581213417, '2021-09-23 00:00:00', 1);
INSERT INTO `zz_sys_perm` VALUES (1400634693472227328, 1400626018774945792, '', '/admin/online/onlineRule/update', 4, 1440911410581213417, '2021-09-23 00:00:00', 1440911410581213417, '2021-09-23 00:00:00', 1);
INSERT INTO `zz_sys_perm` VALUES (1400634735549485056, 1400626018774945792, '', '/admin/online/onlineRule/delete', 5, 1440911410581213417, '2021-09-23 00:00:00', 1440911410581213417, '2021-09-23 00:00:00', 1);
INSERT INTO `zz_sys_perm` VALUES (1400635131969933312, 1400625338886656000, '', '/admin/online/onlinePage/list', 1, 1440911410581213417, '2021-09-23 00:00:00', 1440911410581213417, '2021-09-23 00:00:00', 1);
INSERT INTO `zz_sys_perm` VALUES (1400635267726970880, 1400625338886656000, '', '/admin/online/onlinePage/listAllPageAndForm', 2, 1440911410581213417, '2021-09-23 00:00:00', 1440911410581213417, '2021-09-23 00:00:00', 1);
INSERT INTO `zz_sys_perm` VALUES (1400635341274091520, 1400625338886656000, '', '/admin/online/onlinePage/view', 3, 1440911410581213417, '2021-09-23 00:00:00', 1440911410581213417, '2021-09-23 00:00:00', 1);
INSERT INTO `zz_sys_perm` VALUES (1400635378506928128, 1400625338886656000, '', '/admin/online/onlinePage/add', 4, 1440911410581213417, '2021-09-23 00:00:00', 1440911410581213417, '2021-09-23 00:00:00', 1);
INSERT INTO `zz_sys_perm` VALUES (1400635426808532992, 1400625338886656000, '', '/admin/online/onlinePage/update', 5, 1440911410581213417, '2021-09-23 00:00:00', 1440911410581213417, '2021-09-23 00:00:00', 1);
INSERT INTO `zz_sys_perm` VALUES (1400635527698321408, 1400625338886656000, '', '/admin/online/onlinePage/updatePublished', 6, 1440911410581213417, '2021-09-23 00:00:00', 1440911410581213417, '2021-09-23 00:00:00', 1);
INSERT INTO `zz_sys_perm` VALUES (1400635581532213248, 1400625338886656000, '', '/admin/online/onlinePage/delete', 7, 1440911410581213417, '2021-09-23 00:00:00', 1440911410581213417, '2021-09-23 00:00:00', 1);
INSERT INTO `zz_sys_perm` VALUES (1400635661106548736, 1400625338886656000, '', '/admin/online/onlinePage/listOnlinePageDatasource', 8, 1440911410581213417, '2021-09-23 00:00:00', 1440911410581213417, '2021-09-23 00:00:00', 1);
INSERT INTO `zz_sys_perm` VALUES (1400635757332271104, 1400625338886656000, '', '/admin/online/onlinePage/listNotInOnlinePageDatasource', 9, 1440911410581213417, '2021-09-23 00:00:00', 1440911410581213417, '2021-09-23 00:00:00', 1);
INSERT INTO `zz_sys_perm` VALUES (1400635827347787776, 1400625338886656000, '', '/admin/online/onlinePage/addOnlinePageDatasource', 10, 1440911410581213417, '2021-09-23 00:00:00', 1440911410581213417, '2021-09-23 00:00:00', 1);
INSERT INTO `zz_sys_perm` VALUES (1400635896461529088, 1400625338886656000, '', '/admin/online/onlinePage/deleteOnlinePageDatasource', 11, 1440911410581213417, '2021-09-23 00:00:00', 1440911410581213417, '2021-09-23 00:00:00', 1);
INSERT INTO `zz_sys_perm` VALUES (1400635963469729792, 1400625338886656000, '', '/admin/online/onlinePage/updateOnlinePageDatasource', 12, 1440911410581213417, '2021-09-23 00:00:00', 1440911410581213417, '2021-09-23 00:00:00', 1);
INSERT INTO `zz_sys_perm` VALUES (1400636031752998912, 1400625338886656000, '', '/admin/online/onlinePage/viewOnlinePageDatasource', 13, 1440911410581213417, '2021-09-23 00:00:00', 1440911410581213417, '2021-09-23 00:00:00', 1);
INSERT INTO `zz_sys_perm` VALUES (1400636182936686592, 1400626192725315584, '', '/admin/online/onlineDatasource/list', 1, 1440911410581213417, '2021-09-23 00:00:00', 1440911410581213417, '2021-09-23 00:00:00', 1);
INSERT INTO `zz_sys_perm` VALUES (1400636217728438272, 1400626192725315584, '', '/admin/online/onlineDatasource/view', 2, 1440911410581213417, '2021-09-23 00:00:00', 1440911410581213417, '2021-09-23 00:00:00', 1);
INSERT INTO `zz_sys_perm` VALUES (1400636258107002880, 1400626192725315584, '', '/admin/online/onlineDatasource/add', 3, 1440911410581213417, '2021-09-23 00:00:00', 1440911410581213417, '2021-09-23 00:00:00', 1);
INSERT INTO `zz_sys_perm` VALUES (1400636301480300544, 1400626192725315584, '', '/admin/online/onlineDatasource/update', 4, 1440911410581213417, '2021-09-23 00:00:00', 1440911410581213417, '2021-09-23 00:00:00', 1);
INSERT INTO `zz_sys_perm` VALUES (1400636338838966272, 1400626192725315584, '', '/admin/online/onlineDatasource/delete', 5, 1440911410581213417, '2021-09-23 00:00:00', 1440911410581213417, '2021-09-23 00:00:00', 1);
INSERT INTO `zz_sys_perm` VALUES (1400636501900922880, 1400626237478539264, '', '/admin/online/onlineDatasourceRelation/list', 1, 1440911410581213417, '2021-09-23 00:00:00', 1440911410581213417, '2021-09-23 00:00:00', 1);
INSERT INTO `zz_sys_perm` VALUES (1400636535371468800, 1400626237478539264, '', '/admin/online/onlineDatasourceRelation/view', 2, 1440911410581213417, '2021-09-23 00:00:00', 1440911410581213417, '2021-09-23 00:00:00', 1);
INSERT INTO `zz_sys_perm` VALUES (1400636571165659136, 1400626237478539264, '', '/admin/online/onlineDatasourceRelation/add', 3, 1440911410581213417, '2021-09-23 00:00:00', 1440911410581213417, '2021-09-23 00:00:00', 1);
INSERT INTO `zz_sys_perm` VALUES (1400636610403373056, 1400626237478539264, '', '/admin/online/onlineDatasourceRelation/update', 4, 1440911410581213417, '2021-09-23 00:00:00', 1440911410581213417, '2021-09-23 00:00:00', 1);
INSERT INTO `zz_sys_perm` VALUES (1400636656679129088, 1400626237478539264, '', '/admin/online/onlineDatasourceRelation/delete', 5, 1440911410581213417, '2021-09-23 00:00:00', 1440911410581213417, '2021-09-23 00:00:00', 1);
INSERT INTO `zz_sys_perm` VALUES (1400637740705386496, 1400626463740268544, '', '/admin/online/onlineForm/list', 1, 1440911410581213417, '2021-09-23 00:00:00', 1440911410581213417, '2021-09-23 00:00:00', 1);
INSERT INTO `zz_sys_perm` VALUES (1400637775962705920, 1400626463740268544, '', '/admin/online/onlineForm/view', 2, 1440911410581213417, '2021-09-23 00:00:00', 1440911410581213417, '2021-09-23 00:00:00', 1);
INSERT INTO `zz_sys_perm` VALUES (1400637822737584128, 1400626463740268544, '', '/admin/online/onlineForm/add', 3, 1440911410581213417, '2021-09-23 00:00:00', 1440911410581213417, '2021-09-23 00:00:00', 1);
INSERT INTO `zz_sys_perm` VALUES (1400637858414333952, 1400626463740268544, '', '/admin/online/onlineForm/update', 4, 1440911410581213417, '2021-09-23 00:00:00', 1440911410581213417, '2021-09-23 00:00:00', 1);
INSERT INTO `zz_sys_perm` VALUES (1400637895328403456, 1400626463740268544, '', '/admin/online/onlineForm/delete', 5, 1440911410581213417, '2021-09-23 00:00:00', 1440911410581213417, '2021-09-23 00:00:00', 1);
INSERT INTO `zz_sys_perm` VALUES (1400637970863624192, 1400626463740268544, '', '/admin/online/onlineForm/render', 6, 1440911410581213417, '2021-09-23 00:00:00', 1440911410581213417, '2021-09-23 00:00:00', 1);
INSERT INTO `zz_sys_perm` VALUES (1413405061278601216, 1413404952566435840, '', '/admin/online/onlineVirtualColumn/list', 1, 1440911410581213417, '2021-09-23 00:00:00', 1440911410581213417, '2021-09-23 00:00:00', 1);
INSERT INTO `zz_sys_perm` VALUES (1413405166471745536, 1413404952566435840, '', '/admin/online/onlineVirtualColumn/view', 2, 1440911410581213417, '2021-09-23 00:00:00', 1440911410581213417, '2021-09-23 00:00:00', 1);
INSERT INTO `zz_sys_perm` VALUES (1413405224021790720, 1413404952566435840, '', '/admin/online/onlineVirtualColumn/add', 3, 1440911410581213417, '2021-09-23 00:00:00', 1440911410581213417, '2021-09-23 00:00:00', 1);
INSERT INTO `zz_sys_perm` VALUES (1413405313788284928, 1413404952566435840, '', '/admin/online/onlineVirtualColumn/update', 4, 1440911410581213417, '2021-09-23 00:00:00', 1440911410581213417, '2021-09-23 00:00:00', 1);
INSERT INTO `zz_sys_perm` VALUES (1413405352866615296, 1413404952566435840, '', '/admin/online/onlineVirtualColumn/delete', 5, 1440911410581213417, '2021-09-23 00:00:00', 1440911410581213417, '2021-09-23 00:00:00', 1);
INSERT INTO `zz_sys_perm` VALUES (1418030338508066816, 1418029566533832704, '', '/admin/flow/flowCategory/list', 1, 1440911410581213417, '2021-09-23 00:00:00', 1440911410581213417, '2021-09-23 00:00:00', 1);
INSERT INTO `zz_sys_perm` VALUES (1418030386436378624, 1418029566533832704, '', '/admin/flow/flowCategory/add', 2, 1440911410581213417, '2021-09-23 00:00:00', 1440911410581213417, '2021-09-23 00:00:00', 1);
INSERT INTO `zz_sys_perm` VALUES (1418030437971791872, 1418029566533832704, '', '/admin/flow/flowCategory/update', 3, 1440911410581213417, '2021-09-23 00:00:00', 1440911410581213417, '2021-09-23 00:00:00', 1);
INSERT INTO `zz_sys_perm` VALUES (1418030477918343168, 1418029566533832704, '', '/admin/flow/flowCategory/delete', 4, 1440911410581213417, '2021-09-23 00:00:00', 1440911410581213417, '2021-09-23 00:00:00', 1);
INSERT INTO `zz_sys_perm` VALUES (1418030533757112320, 1418029566533832704, '', '/admin/flow/flowCategory/view', 5, 1440911410581213417, '2021-09-23 00:00:00', 1440911410581213417, '2021-09-23 00:00:00', 1);
INSERT INTO `zz_sys_perm` VALUES (1418031006660694016, 1418029615040958464, '', '/admin/flow/flowEntry/list', 1, 1440911410581213417, '2021-09-23 00:00:00', 1440911410581213417, '2021-09-23 00:00:00', 1);
INSERT INTO `zz_sys_perm` VALUES (1418031078391681024, 1418029615040958464, '', '/admin/flow/flowEntry/add', 2, 1440911410581213417, '2021-09-23 00:00:00', 1440911410581213417, '2021-09-23 00:00:00', 1);
INSERT INTO `zz_sys_perm` VALUES (1418031120481521664, 1418029615040958464, '', '/admin/flow/flowEntry/update', 3, 1440911410581213417, '2021-09-23 00:00:00', 1440911410581213417, '2021-09-23 00:00:00', 1);
INSERT INTO `zz_sys_perm` VALUES (1418031174604820480, 1418029615040958464, '', '/admin/flow/flowEntry/delete', 4, 1440911410581213417, '2021-09-23 00:00:00', 1440911410581213417, '2021-09-23 00:00:00', 1);
INSERT INTO `zz_sys_perm` VALUES (1418031219706171392, 1418029615040958464, '', '/admin/flow/flowEntry/view', 5, 1440911410581213417, '2021-09-23 00:00:00', 1440911410581213417, '2021-09-23 00:00:00', 1);
INSERT INTO `zz_sys_perm` VALUES (1418031304779239424, 1418029615040958464, '', '/admin/flow/flowEntry/publish', 6, 1440911410581213417, '2021-09-23 00:00:00', 1440911410581213417, '2021-09-23 00:00:00', 1);
INSERT INTO `zz_sys_perm` VALUES (1418031515207471104, 1418029615040958464, '', '/admin/flow/flowEntry/listFlowEntryPublish', 7, 1440911410581213417, '2021-09-23 00:00:00', 1440911410581213417, '2021-09-23 00:00:00', 1);
INSERT INTO `zz_sys_perm` VALUES (1418031648351457280, 1418029615040958464, '', '/admin/flow/flowEntry/updateMainVersion', 8, 1440911410581213417, '2021-09-23 00:00:00', 1440911410581213417, '2021-09-23 00:00:00', 1);
INSERT INTO `zz_sys_perm` VALUES (1418031712788549632, 1418029615040958464, '', '/admin/flow/flowEntry/suspendFlowEntryPublish', 9, 1440911410581213417, '2021-09-23 00:00:00', 1440911410581213417, '2021-09-23 00:00:00', 1);
INSERT INTO `zz_sys_perm` VALUES (1418031801271586816, 1418029615040958464, '', '/admin/flow/flowEntry/activateFlowEntryPublish', 10, 1440911410581213417, '2021-09-23 00:00:00', 1440911410581213417, '2021-09-23 00:00:00', 1);
INSERT INTO `zz_sys_perm` VALUES (1418032222232907776, 1418031999276290048, '', '/admin/flow/flowEntryVariable/list', 1, 1440911410581213417, '2021-09-23 00:00:00', 1440911410581213417, '2021-09-23 00:00:00', 1);
INSERT INTO `zz_sys_perm` VALUES (1418032258429751296, 1418031999276290048, '', '/admin/flow/flowEntryVariable/add', 2, 1440911410581213417, '2021-09-23 00:00:00', 1440911410581213417, '2021-09-23 00:00:00', 1);
INSERT INTO `zz_sys_perm` VALUES (1418032300414734336, 1418031999276290048, '', '/admin/flow/flowEntryVariable/update', 3, 1440911410581213417, '2021-09-23 00:00:00', 1440911410581213417, '2021-09-23 00:00:00', 1);
INSERT INTO `zz_sys_perm` VALUES (1418032344064856064, 1418031999276290048, '', '/admin/flow/flowEntryVariable/delete', 4, 1440911410581213417, '2021-09-23 00:00:00', 1440911410581213417, '2021-09-23 00:00:00', 1);
INSERT INTO `zz_sys_perm` VALUES (1418032382409183232, 1418031999276290048, '', '/admin/flow/flowEntryVariable/view', 5, 1440911410581213417, '2021-09-23 00:00:00', 1440911410581213417, '2021-09-23 00:00:00', 1);
INSERT INTO `zz_sys_perm` VALUES (1418033804987076608, 1418030256765276160, '', '/admin/flow/flowOperation/listAllHistoricProcessInstance', 1, 1440911410581213417, '2021-09-23 00:00:00', 1440911410581213417, '2021-09-23 00:00:00', 1);
INSERT INTO `zz_sys_perm` VALUES (1418033889183535104, 1418030256765276160, '', '/admin/flow/flowOperation/listHistoricProcessInstance', 2, 1440911410581213417, '2021-09-23 00:00:00', 1440911410581213417, '2021-09-23 00:00:00', 1);
INSERT INTO `zz_sys_perm` VALUES (1418034243434450944, 1418030256765276160, '', '/admin/flow/flowOnlineOperation/viewHistoricProcessInstance', 3, 1440911410581213417, '2021-09-23 00:00:00', 1440911410581213417, '2021-09-23 00:00:00', 1);
INSERT INTO `zz_sys_perm` VALUES (1418035997727264768, 1418030256765276160, '', '/admin/flow/flowOperation/viewInitialHistoricTaskInfo', 4, 1440911410581213417, '2021-09-23 00:00:00', 1440911410581213417, '2021-09-23 00:00:00', 1);
INSERT INTO `zz_sys_perm` VALUES (1418040510253109248, 1418030256765276160, '', '/admin/flow/flowOperation/stopProcessInstance', 5, 1440911410581213417, '2021-09-23 00:00:00', 1440911410581213417, '2021-09-23 00:00:00', 1);
INSERT INTO `zz_sys_perm` VALUES (1418040574245605376, 1418030256765276160, '', '/admin/flow/flowOperation/deleteProcessInstance', 6, 1440911410581213417, '2021-09-23 00:00:00', 1440911410581213417, '2021-09-23 00:00:00', 1);
INSERT INTO `zz_sys_perm` VALUES (1418051334564745216, 1418051228918616064, '', '/admin/flow/flowOperation/startOnly', 1, 1440911410581213417, '2021-09-23 00:00:00', 1440911410581213417, '2021-09-23 00:00:00', 1);
INSERT INTO `zz_sys_perm` VALUES (1418051485324808192, 1418051228918616064, '', '/admin/flow/flowOperation/viewInitialTaskInfo', 2, 1440911410581213417, '2021-09-23 00:00:00', 1440911410581213417, '2021-09-23 00:00:00', 1);
INSERT INTO `zz_sys_perm` VALUES (1418051693639110656, 1418051634793025536, '', '/admin/flow/flowOperation/viewRuntimeTaskInfo', 1, 1440911410581213417, '2021-09-23 00:00:00', 1440911410581213417, '2021-09-23 00:00:00', 1);
INSERT INTO `zz_sys_perm` VALUES (1418054128097038336, 1418051634793025536, '', '/admin/flow/flowOnlineOperation/viewUserTask', 2, 1440911410581213417, '2021-09-23 00:00:00', 1440911410581213417, '2021-09-23 00:00:00', 1);
INSERT INTO `zz_sys_perm` VALUES (1418054519798894592, 1418054414190514176, '', '/admin/flow/flowOperation/viewProcessBpmn', 1, 1440911410581213417, '2021-09-23 00:00:00', 1440911410581213417, '2021-09-23 00:00:00', 1);
INSERT INTO `zz_sys_perm` VALUES (1418054618176294912, 1418054414190514176, '', '/admin/flow/flowOperation/listFlowTaskComment', 2, 1440911410581213417, '2021-09-23 00:00:00', 1440911410581213417, '2021-09-23 00:00:00', 1);
INSERT INTO `zz_sys_perm` VALUES (1418054792965525504, 1418054414190514176, '', '/admin/flow/flowOperation/viewHighlightFlowData', 3, 1440911410581213417, '2021-09-23 00:00:00', 1440911410581213417, '2021-09-23 00:00:00', 1);
INSERT INTO `zz_sys_perm` VALUES (1418055060981551104, 1418051634793025536, '', '/admin/flow/flowOnlineOperation/submitUserTask', 3, 1440911410581213417, '2021-09-23 00:00:00', 1440911410581213417, '2021-09-23 00:00:00', 1);
INSERT INTO `zz_sys_perm` VALUES (1418056212146032640, 1418051634793025536, '', '/admin/flow/flowOperation/listRuntimeTask', 4, 1440911410581213417, '2021-09-23 00:00:00', 1440911410581213417, '2021-09-23 00:00:00', 1);
INSERT INTO `zz_sys_perm` VALUES (1418056212146032641, 1418051634793025536, '', '/admin/flow/flowOperation/countRuntimeTask', 5, 1440911410581213417, '2021-09-23 00:00:00', 1440911410581213417, '2021-09-23 00:00:00', 1);
INSERT INTO `zz_sys_perm` VALUES (1418079603167072256, 1418054414190514176, '', '/admin/flow/flowOnlineOperation/upload', 4, 1440911410581213417, '2021-09-23 00:00:00', 1440911410581213417, '2021-09-23 00:00:00', 1);
INSERT INTO `zz_sys_perm` VALUES (1418079670594703360, 1418054414190514176, '', '/admin/flow/flowOnlineOperation/download', 5, 1440911410581213417, '2021-09-23 00:00:00', 1440911410581213417, '2021-09-23 00:00:00', 1);
INSERT INTO `zz_sys_perm` VALUES (1423635764486344704, 1423635643371622400, '', '/admin/flow/flowOperation/listHistoricTask', 1, 1440911410581213417, '2021-09-23 00:00:00', 1440911410581213417, '2021-09-23 00:00:00', 1);
INSERT INTO `zz_sys_perm` VALUES (1423635851312631808, 1423635643371622400, '', '/admin/flow/flowOperation/viewHistoricTaskInfo', 2, 1440911410581213417, '2021-09-23 00:00:00', 1440911410581213417, '2021-09-23 00:00:00', 1);
INSERT INTO `zz_sys_perm` VALUES (1423636091033882624, 1423635643371622400, '', '/admin/flow/flowOperation/submitConsign', 3, 1440911410581213417, '2021-09-23 00:00:00', 1440911410581213417, '2021-09-23 00:00:00', 1);
INSERT INTO `zz_sys_perm` VALUES (1423984506028691456, 1418030256765276160, '', '/admin/flow/flowOperation/cancelWorkOrder', 7, 1440911410581213417, '2021-09-23 00:00:00', 1440911410581213417, '2021-09-23 00:00:00', 1);
INSERT INTO `zz_sys_perm` VALUES (1440911410581213185, 1440911410581213184, '', '/admin/upms/sysDept/add', 1, 1440911410581213417, '2021-09-23 00:00:00', 1440911410581213417, '2021-09-23 00:00:00', 1);
INSERT INTO `zz_sys_perm` VALUES (1440911410581213186, 1440911410581213184, '', '/admin/upms/sysDept/update', 2, 1440911410581213417, '2021-09-23 00:00:00', 1440911410581213417, '2021-09-23 00:00:00', 1);
INSERT INTO `zz_sys_perm` VALUES (1440911410581213187, 1440911410581213184, '', '/admin/upms/sysDept/delete', 3, 1440911410581213417, '2021-09-23 00:00:00', 1440911410581213417, '2021-09-23 00:00:00', 1);
INSERT INTO `zz_sys_perm` VALUES (1440911410581213188, 1440911410581213184, '', '/admin/upms/sysDept/list', 4, 1440911410581213417, '2021-09-23 00:00:00', 1440911410581213417, '2021-09-23 00:00:00', 1);
INSERT INTO `zz_sys_perm` VALUES (1440911410581213189, 1440911410581213184, '', '/admin/upms/sysDept/export', 5, 1440911410581213417, '2021-09-23 00:00:00', 1440911410581213417, '2021-09-23 00:00:00', 1);
INSERT INTO `zz_sys_perm` VALUES (1440911410581213190, 1440911410581213184, '', '/admin/upms/sysDept/view', 6, 1440911410581213417, '2021-09-23 00:00:00', 1440911410581213417, '2021-09-23 00:00:00', 1);
INSERT INTO `zz_sys_perm` VALUES (1440911410581213191, 1440911410581213184, '', '/admin/upms/sysDept/print', 7, 1440911410581213417, '2021-09-23 00:00:00', 1440911410581213417, '2021-09-23 00:00:00', 1);
INSERT INTO `zz_sys_perm` VALUES (1440911410581213192, 1440911410581213184, '', '/admin/upms/sysDept/addSysDeptPost', 8, 1440911410581213417, '2021-09-23 00:00:00', 1440911410581213417, '2021-09-23 00:00:00', 1);
INSERT INTO `zz_sys_perm` VALUES (1440911410581213193, 1440911410581213184, '', '/admin/upms/sysDept/updateSysDeptPost', 9, 1440911410581213417, '2021-09-23 00:00:00', 1440911410581213417, '2021-09-23 00:00:00', 1);
INSERT INTO `zz_sys_perm` VALUES (1440911410581213194, 1440911410581213184, '', '/admin/upms/sysDept/deleteSysDeptPost', 10, 1440911410581213417, '2021-09-23 00:00:00', 1440911410581213417, '2021-09-23 00:00:00', 1);
INSERT INTO `zz_sys_perm` VALUES (1440911410581213195, 1440911410581213184, '', '/admin/upms/sysDept/listSysDeptPost', 11, 1440911410581213417, '2021-09-23 00:00:00', 1440911410581213417, '2021-09-23 00:00:00', 1);
INSERT INTO `zz_sys_perm` VALUES (1440911410581213196, 1440911410581213184, '', '/admin/upms/sysDept/listNotInSysDeptPost', 12, 1440911410581213417, '2021-09-23 00:00:00', 1440911410581213417, '2021-09-23 00:00:00', 1);
INSERT INTO `zz_sys_perm` VALUES (1440911410581213197, 1440911410581213184, '', '/admin/upms/sysDept/viewSysDeptPost', 13, 1440911410581213417, '2021-09-23 00:00:00', 1440911410581213417, '2021-09-23 00:00:00', 1);
INSERT INTO `zz_sys_perm` VALUES (1440911410581213199, 1440911410581213198, '', '/admin/upms/sysUser/add', 1, 1440911410581213417, '2021-09-23 00:00:00', 1440911410581213417, '2021-09-23 00:00:00', 1);
INSERT INTO `zz_sys_perm` VALUES (1440911410581213200, 1440911410581213198, '', '/admin/upms/sysUser/update', 2, 1440911410581213417, '2021-09-23 00:00:00', 1440911410581213417, '2021-09-23 00:00:00', 1);
INSERT INTO `zz_sys_perm` VALUES (1440911410581213201, 1440911410581213198, '', '/admin/upms/sysUser/delete', 3, 1440911410581213417, '2021-09-23 00:00:00', 1440911410581213417, '2021-09-23 00:00:00', 1);
INSERT INTO `zz_sys_perm` VALUES (1440911410581213202, 1440911410581213198, '', '/admin/upms/sysUser/list', 4, 1440911410581213417, '2021-09-23 00:00:00', 1440911410581213417, '2021-09-23 00:00:00', 1);
INSERT INTO `zz_sys_perm` VALUES (1440911410581213203, 1440911410581213198, '', '/admin/upms/sysUser/export', 5, 1440911410581213417, '2021-09-23 00:00:00', 1440911410581213417, '2021-09-23 00:00:00', 1);
INSERT INTO `zz_sys_perm` VALUES (1440911410581213204, 1440911410581213198, '', '/admin/upms/sysUser/view', 6, 1440911410581213417, '2021-09-23 00:00:00', 1440911410581213417, '2021-09-23 00:00:00', 1);
INSERT INTO `zz_sys_perm` VALUES (1440911410581213205, 1440911410581213198, '', '/admin/upms/sysUser/print', 7, 1440911410581213417, '2021-09-23 00:00:00', 1440911410581213417, '2021-09-23 00:00:00', 1);
INSERT INTO `zz_sys_perm` VALUES (1440911410581213206, 1440911410581213198, '', '/admin/upms/sysUser/resetPassword', 8, 1440911410581213417, '2021-09-23 00:00:00', 1440911410581213417, '2021-09-23 00:00:00', 1);
INSERT INTO `zz_sys_perm` VALUES (1440911410581213207, 1440911410581213198, '', '/admin/upms/sysUser/listSysPermWithDetail', 9, 1440911410581213417, '2021-09-23 00:00:00', 1440911410581213417, '2021-09-23 00:00:00', 1);
INSERT INTO `zz_sys_perm` VALUES (1440911410581213208, 1440911410581213198, '', '/admin/upms/sysUser/listSysPermCodeWithDetail', 10, 1440911410581213417, '2021-09-23 00:00:00', 1440911410581213417, '2021-09-23 00:00:00', 1);
INSERT INTO `zz_sys_perm` VALUES (1440911410581213209, 1440911410581213198, '', '/admin/upms/sysUser/listSysMenuWithDetail', 11, 1440911410581213417, '2021-09-23 00:00:00', 1440911410581213417, '2021-09-23 00:00:00', 1);
INSERT INTO `zz_sys_perm` VALUES (1440911410581213211, 1440911410581213210, '', '/admin/upms/sysRole/add', 1, 1440911410581213417, '2021-09-23 00:00:00', 1440911410581213417, '2021-09-23 00:00:00', 1);
INSERT INTO `zz_sys_perm` VALUES (1440911410581213212, 1440911410581213210, '', '/admin/upms/sysRole/update', 2, 1440911410581213417, '2021-09-23 00:00:00', 1440911410581213417, '2021-09-23 00:00:00', 1);
INSERT INTO `zz_sys_perm` VALUES (1440911410581213213, 1440911410581213210, '', '/admin/upms/sysRole/delete', 3, 1440911410581213417, '2021-09-23 00:00:00', 1440911410581213417, '2021-09-23 00:00:00', 1);
INSERT INTO `zz_sys_perm` VALUES (1440911410581213214, 1440911410581213210, '', '/admin/upms/sysRole/list', 4, 1440911410581213417, '2021-09-23 00:00:00', 1440911410581213417, '2021-09-23 00:00:00', 1);
INSERT INTO `zz_sys_perm` VALUES (1440911410581213215, 1440911410581213210, '', '/admin/upms/sysRole/view', 5, 1440911410581213417, '2021-09-23 00:00:00', 1440911410581213417, '2021-09-23 00:00:00', 1);
INSERT INTO `zz_sys_perm` VALUES (1440911410581213216, 1440911410581213210, '', '/admin/upms/sysRole/addUserRole', 6, 1440911410581213417, '2021-09-23 00:00:00', 1440911410581213417, '2021-09-23 00:00:00', 1);
INSERT INTO `zz_sys_perm` VALUES (1440911410581213217, 1440911410581213210, '', '/admin/upms/sysRole/deleteUserRole', 7, 1440911410581213417, '2021-09-23 00:00:00', 1440911410581213417, '2021-09-23 00:00:00', 1);
INSERT INTO `zz_sys_perm` VALUES (1440911410581213218, 1440911410581213210, '', '/admin/upms/sysRole/listUserRole', 8, 1440911410581213417, '2021-09-23 00:00:00', 1440911410581213417, '2021-09-23 00:00:00', 1);
INSERT INTO `zz_sys_perm` VALUES (1440911410581213219, 1440911410581213210, '', '/admin/upms/sysRole/listNotInUserRole', 9, 1440911410581213417, '2021-09-23 00:00:00', 1440911410581213417, '2021-09-23 00:00:00', 1);
INSERT INTO `zz_sys_perm` VALUES (1440911410581213220, 1440911410581213210, '', '/admin/upms/sysRole/listSysPermWithDetail', 10, 1440911410581213417, '2021-09-23 00:00:00', 1440911410581213417, '2021-09-23 00:00:00', 1);
INSERT INTO `zz_sys_perm` VALUES (1440911410581213221, 1440911410581213210, '', '/admin/upms/sysRole/listSysPermCodeWithDetail', 11, 1440911410581213417, '2021-09-23 00:00:00', 1440911410581213417, '2021-09-23 00:00:00', 1);
INSERT INTO `zz_sys_perm` VALUES (1440911410581213223, 1440911410581213222, '', '/admin/upms/sysDataPerm/add', 1, 1440911410581213417, '2021-09-23 00:00:00', 1440911410581213417, '2021-09-23 00:00:00', 1);
INSERT INTO `zz_sys_perm` VALUES (1440911410581213224, 1440911410581213222, '', '/admin/upms/sysDataPerm/update', 2, 1440911410581213417, '2021-09-23 00:00:00', 1440911410581213417, '2021-09-23 00:00:00', 1);
INSERT INTO `zz_sys_perm` VALUES (1440911410581213225, 1440911410581213222, '', '/admin/upms/sysDataPerm/delete', 3, 1440911410581213417, '2021-09-23 00:00:00', 1440911410581213417, '2021-09-23 00:00:00', 1);
INSERT INTO `zz_sys_perm` VALUES (1440911410581213226, 1440911410581213222, '', '/admin/upms/sysDataPerm/list', 4, 1440911410581213417, '2021-09-23 00:00:00', 1440911410581213417, '2021-09-23 00:00:00', 1);
INSERT INTO `zz_sys_perm` VALUES (1440911410581213227, 1440911410581213222, '', '/admin/upms/sysDataPerm/view', 5, 1440911410581213417, '2021-09-23 00:00:00', 1440911410581213417, '2021-09-23 00:00:00', 1);
INSERT INTO `zz_sys_perm` VALUES (1440911410581213228, 1440911410581213222, '', '/admin/upms/sysDataPerm/addDataPermUser', 5, 1440911410581213417, '2021-09-23 00:00:00', 1440911410581213417, '2021-09-23 00:00:00', 1);
INSERT INTO `zz_sys_perm` VALUES (1440911410581213229, 1440911410581213222, '', '/admin/upms/sysDataPerm/deleteDataPermUser', 6, 1440911410581213417, '2021-09-23 00:00:00', 1440911410581213417, '2021-09-23 00:00:00', 1);
INSERT INTO `zz_sys_perm` VALUES (1440911410581213230, 1440911410581213222, '', '/admin/upms/sysDataPerm/listDataPermUser', 7, 1440911410581213417, '2021-09-23 00:00:00', 1440911410581213417, '2021-09-23 00:00:00', 1);
INSERT INTO `zz_sys_perm` VALUES (1440911410581213231, 1440911410581213222, '', '/admin/upms/sysDataPerm/listNotInDataPermUser', 8, 1440911410581213417, '2021-09-23 00:00:00', 1440911410581213417, '2021-09-23 00:00:00', 1);
INSERT INTO `zz_sys_perm` VALUES (1440911410581213233, 1440911410581213232, '', '/admin/upms/sysPost/add', 1, 1440911410581213417, '2021-09-23 00:00:00', 1440911410581213417, '2021-09-23 00:00:00', 1);
INSERT INTO `zz_sys_perm` VALUES (1440911410581213234, 1440911410581213232, '', '/admin/upms/sysPost/update', 2, 1440911410581213417, '2021-09-23 00:00:00', 1440911410581213417, '2021-09-23 00:00:00', 1);
INSERT INTO `zz_sys_perm` VALUES (1440911410581213235, 1440911410581213232, '', '/admin/upms/sysPost/delete', 3, 1440911410581213417, '2021-09-23 00:00:00', 1440911410581213417, '2021-09-23 00:00:00', 1);
INSERT INTO `zz_sys_perm` VALUES (1440911410581213236, 1440911410581213232, '', '/admin/upms/sysPost/list', 4, 1440911410581213417, '2021-09-23 00:00:00', 1440911410581213417, '2021-09-23 00:00:00', 1);
INSERT INTO `zz_sys_perm` VALUES (1440911410581213237, 1440911410581213232, '', '/admin/upms/sysPost/view', 5, 1440911410581213417, '2021-09-23 00:00:00', 1440911410581213417, '2021-09-23 00:00:00', 1);
INSERT INTO `zz_sys_perm` VALUES (1440911410581213239, 1440911410581213238, '', '/admin/upms/sysMenu/add', 1, 1440911410581213417, '2021-09-23 00:00:00', 1440911410581213417, '2021-09-23 00:00:00', 1);
INSERT INTO `zz_sys_perm` VALUES (1440911410581213240, 1440911410581213238, '', '/admin/upms/sysMenu/delete', 2, 1440911410581213417, '2021-09-23 00:00:00', 1440911410581213417, '2021-09-23 00:00:00', 1);
INSERT INTO `zz_sys_perm` VALUES (1440911410581213241, 1440911410581213238, '', '/admin/upms/sysMenu/update', 3, 1440911410581213417, '2021-09-23 00:00:00', 1440911410581213417, '2021-09-23 00:00:00', 1);
INSERT INTO `zz_sys_perm` VALUES (1440911410581213242, 1440911410581213238, '', '/admin/upms/sysMenu/list', 4, 1440911410581213417, '2021-09-23 00:00:00', 1440911410581213417, '2021-09-23 00:00:00', 1);
INSERT INTO `zz_sys_perm` VALUES (1440911410581213243, 1440911410581213238, '', '/admin/upms/sysMenu/view', 5, 1440911410581213417, '2021-09-23 00:00:00', 1440911410581213417, '2021-09-23 00:00:00', 1);
INSERT INTO `zz_sys_perm` VALUES (1440911410581213244, 1440911410581213238, '', '/admin/upms/sysMenu/listSysPermWithDetail', 6, 1440911410581213417, '2021-09-23 00:00:00', 1440911410581213417, '2021-09-23 00:00:00', 1);
INSERT INTO `zz_sys_perm` VALUES (1440911410581213245, 1440911410581213238, '', '/admin/upms/sysMenu/listSysUserWithDetail', 7, 1440911410581213417, '2021-09-23 00:00:00', 1440911410581213417, '2021-09-23 00:00:00', 1);
INSERT INTO `zz_sys_perm` VALUES (1440911410581213247, 1440911410581213246, '', '/admin/upms/sysPermCode/add', 1, 1440911410581213417, '2021-09-23 00:00:00', 1440911410581213417, '2021-09-23 00:00:00', 1);
INSERT INTO `zz_sys_perm` VALUES (1440911410581213248, 1440911410581213246, '', '/admin/upms/sysPermCode/update', 2, 1440911410581213417, '2021-09-23 00:00:00', 1440911410581213417, '2021-09-23 00:00:00', 1);
INSERT INTO `zz_sys_perm` VALUES (1440911410581213249, 1440911410581213246, '', '/admin/upms/sysPermCode/delete', 3, 1440911410581213417, '2021-09-23 00:00:00', 1440911410581213417, '2021-09-23 00:00:00', 1);
INSERT INTO `zz_sys_perm` VALUES (1440911410581213250, 1440911410581213246, '', '/admin/upms/sysPermCode/list', 4, 1440911410581213417, '2021-09-23 00:00:00', 1440911410581213417, '2021-09-23 00:00:00', 1);
INSERT INTO `zz_sys_perm` VALUES (1440911410581213251, 1440911410581213246, '', '/admin/upms/sysPermCode/view', 5, 1440911410581213417, '2021-09-23 00:00:00', 1440911410581213417, '2021-09-23 00:00:00', 1);
INSERT INTO `zz_sys_perm` VALUES (1440911410581213252, 1440911410581213246, '', '/admin/upms/sysPermCode/listSysUserWithDetail', 6, 1440911410581213417, '2021-09-23 00:00:00', 1440911410581213417, '2021-09-23 00:00:00', 1);
INSERT INTO `zz_sys_perm` VALUES (1440911410581213253, 1440911410581213246, '', '/admin/upms/sysPermCode/listSysRoleWithDetail', 7, 1440911410581213417, '2021-09-23 00:00:00', 1440911410581213417, '2021-09-23 00:00:00', 1);
INSERT INTO `zz_sys_perm` VALUES (1440911410581213255, 1440911410581213254, '', '/admin/upms/sysPermModule/add', 1, 1440911410581213417, '2021-09-23 00:00:00', 1440911410581213417, '2021-09-23 00:00:00', 1);
INSERT INTO `zz_sys_perm` VALUES (1440911410581213256, 1440911410581213254, '', '/admin/upms/sysPermModule/update', 2, 1440911410581213417, '2021-09-23 00:00:00', 1440911410581213417, '2021-09-23 00:00:00', 1);
INSERT INTO `zz_sys_perm` VALUES (1440911410581213257, 1440911410581213254, '', '/admin/upms/sysPermModule/delete', 3, 1440911410581213417, '2021-09-23 00:00:00', 1440911410581213417, '2021-09-23 00:00:00', 1);
INSERT INTO `zz_sys_perm` VALUES (1440911410581213258, 1440911410581213254, '', '/admin/upms/sysPermModule/list', 4, 1440911410581213417, '2021-09-23 00:00:00', 1440911410581213417, '2021-09-23 00:00:00', 1);
INSERT INTO `zz_sys_perm` VALUES (1440911410581213259, 1440911410581213254, '', '/admin/upms/sysPermModule/listAll', 5, 1440911410581213417, '2021-09-23 00:00:00', 1440911410581213417, '2021-09-23 00:00:00', 1);
INSERT INTO `zz_sys_perm` VALUES (1440911410581213261, 1440911410581213260, '', '/admin/upms/sysPerm/add', 1, 1440911410581213417, '2021-09-23 00:00:00', 1440911410581213417, '2021-09-23 00:00:00', 1);
INSERT INTO `zz_sys_perm` VALUES (1440911410581213262, 1440911410581213260, '', '/admin/upms/sysPerm/update', 2, 1440911410581213417, '2021-09-23 00:00:00', 1440911410581213417, '2021-09-23 00:00:00', 1);
INSERT INTO `zz_sys_perm` VALUES (1440911410581213263, 1440911410581213260, '', '/admin/upms/sysPerm/delete', 3, 1440911410581213417, '2021-09-23 00:00:00', 1440911410581213417, '2021-09-23 00:00:00', 1);
INSERT INTO `zz_sys_perm` VALUES (1440911410581213264, 1440911410581213260, '', '/admin/upms/sysPerm/list', 4, 1440911410581213417, '2021-09-23 00:00:00', 1440911410581213417, '2021-09-23 00:00:00', 1);
INSERT INTO `zz_sys_perm` VALUES (1440911410581213265, 1440911410581213260, '', '/admin/upms/sysPerm/view', 5, 1440911410581213417, '2021-09-23 00:00:00', 1440911410581213417, '2021-09-23 00:00:00', 1);
INSERT INTO `zz_sys_perm` VALUES (1440911410581213266, 1440911410581213260, '', '/admin/upms/sysPerm/listSysUserWithDetail', 6, 1440911410581213417, '2021-09-23 00:00:00', 1440911410581213417, '2021-09-23 00:00:00', 1);
INSERT INTO `zz_sys_perm` VALUES (1440911410581213267, 1440911410581213260, '', '/admin/upms/sysPerm/listSysRoleWithDetail', 7, 1440911410581213417, '2021-09-23 00:00:00', 1440911410581213417, '2021-09-23 00:00:00', 1);
INSERT INTO `zz_sys_perm` VALUES (1440911410581213268, 1440911410581213260, '', '/admin/upms/sysPerm/listSysMenuWithDetail', 8, 1440911410581213417, '2021-09-23 00:00:00', 1440911410581213417, '2021-09-23 00:00:00', 1);
INSERT INTO `zz_sys_perm` VALUES (1440911410581213271, 1440911410581213270, '', '/admin/app/areaCode/add', 1, 1440911410581213417, '2021-09-23 00:00:00', 1440911410581213417, '2021-09-23 00:00:00', 1);
INSERT INTO `zz_sys_perm` VALUES (1440911410581213272, 1440911410581213270, '', '/admin/app/areaCode/update', 2, 1440911410581213417, '2021-09-23 00:00:00', 1440911410581213417, '2021-09-23 00:00:00', 1);
INSERT INTO `zz_sys_perm` VALUES (1440911410581213273, 1440911410581213270, '', '/admin/app/areaCode/delete', 3, 1440911410581213417, '2021-09-23 00:00:00', 1440911410581213417, '2021-09-23 00:00:00', 1);
INSERT INTO `zz_sys_perm` VALUES (1440911410581213274, 1440911410581213270, '', '/admin/app/areaCode/reloadCachedData', 4, 1440911410581213417, '2021-09-23 00:00:00', 1440911410581213417, '2021-09-23 00:00:00', 1);
INSERT INTO `zz_sys_perm` VALUES (1440911410581213276, 1440911410581213275, '', '/admin/upms/loginUser/list', 1, 1440911410581213417, '2021-09-23 00:00:00', 1440911410581213417, '2021-09-23 00:00:00', 1);
INSERT INTO `zz_sys_perm` VALUES (1440911410581213277, 1440911410581213275, '', '/admin/upms/loginUser/delete', 1, 1440911410581213417, '2021-09-23 00:00:00', 1440911410581213417, '2021-09-23 00:00:00', 1);
INSERT INTO `zz_sys_perm` VALUES (1440975727276068864, 1440975375537541120, '', '/admin/flow/flowOnlineOperation/startAndTakeUserTask/flowLeave', 1, 1440911410581213417, '2021-09-23 17:46:00', 1440911410581213417, '2021-09-23 17:46:00', 1);
INSERT INTO `zz_sys_perm` VALUES (1440975781374201856, 1440975375537541120, '', '/admin/flow/flowOnlineOperation/listWorkOrder/flowLeave', 2, 1440911410581213417, '2021-09-23 17:46:13', 1440911410581213417, '2021-09-23 17:46:13', 1);
INSERT INTO `zz_sys_perm` VALUES (1440975850529886208, 1440975429199466496, '', '/admin/flow/flowOnlineOperation/startAndTakeUserTask/flowSubmit', 1, 1440911410581213417, '2021-09-23 17:46:29', 1440911410581213417, '2021-09-23 17:46:29', 1);
INSERT INTO `zz_sys_perm` VALUES (1440975895627042816, 1440975429199466496, '', '/admin/flow/flowOnlineOperation/listWorkOrder/flowSubmit', 2, 1440911410581213417, '2021-09-23 17:46:40', 1440911410581213417, '2021-09-23 17:46:40', 1);
INSERT INTO `zz_sys_perm` VALUES (1440975979374710784, 1440975469133434880, '', '/admin/flow/flowOnlineOperation/startAndTakeUserTask/flowContract', 1, 1440911410581213417, '2021-09-23 17:47:00', 1440911410581213417, '2021-09-23 17:47:00', 1);
INSERT INTO `zz_sys_perm` VALUES (1440976024471867392, 1440975469133434880, '', '/admin/flow/flowOnlineOperation/listWorkOrder/flowContract', 2, 1440911410581213417, '2021-09-23 17:47:11', 1440911410581213417, '2021-09-23 17:47:11', 1);
INSERT INTO `zz_sys_perm` VALUES (1440976144311521280, 1440975527128076288, '', '/admin/flow/flowOnlineOperation/startAndTakeUserTask/flowConSign', 1, 1440911410581213417, '2021-09-23 17:47:40', 1440911410581213417, '2021-09-23 17:47:40', 1);
INSERT INTO `zz_sys_perm` VALUES (1440976188553039872, 1440975527128076288, '', '/admin/flow/flowOnlineOperation/listWorkOrder/flowConSign', 2, 1440911410581213417, '2021-09-23 17:47:50', 1440911410581213417, '2021-09-23 17:47:50', 1);
INSERT INTO `zz_sys_perm` VALUES (1440976259415805952, 1440975571776442368, '', '/admin/flow/flowOnlineOperation/startAndTakeUserTask/flowTranslate', 1, 1440911410581213417, '2021-09-23 17:48:07', 1440911410581213417, '2021-09-23 17:48:07', 1);
INSERT INTO `zz_sys_perm` VALUES (1440976310951219200, 1440975571776442368, '', '/admin/flow/flowOnlineOperation/listWorkOrder/flowTranslate', 2, 1440911410581213417, '2021-09-23 17:48:19', 1440911410581213417, '2021-09-23 17:48:19', 1);
COMMIT;

-- ----------------------------
-- Table structure for zz_sys_perm_code
-- ----------------------------
DROP TABLE IF EXISTS `zz_sys_perm_code`;
CREATE TABLE `zz_sys_perm_code` (
  `perm_code_id` bigint NOT NULL COMMENT 'Id',
  `parent_id` bigint DEFAULT NULL COMMENT 'Id',
  `perm_code` varchar(128) CHARACTER SET utf8 COLLATE utf8_bin NOT NULL COMMENT '()',
  `perm_code_type` int NOT NULL COMMENT '(0:  1: UI 2: )',
  `show_name` varchar(128) CHARACTER SET utf8 COLLATE utf8_bin NOT NULL COMMENT '',
  `show_order` int NOT NULL COMMENT '()',
  `create_user_id` bigint NOT NULL COMMENT 'Id',
  `create_time` datetime NOT NULL COMMENT '',
  `update_user_id` bigint NOT NULL COMMENT 'Id',
  `update_time` datetime NOT NULL COMMENT '',
  `deleted_flag` int NOT NULL COMMENT '(1:  -1: )',
  PRIMARY KEY (`perm_code_id`),
  UNIQUE KEY `idx_perm_code` (`perm_code`) USING BTREE,
  KEY `idx_parent_id` (`parent_id`) USING BTREE,
  KEY `idx_show_order` (`show_order`) USING BTREE
) ENGINE=InnoDB DEFAULT CHARSET=utf8mb4 COLLATE=utf8mb4_bin ROW_FORMAT=COMPACT COMMENT='';

-- ----------------------------
-- Records of zz_sys_perm_code
-- ----------------------------
BEGIN;
INSERT INTO `zz_sys_perm_code` VALUES (1400638673195634688, NULL, 'formOnlineDict', 0, '', 12000, 1440911410581213417, '2021-09-23 00:00:00', 1440911410581213417, '2021-09-23 00:00:00', 1);
INSERT INTO `zz_sys_perm_code` VALUES (1400638885750378496, 1400638673195634688, 'formOnlineDict:fragmentOnlineDict', 1, '', 1, 1440911410581213417, '2021-09-23 00:00:00', 1440911410581213417, '2021-09-23 00:00:00', 1);
INSERT INTO `zz_sys_perm_code` VALUES (1400639030462255104, NULL, 'formOnlinePage', 0, '', 12100, 1440911410581213417, '2021-09-23 00:00:00', 1440911410581213417, '2021-09-23 00:00:00', 1);
INSERT INTO `zz_sys_perm_code` VALUES (1400639252747784192, 1400639030462255104, 'formOnlinePage:fragmentOnlinePage', 1, '', 1, 1440911410581213417, '2021-09-23 00:00:00', 1440911410581213417, '2021-09-23 00:00:00', 1);
INSERT INTO `zz_sys_perm_code` VALUES (1418046729906819072, NULL, 'formFlowCategory', 0, '', 13000, 1440911410581213417, '2021-09-23 00:00:00', 1440911410581213417, '2021-09-23 00:00:00', 1);
INSERT INTO `zz_sys_perm_code` VALUES (1418046848794365952, 1418046729906819072, 'formFlowCategory:formFlowCategory', 1, '', 1, 1440911410581213417, '2021-09-23 00:00:00', 1440911410581213417, '2021-09-23 00:00:00', 1);
INSERT INTO `zz_sys_perm_code` VALUES (1418046986677915648, 1418046848794365952, 'formFlowCategory:formFlowCategory:add', 2, '', 1, 1440911410581213417, '2021-09-23 00:00:00', 1440911410581213417, '2021-09-23 00:00:00', 1);
INSERT INTO `zz_sys_perm_code` VALUES (1418047095188754432, 1418046848794365952, 'formFlowCategory:formFlowCategory:update', 2, '', 2, 1440911410581213417, '2021-09-23 00:00:00', 1440911410581213417, '2021-09-23 00:00:00', 1);
INSERT INTO `zz_sys_perm_code` VALUES (1418047182946177024, 1418046848794365952, 'formFlowCategory:formFlowCategory:delete', 2, '', 3, 1440911410581213417, '2021-09-23 00:00:00', 1440911410581213417, '2021-09-23 00:00:00', 1);
INSERT INTO `zz_sys_perm_code` VALUES (1418048134759583744, NULL, 'formFlowEntry', 0, '', 13100, 1440911410581213417, '2021-09-23 00:00:00', 1440911410581213417, '2021-09-23 00:00:00', 1);
INSERT INTO `zz_sys_perm_code` VALUES (1418048205177753600, 1418048134759583744, 'formFlowEntry:formFlowEntry', 1, '', 1, 1440911410581213417, '2021-09-23 00:00:00', 1440911410581213417, '2021-09-23 00:00:00', 1);
INSERT INTO `zz_sys_perm_code` VALUES (1418048335343783936, 1418048205177753600, 'formFlowEntry:formFlowEntry:update', 2, '', 1, 1440911410581213417, '2021-09-23 00:00:00', 1440911410581213417, '2021-09-23 00:00:00', 1);
INSERT INTO `zz_sys_perm_code` VALUES (1418048872671875072, NULL, 'formAllInstance', 0, '', 13200, 1440911410581213417, '2021-09-23 00:00:00', 1440911410581213417, '2021-09-23 00:00:00', 1);
INSERT INTO `zz_sys_perm_code` VALUES (1418049164754817024, 1418048872671875072, 'formAllInstance:formAllInstance', 1, '', 1, 1440911410581213417, '2021-09-23 00:00:00', 1440911410581213417, '2021-09-23 00:00:00', 1);
INSERT INTO `zz_sys_perm_code` VALUES (1418049287106859008, 1418049164754817024, 'formAllInstance:formAllInstance:stop', 2, '', 1, 1440911410581213417, '2021-09-23 00:00:00', 1440911410581213417, '2021-09-23 00:00:00', 1);
INSERT INTO `zz_sys_perm_code` VALUES (1418049398776008704, 1418049164754817024, 'formAllInstance:formAllInstance:delete', 2, '', 2, 1440911410581213417, '2021-09-23 00:00:00', 1440911410581213417, '2021-09-23 00:00:00', 1);
INSERT INTO `zz_sys_perm_code` VALUES (1418050031436435456, NULL, 'formMyTask', 0, '', 13300, 1440911410581213417, '2021-09-23 00:00:00', 1440911410581213417, '2021-09-23 00:00:00', 1);
INSERT INTO `zz_sys_perm_code` VALUES (1418050322282057728, 1418050031436435456, 'formMyTask:formMyTask', 1, '', 1, 1440911410581213417, '2021-09-23 00:00:00', 1440911410581213417, '2021-09-23 00:00:00', 1);
INSERT INTO `zz_sys_perm_code` VALUES (1418050797706416128, 1418048205177753600, 'formFlowEntry:formFlowEntry:start', 2, '', 2, 1440911410581213417, '2021-09-23 00:00:00', 1440911410581213417, '2021-09-24 09:28:39', 1);
INSERT INTO `zz_sys_perm_code` VALUES (1418057020824621056, NULL, 'formMyHistoryTask', 0, '', 13400, 1440911410581213417, '2021-09-23 00:00:00', 1440911410581213417, '2021-09-23 00:00:00', 1);
INSERT INTO `zz_sys_perm_code` VALUES (1418057346877231104, 1418057020824621056, 'formMyHistoryTask:formMyHistoryTask', 1, '', 1, 1440911410581213417, '2021-09-23 00:00:00', 1440911410581213417, '2021-09-23 00:00:00', 1);
INSERT INTO `zz_sys_perm_code` VALUES (1423636498195943424, NULL, 'formMyApprovedTask', 0, '', 13500, 1440911410581213417, '2021-09-23 00:00:00', 1440911410581213417, '2021-09-23 00:00:00', 1);
INSERT INTO `zz_sys_perm_code` VALUES (1423637544578322432, 1423636498195943424, 'formMyApprovedTask:formMyApprovedTask', 1, '', 1, 1440911410581213417, '2021-09-23 00:00:00', 1440911410581213417, '2021-09-23 00:00:00', 1);
INSERT INTO `zz_sys_perm_code` VALUES (1440911410581213286, NULL, 'formSysUser', 0, '', 10000, 1440911410581213417, '2021-09-23 00:00:00', 1440911410581213417, '2021-09-23 00:00:00', 1);
INSERT INTO `zz_sys_perm_code` VALUES (1440911410581213287, 1440911410581213286, 'formSysUser:fragmentSysUser', 1, '', 1, 1440911410581213417, '2021-09-23 00:00:00', 1440911410581213417, '2021-09-23 00:00:00', 1);
INSERT INTO `zz_sys_perm_code` VALUES (1440911410581213288, 1440911410581213287, 'formSysUser:fragmentSysUser:add', 2, '', 1, 1440911410581213417, '2021-09-23 00:00:00', 1440911410581213417, '2021-09-23 00:00:00', 1);
INSERT INTO `zz_sys_perm_code` VALUES (1440911410581213289, 1440911410581213287, 'formSysUser:fragmentSysUser:update', 2, '', 2, 1440911410581213417, '2021-09-23 00:00:00', 1440911410581213417, '2021-09-23 00:00:00', 1);
INSERT INTO `zz_sys_perm_code` VALUES (1440911410581213290, 1440911410581213287, 'formSysUser:fragmentSysUser:delete', 2, '', 3, 1440911410581213417, '2021-09-23 00:00:00', 1440911410581213417, '2021-09-23 00:00:00', 1);
INSERT INTO `zz_sys_perm_code` VALUES (1440911410581213291, 1440911410581213287, 'formSysUser:fragmentSysUser:resetPassword', 2, '', 4, 1440911410581213417, '2021-09-23 00:00:00', 1440911410581213417, '2021-09-23 00:00:00', 1);
INSERT INTO `zz_sys_perm_code` VALUES (1440911410581213292, 1440911410581213287, 'formSysUser:fragmentSysUser:listSysUserPermDetail', 2, '', 5, 1440911410581213417, '2021-09-23 00:00:00', 1440911410581213417, '2021-09-23 00:00:00', 1);
INSERT INTO `zz_sys_perm_code` VALUES (1440911410581213300, NULL, 'formSysDept', 0, '', 10100, 1440911410581213417, '2021-09-23 00:00:00', 1440911410581213417, '2021-09-23 00:00:00', 1);
INSERT INTO `zz_sys_perm_code` VALUES (1440911410581213301, 1440911410581213300, 'formSysDept:fragmentSysDept', 1, '', 1, 1440911410581213417, '2021-09-23 00:00:00', 1440911410581213417, '2021-09-23 00:00:00', 1);
INSERT INTO `zz_sys_perm_code` VALUES (1440911410581213302, 1440911410581213301, 'formSysDept:fragmentSysDept:add', 2, '', 1, 1440911410581213417, '2021-09-23 00:00:00', 1440911410581213417, '2021-09-23 00:00:00', 1);
INSERT INTO `zz_sys_perm_code` VALUES (1440911410581213303, 1440911410581213301, 'formSysDept:fragmentSysDept:update', 2, '', 2, 1440911410581213417, '2021-09-23 00:00:00', 1440911410581213417, '2021-09-23 00:00:00', 1);
INSERT INTO `zz_sys_perm_code` VALUES (1440911410581213304, 1440911410581213301, 'formSysDept:fragmentSysDept:delete', 2, '', 3, 1440911410581213417, '2021-09-23 00:00:00', 1440911410581213417, '2021-09-23 00:00:00', 1);
INSERT INTO `zz_sys_perm_code` VALUES (1440911410581213305, 1440911410581213301, 'formSysDept:fragmentSysDept:editPost', 2, '', 4, 1440911410581213417, '2021-09-23 00:00:00', 1440911410581213417, '2021-09-23 00:00:00', 1);
INSERT INTO `zz_sys_perm_code` VALUES (1440911410581213306, 1440911410581213301, 'formSysDept:fragmentSysDept:viewPost', 2, '', 5, 1440911410581213417, '2021-09-23 00:00:00', 1440911410581213417, '2021-09-23 00:00:00', 1);
INSERT INTO `zz_sys_perm_code` VALUES (1440911410581213318, NULL, 'formSysRole', 0, '', 10200, 1440911410581213417, '2021-09-23 00:00:00', 1440911410581213417, '2021-09-23 00:00:00', 1);
INSERT INTO `zz_sys_perm_code` VALUES (1440911410581213319, 1440911410581213318, 'formSysRole:fragmentSysRole', 1, '', 1, 1440911410581213417, '2021-09-23 00:00:00', 1440911410581213417, '2021-09-23 00:00:00', 1);
INSERT INTO `zz_sys_perm_code` VALUES (1440911410581213320, 1440911410581213318, 'formSysRole:fragmentSysRoleUser', 1, '', 2, 1440911410581213417, '2021-09-23 00:00:00', 1440911410581213417, '2021-09-23 00:00:00', 1);
INSERT INTO `zz_sys_perm_code` VALUES (1440911410581213321, 1440911410581213319, 'formSysRole:fragmentSysRole:add', 2, '', 1, 1440911410581213417, '2021-09-23 00:00:00', 1440911410581213417, '2021-09-23 00:00:00', 1);
INSERT INTO `zz_sys_perm_code` VALUES (1440911410581213322, 1440911410581213319, 'formSysRole:fragmentSysRole:update', 2, '', 2, 1440911410581213417, '2021-09-23 00:00:00', 1440911410581213417, '2021-09-23 00:00:00', 1);
INSERT INTO `zz_sys_perm_code` VALUES (1440911410581213323, 1440911410581213319, 'formSysRole:fragmentSysRole:delete', 2, '', 3, 1440911410581213417, '2021-09-23 00:00:00', 1440911410581213417, '2021-09-23 00:00:00', 1);
INSERT INTO `zz_sys_perm_code` VALUES (1440911410581213324, 1440911410581213319, 'formSysRole:fragmentSysRole:listSysRolePermDetail', 2, '', 4, 1440911410581213417, '2021-09-23 00:00:00', 1440911410581213417, '2021-09-23 00:00:00', 1);
INSERT INTO `zz_sys_perm_code` VALUES (1440911410581213325, 1440911410581213320, 'formSysRole:fragmentSysRoleUser:addUserRole', 2, '', 1, 1440911410581213417, '2021-09-23 00:00:00', 1440911410581213417, '2021-09-23 00:00:00', 1);
INSERT INTO `zz_sys_perm_code` VALUES (1440911410581213326, 1440911410581213320, 'formSysRole:fragmentSysRoleUser:deleteUserRole', 2, '', 2, 1440911410581213417, '2021-09-23 00:00:00', 1440911410581213417, '2021-09-23 00:00:00', 1);
INSERT INTO `zz_sys_perm_code` VALUES (1440911410581213337, NULL, 'formSysDataPerm', 0, '', 10400, 1440911410581213417, '2021-09-23 00:00:00', 1440911410581213417, '2021-09-23 00:00:00', 1);
INSERT INTO `zz_sys_perm_code` VALUES (1440911410581213338, 1440911410581213337, 'formSysDataPerm:fragmentSysDataPerm', 1, '', 1, 1440911410581213417, '2021-09-23 00:00:00', 1440911410581213417, '2021-09-23 00:00:00', 1);
INSERT INTO `zz_sys_perm_code` VALUES (1440911410581213339, 1440911410581213337, 'formSysDataPerm:fragmentSysDataPermUser', 1, '', 2, 1440911410581213417, '2021-09-23 00:00:00', 1440911410581213417, '2021-09-23 00:00:00', 1);
INSERT INTO `zz_sys_perm_code` VALUES (1440911410581213340, 1440911410581213338, 'formSysDataPerm:fragmentSysDataPerm:add', 2, '', 1, 1440911410581213417, '2021-09-23 00:00:00', 1440911410581213417, '2021-09-23 00:00:00', 1);
INSERT INTO `zz_sys_perm_code` VALUES (1440911410581213341, 1440911410581213338, 'formSysDataPerm:fragmentSysDataPerm:update', 2, '', 2, 1440911410581213417, '2021-09-23 00:00:00', 1440911410581213417, '2021-09-23 00:00:00', 1);
INSERT INTO `zz_sys_perm_code` VALUES (1440911410581213342, 1440911410581213338, 'formSysDataPerm:fragmentSysDataPerm:delete', 2, '', 3, 1440911410581213417, '2021-09-23 00:00:00', 1440911410581213417, '2021-09-23 00:00:00', 1);
INSERT INTO `zz_sys_perm_code` VALUES (1440911410581213343, 1440911410581213339, 'formSysDataPerm:fragmentSysDataPermUser:addDataPermUser', 2, '', 1, 1440911410581213417, '2021-09-23 00:00:00', 1440911410581213417, '2021-09-23 00:00:00', 1);
INSERT INTO `zz_sys_perm_code` VALUES (1440911410581213344, 1440911410581213339, 'formSysDataPerm:fragmentSysDataPermUser:deleteDataPermUser', 2, '', 2, 1440911410581213417, '2021-09-23 00:00:00', 1440911410581213417, '2021-09-23 00:00:00', 1);
INSERT INTO `zz_sys_perm_code` VALUES (1440911410581213351, NULL, 'formSysMenu', 0, '', 10600, 1440911410581213417, '2021-09-23 00:00:00', 1440911410581213417, '2021-09-23 00:00:00', 1);
INSERT INTO `zz_sys_perm_code` VALUES (1440911410581213352, 1440911410581213351, 'formSysMenu:fragmentSysMenu', 1, '', 1, 1440911410581213417, '2021-09-23 00:00:00', 1440911410581213417, '2021-09-23 00:00:00', 1);
INSERT INTO `zz_sys_perm_code` VALUES (1440911410581213353, 1440911410581213352, 'formSysMenu:fragmentSysMenu:add', 2, '', 1, 1440911410581213417, '2021-09-23 00:00:00', 1440911410581213417, '2021-09-23 00:00:00', 1);
INSERT INTO `zz_sys_perm_code` VALUES (1440911410581213354, 1440911410581213352, 'formSysMenu:fragmentSysMenu:update', 2, '', 2, 1440911410581213417, '2021-09-23 00:00:00', 1440911410581213417, '2021-09-23 00:00:00', 1);
INSERT INTO `zz_sys_perm_code` VALUES (1440911410581213355, 1440911410581213352, 'formSysMenu:fragmentSysMenu:delete', 2, '', 3, 1440911410581213417, '2021-09-23 00:00:00', 1440911410581213417, '2021-09-23 00:00:00', 1);
INSERT INTO `zz_sys_perm_code` VALUES (1440911410581213356, 1440911410581213352, 'formSysMenu:fragmentSysMenu:listSysMenuPermDetail', 2, '', 4, 1440911410581213417, '2021-09-23 00:00:00', 1440911410581213417, '2021-09-23 00:00:00', 1);
INSERT INTO `zz_sys_perm_code` VALUES (1440911410581213363, NULL, 'formSysPermCode', 0, '', 10700, 1440911410581213417, '2021-09-23 00:00:00', 1440911410581213417, '2021-09-23 00:00:00', 1);
INSERT INTO `zz_sys_perm_code` VALUES (1440911410581213364, 1440911410581213363, 'formSysPermCode:fragmentSysPermCode', 1, '', 1, 1440911410581213417, '2021-09-23 00:00:00', 1440911410581213417, '2021-09-23 00:00:00', 1);
INSERT INTO `zz_sys_perm_code` VALUES (1440911410581213365, 1440911410581213364, 'formSysPermCode:fragmentSysPermCode:add', 2, '', 1, 1440911410581213417, '2021-09-23 00:00:00', 1440911410581213417, '2021-09-23 00:00:00', 1);
INSERT INTO `zz_sys_perm_code` VALUES (1440911410581213366, 1440911410581213364, 'formSysPermCode:fragmentSysPermCode:update', 2, '', 2, 1440911410581213417, '2021-09-23 00:00:00', 1440911410581213417, '2021-09-23 00:00:00', 1);
INSERT INTO `zz_sys_perm_code` VALUES (1440911410581213367, 1440911410581213364, 'formSysPermCode:fragmentSysPermCode:delete', 2, '', 3, 1440911410581213417, '2021-09-23 00:00:00', 1440911410581213417, '2021-09-23 00:00:00', 1);
INSERT INTO `zz_sys_perm_code` VALUES (1440911410581213368, 1440911410581213364, 'formSysPermCode:fragmentSysPermCode:listSysPermCodePermDetail', 2, '', 4, 1440911410581213417, '2021-09-23 00:00:00', 1440911410581213417, '2021-09-23 00:00:00', 1);
INSERT INTO `zz_sys_perm_code` VALUES (1440911410581213378, NULL, 'formSysPerm', 0, '', 10800, 1440911410581213417, '2021-09-23 00:00:00', 1440911410581213417, '2021-09-23 00:00:00', 1);
INSERT INTO `zz_sys_perm_code` VALUES (1440911410581213379, 1440911410581213378, 'formSysPerm:fragmentSysPerm', 1, '', 1, 1440911410581213417, '2021-09-23 00:00:00', 1440911410581213417, '2021-09-23 00:00:00', 1);
INSERT INTO `zz_sys_perm_code` VALUES (1440911410581213380, 1440911410581213379, 'formSysPerm:fragmentSysPerm:addPermModule', 2, '', 1, 1440911410581213417, '2021-09-23 00:00:00', 1440911410581213417, '2021-09-23 00:00:00', 1);
INSERT INTO `zz_sys_perm_code` VALUES (1440911410581213381, 1440911410581213379, 'formSysPerm:fragmentSysPerm:updatePermModule', 2, '', 2, 1440911410581213417, '2021-09-23 00:00:00', 1440911410581213417, '2021-09-23 00:00:00', 1);
INSERT INTO `zz_sys_perm_code` VALUES (1440911410581213382, 1440911410581213379, 'formSysPerm:fragmentSysPerm:deletePermModule', 2, '', 3, 1440911410581213417, '2021-09-23 00:00:00', 1440911410581213417, '2021-09-23 00:00:00', 1);
INSERT INTO `zz_sys_perm_code` VALUES (1440911410581213383, 1440911410581213379, 'formSysPerm:fragmentSysPerm:addPerm', 2, '', 4, 1440911410581213417, '2021-09-23 00:00:00', 1440911410581213417, '2021-09-23 00:00:00', 1);
INSERT INTO `zz_sys_perm_code` VALUES (1440911410581213384, 1440911410581213379, 'formSysPerm:fragmentSysPerm:updatePerm', 2, '', 5, 1440911410581213417, '2021-09-23 00:00:00', 1440911410581213417, '2021-09-23 00:00:00', 1);
INSERT INTO `zz_sys_perm_code` VALUES (1440911410581213385, 1440911410581213379, 'formSysPerm:fragmentSysPerm:deletePerm', 2, '', 6, 1440911410581213417, '2021-09-23 00:00:00', 1440911410581213417, '2021-09-23 00:00:00', 1);
INSERT INTO `zz_sys_perm_code` VALUES (1440911410581213386, 1440911410581213379, 'formSysPerm:fragmentSysPerm:listSysPermPermDetail', 2, '', 7, 1440911410581213417, '2021-09-23 00:00:00', 1440911410581213417, '2021-09-23 00:00:00', 1);
INSERT INTO `zz_sys_perm_code` VALUES (1440911410581213393, NULL, 'formSysDict', 0, '', 10900, 1440911410581213417, '2021-09-23 00:00:00', 1440911410581213417, '2021-09-23 00:00:00', 1);
INSERT INTO `zz_sys_perm_code` VALUES (1440911410581213394, 1440911410581213393, 'formSysDict:fragmentSysDict', 1, '', 1, 1440911410581213417, '2021-09-23 00:00:00', 1440911410581213417, '2021-09-23 00:00:00', 1);
INSERT INTO `zz_sys_perm_code` VALUES (1440911410581213395, 1440911410581213394, 'formSysDict:fragmentSysDict:add', 2, '', 1, 1440911410581213417, '2021-09-23 00:00:00', 1440911410581213417, '2021-09-23 00:00:00', 1);
INSERT INTO `zz_sys_perm_code` VALUES (1440911410581213396, 1440911410581213394, 'formSysDict:fragmentSysDict:update', 2, '', 2, 1440911410581213417, '2021-09-23 00:00:00', 1440911410581213417, '2021-09-23 00:00:00', 1);
INSERT INTO `zz_sys_perm_code` VALUES (1440911410581213397, 1440911410581213394, 'formSysDict:fragmentSysDict:delete', 2, '', 3, 1440911410581213417, '2021-09-23 00:00:00', 1440911410581213417, '2021-09-23 00:00:00', 1);
INSERT INTO `zz_sys_perm_code` VALUES (1440911410581213398, 1440911410581213394, 'formSysDict:fragmentSysDict:reloadCache', 2, '', 4, 1440911410581213417, '2021-09-23 00:00:00', 1440911410581213417, '2021-09-23 00:00:00', 1);
INSERT INTO `zz_sys_perm_code` VALUES (1440911410581213402, NULL, 'formSysLoginUser', 0, '', 11200, 1440911410581213417, '2021-09-23 00:00:00', 1440911410581213417, '2021-09-23 00:00:00', 1);
INSERT INTO `zz_sys_perm_code` VALUES (1440911410581213403, 1440911410581213402, 'formSysLoginUser:fragmentLoginUser', 1, '', 1, 1440911410581213417, '2021-09-23 00:00:00', 1440911410581213417, '2021-09-23 00:00:00', 1);
INSERT INTO `zz_sys_perm_code` VALUES (1440911410581213404, 1440911410581213403, 'formSysLoginUser:fragmentLoginUser:delete', 2, '', 1, 1440911410581213417, '2021-09-23 00:00:00', 1440911410581213417, '2021-09-23 00:00:00', 1);
INSERT INTO `zz_sys_perm_code` VALUES (1440911410581213411, NULL, 'formSysPost', 0, '', 10150, 1440911410581213417, '2021-09-23 00:00:00', 1440911410581213417, '2021-09-23 00:00:00', 1);
INSERT INTO `zz_sys_perm_code` VALUES (1440911410581213412, 1440911410581213411, 'formSysPost:fragmentSysPost', 1, '', 1, 1440911410581213417, '2021-09-23 00:00:00', 1440911410581213417, '2021-09-23 00:00:00', 1);
INSERT INTO `zz_sys_perm_code` VALUES (1440911410581213413, 1440911410581213412, 'formSysPost:fragmentSysPost:add', 2, '', 1, 1440911410581213417, '2021-09-23 00:00:00', 1440911410581213417, '2021-09-23 00:00:00', 1);
INSERT INTO `zz_sys_perm_code` VALUES (1440911410581213414, 1440911410581213412, 'formSysPost:fragmentSysPost:update', 2, '', 2, 1440911410581213417, '2021-09-23 00:00:00', 1440911410581213417, '2021-09-23 00:00:00', 1);
INSERT INTO `zz_sys_perm_code` VALUES (1440911410581213415, 1440911410581213412, 'formSysPost:fragmentSysPost:delete', 2, '', 3, 1440911410581213417, '2021-09-23 00:00:00', 1440911410581213417, '2021-09-23 00:00:00', 1);
INSERT INTO `zz_sys_perm_code` VALUES (1440976898661289984, NULL, 'formFlowLeave', 0, '', 14000, 1440911410581213417, '2021-09-23 17:50:39', 1440911410581213417, '2021-09-23 17:50:39', 1);
INSERT INTO `zz_sys_perm_code` VALUES (1440976998183735296, NULL, 'formContractOrder', 0, '', 14100, 1440911410581213417, '2021-09-23 17:51:03', 1440911410581213417, '2021-09-23 17:51:03', 1);
INSERT INTO `zz_sys_perm_code` VALUES (1440977405874278400, 1440976898661289984, 'formFlowLeave:formFlowLeave', 1, '', 1, 1440911410581213417, '2021-09-23 17:52:40', 1440911410581213417, '2021-09-23 17:52:40', 1);
INSERT INTO `zz_sys_perm_code` VALUES (1440977767599443968, 1440976998183735296, 'formContractOrder:formContractOrder', 1, '', 1, 1440911410581213417, '2021-09-23 17:54:07', 1440911410581213417, '2021-09-23 17:54:07', 1);
COMMIT;

-- ----------------------------
-- Table structure for zz_sys_perm_code_perm
-- ----------------------------
DROP TABLE IF EXISTS `zz_sys_perm_code_perm`;
CREATE TABLE `zz_sys_perm_code_perm` (
  `perm_code_id` bigint NOT NULL COMMENT 'Id',
  `perm_id` bigint NOT NULL COMMENT 'id',
  PRIMARY KEY (`perm_code_id`,`perm_id`),
  KEY `idx_perm_id` (`perm_id`) USING BTREE
) ENGINE=InnoDB DEFAULT CHARSET=utf8mb4 COLLATE=utf8mb4_bin ROW_FORMAT=COMPACT COMMENT='';

-- ----------------------------
-- Records of zz_sys_perm_code_perm
-- ----------------------------
BEGIN;
INSERT INTO `zz_sys_perm_code_perm` VALUES (1400638885750378496, 1400626748101496832);
INSERT INTO `zz_sys_perm_code_perm` VALUES (1400639252747784192, 1400626748101496832);
INSERT INTO `zz_sys_perm_code_perm` VALUES (1400638885750378496, 1400626963806162944);
INSERT INTO `zz_sys_perm_code_perm` VALUES (1400639252747784192, 1400626963806162944);
INSERT INTO `zz_sys_perm_code_perm` VALUES (1400638885750378496, 1400627109692444672);
INSERT INTO `zz_sys_perm_code_perm` VALUES (1400639252747784192, 1400627109692444672);
INSERT INTO `zz_sys_perm_code_perm` VALUES (1400638885750378496, 1400632108514283520);
INSERT INTO `zz_sys_perm_code_perm` VALUES (1400639252747784192, 1400632108514283520);
INSERT INTO `zz_sys_perm_code_perm` VALUES (1400638885750378496, 1400632216169484288);
INSERT INTO `zz_sys_perm_code_perm` VALUES (1400639252747784192, 1400632216169484288);
INSERT INTO `zz_sys_perm_code_perm` VALUES (1400638885750378496, 1400632326538399744);
INSERT INTO `zz_sys_perm_code_perm` VALUES (1400638885750378496, 1400632438635368448);
INSERT INTO `zz_sys_perm_code_perm` VALUES (1400638885750378496, 1400632511620452352);
INSERT INTO `zz_sys_perm_code_perm` VALUES (1400639252747784192, 1400632924021198848);
INSERT INTO `zz_sys_perm_code_perm` VALUES (1400639252747784192, 1400632978937221120);
INSERT INTO `zz_sys_perm_code_perm` VALUES (1400639252747784192, 1400633026181861376);
INSERT INTO `zz_sys_perm_code_perm` VALUES (1400639252747784192, 1400633077717274624);
INSERT INTO `zz_sys_perm_code_perm` VALUES (1400639252747784192, 1400633129688895488);
INSERT INTO `zz_sys_perm_code_perm` VALUES (1400639252747784192, 1400633375525441536);
INSERT INTO `zz_sys_perm_code_perm` VALUES (1418048335343783936, 1400633375525441536);
INSERT INTO `zz_sys_perm_code_perm` VALUES (1400639252747784192, 1400633437093629952);
INSERT INTO `zz_sys_perm_code_perm` VALUES (1400639252747784192, 1400633529678696448);
INSERT INTO `zz_sys_perm_code_perm` VALUES (1400639252747784192, 1400633568027217920);
INSERT INTO `zz_sys_perm_code_perm` VALUES (1400639252747784192, 1400633612201627648);
INSERT INTO `zz_sys_perm_code_perm` VALUES (1400639252747784192, 1400633713376628736);
INSERT INTO `zz_sys_perm_code_perm` VALUES (1400639252747784192, 1400633798403559424);
INSERT INTO `zz_sys_perm_code_perm` VALUES (1400639252747784192, 1400633922085195776);
INSERT INTO `zz_sys_perm_code_perm` VALUES (1400639252747784192, 1400634012745076736);
INSERT INTO `zz_sys_perm_code_perm` VALUES (1400639252747784192, 1400634100498305024);
INSERT INTO `zz_sys_perm_code_perm` VALUES (1400639252747784192, 1400634280308117504);
INSERT INTO `zz_sys_perm_code_perm` VALUES (1400639252747784192, 1400634354593435648);
INSERT INTO `zz_sys_perm_code_perm` VALUES (1400639252747784192, 1400634559896227840);
INSERT INTO `zz_sys_perm_code_perm` VALUES (1400639252747784192, 1400634613151305728);
INSERT INTO `zz_sys_perm_code_perm` VALUES (1400639252747784192, 1400634651944423424);
INSERT INTO `zz_sys_perm_code_perm` VALUES (1400639252747784192, 1400634693472227328);
INSERT INTO `zz_sys_perm_code_perm` VALUES (1400639252747784192, 1400634735549485056);
INSERT INTO `zz_sys_perm_code_perm` VALUES (1400639252747784192, 1400635131969933312);
INSERT INTO `zz_sys_perm_code_perm` VALUES (1418048335343783936, 1400635131969933312);
INSERT INTO `zz_sys_perm_code_perm` VALUES (1400639252747784192, 1400635267726970880);
INSERT INTO `zz_sys_perm_code_perm` VALUES (1400639252747784192, 1400635341274091520);
INSERT INTO `zz_sys_perm_code_perm` VALUES (1400639252747784192, 1400635378506928128);
INSERT INTO `zz_sys_perm_code_perm` VALUES (1400639252747784192, 1400635426808532992);
INSERT INTO `zz_sys_perm_code_perm` VALUES (1400639252747784192, 1400635527698321408);
INSERT INTO `zz_sys_perm_code_perm` VALUES (1400639252747784192, 1400635581532213248);
INSERT INTO `zz_sys_perm_code_perm` VALUES (1400639252747784192, 1400635661106548736);
INSERT INTO `zz_sys_perm_code_perm` VALUES (1418048335343783936, 1400635661106548736);
INSERT INTO `zz_sys_perm_code_perm` VALUES (1400639252747784192, 1400635757332271104);
INSERT INTO `zz_sys_perm_code_perm` VALUES (1400639252747784192, 1400635827347787776);
INSERT INTO `zz_sys_perm_code_perm` VALUES (1400639252747784192, 1400635896461529088);
INSERT INTO `zz_sys_perm_code_perm` VALUES (1400639252747784192, 1400635963469729792);
INSERT INTO `zz_sys_perm_code_perm` VALUES (1400639252747784192, 1400636031752998912);
INSERT INTO `zz_sys_perm_code_perm` VALUES (1400639252747784192, 1400636182936686592);
INSERT INTO `zz_sys_perm_code_perm` VALUES (1400639252747784192, 1400636217728438272);
INSERT INTO `zz_sys_perm_code_perm` VALUES (1400639252747784192, 1400636258107002880);
INSERT INTO `zz_sys_perm_code_perm` VALUES (1400639252747784192, 1400636301480300544);
INSERT INTO `zz_sys_perm_code_perm` VALUES (1400639252747784192, 1400636338838966272);
INSERT INTO `zz_sys_perm_code_perm` VALUES (1400639252747784192, 1400636501900922880);
INSERT INTO `zz_sys_perm_code_perm` VALUES (1418048335343783936, 1400636501900922880);
INSERT INTO `zz_sys_perm_code_perm` VALUES (1400639252747784192, 1400636535371468800);
INSERT INTO `zz_sys_perm_code_perm` VALUES (1400639252747784192, 1400636571165659136);
INSERT INTO `zz_sys_perm_code_perm` VALUES (1400639252747784192, 1400636610403373056);
INSERT INTO `zz_sys_perm_code_perm` VALUES (1400639252747784192, 1400636656679129088);
INSERT INTO `zz_sys_perm_code_perm` VALUES (1400639252747784192, 1400637740705386496);
INSERT INTO `zz_sys_perm_code_perm` VALUES (1418048335343783936, 1400637740705386496);
INSERT INTO `zz_sys_perm_code_perm` VALUES (1400639252747784192, 1400637775962705920);
INSERT INTO `zz_sys_perm_code_perm` VALUES (1423637544578322432, 1400637775962705920);
INSERT INTO `zz_sys_perm_code_perm` VALUES (1440977405874278400, 1400637775962705920);
INSERT INTO `zz_sys_perm_code_perm` VALUES (1440977767599443968, 1400637775962705920);
INSERT INTO `zz_sys_perm_code_perm` VALUES (1400639252747784192, 1400637822737584128);
INSERT INTO `zz_sys_perm_code_perm` VALUES (1400639252747784192, 1400637858414333952);
INSERT INTO `zz_sys_perm_code_perm` VALUES (1400639252747784192, 1400637895328403456);
INSERT INTO `zz_sys_perm_code_perm` VALUES (1400639252747784192, 1400637970863624192);
INSERT INTO `zz_sys_perm_code_perm` VALUES (1418050322282057728, 1400637970863624192);
INSERT INTO `zz_sys_perm_code_perm` VALUES (1418050797706416128, 1400637970863624192);
INSERT INTO `zz_sys_perm_code_perm` VALUES (1418057346877231104, 1400637970863624192);
INSERT INTO `zz_sys_perm_code_perm` VALUES (1423637544578322432, 1400637970863624192);
INSERT INTO `zz_sys_perm_code_perm` VALUES (1440977405874278400, 1400637970863624192);
INSERT INTO `zz_sys_perm_code_perm` VALUES (1440977767599443968, 1400637970863624192);
INSERT INTO `zz_sys_perm_code_perm` VALUES (1400639252747784192, 1413405061278601216);
INSERT INTO `zz_sys_perm_code_perm` VALUES (1418048335343783936, 1413405061278601216);
INSERT INTO `zz_sys_perm_code_perm` VALUES (1400639252747784192, 1413405166471745536);
INSERT INTO `zz_sys_perm_code_perm` VALUES (1400639252747784192, 1413405224021790720);
INSERT INTO `zz_sys_perm_code_perm` VALUES (1400639252747784192, 1413405313788284928);
INSERT INTO `zz_sys_perm_code_perm` VALUES (1400639252747784192, 1413405352866615296);
INSERT INTO `zz_sys_perm_code_perm` VALUES (1418050322282057728, 1418026612762349572);
INSERT INTO `zz_sys_perm_code_perm` VALUES (1418048335343783936, 1418026612762349580);
INSERT INTO `zz_sys_perm_code_perm` VALUES (1418046848794365952, 1418030338508066816);
INSERT INTO `zz_sys_perm_code_perm` VALUES (1418046986677915648, 1418030386436378624);
INSERT INTO `zz_sys_perm_code_perm` VALUES (1418047095188754432, 1418030437971791872);
INSERT INTO `zz_sys_perm_code_perm` VALUES (1418047182946177024, 1418030477918343168);
INSERT INTO `zz_sys_perm_code_perm` VALUES (1418047095188754432, 1418030533757112320);
INSERT INTO `zz_sys_perm_code_perm` VALUES (1418048205177753600, 1418031006660694016);
INSERT INTO `zz_sys_perm_code_perm` VALUES (1418048335343783936, 1418031078391681024);
INSERT INTO `zz_sys_perm_code_perm` VALUES (1418048335343783936, 1418031120481521664);
INSERT INTO `zz_sys_perm_code_perm` VALUES (1418048335343783936, 1418031174604820480);
INSERT INTO `zz_sys_perm_code_perm` VALUES (1418048335343783936, 1418031219706171392);
INSERT INTO `zz_sys_perm_code_perm` VALUES (1418048335343783936, 1418031304779239424);
INSERT INTO `zz_sys_perm_code_perm` VALUES (1418048335343783936, 1418031515207471104);
INSERT INTO `zz_sys_perm_code_perm` VALUES (1418048335343783936, 1418031648351457280);
INSERT INTO `zz_sys_perm_code_perm` VALUES (1418048335343783936, 1418031712788549632);
INSERT INTO `zz_sys_perm_code_perm` VALUES (1418048335343783936, 1418031801271586816);
INSERT INTO `zz_sys_perm_code_perm` VALUES (1418048335343783936, 1418032222232907776);
INSERT INTO `zz_sys_perm_code_perm` VALUES (1418048335343783936, 1418032258429751296);
INSERT INTO `zz_sys_perm_code_perm` VALUES (1418048335343783936, 1418032300414734336);
INSERT INTO `zz_sys_perm_code_perm` VALUES (1418048335343783936, 1418032344064856064);
INSERT INTO `zz_sys_perm_code_perm` VALUES (1418048335343783936, 1418032382409183232);
INSERT INTO `zz_sys_perm_code_perm` VALUES (1418049164754817024, 1418033804987076608);
INSERT INTO `zz_sys_perm_code_perm` VALUES (1418057346877231104, 1418033889183535104);
INSERT INTO `zz_sys_perm_code_perm` VALUES (1418049164754817024, 1418034243434450944);
INSERT INTO `zz_sys_perm_code_perm` VALUES (1418057346877231104, 1418034243434450944);
INSERT INTO `zz_sys_perm_code_perm` VALUES (1423637544578322432, 1418034243434450944);
INSERT INTO `zz_sys_perm_code_perm` VALUES (1440977405874278400, 1418034243434450944);
INSERT INTO `zz_sys_perm_code_perm` VALUES (1440977767599443968, 1418034243434450944);
INSERT INTO `zz_sys_perm_code_perm` VALUES (1418049164754817024, 1418035997727264768);
INSERT INTO `zz_sys_perm_code_perm` VALUES (1418057346877231104, 1418035997727264768);
INSERT INTO `zz_sys_perm_code_perm` VALUES (1440977405874278400, 1418035997727264768);
INSERT INTO `zz_sys_perm_code_perm` VALUES (1440977767599443968, 1418035997727264768);
INSERT INTO `zz_sys_perm_code_perm` VALUES (1418049287106859008, 1418040510253109248);
INSERT INTO `zz_sys_perm_code_perm` VALUES (1418049398776008704, 1418040574245605376);
INSERT INTO `zz_sys_perm_code_perm` VALUES (1418050797706416128, 1418051334564745216);
INSERT INTO `zz_sys_perm_code_perm` VALUES (1440977405874278400, 1418051334564745216);
INSERT INTO `zz_sys_perm_code_perm` VALUES (1440977767599443968, 1418051334564745216);
INSERT INTO `zz_sys_perm_code_perm` VALUES (1418050797706416128, 1418051485324808192);
INSERT INTO `zz_sys_perm_code_perm` VALUES (1440977405874278400, 1418051485324808192);
INSERT INTO `zz_sys_perm_code_perm` VALUES (1440977767599443968, 1418051485324808192);
INSERT INTO `zz_sys_perm_code_perm` VALUES (1418050322282057728, 1418051693639110656);
INSERT INTO `zz_sys_perm_code_perm` VALUES (1440977405874278400, 1418051693639110656);
INSERT INTO `zz_sys_perm_code_perm` VALUES (1440977767599443968, 1418051693639110656);
INSERT INTO `zz_sys_perm_code_perm` VALUES (1418050322282057728, 1418054128097038336);
INSERT INTO `zz_sys_perm_code_perm` VALUES (1440977405874278400, 1418054128097038336);
INSERT INTO `zz_sys_perm_code_perm` VALUES (1440977767599443968, 1418054128097038336);
INSERT INTO `zz_sys_perm_code_perm` VALUES (1418048335343783936, 1418054519798894592);
INSERT INTO `zz_sys_perm_code_perm` VALUES (1418049164754817024, 1418054519798894592);
INSERT INTO `zz_sys_perm_code_perm` VALUES (1418050322282057728, 1418054519798894592);
INSERT INTO `zz_sys_perm_code_perm` VALUES (1418050797706416128, 1418054519798894592);
INSERT INTO `zz_sys_perm_code_perm` VALUES (1418057346877231104, 1418054519798894592);
INSERT INTO `zz_sys_perm_code_perm` VALUES (1423637544578322432, 1418054519798894592);
INSERT INTO `zz_sys_perm_code_perm` VALUES (1440977405874278400, 1418054519798894592);
INSERT INTO `zz_sys_perm_code_perm` VALUES (1440977767599443968, 1418054519798894592);
INSERT INTO `zz_sys_perm_code_perm` VALUES (1418050322282057728, 1418054618176294912);
INSERT INTO `zz_sys_perm_code_perm` VALUES (1418057346877231104, 1418054618176294912);
INSERT INTO `zz_sys_perm_code_perm` VALUES (1423637544578322432, 1418054618176294912);
INSERT INTO `zz_sys_perm_code_perm` VALUES (1440977405874278400, 1418054618176294912);
INSERT INTO `zz_sys_perm_code_perm` VALUES (1440977767599443968, 1418054618176294912);
INSERT INTO `zz_sys_perm_code_perm` VALUES (1418049164754817024, 1418054792965525504);
INSERT INTO `zz_sys_perm_code_perm` VALUES (1418050322282057728, 1418054792965525504);
INSERT INTO `zz_sys_perm_code_perm` VALUES (1418057346877231104, 1418054792965525504);
INSERT INTO `zz_sys_perm_code_perm` VALUES (1423637544578322432, 1418054792965525504);
INSERT INTO `zz_sys_perm_code_perm` VALUES (1440977405874278400, 1418054792965525504);
INSERT INTO `zz_sys_perm_code_perm` VALUES (1440977767599443968, 1418054792965525504);
INSERT INTO `zz_sys_perm_code_perm` VALUES (1418050322282057728, 1418055060981551104);
INSERT INTO `zz_sys_perm_code_perm` VALUES (1440977405874278400, 1418055060981551104);
INSERT INTO `zz_sys_perm_code_perm` VALUES (1440977767599443968, 1418055060981551104);
INSERT INTO `zz_sys_perm_code_perm` VALUES (1418050322282057728, 1418056212146032640);
INSERT INTO `zz_sys_perm_code_perm` VALUES (1418050322282057728, 1418079603167072256);
INSERT INTO `zz_sys_perm_code_perm` VALUES (1418050797706416128, 1418079603167072256);
INSERT INTO `zz_sys_perm_code_perm` VALUES (1440977405874278400, 1418079603167072256);
INSERT INTO `zz_sys_perm_code_perm` VALUES (1440977767599443968, 1418079603167072256);
INSERT INTO `zz_sys_perm_code_perm` VALUES (1418050322282057728, 1418079670594703360);
INSERT INTO `zz_sys_perm_code_perm` VALUES (1418050797706416128, 1418079670594703360);
INSERT INTO `zz_sys_perm_code_perm` VALUES (1418057346877231104, 1418079670594703360);
INSERT INTO `zz_sys_perm_code_perm` VALUES (1440977405874278400, 1418079670594703360);
INSERT INTO `zz_sys_perm_code_perm` VALUES (1440977767599443968, 1418079670594703360);
INSERT INTO `zz_sys_perm_code_perm` VALUES (1423637544578322432, 1423635764486344704);
INSERT INTO `zz_sys_perm_code_perm` VALUES (1423637544578322432, 1423635851312631808);
INSERT INTO `zz_sys_perm_code_perm` VALUES (1423637544578322432, 1423636091033882624);
INSERT INTO `zz_sys_perm_code_perm` VALUES (1440977405874278400, 1423636091033882624);
INSERT INTO `zz_sys_perm_code_perm` VALUES (1440977767599443968, 1423636091033882624);
INSERT INTO `zz_sys_perm_code_perm` VALUES (1440977405874278400, 1423984506028691456);
INSERT INTO `zz_sys_perm_code_perm` VALUES (1440977767599443968, 1423984506028691456);
INSERT INTO `zz_sys_perm_code_perm` VALUES (1440911410581213302, 1440911410581213185);
INSERT INTO `zz_sys_perm_code_perm` VALUES (1440911410581213303, 1440911410581213186);
INSERT INTO `zz_sys_perm_code_perm` VALUES (1440911410581213304, 1440911410581213187);
INSERT INTO `zz_sys_perm_code_perm` VALUES (1440911410581213288, 1440911410581213188);
INSERT INTO `zz_sys_perm_code_perm` VALUES (1440911410581213289, 1440911410581213188);
INSERT INTO `zz_sys_perm_code_perm` VALUES (1440911410581213301, 1440911410581213188);
INSERT INTO `zz_sys_perm_code_perm` VALUES (1440911410581213301, 1440911410581213189);
INSERT INTO `zz_sys_perm_code_perm` VALUES (1440911410581213303, 1440911410581213190);
INSERT INTO `zz_sys_perm_code_perm` VALUES (1440911410581213303, 1440911410581213191);
INSERT INTO `zz_sys_perm_code_perm` VALUES (1440911410581213305, 1440911410581213192);
INSERT INTO `zz_sys_perm_code_perm` VALUES (1440911410581213305, 1440911410581213193);
INSERT INTO `zz_sys_perm_code_perm` VALUES (1440911410581213305, 1440911410581213194);
INSERT INTO `zz_sys_perm_code_perm` VALUES (1440911410581213305, 1440911410581213195);
INSERT INTO `zz_sys_perm_code_perm` VALUES (1440911410581213306, 1440911410581213195);
INSERT INTO `zz_sys_perm_code_perm` VALUES (1440911410581213305, 1440911410581213196);
INSERT INTO `zz_sys_perm_code_perm` VALUES (1440911410581213305, 1440911410581213197);
INSERT INTO `zz_sys_perm_code_perm` VALUES (1440911410581213306, 1440911410581213197);
INSERT INTO `zz_sys_perm_code_perm` VALUES (1440911410581213288, 1440911410581213199);
INSERT INTO `zz_sys_perm_code_perm` VALUES (1440911410581213289, 1440911410581213200);
INSERT INTO `zz_sys_perm_code_perm` VALUES (1440911410581213290, 1440911410581213201);
INSERT INTO `zz_sys_perm_code_perm` VALUES (1418048335343783936, 1440911410581213202);
INSERT INTO `zz_sys_perm_code_perm` VALUES (1440911410581213287, 1440911410581213202);
INSERT INTO `zz_sys_perm_code_perm` VALUES (1440911410581213287, 1440911410581213203);
INSERT INTO `zz_sys_perm_code_perm` VALUES (1440911410581213289, 1440911410581213204);
INSERT INTO `zz_sys_perm_code_perm` VALUES (1440911410581213289, 1440911410581213205);
INSERT INTO `zz_sys_perm_code_perm` VALUES (1440911410581213291, 1440911410581213206);
INSERT INTO `zz_sys_perm_code_perm` VALUES (1440911410581213292, 1440911410581213207);
INSERT INTO `zz_sys_perm_code_perm` VALUES (1440911410581213292, 1440911410581213208);
INSERT INTO `zz_sys_perm_code_perm` VALUES (1440911410581213292, 1440911410581213209);
INSERT INTO `zz_sys_perm_code_perm` VALUES (1440911410581213321, 1440911410581213211);
INSERT INTO `zz_sys_perm_code_perm` VALUES (1440911410581213322, 1440911410581213212);
INSERT INTO `zz_sys_perm_code_perm` VALUES (1440911410581213323, 1440911410581213213);
INSERT INTO `zz_sys_perm_code_perm` VALUES (1440911410581213288, 1440911410581213214);
INSERT INTO `zz_sys_perm_code_perm` VALUES (1440911410581213289, 1440911410581213214);
INSERT INTO `zz_sys_perm_code_perm` VALUES (1440911410581213319, 1440911410581213214);
INSERT INTO `zz_sys_perm_code_perm` VALUES (1440911410581213322, 1440911410581213215);
INSERT INTO `zz_sys_perm_code_perm` VALUES (1440911410581213325, 1440911410581213216);
INSERT INTO `zz_sys_perm_code_perm` VALUES (1440911410581213326, 1440911410581213217);
INSERT INTO `zz_sys_perm_code_perm` VALUES (1440911410581213320, 1440911410581213218);
INSERT INTO `zz_sys_perm_code_perm` VALUES (1440911410581213325, 1440911410581213219);
INSERT INTO `zz_sys_perm_code_perm` VALUES (1440911410581213324, 1440911410581213220);
INSERT INTO `zz_sys_perm_code_perm` VALUES (1440911410581213324, 1440911410581213221);
INSERT INTO `zz_sys_perm_code_perm` VALUES (1440911410581213340, 1440911410581213223);
INSERT INTO `zz_sys_perm_code_perm` VALUES (1440911410581213341, 1440911410581213224);
INSERT INTO `zz_sys_perm_code_perm` VALUES (1440911410581213342, 1440911410581213225);
INSERT INTO `zz_sys_perm_code_perm` VALUES (1440911410581213288, 1440911410581213226);
INSERT INTO `zz_sys_perm_code_perm` VALUES (1440911410581213289, 1440911410581213226);
INSERT INTO `zz_sys_perm_code_perm` VALUES (1440911410581213338, 1440911410581213226);
INSERT INTO `zz_sys_perm_code_perm` VALUES (1440911410581213341, 1440911410581213227);
INSERT INTO `zz_sys_perm_code_perm` VALUES (1440911410581213343, 1440911410581213228);
INSERT INTO `zz_sys_perm_code_perm` VALUES (1440911410581213344, 1440911410581213229);
INSERT INTO `zz_sys_perm_code_perm` VALUES (1440911410581213339, 1440911410581213230);
INSERT INTO `zz_sys_perm_code_perm` VALUES (1440911410581213343, 1440911410581213231);
INSERT INTO `zz_sys_perm_code_perm` VALUES (1440911410581213413, 1440911410581213233);
INSERT INTO `zz_sys_perm_code_perm` VALUES (1440911410581213414, 1440911410581213234);
INSERT INTO `zz_sys_perm_code_perm` VALUES (1440911410581213415, 1440911410581213235);
INSERT INTO `zz_sys_perm_code_perm` VALUES (1440911410581213412, 1440911410581213236);
INSERT INTO `zz_sys_perm_code_perm` VALUES (1440911410581213414, 1440911410581213237);
INSERT INTO `zz_sys_perm_code_perm` VALUES (1440911410581213353, 1440911410581213239);
INSERT INTO `zz_sys_perm_code_perm` VALUES (1440911410581213355, 1440911410581213240);
INSERT INTO `zz_sys_perm_code_perm` VALUES (1440911410581213354, 1440911410581213241);
INSERT INTO `zz_sys_perm_code_perm` VALUES (1440911410581213321, 1440911410581213242);
INSERT INTO `zz_sys_perm_code_perm` VALUES (1440911410581213322, 1440911410581213242);
INSERT INTO `zz_sys_perm_code_perm` VALUES (1440911410581213352, 1440911410581213242);
INSERT INTO `zz_sys_perm_code_perm` VALUES (1440911410581213354, 1440911410581213243);
INSERT INTO `zz_sys_perm_code_perm` VALUES (1440911410581213356, 1440911410581213244);
INSERT INTO `zz_sys_perm_code_perm` VALUES (1440911410581213356, 1440911410581213245);
INSERT INTO `zz_sys_perm_code_perm` VALUES (1440911410581213365, 1440911410581213247);
INSERT INTO `zz_sys_perm_code_perm` VALUES (1440911410581213366, 1440911410581213248);
INSERT INTO `zz_sys_perm_code_perm` VALUES (1440911410581213367, 1440911410581213249);
INSERT INTO `zz_sys_perm_code_perm` VALUES (1440911410581213353, 1440911410581213250);
INSERT INTO `zz_sys_perm_code_perm` VALUES (1440911410581213354, 1440911410581213250);
INSERT INTO `zz_sys_perm_code_perm` VALUES (1440911410581213364, 1440911410581213250);
INSERT INTO `zz_sys_perm_code_perm` VALUES (1440911410581213366, 1440911410581213251);
INSERT INTO `zz_sys_perm_code_perm` VALUES (1440911410581213368, 1440911410581213252);
INSERT INTO `zz_sys_perm_code_perm` VALUES (1440911410581213368, 1440911410581213253);
INSERT INTO `zz_sys_perm_code_perm` VALUES (1440911410581213380, 1440911410581213255);
INSERT INTO `zz_sys_perm_code_perm` VALUES (1440911410581213381, 1440911410581213256);
INSERT INTO `zz_sys_perm_code_perm` VALUES (1440911410581213382, 1440911410581213257);
INSERT INTO `zz_sys_perm_code_perm` VALUES (1440911410581213379, 1440911410581213258);
INSERT INTO `zz_sys_perm_code_perm` VALUES (1440911410581213365, 1440911410581213259);
INSERT INTO `zz_sys_perm_code_perm` VALUES (1440911410581213366, 1440911410581213259);
INSERT INTO `zz_sys_perm_code_perm` VALUES (1440911410581213379, 1440911410581213259);
INSERT INTO `zz_sys_perm_code_perm` VALUES (1440911410581213383, 1440911410581213261);
INSERT INTO `zz_sys_perm_code_perm` VALUES (1440911410581213384, 1440911410581213262);
INSERT INTO `zz_sys_perm_code_perm` VALUES (1440911410581213385, 1440911410581213263);
INSERT INTO `zz_sys_perm_code_perm` VALUES (1440911410581213379, 1440911410581213264);
INSERT INTO `zz_sys_perm_code_perm` VALUES (1440911410581213384, 1440911410581213265);
INSERT INTO `zz_sys_perm_code_perm` VALUES (1440911410581213386, 1440911410581213266);
INSERT INTO `zz_sys_perm_code_perm` VALUES (1440911410581213386, 1440911410581213267);
INSERT INTO `zz_sys_perm_code_perm` VALUES (1440911410581213386, 1440911410581213268);
INSERT INTO `zz_sys_perm_code_perm` VALUES (1440911410581213394, 1440911410581213271);
INSERT INTO `zz_sys_perm_code_perm` VALUES (1440911410581213394, 1440911410581213272);
INSERT INTO `zz_sys_perm_code_perm` VALUES (1440911410581213394, 1440911410581213273);
INSERT INTO `zz_sys_perm_code_perm` VALUES (1440911410581213394, 1440911410581213274);
INSERT INTO `zz_sys_perm_code_perm` VALUES (1440911410581213403, 1440911410581213276);
INSERT INTO `zz_sys_perm_code_perm` VALUES (1440911410581213404, 1440911410581213277);
INSERT INTO `zz_sys_perm_code_perm` VALUES (1418050797706416128, 1440975727276068864);
INSERT INTO `zz_sys_perm_code_perm` VALUES (1440977405874278400, 1440975727276068864);
INSERT INTO `zz_sys_perm_code_perm` VALUES (1440977405874278400, 1440975781374201856);
INSERT INTO `zz_sys_perm_code_perm` VALUES (1418050797706416128, 1440975850529886208);
INSERT INTO `zz_sys_perm_code_perm` VALUES (1418050797706416128, 1440975979374710784);
INSERT INTO `zz_sys_perm_code_perm` VALUES (1440977767599443968, 1440975979374710784);
INSERT INTO `zz_sys_perm_code_perm` VALUES (1440977767599443968, 1440976024471867392);
INSERT INTO `zz_sys_perm_code_perm` VALUES (1418050797706416128, 1440976144311521280);
INSERT INTO `zz_sys_perm_code_perm` VALUES (1418050797706416128, 1440976259415805952);
COMMIT;

-- ----------------------------
-- Table structure for zz_sys_perm_module
-- ----------------------------
DROP TABLE IF EXISTS `zz_sys_perm_module`;
CREATE TABLE `zz_sys_perm_module` (
  `module_id` bigint NOT NULL COMMENT 'id',
  `parent_id` bigint DEFAULT '0' COMMENT 'id',
  `module_name` varchar(64) CHARACTER SET utf8mb4 COLLATE utf8mb4_bin NOT NULL DEFAULT '' COMMENT '',
  `module_type` int NOT NULL COMMENT '(0:  1: Controller)',
  `show_order` int NOT NULL DEFAULT '0' COMMENT '',
  `create_user_id` bigint NOT NULL COMMENT 'Id',
  `create_time` datetime NOT NULL COMMENT '',
  `update_user_id` bigint NOT NULL COMMENT 'Id',
  `update_time` datetime NOT NULL COMMENT '',
  `deleted_flag` int NOT NULL COMMENT '(1:  -1: )',
  PRIMARY KEY (`module_id`) USING BTREE,
  KEY `idx_show_order` (`show_order`) USING BTREE,
  KEY `idx_parent_id` (`parent_id`) USING BTREE,
  KEY `idx_module_type` (`module_type`) USING BTREE
) ENGINE=InnoDB DEFAULT CHARSET=utf8mb4 COLLATE=utf8mb4_bin ROW_FORMAT=COMPACT COMMENT='';

-- ----------------------------
-- Records of zz_sys_perm_module
-- ----------------------------
BEGIN;
INSERT INTO `zz_sys_perm_module` VALUES (1400625106979393536, NULL, '', 0, 5, 1440911410581213417, '2021-09-23 00:00:00', 1440911410581213417, '2021-09-23 00:00:00', 1);
INSERT INTO `zz_sys_perm_module` VALUES (1400625224646397952, 1400625106979393536, '', 1, 2, 1440911410581213417, '2021-09-23 00:00:00', 1440911410581213417, '2021-09-23 00:00:00', 1);
INSERT INTO `zz_sys_perm_module` VALUES (1400625338886656000, 1400625106979393536, '', 1, 6, 1440911410581213417, '2021-09-23 00:00:00', 1440911410581213417, '2021-09-23 00:00:00', 1);
INSERT INTO `zz_sys_perm_module` VALUES (1400625585851469824, 1400625106979393536, '', 1, 1, 1440911410581213417, '2021-09-23 00:00:00', 1440911410581213417, '2021-09-23 00:00:00', 1);
INSERT INTO `zz_sys_perm_module` VALUES (1400625800033603584, 1400625106979393536, '', 1, 3, 1440911410581213417, '2021-09-23 00:00:00', 1440911410581213417, '2021-09-23 00:00:00', 1);
INSERT INTO `zz_sys_perm_module` VALUES (1400625906245963776, 1400625106979393536, '', 1, 4, 1440911410581213417, '2021-09-23 00:00:00', 1440911410581213417, '2021-09-23 00:00:00', 1);
INSERT INTO `zz_sys_perm_module` VALUES (1400626018774945792, 1400625106979393536, '', 1, 5, 1440911410581213417, '2021-09-23 00:00:00', 1440911410581213417, '2021-09-23 00:00:00', 1);
INSERT INTO `zz_sys_perm_module` VALUES (1400626192725315584, 1400625106979393536, '', 1, 7, 1440911410581213417, '2021-09-23 00:00:00', 1440911410581213417, '2021-09-23 00:00:00', 1);
INSERT INTO `zz_sys_perm_module` VALUES (1400626237478539264, 1400625106979393536, '', 1, 8, 1440911410581213417, '2021-09-23 00:00:00', 1440911410581213417, '2021-09-23 00:00:00', 1);
INSERT INTO `zz_sys_perm_module` VALUES (1400626463740268544, 1400625106979393536, '', 1, 9, 1440911410581213417, '2021-09-23 00:00:00', 1440911410581213417, '2021-09-23 00:00:00', 1);
INSERT INTO `zz_sys_perm_module` VALUES (1401532052901203970, NULL, '', 0, 1, 1440911410581213417, '2021-09-23 00:00:00', 1440911410581213417, '2021-09-23 00:00:00', 1);
INSERT INTO `zz_sys_perm_module` VALUES (1401532056508305408, NULL, '', 0, 2, 1440911410581213417, '2021-09-23 00:00:00', 1440911410581213417, '2021-09-23 00:00:00', 1);
INSERT INTO `zz_sys_perm_module` VALUES (1401532056508305409, NULL, '', 0, 3, 1440911410581213417, '2021-09-23 00:00:00', 1440911410581213417, '2021-09-23 00:00:00', 1);
INSERT INTO `zz_sys_perm_module` VALUES (1413404952566435840, 1400625106979393536, '', 1, 10, 1440911410581213417, '2021-09-23 00:00:00', 1440911410581213417, '2021-09-23 00:00:00', 1);
INSERT INTO `zz_sys_perm_module` VALUES (1418028920103505920, NULL, '', 0, 6, 1440911410581213417, '2021-09-23 00:00:00', 1440911410581213417, '2021-09-23 00:00:00', 1);
INSERT INTO `zz_sys_perm_module` VALUES (1418029566533832704, 1418028920103505920, '', 1, 1, 1440911410581213417, '2021-09-23 00:00:00', 1440911410581213417, '2021-09-23 00:00:00', 1);
INSERT INTO `zz_sys_perm_module` VALUES (1418029615040958464, 1418028920103505920, '', 1, 2, 1440911410581213417, '2021-09-23 00:00:00', 1440911410581213417, '2021-09-23 00:00:00', 1);
INSERT INTO `zz_sys_perm_module` VALUES (1418030256765276160, 1418028920103505920, '', 1, 4, 1440911410581213417, '2021-09-23 00:00:00', 1440911410581213417, '2021-09-23 00:00:00', 1);
INSERT INTO `zz_sys_perm_module` VALUES (1418031999276290048, 1418028920103505920, '', 1, 3, 1440911410581213417, '2021-09-23 00:00:00', 1440911410581213417, '2021-09-23 00:00:00', 1);
INSERT INTO `zz_sys_perm_module` VALUES (1418038955105849344, NULL, '', 0, 7, 1440911410581213417, '2021-09-23 00:00:00', 1440911410581213417, '2021-09-23 00:00:00', 1);
INSERT INTO `zz_sys_perm_module` VALUES (1418051228918616064, 1418028920103505920, '', 1, 5, 1440911410581213417, '2021-09-23 00:00:00', 1440911410581213417, '2021-09-23 00:00:00', 1);
INSERT INTO `zz_sys_perm_module` VALUES (1418051634793025536, 1418028920103505920, '', 1, 6, 1440911410581213417, '2021-09-23 00:00:00', 1440911410581213417, '2021-09-23 00:00:00', 1);
INSERT INTO `zz_sys_perm_module` VALUES (1418054414190514176, 1418028920103505920, '', 1, 7, 1440911410581213417, '2021-09-23 00:00:00', 1440911410581213417, '2021-09-23 00:00:00', 1);
INSERT INTO `zz_sys_perm_module` VALUES (1423635643371622400, 1418028920103505920, '', 1, 8, 1440911410581213417, '2021-09-23 00:00:00', 1440911410581213417, '2021-09-23 00:00:00', 1);
INSERT INTO `zz_sys_perm_module` VALUES (1440911410581213184, 1401532052901203970, '', 1, 0, 1440911410581213417, '2021-09-23 00:00:00', 1440911410581213417, '2021-09-23 00:00:00', 1);
INSERT INTO `zz_sys_perm_module` VALUES (1440911410581213198, 1401532052901203970, '', 1, 5, 1440911410581213417, '2021-09-23 00:00:00', 1440911410581213417, '2021-09-23 00:00:00', 1);
INSERT INTO `zz_sys_perm_module` VALUES (1440911410581213210, 1401532052901203970, '', 1, 10, 1440911410581213417, '2021-09-23 00:00:00', 1440911410581213417, '2021-09-23 00:00:00', 1);
INSERT INTO `zz_sys_perm_module` VALUES (1440911410581213222, 1401532052901203970, '', 1, 15, 1440911410581213417, '2021-09-23 00:00:00', 1440911410581213417, '2021-09-23 00:00:00', 1);
INSERT INTO `zz_sys_perm_module` VALUES (1440911410581213232, 1401532052901203970, '', 1, 20, 1440911410581213417, '2021-09-23 00:00:00', 1440911410581213417, '2021-09-23 00:00:00', 1);
INSERT INTO `zz_sys_perm_module` VALUES (1440911410581213238, 1401532052901203970, '', 1, 25, 1440911410581213417, '2021-09-23 00:00:00', 1440911410581213417, '2021-09-23 00:00:00', 1);
INSERT INTO `zz_sys_perm_module` VALUES (1440911410581213246, 1401532052901203970, '', 1, 30, 1440911410581213417, '2021-09-23 00:00:00', 1440911410581213417, '2021-09-23 00:00:00', 1);
INSERT INTO `zz_sys_perm_module` VALUES (1440911410581213254, 1401532052901203970, '', 1, 35, 1440911410581213417, '2021-09-23 00:00:00', 1440911410581213417, '2021-09-23 00:00:00', 1);
INSERT INTO `zz_sys_perm_module` VALUES (1440911410581213260, 1401532052901203970, '', 1, 40, 1440911410581213417, '2021-09-23 00:00:00', 1440911410581213417, '2021-09-23 00:00:00', 1);
INSERT INTO `zz_sys_perm_module` VALUES (1440911410581213269, 1401532056508305408, '', 0, 0, 1440911410581213417, '2021-09-23 00:00:00', 1440911410581213417, '2021-09-23 00:00:00', 1);
INSERT INTO `zz_sys_perm_module` VALUES (1440911410581213270, 1440911410581213269, '', 1, 1, 1440911410581213417, '2021-09-23 00:00:00', 1440911410581213417, '2021-09-23 00:00:00', 1);
INSERT INTO `zz_sys_perm_module` VALUES (1440911410581213275, 1401532056508305408, '', 1, 5, 1440911410581213417, '2021-09-23 00:00:00', 1440911410581213417, '2021-09-23 00:00:00', 1);
INSERT INTO `zz_sys_perm_module` VALUES (1440975375537541120, 1418038955105849344, '', 1, 1, 1440911410581213417, '2021-09-23 17:44:36', 1440911410581213417, '2021-09-23 17:44:36', 1);
INSERT INTO `zz_sys_perm_module` VALUES (1440975429199466496, 1418038955105849344, '', 1, 2, 1440911410581213417, '2021-09-23 17:44:49', 1440911410581213417, '2021-09-23 17:44:49', 1);
INSERT INTO `zz_sys_perm_module` VALUES (1440975469133434880, 1418038955105849344, '', 1, 3, 1440911410581213417, '2021-09-23 17:44:59', 1440911410581213417, '2021-09-23 17:44:59', 1);
INSERT INTO `zz_sys_perm_module` VALUES (1440975527128076288, 1418038955105849344, '', 1, 4, 1440911410581213417, '2021-09-23 17:45:12', 1440911410581213417, '2021-09-23 17:45:12', 1);
INSERT INTO `zz_sys_perm_module` VALUES (1440975571776442368, 1418038955105849344, '', 1, 5, 1440911410581213417, '2021-09-23 17:45:23', 1440911410581213417, '2021-09-23 17:45:32', 1);
COMMIT;

-- ----------------------------
-- Table structure for zz_sys_perm_whitelist
-- ----------------------------
DROP TABLE IF EXISTS `zz_sys_perm_whitelist`;
CREATE TABLE `zz_sys_perm_whitelist` (
  `perm_url` varchar(512) CHARACTER SET utf8 COLLATE utf8_bin NOT NULL COMMENT 'url',
  `module_name` varchar(64) CHARACTER SET utf8 COLLATE utf8_bin DEFAULT NULL COMMENT '(Controller)',
  `perm_name` varchar(64) CHARACTER SET utf8 COLLATE utf8_bin DEFAULT NULL COMMENT '',
  PRIMARY KEY (`perm_url`)
) ENGINE=InnoDB DEFAULT CHARSET=utf8mb4 COLLATE=utf8mb4_bin COMMENT='(url)';

-- ----------------------------
-- Records of zz_sys_perm_whitelist
-- ----------------------------
BEGIN;
INSERT INTO `zz_sys_perm_whitelist` VALUES ('/admin/app/areaCode/listAll', '', '');
INSERT INTO `zz_sys_perm_whitelist` VALUES ('/admin/app/areaCode/listDict', '', '');
INSERT INTO `zz_sys_perm_whitelist` VALUES ('/admin/app/areaCode/listDictByIds', '', 'Id');
INSERT INTO `zz_sys_perm_whitelist` VALUES ('/admin/app/areaCode/listDictByParentId', '', '');
INSERT INTO `zz_sys_perm_whitelist` VALUES ('/admin/flow/flowCategory/listDict', '', '');
INSERT INTO `zz_sys_perm_whitelist` VALUES ('/admin/flow/flowEntry/listDict', '', '');
INSERT INTO `zz_sys_perm_whitelist` VALUES ('/admin/flow/flowEntry/viewDict', '', '');
INSERT INTO `zz_sys_perm_whitelist` VALUES ('/admin/flow/flowMessage/listRemindingTask', '', '');
INSERT INTO `zz_sys_perm_whitelist` VALUES ('/admin/flow/flowOnlineOperation/listFlowEntryForm', '', '');
INSERT INTO `zz_sys_perm_whitelist` VALUES ('/admin/flow/flowOperation/cancelWorkOrder', '', '');
INSERT INTO `zz_sys_perm_whitelist` VALUES ('/admin/flow/flowOperation/countRuntimeTask', '', '');
INSERT INTO `zz_sys_perm_whitelist` VALUES ('/admin/flow/flowOperation/listFlowTaskComment', '', '');
INSERT INTO `zz_sys_perm_whitelist` VALUES ('/admin/flow/flowOperation/rejectRuntimeTask', '', '');
INSERT INTO `zz_sys_perm_whitelist` VALUES ('/admin/flow/flowOperation/remindRuntimeTask', '', '');
INSERT INTO `zz_sys_perm_whitelist` VALUES ('/admin/flow/flowOperation/revokeHistoricTask', '', '');
INSERT INTO `zz_sys_perm_whitelist` VALUES ('/admin/flow/flowOperation/submitConsign', '', '');
INSERT INTO `zz_sys_perm_whitelist` VALUES ('/admin/flow/flowOperation/viewHighlightFlowData', '', '');
INSERT INTO `zz_sys_perm_whitelist` VALUES ('/admin/flow/flowOperation/viewHistoricTaskInfo', '', '');
INSERT INTO `zz_sys_perm_whitelist` VALUES ('/admin/flow/flowOperation/viewInitialHistoricTaskInfo', '', '');
INSERT INTO `zz_sys_perm_whitelist` VALUES ('/admin/flow/flowOperation/viewInitialTaskInfo', '', '');
INSERT INTO `zz_sys_perm_whitelist` VALUES ('/admin/flow/flowOperation/viewProcessBpmn', '', '');
INSERT INTO `zz_sys_perm_whitelist` VALUES ('/admin/flow/flowOperation/viewRuntimeTaskInfo', '', '');
INSERT INTO `zz_sys_perm_whitelist` VALUES ('/admin/online/onlineOperation/listDict', '', '');
INSERT INTO `zz_sys_perm_whitelist` VALUES ('/admin/upms/login/doLogout', '', '');
INSERT INTO `zz_sys_perm_whitelist` VALUES ('/admin/upms/login/getLoginInfo', '', '');
INSERT INTO `zz_sys_perm_whitelist` VALUES ('/admin/upms/sysDept/listDict', '', '');
INSERT INTO `zz_sys_perm_whitelist` VALUES ('/admin/upms/sysDept/listDictByIds', '', 'Id');
INSERT INTO `zz_sys_perm_whitelist` VALUES ('/admin/upms/sysDept/listDictByParentId', '', '');
INSERT INTO `zz_sys_perm_whitelist` VALUES ('/admin/upms/sysDept/listSysDeptPostWithRelation', '', '');
INSERT INTO `zz_sys_perm_whitelist` VALUES ('/admin/upms/sysPost/list', '', '');
INSERT INTO `zz_sys_perm_whitelist` VALUES ('/admin/upms/sysPost/listDict', '', '');
INSERT INTO `zz_sys_perm_whitelist` VALUES ('/admin/upms/sysPost/listDictByIds', '', '');
INSERT INTO `zz_sys_perm_whitelist` VALUES ('/admin/upms/sysRole/listDict', '', '');
INSERT INTO `zz_sys_perm_whitelist` VALUES ('/admin/upms/sysRole/listDictByIds', '', '');
INSERT INTO `zz_sys_perm_whitelist` VALUES ('/admin/upms/sysUser/changePassword', '', '');
COMMIT;

-- ----------------------------
-- Table structure for zz_sys_post
-- ----------------------------
DROP TABLE IF EXISTS `zz_sys_post`;
CREATE TABLE `zz_sys_post` (
  `post_id` bigint NOT NULL COMMENT 'Id',
  `post_name` varchar(255) CHARACTER SET utf8mb4 COLLATE utf8mb4_bin NOT NULL COMMENT '',
  `level` int NOT NULL COMMENT '',
  `leader_post` bit(1) NOT NULL DEFAULT b'0' COMMENT '',
  `create_user_id` bigint NOT NULL COMMENT 'Id',
  `create_time` datetime NOT NULL COMMENT '',
  `update_user_id` bigint NOT NULL COMMENT 'Id',
  `update_time` datetime NOT NULL COMMENT '',
  `deleted_flag` int NOT NULL COMMENT '(1:  -1: )',
  PRIMARY KEY (`post_id`) USING BTREE
) ENGINE=InnoDB DEFAULT CHARSET=utf8mb4 COLLATE=utf8mb4_bin;

-- ----------------------------
-- Records of zz_sys_post
-- ----------------------------
BEGIN;
INSERT INTO `zz_sys_post` VALUES (1440963890539139072, '', 1, b'1', 1440911410581213417, '2021-09-23 16:58:58', 1440911410581213417, '2021-09-23 16:59:27', 1);
INSERT INTO `zz_sys_post` VALUES (1440964040611336192, '', 2, b'1', 1440911410581213417, '2021-09-23 16:59:34', 1440911410581213417, '2021-09-23 16:59:34', 1);
INSERT INTO `zz_sys_post` VALUES (1440964097913917440, '', 10, b'1', 1440911410581213417, '2021-09-23 16:59:47', 1440911410581213417, '2021-09-23 16:59:47', 1);
INSERT INTO `zz_sys_post` VALUES (1440964131539652608, '', 11, b'1', 1440911410581213417, '2021-09-23 16:59:55', 1440911410581213417, '2021-09-23 16:59:55', 1);
INSERT INTO `zz_sys_post` VALUES (1440964157770829824, '', 20, b'0', 1440911410581213417, '2021-09-23 17:00:02', 1440911410581213417, '2021-09-23 17:00:02', 1);
COMMIT;

-- ----------------------------
-- Table structure for zz_sys_role
-- ----------------------------
DROP TABLE IF EXISTS `zz_sys_role`;
CREATE TABLE `zz_sys_role` (
  `role_id` bigint NOT NULL COMMENT 'Id',
  `role_name` varchar(64) CHARACTER SET utf8mb4 COLLATE utf8mb4_bin NOT NULL COMMENT '',
  `create_user_id` bigint NOT NULL COMMENT 'Id',
  `create_time` datetime NOT NULL COMMENT '',
  `update_user_id` bigint NOT NULL COMMENT 'Id',
  `update_time` datetime NOT NULL COMMENT '',
  `deleted_flag` int NOT NULL COMMENT '(1:  -1: )',
  PRIMARY KEY (`role_id`) USING BTREE
) ENGINE=InnoDB DEFAULT CHARSET=utf8mb4 COLLATE=utf8mb4_bin ROW_FORMAT=COMPACT COMMENT='';

-- ----------------------------
-- Records of zz_sys_role
-- ----------------------------
BEGIN;
INSERT INTO `zz_sys_role` VALUES (1440965195903012864, '', 1440911410581213417, '2021-09-23 17:04:09', 1440911410581213417, '2021-09-24 09:25:49', 1);
COMMIT;

-- ----------------------------
-- Table structure for zz_sys_role_menu
-- ----------------------------
DROP TABLE IF EXISTS `zz_sys_role_menu`;
CREATE TABLE `zz_sys_role_menu` (
  `role_id` bigint NOT NULL COMMENT 'Id',
  `menu_id` bigint NOT NULL COMMENT 'Id',
  PRIMARY KEY (`role_id`,`menu_id`) USING BTREE,
  KEY `idx_menu_id` (`menu_id`) USING BTREE
) ENGINE=InnoDB DEFAULT CHARSET=utf8mb4 COLLATE=utf8mb4_bin ROW_FORMAT=COMPACT COMMENT='';

-- ----------------------------
-- Records of zz_sys_role_menu
-- ----------------------------
BEGIN;
INSERT INTO `zz_sys_role_menu` VALUES (1440965195903012864, 1392786476428693504);
INSERT INTO `zz_sys_role_menu` VALUES (1440965195903012864, 1392786549942259712);
INSERT INTO `zz_sys_role_menu` VALUES (1440965195903012864, 1392786950682841088);
INSERT INTO `zz_sys_role_menu` VALUES (1440965195903012864, 1401532054578925568);
INSERT INTO `zz_sys_role_menu` VALUES (1440965195903012864, 1401532055971434496);
INSERT INTO `zz_sys_role_menu` VALUES (1440965195903012864, 1401532055971434497);
INSERT INTO `zz_sys_role_menu` VALUES (1440965195903012864, 1401532055971434498);
INSERT INTO `zz_sys_role_menu` VALUES (1440965195903012864, 1401532055971434499);
INSERT INTO `zz_sys_role_menu` VALUES (1440965195903012864, 1401532055971434500);
INSERT INTO `zz_sys_role_menu` VALUES (1440965195903012864, 1401532055971434501);
INSERT INTO `zz_sys_role_menu` VALUES (1440965195903012864, 1401532055971434502);
INSERT INTO `zz_sys_role_menu` VALUES (1440965195903012864, 1401532055971434503);
INSERT INTO `zz_sys_role_menu` VALUES (1440965195903012864, 1401532055971434504);
INSERT INTO `zz_sys_role_menu` VALUES (1440965195903012864, 1418057714138877952);
INSERT INTO `zz_sys_role_menu` VALUES (1440965195903012864, 1418057835631087616);
INSERT INTO `zz_sys_role_menu` VALUES (1440965195903012864, 1418058049951633408);
INSERT INTO `zz_sys_role_menu` VALUES (1440965195903012864, 1418058115667988480);
INSERT INTO `zz_sys_role_menu` VALUES (1440965195903012864, 1418058170542067712);
INSERT INTO `zz_sys_role_menu` VALUES (1440965195903012864, 1418058289182150656);
INSERT INTO `zz_sys_role_menu` VALUES (1440965195903012864, 1418058515099947008);
INSERT INTO `zz_sys_role_menu` VALUES (1440965195903012864, 1418058602723151872);
INSERT INTO `zz_sys_role_menu` VALUES (1440965195903012864, 1418058744037642240);
INSERT INTO `zz_sys_role_menu` VALUES (1440965195903012864, 1418058844164067328);
INSERT INTO `zz_sys_role_menu` VALUES (1440965195903012864, 1418058907674218496);
INSERT INTO `zz_sys_role_menu` VALUES (1440965195903012864, 1418059005175009280);
INSERT INTO `zz_sys_role_menu` VALUES (1440965195903012864, 1418059167532322816);
INSERT INTO `zz_sys_role_menu` VALUES (1440965195903012864, 1418059283920064512);
INSERT INTO `zz_sys_role_menu` VALUES (1440965195903012864, 1423161217970606080);
INSERT INTO `zz_sys_role_menu` VALUES (1440965195903012864, 1433040549035642880);
INSERT INTO `zz_sys_role_menu` VALUES (1440965195903012864, 1440911410581213280);
INSERT INTO `zz_sys_role_menu` VALUES (1440965195903012864, 1440911410581213281);
INSERT INTO `zz_sys_role_menu` VALUES (1440965195903012864, 1440911410581213282);
INSERT INTO `zz_sys_role_menu` VALUES (1440965195903012864, 1440911410581213283);
INSERT INTO `zz_sys_role_menu` VALUES (1440965195903012864, 1440911410581213284);
INSERT INTO `zz_sys_role_menu` VALUES (1440965195903012864, 1440911410581213285);
INSERT INTO `zz_sys_role_menu` VALUES (1440965195903012864, 1440911410581213294);
INSERT INTO `zz_sys_role_menu` VALUES (1440965195903012864, 1440911410581213295);
INSERT INTO `zz_sys_role_menu` VALUES (1440965195903012864, 1440911410581213296);
INSERT INTO `zz_sys_role_menu` VALUES (1440965195903012864, 1440911410581213297);
INSERT INTO `zz_sys_role_menu` VALUES (1440965195903012864, 1440911410581213298);
INSERT INTO `zz_sys_role_menu` VALUES (1440965195903012864, 1440911410581213299);
INSERT INTO `zz_sys_role_menu` VALUES (1440965195903012864, 1440911410581213308);
INSERT INTO `zz_sys_role_menu` VALUES (1440965195903012864, 1440911410581213309);
INSERT INTO `zz_sys_role_menu` VALUES (1440965195903012864, 1440911410581213310);
INSERT INTO `zz_sys_role_menu` VALUES (1440965195903012864, 1440911410581213311);
INSERT INTO `zz_sys_role_menu` VALUES (1440965195903012864, 1440911410581213312);
INSERT INTO `zz_sys_role_menu` VALUES (1440965195903012864, 1440911410581213313);
INSERT INTO `zz_sys_role_menu` VALUES (1440965195903012864, 1440911410581213314);
INSERT INTO `zz_sys_role_menu` VALUES (1440965195903012864, 1440911410581213315);
INSERT INTO `zz_sys_role_menu` VALUES (1440965195903012864, 1440911410581213316);
INSERT INTO `zz_sys_role_menu` VALUES (1440965195903012864, 1440911410581213317);
INSERT INTO `zz_sys_role_menu` VALUES (1440965195903012864, 1440911410581213328);
INSERT INTO `zz_sys_role_menu` VALUES (1440965195903012864, 1440911410581213329);
INSERT INTO `zz_sys_role_menu` VALUES (1440965195903012864, 1440911410581213330);
INSERT INTO `zz_sys_role_menu` VALUES (1440965195903012864, 1440911410581213331);
INSERT INTO `zz_sys_role_menu` VALUES (1440965195903012864, 1440911410581213332);
INSERT INTO `zz_sys_role_menu` VALUES (1440965195903012864, 1440911410581213333);
INSERT INTO `zz_sys_role_menu` VALUES (1440965195903012864, 1440911410581213334);
INSERT INTO `zz_sys_role_menu` VALUES (1440965195903012864, 1440911410581213335);
INSERT INTO `zz_sys_role_menu` VALUES (1440965195903012864, 1440911410581213336);
INSERT INTO `zz_sys_role_menu` VALUES (1440965195903012864, 1440911410581213346);
INSERT INTO `zz_sys_role_menu` VALUES (1440965195903012864, 1440911410581213347);
INSERT INTO `zz_sys_role_menu` VALUES (1440965195903012864, 1440911410581213348);
INSERT INTO `zz_sys_role_menu` VALUES (1440965195903012864, 1440911410581213349);
INSERT INTO `zz_sys_role_menu` VALUES (1440965195903012864, 1440911410581213350);
INSERT INTO `zz_sys_role_menu` VALUES (1440965195903012864, 1440911410581213358);
INSERT INTO `zz_sys_role_menu` VALUES (1440965195903012864, 1440911410581213359);
INSERT INTO `zz_sys_role_menu` VALUES (1440965195903012864, 1440911410581213360);
INSERT INTO `zz_sys_role_menu` VALUES (1440965195903012864, 1440911410581213361);
INSERT INTO `zz_sys_role_menu` VALUES (1440965195903012864, 1440911410581213362);
INSERT INTO `zz_sys_role_menu` VALUES (1440965195903012864, 1440911410581213370);
INSERT INTO `zz_sys_role_menu` VALUES (1440965195903012864, 1440911410581213371);
INSERT INTO `zz_sys_role_menu` VALUES (1440965195903012864, 1440911410581213372);
INSERT INTO `zz_sys_role_menu` VALUES (1440965195903012864, 1440911410581213373);
INSERT INTO `zz_sys_role_menu` VALUES (1440965195903012864, 1440911410581213374);
INSERT INTO `zz_sys_role_menu` VALUES (1440965195903012864, 1440911410581213375);
INSERT INTO `zz_sys_role_menu` VALUES (1440965195903012864, 1440911410581213376);
INSERT INTO `zz_sys_role_menu` VALUES (1440965195903012864, 1440911410581213377);
INSERT INTO `zz_sys_role_menu` VALUES (1440965195903012864, 1440911410581213388);
INSERT INTO `zz_sys_role_menu` VALUES (1440965195903012864, 1440911410581213389);
INSERT INTO `zz_sys_role_menu` VALUES (1440965195903012864, 1440911410581213390);
INSERT INTO `zz_sys_role_menu` VALUES (1440965195903012864, 1440911410581213391);
INSERT INTO `zz_sys_role_menu` VALUES (1440965195903012864, 1440911410581213392);
INSERT INTO `zz_sys_role_menu` VALUES (1440965195903012864, 1440911410581213400);
INSERT INTO `zz_sys_role_menu` VALUES (1440965195903012864, 1440911410581213401);
INSERT INTO `zz_sys_role_menu` VALUES (1440965195903012864, 1440911410581213406);
INSERT INTO `zz_sys_role_menu` VALUES (1440965195903012864, 1440911410581213407);
INSERT INTO `zz_sys_role_menu` VALUES (1440965195903012864, 1440911410581213408);
INSERT INTO `zz_sys_role_menu` VALUES (1440965195903012864, 1440911410581213409);
INSERT INTO `zz_sys_role_menu` VALUES (1440965195903012864, 1440911410581213410);
INSERT INTO `zz_sys_role_menu` VALUES (1440965195903012864, 1440973980537196544);
INSERT INTO `zz_sys_role_menu` VALUES (1440965195903012864, 1440974056105971712);
INSERT INTO `zz_sys_role_menu` VALUES (1440965195903012864, 1440974056110166016);
INSERT INTO `zz_sys_role_menu` VALUES (1440965195903012864, 1440974056114360320);
INSERT INTO `zz_sys_role_menu` VALUES (1440965195903012864, 1440974134195523584);
INSERT INTO `zz_sys_role_menu` VALUES (1440965195903012864, 1440974134199717888);
INSERT INTO `zz_sys_role_menu` VALUES (1440965195903012864, 1440974134203912192);
INSERT INTO `zz_sys_role_menu` VALUES (1440965195903012864, 1440974233613111296);
INSERT INTO `zz_sys_role_menu` VALUES (1440965195903012864, 1440974233617305600);
INSERT INTO `zz_sys_role_menu` VALUES (1440965195903012864, 1440974233621499904);
INSERT INTO `zz_sys_role_menu` VALUES (1440965195903012864, 1440974310754750464);
INSERT INTO `zz_sys_role_menu` VALUES (1440965195903012864, 1440974580402360320);
INSERT INTO `zz_sys_role_menu` VALUES (1440965195903012864, 1440978065088843776);
COMMIT;

-- ----------------------------
-- Table structure for zz_sys_user
-- ----------------------------
DROP TABLE IF EXISTS `zz_sys_user`;
CREATE TABLE `zz_sys_user` (
  `user_id` bigint NOT NULL COMMENT 'Id',
  `login_name` varchar(64) CHARACTER SET utf8mb4 COLLATE utf8mb4_bin NOT NULL COMMENT '',
  `password` varchar(64) CHARACTER SET utf8mb4 COLLATE utf8mb4_bin NOT NULL COMMENT '',
  `show_name` varchar(32) CHARACTER SET utf8mb4 COLLATE utf8mb4_bin NOT NULL COMMENT '',
  `dept_id` bigint NOT NULL COMMENT 'Id',
  `user_type` int NOT NULL COMMENT '(0:  1:  2: )',
  `head_image_url` varchar(255) CHARACTER SET utf8mb4 COLLATE utf8mb4_bin DEFAULT NULL COMMENT 'Url',
  `user_status` int NOT NULL COMMENT '(0:  1: )',
  `create_user_id` bigint NOT NULL COMMENT 'Id',
  `create_time` datetime NOT NULL COMMENT '',
  `update_user_id` bigint NOT NULL COMMENT 'Id',
  `update_time` datetime NOT NULL COMMENT '',
  `deleted_flag` int NOT NULL COMMENT '(1:  -1: )',
  PRIMARY KEY (`user_id`) USING BTREE,
  UNIQUE KEY `uk_login_name` (`login_name`) USING BTREE,
  KEY `idx_dept_id` (`dept_id`) USING BTREE,
  KEY `idx_status` (`user_status`) USING BTREE
) ENGINE=InnoDB DEFAULT CHARSET=utf8mb4 COLLATE=utf8mb4_bin ROW_FORMAT=COMPACT COMMENT='';

-- ----------------------------
-- Records of zz_sys_user
-- ----------------------------
BEGIN;
INSERT INTO `zz_sys_user` VALUES (1440911410581213417, 'admin', '$2a$10$GT/GXfypSJ.2f7.npoAAHuINPkC/VJttDGYBB3xyQqWt1bi9qEnL6', '', 1440911410581213416, 0, 'CHANGE TO YOUR HEAD IMAGE URL!!!', 0, 1440911410581213417, '2021-09-23 00:00:00', 1440911410581213417, '2021-09-23 00:00:00', 1);
INSERT INTO `zz_sys_user` VALUES (1440965344985354240, 'leaderHR', '$2a$10$tLqussQ4t4n..A274vS9luxZI8zmxdQSkmwXcOU3egPJtyFIVDYj.', '', 1440963592970047488, 2, NULL, 0, 1440911410581213417, '2021-09-23 17:04:45', 1440911410581213417, '2021-09-23 17:04:45', 1);
INSERT INTO `zz_sys_user` VALUES (1440965465605148672, 'userA', '$2a$10$BGsgE5KA/hKV95.kCZmMleiUssNRpOGE0qMTkCGHsSiugnqSsaSFS', 'A', 1440963592970047488, 2, NULL, 0, 1440911410581213417, '2021-09-23 17:05:14', 1440911410581213417, '2021-09-23 17:05:14', 1);
INSERT INTO `zz_sys_user` VALUES (1440965586715676672, 'userB', '$2a$10$J0obwzeNt3iWoArSdRCKLeABdcMwe/rJrPIoGNW.LFgCYKhFKC9Lu', 'B', 1440963642542526464, 2, NULL, 0, 1440911410581213417, '2021-09-23 17:05:42', 1440911410581213417, '2021-09-23 17:05:42', 1);
INSERT INTO `zz_sys_user` VALUES (1440965697961201664, 'userC', '$2a$10$KukIvoMoncnpSafKnueXnOLEhI5V7cW0GBsGt9EkTGq482vsRgQwm', 'C', 1440963642542526464, 2, NULL, 0, 1440911410581213417, '2021-09-23 17:06:09', 1440911410581213417, '2021-09-23 17:06:09', 1);
INSERT INTO `zz_sys_user` VALUES (1440965808049098752, 'leaderLaw', '$2a$10$8o2qUYKOpizH42gIs4hDU.TjrzzWu/tOJeQebvXISkAI3wscFbAl2', '', 1440963642542526464, 2, NULL, 0, 1440911410581213417, '2021-09-23 17:06:35', 1440911410581213417, '2021-09-23 17:06:35', 1);
INSERT INTO `zz_sys_user` VALUES (1440966073686953984, 'leaderTJ', '$2a$10$NLZDkFP/nLkGzo/blYJ7w.HmmZF8v12ByockmYXPZZ7cr/TqILB/u', '', 1440963698460987392, 2, NULL, 0, 1440911410581213417, '2021-09-23 17:07:39', 1440911410581213417, '2021-09-23 17:07:39', 1);
INSERT INTO `zz_sys_user` VALUES (1440966186522120192, 'leaderTJ2', '$2a$10$F7vVIJeC7OdHTNV050aqieJwJcBdjrUOCGjAE4wq0mESLb1Pn6yoe', '', 1440963698460987392, 2, NULL, 0, 1440911410581213417, '2021-09-23 17:08:05', 1440911410581213417, '2021-09-23 17:08:05', 1);
INSERT INTO `zz_sys_user` VALUES (1440966324770574336, 'userD', '$2a$10$7G2Lcw1GducD2FtCxQask.7lVRPRvKZk7YVZOsT319uXVtK2LQPji', 'D', 1440963698460987392, 2, NULL, 0, 1440911410581213417, '2021-09-23 17:08:38', 1440911410581213417, '2021-09-23 17:08:38', 1);
INSERT INTO `zz_sys_user` VALUES (1440969706411397120, 'leader', '$2a$10$LgJRx/7YT.F6oUs4PPVpxuSYQBOdcXqx6dvdkaJmA7ObWdpJzhOQu', '', 1440911410581213416, 2, NULL, 0, 1440911410581213417, '2021-09-23 17:22:05', 1440911410581213417, '2021-09-23 17:22:05', 1);
COMMIT;

-- ----------------------------
-- Table structure for zz_sys_user_post
-- ----------------------------
DROP TABLE IF EXISTS `zz_sys_user_post`;
CREATE TABLE `zz_sys_user_post` (
  `user_id` bigint NOT NULL COMMENT 'Id',
  `dept_post_id` bigint NOT NULL COMMENT 'Id',
  `post_id` bigint NOT NULL COMMENT 'Id',
  PRIMARY KEY (`user_id`,`dept_post_id`) USING BTREE,
  KEY `idx_post_id` (`post_id`) USING BTREE
) ENGINE=InnoDB DEFAULT CHARSET=utf8mb4 COLLATE=utf8mb4_bin;

-- ----------------------------
-- Records of zz_sys_user_post
-- ----------------------------
BEGIN;
INSERT INTO `zz_sys_user_post` VALUES (1440966073686953984, 1440964519391137792, 1440963890539139072);
INSERT INTO `zz_sys_user_post` VALUES (1440969706411397120, 1440969551792574464, 1440963890539139072);
INSERT INTO `zz_sys_user_post` VALUES (1440966186522120192, 1440964519395332096, 1440964040611336192);
INSERT INTO `zz_sys_user_post` VALUES (1440965344985354240, 1440964221780103168, 1440964097913917440);
INSERT INTO `zz_sys_user_post` VALUES (1440965808049098752, 1440964387979399168, 1440964097913917440);
INSERT INTO `zz_sys_user_post` VALUES (1440965465605148672, 1440964221855600640, 1440964157770829824);
INSERT INTO `zz_sys_user_post` VALUES (1440965586715676672, 1440964387983593472, 1440964157770829824);
INSERT INTO `zz_sys_user_post` VALUES (1440965697961201664, 1440964387983593472, 1440964157770829824);
INSERT INTO `zz_sys_user_post` VALUES (1440966324770574336, 1440964519399526400, 1440964157770829824);
COMMIT;

-- ----------------------------
-- Table structure for zz_sys_user_role
-- ----------------------------
DROP TABLE IF EXISTS `zz_sys_user_role`;
CREATE TABLE `zz_sys_user_role` (
  `user_id` bigint NOT NULL COMMENT 'Id',
  `role_id` bigint NOT NULL COMMENT 'Id',
  PRIMARY KEY (`user_id`,`role_id`) USING BTREE,
  KEY `idx_role_id` (`role_id`) USING BTREE
) ENGINE=InnoDB DEFAULT CHARSET=utf8mb4 COLLATE=utf8mb4_bin ROW_FORMAT=COMPACT COMMENT='';

-- ----------------------------
-- Records of zz_sys_user_role
-- ----------------------------
BEGIN;
INSERT INTO `zz_sys_user_role` VALUES (1440965344985354240, 1440965195903012864);
INSERT INTO `zz_sys_user_role` VALUES (1440965465605148672, 1440965195903012864);
INSERT INTO `zz_sys_user_role` VALUES (1440965586715676672, 1440965195903012864);
INSERT INTO `zz_sys_user_role` VALUES (1440965697961201664, 1440965195903012864);
INSERT INTO `zz_sys_user_role` VALUES (1440965808049098752, 1440965195903012864);
INSERT INTO `zz_sys_user_role` VALUES (1440966073686953984, 1440965195903012864);
INSERT INTO `zz_sys_user_role` VALUES (1440966186522120192, 1440965195903012864);
INSERT INTO `zz_sys_user_role` VALUES (1440966324770574336, 1440965195903012864);
INSERT INTO `zz_sys_user_role` VALUES (1440969706411397120, 1440965195903012864);
COMMIT;

-- ----------------------------
-- Table structure for zz_test_flow_contract
-- ----------------------------
DROP TABLE IF EXISTS `zz_test_flow_contract`;
CREATE TABLE `zz_test_flow_contract` (
  `contract_id` bigint NOT NULL COMMENT 'Id',
  `first_party_id` bigint NOT NULL COMMENT 'Id',
  `second_party_id` bigint NOT NULL COMMENT 'Id',
  `contract_type` int NOT NULL COMMENT '',
  `due_date` datetime NOT NULL COMMENT '',
  `sales_id` bigint NOT NULL COMMENT 'Id',
  `commission_rate` int NOT NULL COMMENT '',
  `attachment` varchar(512) CHARACTER SET utf8mb4 COLLATE utf8mb4_bin DEFAULT NULL COMMENT 'URL',
  `security_attachment` varchar(512) CHARACTER SET utf8mb4 COLLATE utf8mb4_bin DEFAULT NULL COMMENT 'URL',
  `intellectual_property_attachment` varchar(512) CHARACTER SET utf8mb4 COLLATE utf8mb4_bin DEFAULT NULL COMMENT '',
  `other_attachment` varchar(512) CHARACTER SET utf8mb4 COLLATE utf8mb4_bin DEFAULT NULL COMMENT '',
  `create_user_id` bigint NOT NULL COMMENT '',
  `create_time` datetime NOT NULL COMMENT '',
  `update_user_id` bigint NOT NULL COMMENT '',
  `update_time` datetime NOT NULL COMMENT '',
  `deleted_flag` int NOT NULL DEFAULT '0' COMMENT '(1:  -1: )',
  PRIMARY KEY (`contract_id`) USING BTREE
) ENGINE=InnoDB DEFAULT CHARSET=utf8mb4 COLLATE=utf8mb4_bin;

-- ----------------------------
-- Records of zz_test_flow_contract
-- ----------------------------
BEGIN;
INSERT INTO `zz_test_flow_contract` VALUES (1424647986075406336, 1424645184158699520, 1424645446290116608, 1, '2021-09-18 00:00:00', 1424607792735457280, 5, '[{\"name\":\"logo.png\",\"filename\":\"c29d9f9302c04114b559f130fe606c4f.png\"}]', '[{\"name\":\".png\",\"filename\":\"d861d009ae2c46ddbb7ccaf2d679a639.png\"}]', '[{\"name\":\"logo.png\",\"filename\":\"46c75b9445f44540922a84f471f61340.png\"}]', '[{\"name\":\".png\",\"filename\":\"08c56233600d4da9822c07f22bf4fa0e.png\"}]', 1424545631073996884, '2021-08-08 16:25:23', 1424545631073996884, '2021-08-08 16:25:23', 1);
INSERT INTO `zz_test_flow_contract` VALUES (1441215377508929536, 1424645184158699520, 1424645446290116608, 1, '2021-09-30 00:00:00', 1440966324770574336, 5, '[{\"name\":\".png\",\"filename\":\"d9aa27ea7eec4375b123e11ce92ec9b5.png\"}]', '[{\"name\":\".png\",\"filename\":\"0c20b1c7256148018451852ddae9f8aa.png\"}]', NULL, NULL, 1440966324770574336, '2021-09-24 09:38:17', 1440966324770574336, '2021-09-24 09:38:17', 1);
INSERT INTO `zz_test_flow_contract` VALUES (1441217206602960896, 1424645184158699520, 1424645446290116608, 1, '2021-10-09 00:00:00', 1440966324770574336, 7, '[{\"name\":\".png\",\"filename\":\"dcd2db9b75664251a3baf595f6752d90.png\"}]', '[{\"name\":\".png\",\"filename\":\"e85a5b89d3bd4a3f94d58b0630afc7af.png\"}]', NULL, NULL, 1440966324770574336, '2021-09-24 09:45:33', 1440966324770574336, '2021-09-24 09:45:33', 1);
INSERT INTO `zz_test_flow_contract` VALUES (1471372081240215552, 1424645184158699520, 1424645446290116608, 1, '2021-12-01 00:00:00', 1440966324770574336, 12, '[{\"name\":\"logo.png\",\"filename\":\"818023a53eec49638361faa2130ae736.png\"}]', NULL, NULL, NULL, 1440966324770574336, '2021-12-16 14:50:16', 1440966324770574336, '2021-12-16 14:50:16', 1);
COMMIT;

-- ----------------------------
-- Table structure for zz_test_flow_contract_detail
-- ----------------------------
DROP TABLE IF EXISTS `zz_test_flow_contract_detail`;
CREATE TABLE `zz_test_flow_contract_detail` (
  `contract_detail_id` bigint NOT NULL COMMENT 'Id',
  `contract_id` bigint NOT NULL COMMENT 'Id',
  `product_id` bigint NOT NULL COMMENT 'Id',
  `total_count` int NOT NULL COMMENT '',
  `total_amount` int NOT NULL COMMENT '',
  `meno` varchar(1024) CHARACTER SET utf8mb4 COLLATE utf8mb4_bin DEFAULT NULL COMMENT '',
  `create_user_id` bigint NOT NULL COMMENT '',
  `create_time` datetime NOT NULL COMMENT '',
  `update_user_id` bigint NOT NULL COMMENT '',
  `update_time` datetime NOT NULL COMMENT '',
  `deleted_flag` int NOT NULL DEFAULT '0' COMMENT '(1:  -1: )',
  PRIMARY KEY (`contract_detail_id`) USING BTREE
) ENGINE=InnoDB DEFAULT CHARSET=utf8mb4 COLLATE=utf8mb4_bin;

-- ----------------------------
-- Records of zz_test_flow_contract_detail
-- ----------------------------
BEGIN;
INSERT INTO `zz_test_flow_contract_detail` VALUES (1424647986087989249, 1424647986075406336, 1424645586203709440, 1, 12001, '', 1424545631073996884, '2021-08-08 16:25:23', 1424545631073996884, '2021-08-08 16:25:23', 1);
INSERT INTO `zz_test_flow_contract_detail` VALUES (1424647986092183552, 1424647986075406336, 1424645694550970368, 5, 143680, NULL, 1424545631073996884, '2021-08-08 16:25:23', 1424545631073996884, '2021-08-08 16:25:23', 1);
INSERT INTO `zz_test_flow_contract_detail` VALUES (1441215377550872576, 1441215377508929536, 1424645586203709440, 100, 1230000, '', 1440966324770574336, '2021-09-24 09:38:17', 1440966324770574336, '2021-09-24 09:38:17', 1);
INSERT INTO `zz_test_flow_contract_detail` VALUES (1441217206628126720, 1441217206602960896, 1424645586203709440, 50, 234000, '', 1440966324770574336, '2021-09-24 09:45:33', 1440966324770574336, '2021-09-24 09:45:33', 1);
COMMIT;

-- ----------------------------
-- Table structure for zz_test_flow_delivery_detail
-- ----------------------------
DROP TABLE IF EXISTS `zz_test_flow_delivery_detail`;
CREATE TABLE `zz_test_flow_delivery_detail` (
  `delivery_id` bigint NOT NULL COMMENT 'Id',
  `contract_id` bigint NOT NULL COMMENT 'Id',
  `delivery_date` datetime NOT NULL COMMENT '',
  `product_id` bigint NOT NULL COMMENT 'Id',
  `total_count` int NOT NULL COMMENT '',
  `memo` varchar(1024) CHARACTER SET utf8mb4 COLLATE utf8mb4_bin DEFAULT NULL COMMENT '',
  `create_user_id` bigint NOT NULL COMMENT '',
  `create_time` datetime NOT NULL COMMENT '',
  `update_user_id` bigint NOT NULL COMMENT '',
  `update_time` datetime NOT NULL COMMENT '',
  `deleted_flag` int NOT NULL DEFAULT '0' COMMENT '(1:  -1: )',
  PRIMARY KEY (`delivery_id`) USING BTREE
) ENGINE=InnoDB DEFAULT CHARSET=utf8mb4 COLLATE=utf8mb4_bin;

-- ----------------------------
-- Records of zz_test_flow_delivery_detail
-- ----------------------------
BEGIN;
INSERT INTO `zz_test_flow_delivery_detail` VALUES (1424647986079600640, 1424647986075406336, '2021-08-14 00:00:00', 1424645586203709440, 1, NULL, 1424545631073996884, '2021-08-08 16:25:23', 1424545631073996884, '2021-08-08 16:25:23', 1);
INSERT INTO `zz_test_flow_delivery_detail` VALUES (1424647986083794944, 1424647986075406336, '2021-08-28 00:00:00', 1424645694550970368, 2, NULL, 1424545631073996884, '2021-08-08 16:25:23', 1424545631073996884, '2021-08-08 16:25:23', 1);
INSERT INTO `zz_test_flow_delivery_detail` VALUES (1424647986087989248, 1424647986075406336, '2021-09-11 00:00:00', 1424645694550970368, 3, NULL, 1424545631073996884, '2021-08-08 16:25:23', 1424545631073996884, '2021-08-08 16:25:23', 1);
INSERT INTO `zz_test_flow_delivery_detail` VALUES (1441215377538289664, 1441215377508929536, '2021-09-27 00:00:00', 1424645586203709440, 40, NULL, 1440966324770574336, '2021-09-24 09:38:17', 1440966324770574336, '2021-09-24 09:38:17', 1);
INSERT INTO `zz_test_flow_delivery_detail` VALUES (1441215377546678272, 1441215377508929536, '2021-09-30 00:00:00', 1424645586203709440, 60, '', 1440966324770574336, '2021-09-24 09:38:17', 1440966324770574336, '2021-09-24 09:38:17', 1);
INSERT INTO `zz_test_flow_delivery_detail` VALUES (1441217206619738113, 1441217206602960896, '2021-09-27 00:00:00', 1424645586203709440, 20, NULL, 1440966324770574336, '2021-09-24 09:45:33', 1440966324770574336, '2021-09-24 09:45:33', 1);
INSERT INTO `zz_test_flow_delivery_detail` VALUES (1441217206623932416, 1441217206602960896, '2021-09-29 00:00:00', 1424645586203709440, 30, NULL, 1440966324770574336, '2021-09-24 09:45:33', 1440966324770574336, '2021-09-24 09:45:33', 1);
COMMIT;

-- ----------------------------
-- Table structure for zz_test_flow_first_party
-- ----------------------------
DROP TABLE IF EXISTS `zz_test_flow_first_party`;
CREATE TABLE `zz_test_flow_first_party` (
  `first_party_id` bigint NOT NULL COMMENT 'Id',
  `company_name` varchar(255) CHARACTER SET utf8mb4 COLLATE utf8mb4_bin NOT NULL COMMENT '',
  `legal_person` varchar(64) CHARACTER SET utf8mb4 COLLATE utf8mb4_bin NOT NULL COMMENT '',
  `legal_person_id` char(18) CHARACTER SET utf8mb4 COLLATE utf8mb4_bin NOT NULL COMMENT '',
  `registry_address` varchar(512) CHARACTER SET utf8mb4 COLLATE utf8mb4_bin NOT NULL COMMENT '',
  `contact_info` varchar(255) CHARACTER SET utf8mb4 COLLATE utf8mb4_bin NOT NULL COMMENT '',
  `business_scope` varchar(4000) CHARACTER SET utf8mb4 COLLATE utf8mb4_bin NOT NULL COMMENT '',
  `memo` varchar(1024) CHARACTER SET utf8mb4 COLLATE utf8mb4_bin DEFAULT NULL COMMENT '',
  `create_user_id` bigint NOT NULL COMMENT '',
  `create_time` datetime NOT NULL COMMENT '',
  `update_user_id` bigint NOT NULL COMMENT '',
  `update_time` datetime NOT NULL COMMENT '',
  `deleted_flag` int NOT NULL DEFAULT '0' COMMENT '(1:  -1: )',
  PRIMARY KEY (`first_party_id`) USING BTREE
) ENGINE=InnoDB DEFAULT CHARSET=utf8mb4 COLLATE=utf8mb4_bin;

-- ----------------------------
-- Records of zz_test_flow_first_party
-- ----------------------------
BEGIN;
INSERT INTO `zz_test_flow_first_party` VALUES (1424645184158699520, '', '', '120104197604150375', '', '022-23451234', '', '', 1424545631073996884, '2021-08-08 16:14:15', 1424545631073996884, '2021-08-08 16:14:15', 1);
COMMIT;

-- ----------------------------
-- Table structure for zz_test_flow_leave
-- ----------------------------
DROP TABLE IF EXISTS `zz_test_flow_leave`;
CREATE TABLE `zz_test_flow_leave` (
  `id` bigint NOT NULL COMMENT 'Id',
  `user_id` bigint NOT NULL COMMENT 'Id',
  `leave_reason` varchar(512) CHARACTER SET utf8mb4 COLLATE utf8mb4_bin NOT NULL COMMENT '',
  `leave_type` int NOT NULL COMMENT '',
  `leave_begin_time` datetime NOT NULL COMMENT '',
  `leave_end_time` datetime NOT NULL COMMENT '',
  `apply_time` datetime NOT NULL COMMENT '',
  PRIMARY KEY (`id`) USING BTREE,
  KEY `idx_user_id` (`user_id`) USING BTREE
) ENGINE=InnoDB DEFAULT CHARSET=utf8mb4 COLLATE=utf8mb4_bin;

-- ----------------------------
-- Records of zz_test_flow_leave
-- ----------------------------
BEGIN;
INSERT INTO `zz_test_flow_leave` VALUES (1424636082313498624, 1424545631073996884, '2', 1, '2021-08-01 00:00:00', '2021-08-02 00:00:00', '2021-08-08 15:38:05');
INSERT INTO `zz_test_flow_leave` VALUES (1424649303212691456, 1424545631073996884, '', 1, '2021-08-01 00:00:00', '2021-08-01 00:00:00', '2021-08-08 16:30:37');
INSERT INTO `zz_test_flow_leave` VALUES (1424652775060410368, 1424545631073996884, '2', 1, '2021-08-01 00:00:00', '2021-08-02 00:00:00', '2021-08-08 16:44:25');
INSERT INTO `zz_test_flow_leave` VALUES (1424653286929076224, 1424545631073996884, '', 1, '2021-08-01 00:00:00', '2021-08-01 00:00:00', '2021-08-08 16:46:27');
INSERT INTO `zz_test_flow_leave` VALUES (1424653896705380352, 1424545631073996884, '3', 2, '2021-08-01 00:00:00', '2021-08-03 00:00:00', '2021-08-08 16:48:52');
INSERT INTO `zz_test_flow_leave` VALUES (1424654125999591424, 1424545631073996884, '', 3, '2021-08-01 00:00:00', '2021-08-07 00:00:00', '2021-08-08 16:49:47');
INSERT INTO `zz_test_flow_leave` VALUES (1424657782186971136, 1424654900813369344, '', 1, '2021-08-01 00:00:00', '2021-08-07 00:00:00', '2021-08-08 17:04:19');
INSERT INTO `zz_test_flow_leave` VALUES (1424658915961868288, 1424545631073996884, '', 1, '2021-08-01 00:00:00', '2021-08-07 00:00:00', '2021-08-08 17:08:49');
INSERT INTO `zz_test_flow_leave` VALUES (1424659588543680512, 1424608402885054464, '', 1, '2021-08-01 00:00:00', '2021-08-02 00:00:00', '2021-08-08 17:11:29');
INSERT INTO `zz_test_flow_leave` VALUES (1424659995714129920, 1424608402885054464, '', 1, '2021-08-01 00:00:00', '2021-08-07 00:00:00', '2021-08-08 17:13:07');
INSERT INTO `zz_test_flow_leave` VALUES (1424660095102357504, 1424608402885054464, '', 1, '2021-08-01 00:00:00', '2021-08-07 00:00:00', '2021-08-08 17:13:30');
INSERT INTO `zz_test_flow_leave` VALUES (1441213240326492160, 1440966324770574336, '', 1, '2021-09-17 00:00:00', '2021-09-18 00:00:00', '2021-09-24 09:29:48');
INSERT INTO `zz_test_flow_leave` VALUES (1441218427220922368, 1440911410581213417, '2', 1, '2021-09-02 00:00:00', '2021-09-04 00:00:00', '2021-09-24 09:50:24');
INSERT INTO `zz_test_flow_leave` VALUES (1471362092782063616, 1440965465605148672, '', 1, '2021-12-01 00:00:00', '2021-12-03 00:00:00', '2021-12-16 14:10:34');
INSERT INTO `zz_test_flow_leave` VALUES (1471373134455115776, 1440966324770574336, '', 1, '2021-12-01 00:00:00', '2021-12-10 00:00:00', '2021-12-16 14:54:27');
COMMIT;

-- ----------------------------
-- Table structure for zz_test_flow_pay_detail
-- ----------------------------
DROP TABLE IF EXISTS `zz_test_flow_pay_detail`;
CREATE TABLE `zz_test_flow_pay_detail` (
  `pay_detail_id` bigint NOT NULL COMMENT 'Id',
  `contract_id` bigint NOT NULL COMMENT 'Id',
  `pay_date` datetime NOT NULL COMMENT '',
  `pay_type` int NOT NULL COMMENT '',
  `percentage` int NOT NULL COMMENT '',
  `memo` varchar(1024) CHARACTER SET utf8mb4 COLLATE utf8mb4_bin DEFAULT NULL COMMENT '',
  `create_user_id` bigint NOT NULL COMMENT '',
  `create_time` datetime NOT NULL COMMENT '',
  `update_user_id` bigint NOT NULL COMMENT '',
  `update_time` datetime NOT NULL COMMENT '',
  `deleted_flag` int NOT NULL DEFAULT '0' COMMENT '(1:  -1: )',
  PRIMARY KEY (`pay_detail_id`) USING BTREE
) ENGINE=InnoDB DEFAULT CHARSET=utf8mb4 COLLATE=utf8mb4_bin;

-- ----------------------------
-- Records of zz_test_flow_pay_detail
-- ----------------------------
BEGIN;
INSERT INTO `zz_test_flow_pay_detail` VALUES (1424647986096377856, 1424647986075406336, '2021-08-18 00:00:00', 1, 20, '', 1424545631073996884, '2021-08-08 16:25:23', 1424545631073996884, '2021-08-08 16:25:23', 1);
INSERT INTO `zz_test_flow_pay_detail` VALUES (1424647986100572160, 1424647986075406336, '2021-08-28 00:00:00', 2, 50, '', 1424545631073996884, '2021-08-08 16:25:23', 1424545631073996884, '2021-08-08 16:25:23', 1);
INSERT INTO `zz_test_flow_pay_detail` VALUES (1424647986104766464, 1424647986075406336, '2021-09-04 00:00:00', 2, 29, '', 1424545631073996884, '2021-08-08 16:25:23', 1424545631073996884, '2021-08-08 16:25:23', 1);
INSERT INTO `zz_test_flow_pay_detail` VALUES (1424647986108960768, 1424647986075406336, '2021-09-17 00:00:00', 3, 10, '', 1424545631073996884, '2021-08-08 16:25:23', 1424545631073996884, '2021-08-08 16:25:23', 1);
INSERT INTO `zz_test_flow_pay_detail` VALUES (1441215377521512448, 1441215377508929536, '2021-09-25 00:00:00', 1, 20, NULL, 1440966324770574336, '2021-09-24 09:38:17', 1440966324770574336, '2021-09-24 09:38:17', 1);
INSERT INTO `zz_test_flow_pay_detail` VALUES (1441215377529901056, 1441215377508929536, '2021-09-28 00:00:00', 2, 60, NULL, 1440966324770574336, '2021-09-24 09:38:17', 1440966324770574336, '2021-09-24 09:38:17', 1);
INSERT INTO `zz_test_flow_pay_detail` VALUES (1441215377534095360, 1441215377508929536, '2021-10-05 00:00:00', 3, 20, NULL, 1440966324770574336, '2021-09-24 09:38:17', 1440966324770574336, '2021-09-24 09:38:17', 1);
INSERT INTO `zz_test_flow_pay_detail` VALUES (1441217206607155200, 1441217206602960896, '2021-09-26 00:00:00', 1, 20, NULL, 1440966324770574336, '2021-09-24 09:45:33', 1440966324770574336, '2021-09-24 09:45:33', 1);
INSERT INTO `zz_test_flow_pay_detail` VALUES (1441217206611349504, 1441217206602960896, '2021-10-01 00:00:00', 2, 40, NULL, 1440966324770574336, '2021-09-24 09:45:33', 1440966324770574336, '2021-09-24 09:45:33', 1);
INSERT INTO `zz_test_flow_pay_detail` VALUES (1441217206615543808, 1441217206602960896, '2021-10-07 00:00:00', 2, 30, NULL, 1440966324770574336, '2021-09-24 09:45:33', 1440966324770574336, '2021-09-24 09:45:33', 1);
INSERT INTO `zz_test_flow_pay_detail` VALUES (1441217206619738112, 1441217206602960896, '2021-10-15 00:00:00', 3, 10, NULL, 1440966324770574336, '2021-09-24 09:45:33', 1440966324770574336, '2021-09-24 09:45:33', 1);
COMMIT;

-- ----------------------------
-- Table structure for zz_test_flow_product
-- ----------------------------
DROP TABLE IF EXISTS `zz_test_flow_product`;
CREATE TABLE `zz_test_flow_product` (
  `product_id` bigint NOT NULL COMMENT 'Id',
  `product_name` varchar(255) CHARACTER SET utf8mb4 COLLATE utf8mb4_bin NOT NULL COMMENT '',
  `product_spec` varchar(255) CHARACTER SET utf8mb4 COLLATE utf8mb4_bin NOT NULL COMMENT '',
  `type` varchar(255) CHARACTER SET utf8mb4 COLLATE utf8mb4_bin NOT NULL COMMENT '',
  `cost_price` int NOT NULL COMMENT '',
  `memo` varchar(1024) CHARACTER SET utf8mb4 COLLATE utf8mb4_bin DEFAULT NULL COMMENT '',
  `create_user_id` bigint NOT NULL COMMENT '',
  `create_time` datetime NOT NULL COMMENT '',
  `update_user_id` bigint NOT NULL COMMENT '',
  `update_time` datetime NOT NULL COMMENT '',
  `deleted_flag` int NOT NULL DEFAULT '0' COMMENT '(1:  -1: )',
  PRIMARY KEY (`product_id`) USING BTREE
) ENGINE=InnoDB DEFAULT CHARSET=utf8mb4 COLLATE=utf8mb4_bin;

-- ----------------------------
-- Records of zz_test_flow_product
-- ----------------------------
BEGIN;
INSERT INTO `zz_test_flow_product` VALUES (1424645586203709440, '', '630T', '630T', 12001, '', 1424545631073996884, '2021-08-08 16:15:51', 1424545631073996884, '2021-08-08 16:15:51', 1);
INSERT INTO `zz_test_flow_product` VALUES (1424645694550970368, '', '315T', 'YLL27', 143680, '', 1424545631073996884, '2021-08-08 16:16:17', 1424545631073996884, '2021-08-08 16:16:17', 1);
INSERT INTO `zz_test_flow_product` VALUES (1424645807918813184, '', '210T', 'YLL30', 89000, 'C', 1424545631073996884, '2021-08-08 16:16:44', 1424545631073996884, '2021-08-08 16:16:44', 1);
COMMIT;

-- ----------------------------
-- Table structure for zz_test_flow_second_party
-- ----------------------------
DROP TABLE IF EXISTS `zz_test_flow_second_party`;
CREATE TABLE `zz_test_flow_second_party` (
  `second_party_id` bigint NOT NULL COMMENT 'Id',
  `company_name` varchar(255) CHARACTER SET utf8mb4 COLLATE utf8mb4_bin NOT NULL COMMENT '',
  `legal_person` varchar(64) CHARACTER SET utf8mb4 COLLATE utf8mb4_bin NOT NULL COMMENT '',
  `legal_person_id` char(18) CHARACTER SET utf8mb4 COLLATE utf8mb4_bin NOT NULL COMMENT '',
  `registry_address` varchar(512) CHARACTER SET utf8mb4 COLLATE utf8mb4_bin NOT NULL COMMENT '',
  `contact_info` varchar(255) CHARACTER SET utf8mb4 COLLATE utf8mb4_bin NOT NULL COMMENT '',
  `business_scope` varchar(4000) CHARACTER SET utf8mb4 COLLATE utf8mb4_bin NOT NULL COMMENT '',
  `memo` varchar(1024) CHARACTER SET utf8mb4 COLLATE utf8mb4_bin DEFAULT NULL COMMENT '',
  `create_user_id` bigint NOT NULL COMMENT '',
  `create_time` datetime NOT NULL COMMENT '',
  `update_user_id` bigint NOT NULL COMMENT '',
  `update_time` datetime NOT NULL COMMENT '',
  `deleted_flag` int NOT NULL DEFAULT '0' COMMENT '(1:  -1: )',
  PRIMARY KEY (`second_party_id`) USING BTREE
) ENGINE=InnoDB DEFAULT CHARSET=utf8mb4 COLLATE=utf8mb4_bin;

-- ----------------------------
-- Records of zz_test_flow_second_party
-- ----------------------------
BEGIN;
INSERT INTO `zz_test_flow_second_party` VALUES (1424645446290116608, '', '', '120106197003150043', '', '022-12345678', '', '', 1424545631073996884, '2021-08-08 16:15:18', 1424545631073996884, '2021-08-08 16:15:18', 1);
COMMIT;

-- ----------------------------
-- Table structure for zz_test_flow_submit
-- ----------------------------
DROP TABLE IF EXISTS `zz_test_flow_submit`;
CREATE TABLE `zz_test_flow_submit` (
  `id` bigint NOT NULL COMMENT 'Id',
  `submit_name` varchar(255) CHARACTER SET utf8mb4 COLLATE utf8mb4_bin NOT NULL COMMENT '',
  `submit_kind` int NOT NULL COMMENT '',
  `total_amount` int NOT NULL COMMENT '',
  `description` varchar(512) CHARACTER SET utf8mb4 COLLATE utf8mb4_bin NOT NULL COMMENT '',
  `memo` varchar(512) CHARACTER SET utf8mb4 COLLATE utf8mb4_bin DEFAULT NULL COMMENT '',
  `update_user_id` bigint DEFAULT NULL COMMENT '',
  `update_time` datetime DEFAULT NULL COMMENT '',
  `create_user_id` bigint NOT NULL COMMENT '',
  `create_time` datetime NOT NULL COMMENT '',
  PRIMARY KEY (`id`) USING BTREE,
  KEY `idx_submit_kind` (`submit_kind`) USING BTREE
) ENGINE=InnoDB DEFAULT CHARSET=utf8mb4 COLLATE=utf8mb4_bin;

-- ----------------------------
-- Records of zz_test_flow_submit
-- ----------------------------
BEGIN;
INSERT INTO `zz_test_flow_submit` VALUES (1424636815804993536, '7', 1, 1200, '7', '', 1424545631073996884, '2021-08-08 15:41:47', 1424545631073996884, '2021-08-08 15:41:00');
INSERT INTO `zz_test_flow_submit` VALUES (1441213876367527936, '', 1, 1200, '', '', 1440966324770574336, '2021-09-24 09:32:19', 1440966324770574336, '2021-09-24 09:32:19');
INSERT INTO `zz_test_flow_submit` VALUES (1441312736167333888, '', 1, 800, '', NULL, 1440966324770574336, '2021-09-24 16:05:09', 1440966324770574336, '2021-09-24 16:05:09');
INSERT INTO `zz_test_flow_submit` VALUES (1441340309442138112, '', 2, 500, '', NULL, 1440966324770574336, '2021-09-24 17:54:43', 1440966324770574336, '2021-09-24 17:54:43');
INSERT INTO `zz_test_flow_submit` VALUES (1471369537474531328, '', 1, 1200, '', '', 1440965465605148672, '2021-12-16 14:40:57', 1440965465605148672, '2021-12-16 14:40:09');
INSERT INTO `zz_test_flow_submit` VALUES (1471370630484987904, '', 1, 1000, '', '', 1440965465605148672, '2021-12-16 14:45:17', 1440965465605148672, '2021-12-16 14:44:30');
COMMIT;

-- ----------------------------
-- Table structure for zz_test_flow_submit_detail
-- ----------------------------
DROP TABLE IF EXISTS `zz_test_flow_submit_detail`;
CREATE TABLE `zz_test_flow_submit_detail` (
  `id` bigint NOT NULL COMMENT 'Id',
  `submit_id` bigint NOT NULL COMMENT 'Id',
  `expense_type` int NOT NULL COMMENT '',
  `expense_time` datetime NOT NULL COMMENT '',
  `amount` int NOT NULL COMMENT '',
  `image_url` varchar(512) CHARACTER SET utf8mb4 COLLATE utf8mb4_bin DEFAULT NULL COMMENT 'URL',
  `description` varchar(255) CHARACTER SET utf8mb4 COLLATE utf8mb4_bin DEFAULT NULL COMMENT '',
  PRIMARY KEY (`id`) USING BTREE,
  KEY `idx_submit_id` (`submit_id`) USING BTREE
) ENGINE=InnoDB DEFAULT CHARSET=utf8mb4 COLLATE=utf8mb4_bin;

-- ----------------------------
-- Records of zz_test_flow_submit_detail
-- ----------------------------
BEGIN;
INSERT INTO `zz_test_flow_submit_detail` VALUES (1424636815809187840, 1424636815804993536, 1, '2021-07-06 00:00:00', 500, '[{\"name\":\"1.png\",\"filename\":\"5981b24ffaf640a590b57c462d9ff889.png\"}]', '');
INSERT INTO `zz_test_flow_submit_detail` VALUES (1424636815813382144, 1424636815804993536, 2, '2021-07-22 00:00:00', 700, '[{\"name\":\"logo.png\",\"filename\":\"4b63d00a0e3b420a9e86e751ba210f6a.png\"}]', '');
INSERT INTO `zz_test_flow_submit_detail` VALUES (1441213876384305152, 1441213876367527936, 1, '2021-09-23 00:00:00', 600, '[{\"name\":\"logo.png\",\"filename\":\"38b7e4a097654ff38e176846ba005fcf.png\"}]', NULL);
INSERT INTO `zz_test_flow_submit_detail` VALUES (1441312736230248448, 1441312736167333888, 1, '2021-09-24 00:00:00', 600, '[{\"name\":\"logo.png\",\"filename\":\"1252138daaf744a3b1fdf06a07c5a173.png\"}]', '');
INSERT INTO `zz_test_flow_submit_detail` VALUES (1441340309446332416, 1441340309442138112, 1, '2021-09-30 00:00:00', 500, '[{\"name\":\"logo.png\",\"filename\":\"f33b658b052f487c9a34af274f48dcd3.png\"}]', '');
COMMIT;

SET FOREIGN_KEY_CHECKS = 1;
