
-- ----------------------------
-- 请仅在下面的数据库链接中执行该脚本。
-- 主数据源 [localhost:3306/zzdemo-single]
-- ----------------------------

SET NAMES utf8mb4;
SET FOREIGN_KEY_CHECKS = 0;

-- ----------------------------
-- 系统用户表
-- ----------------------------
DROP TABLE IF EXISTS `zz_sys_user`;
CREATE TABLE `zz_sys_user` (
    `user_id` bigint(20) NOT NULL COMMENT '主键Id',
    `login_name` varchar(64) COLLATE utf8mb4_bin NOT NULL COMMENT '用户登录名称',
    `password` varchar(64) COLLATE utf8mb4_bin NOT NULL COMMENT '密码',
    `show_name` varchar(32) COLLATE utf8mb4_bin NOT NULL COMMENT '用户显示名称',
    `user_type` int(11) NOT NULL COMMENT '用户类型(0: 管理员 1: 系统管理用户 2: 系统业务用户)',
    `head_image_url` varchar(255) COLLATE utf8mb4_bin DEFAULT NULL COMMENT '用户头像的Url',
    `user_status` int(11) NOT NULL COMMENT '状态(0: 正常 1: 锁定)',
    `create_user_id` bigint(20) NOT NULL COMMENT '创建者Id',
    `create_time` datetime NOT NULL COMMENT '创建时间',
    `update_user_id` bigint(20) NOT NULL COMMENT '更新者Id',
    `update_time` datetime NOT NULL COMMENT '最后更新时间',
    `deleted_flag` int(11) NOT NULL COMMENT '删除标记(1: 正常 -1: 已删除)',
    PRIMARY KEY (`user_id`) USING BTREE,
    UNIQUE KEY `uk_login_name` (`login_name`) USING BTREE,
    KEY `idx_status` (`user_status`) USING BTREE
) ENGINE=InnoDB DEFAULT CHARSET=utf8mb4 COLLATE=utf8mb4_bin ROW_FORMAT=COMPACT COMMENT='系统用户表';

-- ----------------------------
-- 系统角色表
-- ----------------------------
DROP TABLE IF EXISTS `zz_sys_role`;
CREATE TABLE `zz_sys_role` (
    `role_id` bigint(20) NOT NULL COMMENT '主键Id',
    `role_name` varchar(64) COLLATE utf8mb4_bin NOT NULL COMMENT '角色名称',
    `create_user_id` bigint(20) NOT NULL COMMENT '创建者Id',
    `create_time` datetime NOT NULL COMMENT '创建时间',
    `update_user_id` bigint(20) NOT NULL COMMENT '更新者Id',
    `update_time` datetime NOT NULL COMMENT '最后更新时间',
    `deleted_flag` int(11) NOT NULL COMMENT '逻辑删除标记(1: 正常 -1: 已删除)',
    PRIMARY KEY (`role_id`) USING BTREE
) ENGINE=InnoDB DEFAULT CHARSET=utf8mb4 COLLATE=utf8mb4_bin ROW_FORMAT=COMPACT COMMENT='系统角色表';

-- ----------------------------
-- 用户与角色对应关系表
-- ----------------------------
DROP TABLE IF EXISTS `zz_sys_user_role`;
CREATE TABLE `zz_sys_user_role` (
    `user_id` bigint(20) NOT NULL COMMENT '用户Id',
    `role_id` bigint(20) NOT NULL COMMENT '角色Id',
    PRIMARY KEY (`user_id`,`role_id`) USING BTREE,
    KEY `idx_role_id` (`role_id`) USING BTREE
) ENGINE=InnoDB DEFAULT CHARSET=utf8mb4 COLLATE=utf8mb4_bin ROW_FORMAT=COMPACT COMMENT='用户与角色对应关系表';

-- ----------------------------
-- 菜单和操作权限管理表
-- ----------------------------
DROP TABLE IF EXISTS `zz_sys_menu`;
CREATE TABLE `zz_sys_menu` (
    `menu_id` bigint(20) NOT NULL COMMENT '主键Id',
    `parent_id` bigint(20) DEFAULT NULL COMMENT '父菜单Id，目录菜单的父菜单为null',
    `menu_name` varchar(50) COLLATE utf8mb4_bin NOT NULL COMMENT '菜单显示名称',
    `menu_type` int(11) NOT NULL COMMENT '(0: 目录 1: 菜单 2: 按钮 3: UI片段)',
    `form_router_name` varchar(64) COLLATE utf8mb4_bin DEFAULT NULL COMMENT '前端表单路由名称，仅用于menu_type为1的菜单类型',
    `show_order` int(11) NOT NULL COMMENT '菜单显示顺序 (值越小，排序越靠前)',
    `icon` varchar(50) COLLATE utf8mb4_bin DEFAULT NULL COMMENT '菜单图标',
    `create_user_id` bigint(20) NOT NULL COMMENT '创建者Id',
    `create_time` datetime NOT NULL COMMENT '创建时间',
    `update_user_id` bigint(20) NOT NULL COMMENT '更新者Id',
    `update_time` datetime NOT NULL COMMENT '最后更新时间',
    `deleted_flag` int(11) NOT NULL COMMENT '逻辑删除标记(1: 正常 -1: 已删除)',
    PRIMARY KEY (`menu_id`) USING BTREE,
    KEY `idx_show_order` (`show_order`) USING BTREE,
    KEY `idx_parent_id` (`parent_id`) USING BTREE
) ENGINE=InnoDB DEFAULT CHARSET=utf8mb4 COLLATE=utf8mb4_bin ROW_FORMAT=COMPACT COMMENT='菜单和操作权限管理表';

-- ----------------------------
-- 角色与菜单对应关系表
-- ----------------------------
DROP TABLE IF EXISTS `zz_sys_role_menu`;
CREATE TABLE `zz_sys_role_menu` (
    `role_id` bigint(20) NOT NULL COMMENT '角色Id',
    `menu_id` bigint(20) NOT NULL COMMENT '菜单Id',
    PRIMARY KEY (`role_id`,`menu_id`) USING BTREE,
    KEY `idx_menu_id` (`menu_id`) USING BTREE
) ENGINE=InnoDB DEFAULT CHARSET=utf8mb4 COLLATE=utf8mb4_bin ROW_FORMAT=COMPACT COMMENT='角色与菜单对应关系表';

-- ----------------------------
-- 系统权限资源表
-- ----------------------------
DROP TABLE IF EXISTS `zz_sys_perm_code`;
CREATE TABLE `zz_sys_perm_code` (
    `perm_code_id` bigint(20) NOT NULL COMMENT '主键Id',
    `parent_id` bigint(20) DEFAULT NULL COMMENT '上级权限字Id',
    `perm_code` varchar(128) COLLATE utf8_bin NOT NULL COMMENT '权限字标识(一般为有含义的英文字符串)',
    `perm_code_type` int(11) NOT NULL COMMENT '类型(0: 表单 1: UI片段 2: 操作)',
    `show_name` varchar(128) COLLATE utf8_bin NOT NULL COMMENT '显示名称',
    `show_order` int(11) NOT NULL COMMENT '显示顺序(数值越小，越靠前)',
    `create_user_id` bigint(20) NOT NULL COMMENT '创建者Id',
    `create_time` datetime NOT NULL COMMENT '创建时间',
    `update_user_id` bigint(20) NOT NULL COMMENT '更新者Id',
    `update_time` datetime NOT NULL COMMENT '最后更新时间',
    `deleted_flag` int(11) NOT NULL COMMENT '逻辑删除标记(1: 正常 -1: 已删除)',
    PRIMARY KEY (`perm_code_id`),
    UNIQUE KEY `idx_perm_code` (`perm_code`) USING BTREE,
    KEY `idx_parent_id` (`parent_id`) USING BTREE,
    KEY `idx_show_order` (`show_order`) USING BTREE
) ENGINE=InnoDB DEFAULT CHARSET=utf8mb4 COLLATE=utf8mb4_bin ROW_FORMAT=COMPACT COMMENT='系统权限资源表';

-- ----------------------------
-- 菜单和权限关系表
-- ----------------------------
DROP TABLE IF EXISTS `zz_sys_menu_perm_code`;
CREATE TABLE `zz_sys_menu_perm_code` (
    `menu_id` bigint(20) NOT NULL COMMENT '关联菜单Id',
    `perm_code_id` bigint(20) NOT NULL COMMENT '关联权限字Id',
    PRIMARY KEY (`menu_id`,`perm_code_id`) USING BTREE,
    KEY `idx_perm_code_id` (`perm_code_id`) USING BTREE
) ENGINE=InnoDB DEFAULT CHARSET=utf8mb4 COLLATE=utf8mb4_bin COMMENT='菜单和权限关系表';

-- ----------------------------
-- 系统权限模块表
-- ----------------------------
DROP TABLE IF EXISTS `zz_sys_perm_module`;
CREATE TABLE `zz_sys_perm_module` (
    `module_id` bigint(20) NOT NULL COMMENT '权限模块id',
    `parent_id` bigint(20) DEFAULT 0 COMMENT '上级权限模块id',
    `module_name` varchar(64) COLLATE utf8mb4_bin NOT NULL DEFAULT '' COMMENT '权限模块名称',
    `module_type` int(11) NOT NULL COMMENT '模块类型(0: 普通模块 1: Controller模块)',
    `show_order` int(11) NOT NULL DEFAULT '0' COMMENT '权限模块在当前层级下的顺序，由小到大',
    `create_user_id` bigint(20) NOT NULL COMMENT '创建者Id',
    `create_time` datetime NOT NULL COMMENT '创建时间',
    `update_user_id` bigint(20) NOT NULL COMMENT '更新者Id',
    `update_time` datetime NOT NULL COMMENT '最后更新时间',
    `deleted_flag` int(11) NOT NULL COMMENT '逻辑删除标记(1: 正常 -1: 已删除)',
    PRIMARY KEY (`module_id`) USING BTREE,
    KEY `idx_show_order` (`show_order`) USING BTREE,
    KEY `idx_parent_id` (`parent_id`) USING BTREE,
    KEY `idx_module_type` (`module_type`) USING BTREE
) ENGINE=InnoDB DEFAULT CHARSET=utf8mb4 COLLATE=utf8mb4_bin ROW_FORMAT=COMPACT COMMENT='系统权限模块表';

-- ----------------------------
-- 系统权限表
-- ----------------------------
DROP TABLE IF EXISTS `zz_sys_perm`;
CREATE TABLE `zz_sys_perm` (
    `perm_id` bigint(20) NOT NULL COMMENT '权限id',
    `module_id` bigint(20) NOT NULL DEFAULT 0 COMMENT '权限所在的权限模块id',
    `perm_name` varchar(64) COLLATE utf8mb4_bin NOT NULL DEFAULT '' COMMENT '权限名称',
    `url` varchar(128) COLLATE utf8mb4_bin NOT NULL DEFAULT '' COMMENT '关联的url',
    `show_order` int(11) NOT NULL DEFAULT '0' COMMENT '权限在当前模块下的顺序，由小到大',
    `create_user_id` bigint(20) NOT NULL COMMENT '创建者Id',
    `create_time` datetime NOT NULL COMMENT '创建时间',
    `update_user_id` bigint(20) NOT NULL COMMENT '更新者Id',
    `update_time` datetime NOT NULL COMMENT '最后更新时间',
    `deleted_flag` int(11) NOT NULL COMMENT '逻辑删除标记(1: 正常 -1: 已删除)',
    PRIMARY KEY (`perm_id`) USING BTREE,
    KEY `idx_show_order` (`show_order`) USING BTREE,
    KEY `idx_module_id` (`module_id`) USING BTREE
) ENGINE=InnoDB DEFAULT CHARSET=utf8mb4 COLLATE=utf8mb4_bin ROW_FORMAT=COMPACT COMMENT='系统权限表';

-- ----------------------------
-- 系统权限字和权限资源关联表
-- ----------------------------
DROP TABLE IF EXISTS `zz_sys_perm_code_perm`;
CREATE TABLE `zz_sys_perm_code_perm` (
    `perm_code_id` bigint(20) NOT NULL COMMENT '权限字Id',
    `perm_id` bigint(20) NOT NULL COMMENT '权限id',
    PRIMARY KEY (`perm_code_id`,`perm_id`),
    KEY `idx_perm_id` (`perm_id`) USING BTREE
) ENGINE=InnoDB DEFAULT CHARSET=utf8mb4 COLLATE=utf8mb4_bin ROW_FORMAT=COMPACT COMMENT='系统权限字和权限资源关联表';

-- ----------------------------
-- 权限资源白名单表
-- ----------------------------
DROP TABLE IF EXISTS `zz_sys_perm_whitelist`;
CREATE TABLE `zz_sys_perm_whitelist` (
    `perm_url` varchar(512) CHARACTER SET utf8 COLLATE utf8_bin NOT NULL COMMENT '权限资源的url',
    `module_name` varchar(64) CHARACTER SET utf8 COLLATE utf8_bin DEFAULT NULL COMMENT '权限资源所属模块名字(通常是Controller的名字)',
    `perm_name` varchar(64) CHARACTER SET utf8 COLLATE utf8_bin DEFAULT NULL COMMENT '权限的名称',
    PRIMARY KEY (`perm_url`)
) ENGINE=InnoDB DEFAULT CHARSET=utf8mb4 COLLATE=utf8mb4_bin COMMENT='权限资源白名单表(认证用户均可访问的url资源)';

-- ----------------------------
-- 管理员账号数据
-- ----------------------------
BEGIN;
INSERT INTO `zz_sys_user` VALUES(1356948450691780816,'admin','$2a$10$xPkPwofb17fU.AzcA2/jgO.d8Ncrwf8R29i0FeC18FtFwUeLewHxG','管理员',0,'CHANGE TO YOUR HEAD IMAGE URL!!!',0,1356948450691780816,CURDATE(),1356948450691780816,CURDATE(),1);
COMMIT;

-- ----------------------------
-- 全部菜单数据
-- ----------------------------
BEGIN;
INSERT INTO `zz_sys_menu` VALUES(1309065501179121664,NULL,'系统管理',0,NULL,1,NULL,1356948450691780816,CURDATE(),1356948450691780816,CURDATE(),1);
INSERT INTO `zz_sys_menu` VALUES(1309065501183315968,1309065501179121664,'用户管理',1,'formSysUser',100,NULL,1356948450691780816,CURDATE(),1356948450691780816,CURDATE(),1);
INSERT INTO `zz_sys_menu` VALUES(1356948450691780690,1309065501183315968,'显示',3,NULL,1,NULL,1356948450691780816,CURDATE(),1356948450691780816,CURDATE(),1);
INSERT INTO `zz_sys_menu` VALUES(1356948450691780691,1309065501183315968,'新增',3,NULL,2,NULL,1356948450691780816,CURDATE(),1356948450691780816,CURDATE(),1);
INSERT INTO `zz_sys_menu` VALUES(1356948450691780692,1309065501183315968,'编辑',3,NULL,3,NULL,1356948450691780816,CURDATE(),1356948450691780816,CURDATE(),1);
INSERT INTO `zz_sys_menu` VALUES(1356948450691780693,1309065501183315968,'删除',3,NULL,4,NULL,1356948450691780816,CURDATE(),1356948450691780816,CURDATE(),1);
INSERT INTO `zz_sys_menu` VALUES(1356948450691780694,1309065501183315968,'重置密码',3,NULL,5,NULL,1356948450691780816,CURDATE(),1356948450691780816,CURDATE(),1);
INSERT INTO `zz_sys_menu` VALUES(1356948450691780695,1309065501183315968,'权限详情',3,NULL,6,NULL,1356948450691780816,CURDATE(),1356948450691780816,CURDATE(),1);
INSERT INTO `zz_sys_menu` VALUES(1309065501183315969,1309065501179121664,'角色管理',1,'formSysRole',110,NULL,1356948450691780816,CURDATE(),1356948450691780816,CURDATE(),1);
INSERT INTO `zz_sys_menu` VALUES(1356948450691780704,1309065501183315969,'角色管理',2,NULL,1,NULL,1356948450691780816,CURDATE(),1356948450691780816,CURDATE(),1);
INSERT INTO `zz_sys_menu` VALUES(1356948450691780705,1309065501183315969,'用户授权',2,NULL,2,NULL,1356948450691780816,CURDATE(),1356948450691780816,CURDATE(),1);
INSERT INTO `zz_sys_menu` VALUES(1356948450691780706,1356948450691780704,'显示',3,NULL,1,NULL,1356948450691780816,CURDATE(),1356948450691780816,CURDATE(),1);
INSERT INTO `zz_sys_menu` VALUES(1356948450691780707,1356948450691780704,'新增',3,NULL,2,NULL,1356948450691780816,CURDATE(),1356948450691780816,CURDATE(),1);
INSERT INTO `zz_sys_menu` VALUES(1356948450691780708,1356948450691780704,'编辑',3,NULL,3,NULL,1356948450691780816,CURDATE(),1356948450691780816,CURDATE(),1);
INSERT INTO `zz_sys_menu` VALUES(1356948450691780709,1356948450691780704,'删除',3,NULL,4,NULL,1356948450691780816,CURDATE(),1356948450691780816,CURDATE(),1);
INSERT INTO `zz_sys_menu` VALUES(1356948450691780710,1356948450691780704,'权限详情',3,NULL,5,NULL,1356948450691780816,CURDATE(),1356948450691780816,CURDATE(),1);
INSERT INTO `zz_sys_menu` VALUES(1356948450691780711,1356948450691780705,'显示',3,NULL,1,NULL,1356948450691780816,CURDATE(),1356948450691780816,CURDATE(),1);
INSERT INTO `zz_sys_menu` VALUES(1356948450691780712,1356948450691780705,'授权用户',3,NULL,2,NULL,1356948450691780816,CURDATE(),1356948450691780816,CURDATE(),1);
INSERT INTO `zz_sys_menu` VALUES(1356948450691780713,1356948450691780705,'移除用户',3,NULL,3,NULL,1356948450691780816,CURDATE(),1356948450691780816,CURDATE(),1);
INSERT INTO `zz_sys_menu` VALUES(1309065501183315970,1309065501179121664,'菜单管理',1,'formSysMenu',120,NULL,1356948450691780816,CURDATE(),1356948450691780816,CURDATE(),1);
INSERT INTO `zz_sys_menu` VALUES(1356948450691780724,1309065501183315970,'显示',3,NULL,1,NULL,1356948450691780816,CURDATE(),1356948450691780816,CURDATE(),1);
INSERT INTO `zz_sys_menu` VALUES(1356948450691780725,1309065501183315970,'新增',3,NULL,2,NULL,1356948450691780816,CURDATE(),1356948450691780816,CURDATE(),1);
INSERT INTO `zz_sys_menu` VALUES(1356948450691780726,1309065501183315970,'编辑',3,NULL,3,NULL,1356948450691780816,CURDATE(),1356948450691780816,CURDATE(),1);
INSERT INTO `zz_sys_menu` VALUES(1356948450691780727,1309065501183315970,'删除',3,NULL,4,NULL,1356948450691780816,CURDATE(),1356948450691780816,CURDATE(),1);
INSERT INTO `zz_sys_menu` VALUES(1356948450691780728,1309065501183315970,'权限详情',3,NULL,5,NULL,1356948450691780816,CURDATE(),1356948450691780816,CURDATE(),1);
INSERT INTO `zz_sys_menu` VALUES(1309065501183315971,1309065501179121664,'权限字管理',1,'formSysPermCode',125,NULL,1356948450691780816,CURDATE(),1356948450691780816,CURDATE(),1);
INSERT INTO `zz_sys_menu` VALUES(1356948450691780736,1309065501183315971,'显示',3,NULL,1,NULL,1356948450691780816,CURDATE(),1356948450691780816,CURDATE(),1);
INSERT INTO `zz_sys_menu` VALUES(1356948450691780737,1309065501183315971,'新增',3,NULL,2,NULL,1356948450691780816,CURDATE(),1356948450691780816,CURDATE(),1);
INSERT INTO `zz_sys_menu` VALUES(1356948450691780738,1309065501183315971,'编辑',3,NULL,3,NULL,1356948450691780816,CURDATE(),1356948450691780816,CURDATE(),1);
INSERT INTO `zz_sys_menu` VALUES(1356948450691780739,1309065501183315971,'删除',3,NULL,4,NULL,1356948450691780816,CURDATE(),1356948450691780816,CURDATE(),1);
INSERT INTO `zz_sys_menu` VALUES(1356948450691780740,1309065501183315971,'权限详情',3,NULL,5,NULL,1356948450691780816,CURDATE(),1356948450691780816,CURDATE(),1);
INSERT INTO `zz_sys_menu` VALUES(1309065501183315972,1309065501179121664,'权限管理',1,'formSysPerm',130,NULL,1356948450691780816,CURDATE(),1356948450691780816,CURDATE(),1);
INSERT INTO `zz_sys_menu` VALUES(1356948450691780748,1309065501183315972,'显示',3,NULL,1,NULL,1356948450691780816,CURDATE(),1356948450691780816,CURDATE(),1);
INSERT INTO `zz_sys_menu` VALUES(1356948450691780749,1309065501183315972,'新增模块',3,NULL,2,NULL,1356948450691780816,CURDATE(),1356948450691780816,CURDATE(),1);
INSERT INTO `zz_sys_menu` VALUES(1356948450691780750,1309065501183315972,'编辑模块',3,NULL,3,NULL,1356948450691780816,CURDATE(),1356948450691780816,CURDATE(),1);
INSERT INTO `zz_sys_menu` VALUES(1356948450691780751,1309065501183315972,'删除模块',3,NULL,4,NULL,1356948450691780816,CURDATE(),1356948450691780816,CURDATE(),1);
INSERT INTO `zz_sys_menu` VALUES(1356948450691780752,1309065501183315972,'新增权限',3,NULL,5,NULL,1356948450691780816,CURDATE(),1356948450691780816,CURDATE(),1);
INSERT INTO `zz_sys_menu` VALUES(1356948450691780753,1309065501183315972,'编辑权限',3,NULL,6,NULL,1356948450691780816,CURDATE(),1356948450691780816,CURDATE(),1);
INSERT INTO `zz_sys_menu` VALUES(1356948450691780754,1309065501183315972,'删除权限',3,NULL,7,NULL,1356948450691780816,CURDATE(),1356948450691780816,CURDATE(),1);
INSERT INTO `zz_sys_menu` VALUES(1356948450691780755,1309065501183315972,'权限详情',3,NULL,8,NULL,1356948450691780816,CURDATE(),1356948450691780816,CURDATE(),1);
INSERT INTO `zz_sys_menu` VALUES(1309065501183315973,1309065501179121664,'字典管理',1,'formSysDict',135,NULL,1356948450691780816,CURDATE(),1356948450691780816,CURDATE(),1);
INSERT INTO `zz_sys_menu` VALUES(1356948450691780766,1309065501183315973,'显示',3,NULL,1,NULL,1356948450691780816,CURDATE(),1356948450691780816,CURDATE(),1);
INSERT INTO `zz_sys_menu` VALUES(1356948450691780767,1309065501183315973,'新增',3,NULL,2,NULL,1356948450691780816,CURDATE(),1356948450691780816,CURDATE(),1);
INSERT INTO `zz_sys_menu` VALUES(1356948450691780768,1309065501183315973,'编辑',3,NULL,3,NULL,1356948450691780816,CURDATE(),1356948450691780816,CURDATE(),1);
INSERT INTO `zz_sys_menu` VALUES(1356948450691780769,1309065501183315973,'删除',3,NULL,4,NULL,1356948450691780816,CURDATE(),1356948450691780816,CURDATE(),1);
INSERT INTO `zz_sys_menu` VALUES(1356948450691780770,1309065501183315973,'同步缓存',3,NULL,5,NULL,1356948450691780816,CURDATE(),1356948450691780816,CURDATE(),1);
INSERT INTO `zz_sys_menu` VALUES(1309149272268083200,NULL,'业务管理',0,NULL,10,NULL,1356948450691780816,CURDATE(),1356948450691780816,CURDATE(),1);
INSERT INTO `zz_sys_menu` VALUES(1309149323312762880,NULL,'统计管理',0,NULL,20,NULL,1356948450691780816,CURDATE(),1356948450691780816,CURDATE(),1);
INSERT INTO `zz_sys_menu` VALUES(1309149401033216000,1309149272268083200,'校区管理',1,'formSchool',1,NULL,1356948450691780816,CURDATE(),1356948450691780816,CURDATE(),1);
INSERT INTO `zz_sys_menu` VALUES(1356948450691780780,1309149401033216000,'显示',3,NULL,1,NULL,1356948450691780816,CURDATE(),1356948450691780816,CURDATE(),1);
INSERT INTO `zz_sys_menu` VALUES(1356948450691780781,1309149401033216000,'新建',3,NULL,2,NULL,1356948450691780816,CURDATE(),1356948450691780816,CURDATE(),1);
INSERT INTO `zz_sys_menu` VALUES(1356948450691780782,1309149401033216000,'编辑',3,NULL,3,NULL,1356948450691780816,CURDATE(),1356948450691780816,CURDATE(),1);
INSERT INTO `zz_sys_menu` VALUES(1356948450691780783,1309149401033216000,'删除',3,NULL,4,NULL,1356948450691780816,CURDATE(),1356948450691780816,CURDATE(),1);
INSERT INTO `zz_sys_menu` VALUES(1309149467043172352,1309149272268083200,'学生管理',1,'formStudent',5,NULL,1356948450691780816,CURDATE(),1356948450691780816,CURDATE(),1);
INSERT INTO `zz_sys_menu` VALUES(1356948450691780785,1309149467043172352,'显示',3,NULL,1,NULL,1356948450691780816,CURDATE(),1356948450691780816,CURDATE(),1);
INSERT INTO `zz_sys_menu` VALUES(1356948450691780786,1309149467043172352,'新建',3,NULL,2,NULL,1356948450691780816,CURDATE(),1356948450691780816,CURDATE(),1);
INSERT INTO `zz_sys_menu` VALUES(1356948450691780787,1309149467043172352,'编辑',3,NULL,3,NULL,1356948450691780816,CURDATE(),1356948450691780816,CURDATE(),1);
INSERT INTO `zz_sys_menu` VALUES(1356948450691780788,1309149467043172352,'删除',3,NULL,4,NULL,1356948450691780816,CURDATE(),1356948450691780816,CURDATE(),1);
INSERT INTO `zz_sys_menu` VALUES(1309149536341463040,1309149272268083200,'课程管理',1,'formCourse',10,NULL,1356948450691780816,CURDATE(),1356948450691780816,CURDATE(),1);
INSERT INTO `zz_sys_menu` VALUES(1356948450691780790,1309149536341463040,'显示',3,NULL,1,NULL,1356948450691780816,CURDATE(),1356948450691780816,CURDATE(),1);
INSERT INTO `zz_sys_menu` VALUES(1356948450691780791,1309149536341463040,'新建',3,NULL,2,NULL,1356948450691780816,CURDATE(),1356948450691780816,CURDATE(),1);
INSERT INTO `zz_sys_menu` VALUES(1356948450691780792,1309149536341463040,'编辑',3,NULL,3,NULL,1356948450691780816,CURDATE(),1356948450691780816,CURDATE(),1);
INSERT INTO `zz_sys_menu` VALUES(1356948450691780793,1309149536341463040,'删除',3,NULL,4,NULL,1356948450691780816,CURDATE(),1356948450691780816,CURDATE(),1);
INSERT INTO `zz_sys_menu` VALUES(1309149599981637632,1309149272268083200,'班级管理',1,'formClass',15,NULL,1356948450691780816,CURDATE(),1356948450691780816,CURDATE(),1);
INSERT INTO `zz_sys_menu` VALUES(1356948450691780795,1309149599981637632,'显示',3,NULL,1,NULL,1356948450691780816,CURDATE(),1356948450691780816,CURDATE(),1);
INSERT INTO `zz_sys_menu` VALUES(1356948450691780796,1309149599981637632,'设置班级课程',3,NULL,2,NULL,1356948450691780816,CURDATE(),1356948450691780816,CURDATE(),1);
INSERT INTO `zz_sys_menu` VALUES(1356948450691780797,1309149599981637632,'编辑',3,NULL,3,NULL,1356948450691780816,CURDATE(),1356948450691780816,CURDATE(),1);
INSERT INTO `zz_sys_menu` VALUES(1356948450691780798,1309149599981637632,'删除',3,NULL,4,NULL,1356948450691780816,CURDATE(),1356948450691780816,CURDATE(),1);
INSERT INTO `zz_sys_menu` VALUES(1356948450691780799,1309149599981637632,'移除',3,NULL,5,NULL,1356948450691780816,CURDATE(),1356948450691780816,CURDATE(),1);
INSERT INTO `zz_sys_menu` VALUES(1356948450691780800,1309149599981637632,'移除',3,NULL,6,NULL,1356948450691780816,CURDATE(),1356948450691780816,CURDATE(),1);
INSERT INTO `zz_sys_menu` VALUES(1356948450691780801,1309149599981637632,'设置班级学生',3,NULL,7,NULL,1356948450691780816,CURDATE(),1356948450691780816,CURDATE(),1);
INSERT INTO `zz_sys_menu` VALUES(1356948450691780802,1309149599981637632,'新建',3,NULL,8,NULL,1356948450691780816,CURDATE(),1356948450691780816,CURDATE(),1);
INSERT INTO `zz_sys_menu` VALUES(1309149688699555840,1309149323312762880,'课程统计',1,'formCourseStats',1,NULL,1356948450691780816,CURDATE(),1356948450691780816,CURDATE(),1);
INSERT INTO `zz_sys_menu` VALUES(1356948450691780804,1309149688699555840,'显示',3,NULL,1,NULL,1356948450691780816,CURDATE(),1356948450691780816,CURDATE(),1);
INSERT INTO `zz_sys_menu` VALUES(1309149754092949504,1309149323312762880,'学生行为统计',1,'formStudentActionStats',5,NULL,1356948450691780816,CURDATE(),1356948450691780816,CURDATE(),1);
INSERT INTO `zz_sys_menu` VALUES(1356948450691780806,1309149754092949504,'显示',3,NULL,1,NULL,1356948450691780816,CURDATE(),1356948450691780816,CURDATE(),1);
INSERT INTO `zz_sys_menu` VALUES(1356948450691780807,1309149754092949504,'学生行为详情',3,NULL,2,NULL,1356948450691780816,CURDATE(),1356948450691780816,CURDATE(),1);
INSERT INTO `zz_sys_menu` VALUES(1356948450691780808,1309149754092949504,'学生行为详情',3,NULL,3,NULL,1356948450691780816,CURDATE(),1356948450691780816,CURDATE(),1);
INSERT INTO `zz_sys_menu` VALUES(1356948450691780809,1309149754092949504,'学生行为详情',3,NULL,4,NULL,1356948450691780816,CURDATE(),1356948450691780816,CURDATE(),1);
INSERT INTO `zz_sys_menu` VALUES(1356948450691780810,1309149754092949504,'学生行为详情',3,NULL,5,NULL,1356948450691780816,CURDATE(),1356948450691780816,CURDATE(),1);
INSERT INTO `zz_sys_menu` VALUES(1356948450691780811,1309149754092949504,'学生行为详情',3,NULL,6,NULL,1356948450691780816,CURDATE(),1356948450691780816,CURDATE(),1);
INSERT INTO `zz_sys_menu` VALUES(1356948450691780812,1309149754092949504,'学生行为详情',3,NULL,7,NULL,1356948450691780816,CURDATE(),1356948450691780816,CURDATE(),1);
INSERT INTO `zz_sys_menu` VALUES(1356948450691780813,1309149754092949504,'学生行为详情',3,NULL,8,NULL,1356948450691780816,CURDATE(),1356948450691780816,CURDATE(),1);
INSERT INTO `zz_sys_menu` VALUES(1356948450691780814,1309149754092949504,'学生行为详情',3,NULL,9,NULL,1356948450691780816,CURDATE(),1356948450691780816,CURDATE(),1);
COMMIT;

-- ----------------------------
-- 全部权限字数据
-- ----------------------------
BEGIN;
INSERT INTO `zz_sys_perm_code` VALUES(1356948450691780608,NULL,'formSchool',0,'校区管理',0,1356948450691780816,CURDATE(),1356948450691780816,CURDATE(),1);
INSERT INTO `zz_sys_perm_code` VALUES(1356948450691780609,1356948450691780608,'formSchool:formSchool',1,'校区管理',0,1356948450691780816,CURDATE(),1356948450691780816,CURDATE(),1);
INSERT INTO `zz_sys_perm_code` VALUES(1356948450691780610,1356948450691780609,'formSchool:formSchool:formCreateSchool',2,'新建',0,1356948450691780816,CURDATE(),1356948450691780816,CURDATE(),1);
INSERT INTO `zz_sys_perm_code` VALUES(1356948450691780611,1356948450691780609,'formSchool:formSchool:formEditSchool',2,'编辑',10,1356948450691780816,CURDATE(),1356948450691780816,CURDATE(),1);
INSERT INTO `zz_sys_perm_code` VALUES(1356948450691780612,1356948450691780609,'formSchool:formSchool:delete',2,'删除',20,1356948450691780816,CURDATE(),1356948450691780816,CURDATE(),1);
INSERT INTO `zz_sys_perm_code` VALUES(1356948450691780613,NULL,'formCreateSchool',0,'新建校区',10,1356948450691780816,CURDATE(),1356948450691780816,CURDATE(),1);
INSERT INTO `zz_sys_perm_code` VALUES(1356948450691780614,1356948450691780613,'formCreateSchool:formCreateSchool',1,'新建校区',0,1356948450691780816,CURDATE(),1356948450691780816,CURDATE(),1);
INSERT INTO `zz_sys_perm_code` VALUES(1356948450691780615,1356948450691780614,'formCreateSchool:formCreateSchool:cancel',2,'取消',0,1356948450691780816,CURDATE(),1356948450691780816,CURDATE(),1);
INSERT INTO `zz_sys_perm_code` VALUES(1356948450691780616,1356948450691780614,'formCreateSchool:formCreateSchool:add',2,'保存',10,1356948450691780816,CURDATE(),1356948450691780816,CURDATE(),1);
INSERT INTO `zz_sys_perm_code` VALUES(1356948450691780617,NULL,'formEditSchool',0,'编辑校区',20,1356948450691780816,CURDATE(),1356948450691780816,CURDATE(),1);
INSERT INTO `zz_sys_perm_code` VALUES(1356948450691780618,1356948450691780617,'formEditSchool:formEditSchool',1,'编辑校区',0,1356948450691780816,CURDATE(),1356948450691780816,CURDATE(),1);
INSERT INTO `zz_sys_perm_code` VALUES(1356948450691780619,1356948450691780618,'formEditSchool:formEditSchool:cancel',2,'取消',0,1356948450691780816,CURDATE(),1356948450691780816,CURDATE(),1);
INSERT INTO `zz_sys_perm_code` VALUES(1356948450691780620,1356948450691780618,'formEditSchool:formEditSchool:update',2,'保存',10,1356948450691780816,CURDATE(),1356948450691780816,CURDATE(),1);
INSERT INTO `zz_sys_perm_code` VALUES(1356948450691780621,NULL,'formStudent',0,'学生管理',30,1356948450691780816,CURDATE(),1356948450691780816,CURDATE(),1);
INSERT INTO `zz_sys_perm_code` VALUES(1356948450691780622,1356948450691780621,'formStudent:formStudent',1,'学生管理',0,1356948450691780816,CURDATE(),1356948450691780816,CURDATE(),1);
INSERT INTO `zz_sys_perm_code` VALUES(1356948450691780623,1356948450691780622,'formStudent:formStudent:formCreateStudent',2,'新建',0,1356948450691780816,CURDATE(),1356948450691780816,CURDATE(),1);
INSERT INTO `zz_sys_perm_code` VALUES(1356948450691780624,1356948450691780622,'formStudent:formStudent:formEditStudent',2,'编辑',10,1356948450691780816,CURDATE(),1356948450691780816,CURDATE(),1);
INSERT INTO `zz_sys_perm_code` VALUES(1356948450691780625,1356948450691780622,'formStudent:formStudent:delete',2,'删除',20,1356948450691780816,CURDATE(),1356948450691780816,CURDATE(),1);
INSERT INTO `zz_sys_perm_code` VALUES(1356948450691780626,NULL,'formCreateStudent',0,'新建学生',40,1356948450691780816,CURDATE(),1356948450691780816,CURDATE(),1);
INSERT INTO `zz_sys_perm_code` VALUES(1356948450691780627,1356948450691780626,'formCreateStudent:formCreateStudent',1,'新建学生',0,1356948450691780816,CURDATE(),1356948450691780816,CURDATE(),1);
INSERT INTO `zz_sys_perm_code` VALUES(1356948450691780628,1356948450691780627,'formCreateStudent:formCreateStudent:cancel',2,'取消',0,1356948450691780816,CURDATE(),1356948450691780816,CURDATE(),1);
INSERT INTO `zz_sys_perm_code` VALUES(1356948450691780629,1356948450691780627,'formCreateStudent:formCreateStudent:add',2,'保存',10,1356948450691780816,CURDATE(),1356948450691780816,CURDATE(),1);
INSERT INTO `zz_sys_perm_code` VALUES(1356948450691780630,NULL,'formEditStudent',0,'编辑学生',50,1356948450691780816,CURDATE(),1356948450691780816,CURDATE(),1);
INSERT INTO `zz_sys_perm_code` VALUES(1356948450691780631,1356948450691780630,'formEditStudent:formEditStudent',1,'编辑学生',0,1356948450691780816,CURDATE(),1356948450691780816,CURDATE(),1);
INSERT INTO `zz_sys_perm_code` VALUES(1356948450691780632,1356948450691780631,'formEditStudent:formEditStudent:cancel',2,'取消',0,1356948450691780816,CURDATE(),1356948450691780816,CURDATE(),1);
INSERT INTO `zz_sys_perm_code` VALUES(1356948450691780633,1356948450691780631,'formEditStudent:formEditStudent:update',2,'保存',10,1356948450691780816,CURDATE(),1356948450691780816,CURDATE(),1);
INSERT INTO `zz_sys_perm_code` VALUES(1356948450691780634,NULL,'formCreateCourse',0,'新建课程',60,1356948450691780816,CURDATE(),1356948450691780816,CURDATE(),1);
INSERT INTO `zz_sys_perm_code` VALUES(1356948450691780635,1356948450691780634,'formCreateCourse:formCreateCourse',1,'新建课程',0,1356948450691780816,CURDATE(),1356948450691780816,CURDATE(),1);
INSERT INTO `zz_sys_perm_code` VALUES(1356948450691780636,1356948450691780635,'formCreateCourse:formCreateCourse:cancel',2,'取消',0,1356948450691780816,CURDATE(),1356948450691780816,CURDATE(),1);
INSERT INTO `zz_sys_perm_code` VALUES(1356948450691780637,1356948450691780635,'formCreateCourse:formCreateCourse:add',2,'保存',10,1356948450691780816,CURDATE(),1356948450691780816,CURDATE(),1);
INSERT INTO `zz_sys_perm_code` VALUES(1356948450691780638,NULL,'formEditCourse',0,'编辑课程',70,1356948450691780816,CURDATE(),1356948450691780816,CURDATE(),1);
INSERT INTO `zz_sys_perm_code` VALUES(1356948450691780639,1356948450691780638,'formEditCourse:formEditCourse',1,'编辑课程',0,1356948450691780816,CURDATE(),1356948450691780816,CURDATE(),1);
INSERT INTO `zz_sys_perm_code` VALUES(1356948450691780640,1356948450691780639,'formEditCourse:formEditCourse:cancel',2,'取消',0,1356948450691780816,CURDATE(),1356948450691780816,CURDATE(),1);
INSERT INTO `zz_sys_perm_code` VALUES(1356948450691780641,1356948450691780639,'formEditCourse:formEditCourse:update',2,'保存',10,1356948450691780816,CURDATE(),1356948450691780816,CURDATE(),1);
INSERT INTO `zz_sys_perm_code` VALUES(1356948450691780642,NULL,'formCourse',0,'课程管理',80,1356948450691780816,CURDATE(),1356948450691780816,CURDATE(),1);
INSERT INTO `zz_sys_perm_code` VALUES(1356948450691780643,1356948450691780642,'formCourse:formCourse',1,'课程管理',0,1356948450691780816,CURDATE(),1356948450691780816,CURDATE(),1);
INSERT INTO `zz_sys_perm_code` VALUES(1356948450691780644,1356948450691780643,'formCourse:formCourse:formCreateCourse',2,'新建',0,1356948450691780816,CURDATE(),1356948450691780816,CURDATE(),1);
INSERT INTO `zz_sys_perm_code` VALUES(1356948450691780645,1356948450691780643,'formCourse:formCourse:formEditCourse',2,'编辑',10,1356948450691780816,CURDATE(),1356948450691780816,CURDATE(),1);
INSERT INTO `zz_sys_perm_code` VALUES(1356948450691780646,1356948450691780643,'formCourse:formCourse:delete',2,'删除',20,1356948450691780816,CURDATE(),1356948450691780816,CURDATE(),1);
INSERT INTO `zz_sys_perm_code` VALUES(1356948450691780647,NULL,'formCourseStats',0,'课程统计',90,1356948450691780816,CURDATE(),1356948450691780816,CURDATE(),1);
INSERT INTO `zz_sys_perm_code` VALUES(1356948450691780648,1356948450691780647,'formCourseStats:formCourseStats',1,'课程统计',0,1356948450691780816,CURDATE(),1356948450691780816,CURDATE(),1);
INSERT INTO `zz_sys_perm_code` VALUES(1356948450691780649,NULL,'formStudentActionStats',0,'学生行为统计',100,1356948450691780816,CURDATE(),1356948450691780816,CURDATE(),1);
INSERT INTO `zz_sys_perm_code` VALUES(1356948450691780650,1356948450691780649,'formStudentActionStats:formStudentActionStats',1,'学生行为统计',0,1356948450691780816,CURDATE(),1356948450691780816,CURDATE(),1);
INSERT INTO `zz_sys_perm_code` VALUES(1356948450691780651,1356948450691780650,'formStudentActionStats:formStudentActionStats:formBuyCourseDetail',2,'学生行为详情',0,1356948450691780816,CURDATE(),1356948450691780816,CURDATE(),1);
INSERT INTO `zz_sys_perm_code` VALUES(1356948450691780652,1356948450691780650,'formStudentActionStats:formStudentActionStats:formBuyVideoDetail',2,'学生行为详情',10,1356948450691780816,CURDATE(),1356948450691780816,CURDATE(),1);
INSERT INTO `zz_sys_perm_code` VALUES(1356948450691780653,1356948450691780650,'formStudentActionStats:formStudentActionStats:formBuyFlowerDetail',2,'学生行为详情',20,1356948450691780816,CURDATE(),1356948450691780816,CURDATE(),1);
INSERT INTO `zz_sys_perm_code` VALUES(1356948450691780654,1356948450691780650,'formStudentActionStats:formStudentActionStats:formBuyPaperDetail',2,'学生行为详情',30,1356948450691780816,CURDATE(),1356948450691780816,CURDATE(),1);
INSERT INTO `zz_sys_perm_code` VALUES(1356948450691780655,1356948450691780650,'formStudentActionStats:formStudentActionStats:formBuyCoinDetail',2,'学生行为详情',40,1356948450691780816,CURDATE(),1356948450691780816,CURDATE(),1);
INSERT INTO `zz_sys_perm_code` VALUES(1356948450691780656,1356948450691780650,'formStudentActionStats:formStudentActionStats:formDoCourseDetail',2,'学生行为详情',50,1356948450691780816,CURDATE(),1356948450691780816,CURDATE(),1);
INSERT INTO `zz_sys_perm_code` VALUES(1356948450691780657,1356948450691780650,'formStudentActionStats:formStudentActionStats:formWatchVideoDetail',2,'学生行为详情',60,1356948450691780816,CURDATE(),1356948450691780816,CURDATE(),1);
INSERT INTO `zz_sys_perm_code` VALUES(1356948450691780658,1356948450691780650,'formStudentActionStats:formStudentActionStats:formRfreshDetail',2,'学生行为详情',70,1356948450691780816,CURDATE(),1356948450691780816,CURDATE(),1);
INSERT INTO `zz_sys_perm_code` VALUES(1356948450691780659,NULL,'formStudentActionDetail',0,'学生行为详情',110,1356948450691780816,CURDATE(),1356948450691780816,CURDATE(),1);
INSERT INTO `zz_sys_perm_code` VALUES(1356948450691780660,1356948450691780659,'formStudentActionDetail:formStudentActionDetail',1,'学生行为详情',0,1356948450691780816,CURDATE(),1356948450691780816,CURDATE(),1);
INSERT INTO `zz_sys_perm_code` VALUES(1356948450691780661,NULL,'formCreateClass',0,'新建班级',120,1356948450691780816,CURDATE(),1356948450691780816,CURDATE(),1);
INSERT INTO `zz_sys_perm_code` VALUES(1356948450691780662,1356948450691780661,'formCreateClass:formCreateClass',1,'新建班级',0,1356948450691780816,CURDATE(),1356948450691780816,CURDATE(),1);
INSERT INTO `zz_sys_perm_code` VALUES(1356948450691780663,1356948450691780662,'formCreateClass:formCreateClass:cancel',2,'取消',0,1356948450691780816,CURDATE(),1356948450691780816,CURDATE(),1);
INSERT INTO `zz_sys_perm_code` VALUES(1356948450691780664,1356948450691780662,'formCreateClass:formCreateClass:add',2,'保存',10,1356948450691780816,CURDATE(),1356948450691780816,CURDATE(),1);
INSERT INTO `zz_sys_perm_code` VALUES(1356948450691780665,NULL,'formEditClass',0,'编辑班级',130,1356948450691780816,CURDATE(),1356948450691780816,CURDATE(),1);
INSERT INTO `zz_sys_perm_code` VALUES(1356948450691780666,1356948450691780665,'formEditClass:formEditClass',1,'编辑班级',0,1356948450691780816,CURDATE(),1356948450691780816,CURDATE(),1);
INSERT INTO `zz_sys_perm_code` VALUES(1356948450691780667,1356948450691780666,'formEditClass:formEditClass:cancel',2,'取消',0,1356948450691780816,CURDATE(),1356948450691780816,CURDATE(),1);
INSERT INTO `zz_sys_perm_code` VALUES(1356948450691780668,1356948450691780666,'formEditClass:formEditClass:update',2,'保存',10,1356948450691780816,CURDATE(),1356948450691780816,CURDATE(),1);
INSERT INTO `zz_sys_perm_code` VALUES(1356948450691780669,NULL,'formSetClassStudent',0,'设置班级学生',140,1356948450691780816,CURDATE(),1356948450691780816,CURDATE(),1);
INSERT INTO `zz_sys_perm_code` VALUES(1356948450691780670,1356948450691780669,'formSetClassStudent:formSetClassStudent',1,'设置班级学生',0,1356948450691780816,CURDATE(),1356948450691780816,CURDATE(),1);
INSERT INTO `zz_sys_perm_code` VALUES(1356948450691780671,1356948450691780670,'formSetClassStudent:formSetClassStudent:addClassStudent',2,'添加',0,1356948450691780816,CURDATE(),1356948450691780816,CURDATE(),1);
INSERT INTO `zz_sys_perm_code` VALUES(1356948450691780672,NULL,'formSetClassCourse',0,'设置班级课程',150,1356948450691780816,CURDATE(),1356948450691780816,CURDATE(),1);
INSERT INTO `zz_sys_perm_code` VALUES(1356948450691780673,1356948450691780672,'formSetClassCourse:formSetClassCourse',1,'设置班级课程',0,1356948450691780816,CURDATE(),1356948450691780816,CURDATE(),1);
INSERT INTO `zz_sys_perm_code` VALUES(1356948450691780674,1356948450691780673,'formSetClassCourse:formSetClassCourse:addClassCourse',2,'添加',0,1356948450691780816,CURDATE(),1356948450691780816,CURDATE(),1);
INSERT INTO `zz_sys_perm_code` VALUES(1356948450691780675,NULL,'formEditClassCourseOrder',0,'编辑课程顺序',160,1356948450691780816,CURDATE(),1356948450691780816,CURDATE(),1);
INSERT INTO `zz_sys_perm_code` VALUES(1356948450691780676,1356948450691780675,'formEditClassCourseOrder:formEditClassCourseOrder',1,'编辑课程顺序',0,1356948450691780816,CURDATE(),1356948450691780816,CURDATE(),1);
INSERT INTO `zz_sys_perm_code` VALUES(1356948450691780677,1356948450691780676,'formEditClassCourseOrder:formEditClassCourseOrder:cancel',2,'取消',0,1356948450691780816,CURDATE(),1356948450691780816,CURDATE(),1);
INSERT INTO `zz_sys_perm_code` VALUES(1356948450691780678,1356948450691780676,'formEditClassCourseOrder:formEditClassCourseOrder:updateClassCourse',2,'保存',10,1356948450691780816,CURDATE(),1356948450691780816,CURDATE(),1);
INSERT INTO `zz_sys_perm_code` VALUES(1356948450691780679,NULL,'formClass',0,'班级管理',170,1356948450691780816,CURDATE(),1356948450691780816,CURDATE(),1);
INSERT INTO `zz_sys_perm_code` VALUES(1356948450691780680,1356948450691780679,'formClass:formClass',1,'班级管理',0,1356948450691780816,CURDATE(),1356948450691780816,CURDATE(),1);
INSERT INTO `zz_sys_perm_code` VALUES(1356948450691780681,1356948450691780680,'formClass:formClass:formSetClassCourse',2,'设置班级课程',0,1356948450691780816,CURDATE(),1356948450691780816,CURDATE(),1);
INSERT INTO `zz_sys_perm_code` VALUES(1356948450691780682,1356948450691780680,'formClass:formClass:formEditClass',2,'编辑',10,1356948450691780816,CURDATE(),1356948450691780816,CURDATE(),1);
INSERT INTO `zz_sys_perm_code` VALUES(1356948450691780683,1356948450691780680,'formClass:formClass:delete',2,'删除',20,1356948450691780816,CURDATE(),1356948450691780816,CURDATE(),1);
INSERT INTO `zz_sys_perm_code` VALUES(1356948450691780684,1356948450691780680,'formClass:formClass:deleteClassCourse',2,'移除',30,1356948450691780816,CURDATE(),1356948450691780816,CURDATE(),1);
INSERT INTO `zz_sys_perm_code` VALUES(1356948450691780685,1356948450691780680,'formClass:formClass:deleteClassStudent',2,'移除',40,1356948450691780816,CURDATE(),1356948450691780816,CURDATE(),1);
INSERT INTO `zz_sys_perm_code` VALUES(1356948450691780686,1356948450691780680,'formClass:formClass:formSetClassStudent',2,'设置班级学生',50,1356948450691780816,CURDATE(),1356948450691780816,CURDATE(),1);
INSERT INTO `zz_sys_perm_code` VALUES(1356948450691780687,1356948450691780680,'formClass:formClass:formCreateClass',2,'新建',60,1356948450691780816,CURDATE(),1356948450691780816,CURDATE(),1);
INSERT INTO `zz_sys_perm_code` VALUES(1356948450691780696,NULL,'formSysUser',0,'用户管理',10000,1356948450691780816,CURDATE(),1356948450691780816,CURDATE(),1);
INSERT INTO `zz_sys_perm_code` VALUES(1356948450691780697,1356948450691780696,'formSysUser:fragmentSysUser',1,'用户管理',1,1356948450691780816,CURDATE(),1356948450691780816,CURDATE(),1);
INSERT INTO `zz_sys_perm_code` VALUES(1356948450691780698,1356948450691780697,'formSysUser:fragmentSysUser:add',2,'新增',1,1356948450691780816,CURDATE(),1356948450691780816,CURDATE(),1);
INSERT INTO `zz_sys_perm_code` VALUES(1356948450691780699,1356948450691780697,'formSysUser:fragmentSysUser:update',2,'编辑',2,1356948450691780816,CURDATE(),1356948450691780816,CURDATE(),1);
INSERT INTO `zz_sys_perm_code` VALUES(1356948450691780700,1356948450691780697,'formSysUser:fragmentSysUser:delete',2,'删除',3,1356948450691780816,CURDATE(),1356948450691780816,CURDATE(),1);
INSERT INTO `zz_sys_perm_code` VALUES(1356948450691780701,1356948450691780697,'formSysUser:fragmentSysUser:resetPassword',2,'重置密码',4,1356948450691780816,CURDATE(),1356948450691780816,CURDATE(),1);
INSERT INTO `zz_sys_perm_code` VALUES(1356948450691780702,1356948450691780697,'formSysUser:fragmentSysUser:listSysUserPermDetail',2,'权限详情',5,1356948450691780816,CURDATE(),1356948450691780816,CURDATE(),1);
INSERT INTO `zz_sys_perm_code` VALUES(1356948450691780714,NULL,'formSysRole',0,'角色管理',10200,1356948450691780816,CURDATE(),1356948450691780816,CURDATE(),1);
INSERT INTO `zz_sys_perm_code` VALUES(1356948450691780715,1356948450691780714,'formSysRole:fragmentSysRole',1,'角色管理',1,1356948450691780816,CURDATE(),1356948450691780816,CURDATE(),1);
INSERT INTO `zz_sys_perm_code` VALUES(1356948450691780716,1356948450691780714,'formSysRole:fragmentSysRoleUser',1,'用户授权',2,1356948450691780816,CURDATE(),1356948450691780816,CURDATE(),1);
INSERT INTO `zz_sys_perm_code` VALUES(1356948450691780717,1356948450691780715,'formSysRole:fragmentSysRole:add',2,'新增',1,1356948450691780816,CURDATE(),1356948450691780816,CURDATE(),1);
INSERT INTO `zz_sys_perm_code` VALUES(1356948450691780718,1356948450691780715,'formSysRole:fragmentSysRole:update',2,'编辑',2,1356948450691780816,CURDATE(),1356948450691780816,CURDATE(),1);
INSERT INTO `zz_sys_perm_code` VALUES(1356948450691780719,1356948450691780715,'formSysRole:fragmentSysRole:delete',2,'删除',3,1356948450691780816,CURDATE(),1356948450691780816,CURDATE(),1);
INSERT INTO `zz_sys_perm_code` VALUES(1356948450691780720,1356948450691780715,'formSysRole:fragmentSysRole:listSysRolePermDetail',2,'权限详情',4,1356948450691780816,CURDATE(),1356948450691780816,CURDATE(),1);
INSERT INTO `zz_sys_perm_code` VALUES(1356948450691780721,1356948450691780716,'formSysRole:fragmentSysRoleUser:addUserRole',2,'授权用户',1,1356948450691780816,CURDATE(),1356948450691780816,CURDATE(),1);
INSERT INTO `zz_sys_perm_code` VALUES(1356948450691780722,1356948450691780716,'formSysRole:fragmentSysRoleUser:deleteUserRole',2,'移除用户',2,1356948450691780816,CURDATE(),1356948450691780816,CURDATE(),1);
INSERT INTO `zz_sys_perm_code` VALUES(1356948450691780729,NULL,'formSysMenu',0,'菜单管理',10600,1356948450691780816,CURDATE(),1356948450691780816,CURDATE(),1);
INSERT INTO `zz_sys_perm_code` VALUES(1356948450691780730,1356948450691780729,'formSysMenu:fragmentSysMenu',1,'菜单管理',1,1356948450691780816,CURDATE(),1356948450691780816,CURDATE(),1);
INSERT INTO `zz_sys_perm_code` VALUES(1356948450691780731,1356948450691780730,'formSysMenu:fragmentSysMenu:add',2,'新增',1,1356948450691780816,CURDATE(),1356948450691780816,CURDATE(),1);
INSERT INTO `zz_sys_perm_code` VALUES(1356948450691780732,1356948450691780730,'formSysMenu:fragmentSysMenu:update',2,'编辑',2,1356948450691780816,CURDATE(),1356948450691780816,CURDATE(),1);
INSERT INTO `zz_sys_perm_code` VALUES(1356948450691780733,1356948450691780730,'formSysMenu:fragmentSysMenu:delete',2,'删除',3,1356948450691780816,CURDATE(),1356948450691780816,CURDATE(),1);
INSERT INTO `zz_sys_perm_code` VALUES(1356948450691780734,1356948450691780730,'formSysMenu:fragmentSysMenu:listSysMenuPermDetail',2,'权限详情',4,1356948450691780816,CURDATE(),1356948450691780816,CURDATE(),1);
INSERT INTO `zz_sys_perm_code` VALUES(1356948450691780741,NULL,'formSysPermCode',0,'权限字管理',10700,1356948450691780816,CURDATE(),1356948450691780816,CURDATE(),1);
INSERT INTO `zz_sys_perm_code` VALUES(1356948450691780742,1356948450691780741,'formSysPermCode:fragmentSysPermCode',1,'权限字管理',1,1356948450691780816,CURDATE(),1356948450691780816,CURDATE(),1);
INSERT INTO `zz_sys_perm_code` VALUES(1356948450691780743,1356948450691780742,'formSysPermCode:fragmentSysPermCode:add',2,'新增',1,1356948450691780816,CURDATE(),1356948450691780816,CURDATE(),1);
INSERT INTO `zz_sys_perm_code` VALUES(1356948450691780744,1356948450691780742,'formSysPermCode:fragmentSysPermCode:update',2,'编辑',2,1356948450691780816,CURDATE(),1356948450691780816,CURDATE(),1);
INSERT INTO `zz_sys_perm_code` VALUES(1356948450691780745,1356948450691780742,'formSysPermCode:fragmentSysPermCode:delete',2,'删除',3,1356948450691780816,CURDATE(),1356948450691780816,CURDATE(),1);
INSERT INTO `zz_sys_perm_code` VALUES(1356948450691780746,1356948450691780742,'formSysPermCode:fragmentSysPermCode:listSysPermCodePermDetail',2,'权限详情',4,1356948450691780816,CURDATE(),1356948450691780816,CURDATE(),1);
INSERT INTO `zz_sys_perm_code` VALUES(1356948450691780756,NULL,'formSysPerm',0,'权限管理',10800,1356948450691780816,CURDATE(),1356948450691780816,CURDATE(),1);
INSERT INTO `zz_sys_perm_code` VALUES(1356948450691780757,1356948450691780756,'formSysPerm:fragmentSysPerm',1,'权限管理',1,1356948450691780816,CURDATE(),1356948450691780816,CURDATE(),1);
INSERT INTO `zz_sys_perm_code` VALUES(1356948450691780758,1356948450691780757,'formSysPerm:fragmentSysPerm:addPermModule',2,'新增模块',1,1356948450691780816,CURDATE(),1356948450691780816,CURDATE(),1);
INSERT INTO `zz_sys_perm_code` VALUES(1356948450691780759,1356948450691780757,'formSysPerm:fragmentSysPerm:updatePermModule',2,'编辑模块',2,1356948450691780816,CURDATE(),1356948450691780816,CURDATE(),1);
INSERT INTO `zz_sys_perm_code` VALUES(1356948450691780760,1356948450691780757,'formSysPerm:fragmentSysPerm:deletePermModule',2,'删除模块',3,1356948450691780816,CURDATE(),1356948450691780816,CURDATE(),1);
INSERT INTO `zz_sys_perm_code` VALUES(1356948450691780761,1356948450691780757,'formSysPerm:fragmentSysPerm:addPerm',2,'新增权限',4,1356948450691780816,CURDATE(),1356948450691780816,CURDATE(),1);
INSERT INTO `zz_sys_perm_code` VALUES(1356948450691780762,1356948450691780757,'formSysPerm:fragmentSysPerm:updatePerm',2,'编辑权限',5,1356948450691780816,CURDATE(),1356948450691780816,CURDATE(),1);
INSERT INTO `zz_sys_perm_code` VALUES(1356948450691780763,1356948450691780757,'formSysPerm:fragmentSysPerm:deletePerm',2,'删除权限',6,1356948450691780816,CURDATE(),1356948450691780816,CURDATE(),1);
INSERT INTO `zz_sys_perm_code` VALUES(1356948450691780764,1356948450691780757,'formSysPerm:fragmentSysPerm:listSysPermPermDetail',2,'权限详情',7,1356948450691780816,CURDATE(),1356948450691780816,CURDATE(),1);
INSERT INTO `zz_sys_perm_code` VALUES(1356948450691780771,NULL,'formSysDict',0,'字典管理',10900,1356948450691780816,CURDATE(),1356948450691780816,CURDATE(),1);
INSERT INTO `zz_sys_perm_code` VALUES(1356948450691780772,1356948450691780771,'formSysDict:fragmentSysDict',1,'字典管理',1,1356948450691780816,CURDATE(),1356948450691780816,CURDATE(),1);
INSERT INTO `zz_sys_perm_code` VALUES(1356948450691780773,1356948450691780772,'formSysDict:fragmentSysDict:add',2,'新增',1,1356948450691780816,CURDATE(),1356948450691780816,CURDATE(),1);
INSERT INTO `zz_sys_perm_code` VALUES(1356948450691780774,1356948450691780772,'formSysDict:fragmentSysDict:update',2,'编辑',2,1356948450691780816,CURDATE(),1356948450691780816,CURDATE(),1);
INSERT INTO `zz_sys_perm_code` VALUES(1356948450691780775,1356948450691780772,'formSysDict:fragmentSysDict:delete',2,'删除',3,1356948450691780816,CURDATE(),1356948450691780816,CURDATE(),1);
INSERT INTO `zz_sys_perm_code` VALUES(1356948450691780776,1356948450691780772,'formSysDict:fragmentSysDict:reloadCache',2,'同步缓存',4,1356948450691780816,CURDATE(),1356948450691780816,CURDATE(),1);
COMMIT;

-- ----------------------------
-- 全部菜单和权限字关系数据
-- ----------------------------
BEGIN;
INSERT INTO `zz_sys_menu_perm_code` VALUES(1356948450691780690,1356948450691780697);
INSERT INTO `zz_sys_menu_perm_code` VALUES(1356948450691780691,1356948450691780698);
INSERT INTO `zz_sys_menu_perm_code` VALUES(1356948450691780692,1356948450691780699);
INSERT INTO `zz_sys_menu_perm_code` VALUES(1356948450691780693,1356948450691780700);
INSERT INTO `zz_sys_menu_perm_code` VALUES(1356948450691780694,1356948450691780701);
INSERT INTO `zz_sys_menu_perm_code` VALUES(1356948450691780695,1356948450691780702);
INSERT INTO `zz_sys_menu_perm_code` VALUES(1356948450691780706,1356948450691780715);
INSERT INTO `zz_sys_menu_perm_code` VALUES(1356948450691780711,1356948450691780716);
INSERT INTO `zz_sys_menu_perm_code` VALUES(1356948450691780707,1356948450691780717);
INSERT INTO `zz_sys_menu_perm_code` VALUES(1356948450691780708,1356948450691780718);
INSERT INTO `zz_sys_menu_perm_code` VALUES(1356948450691780709,1356948450691780719);
INSERT INTO `zz_sys_menu_perm_code` VALUES(1356948450691780712,1356948450691780721);
INSERT INTO `zz_sys_menu_perm_code` VALUES(1356948450691780713,1356948450691780722);
INSERT INTO `zz_sys_menu_perm_code` VALUES(1356948450691780710,1356948450691780720);
INSERT INTO `zz_sys_menu_perm_code` VALUES(1356948450691780724,1356948450691780730);
INSERT INTO `zz_sys_menu_perm_code` VALUES(1356948450691780725,1356948450691780731);
INSERT INTO `zz_sys_menu_perm_code` VALUES(1356948450691780726,1356948450691780732);
INSERT INTO `zz_sys_menu_perm_code` VALUES(1356948450691780727,1356948450691780733);
INSERT INTO `zz_sys_menu_perm_code` VALUES(1356948450691780728,1356948450691780734);
INSERT INTO `zz_sys_menu_perm_code` VALUES(1356948450691780736,1356948450691780742);
INSERT INTO `zz_sys_menu_perm_code` VALUES(1356948450691780737,1356948450691780743);
INSERT INTO `zz_sys_menu_perm_code` VALUES(1356948450691780738,1356948450691780744);
INSERT INTO `zz_sys_menu_perm_code` VALUES(1356948450691780739,1356948450691780745);
INSERT INTO `zz_sys_menu_perm_code` VALUES(1356948450691780740,1356948450691780746);
INSERT INTO `zz_sys_menu_perm_code` VALUES(1356948450691780748,1356948450691780757);
INSERT INTO `zz_sys_menu_perm_code` VALUES(1356948450691780749,1356948450691780758);
INSERT INTO `zz_sys_menu_perm_code` VALUES(1356948450691780750,1356948450691780759);
INSERT INTO `zz_sys_menu_perm_code` VALUES(1356948450691780751,1356948450691780760);
INSERT INTO `zz_sys_menu_perm_code` VALUES(1356948450691780752,1356948450691780761);
INSERT INTO `zz_sys_menu_perm_code` VALUES(1356948450691780753,1356948450691780762);
INSERT INTO `zz_sys_menu_perm_code` VALUES(1356948450691780754,1356948450691780763);
INSERT INTO `zz_sys_menu_perm_code` VALUES(1356948450691780755,1356948450691780764);
INSERT INTO `zz_sys_menu_perm_code` VALUES(1309065501183315973,1356948450691780772);
INSERT INTO `zz_sys_menu_perm_code` VALUES(1309065501183315973,1356948450691780773);
INSERT INTO `zz_sys_menu_perm_code` VALUES(1309065501183315973,1356948450691780774);
INSERT INTO `zz_sys_menu_perm_code` VALUES(1309065501183315973,1356948450691780775);
INSERT INTO `zz_sys_menu_perm_code` VALUES(1309065501183315973,1356948450691780776);
INSERT INTO `zz_sys_menu_perm_code` VALUES(1356948450691780766,1356948450691780772);
INSERT INTO `zz_sys_menu_perm_code` VALUES(1356948450691780767,1356948450691780773);
INSERT INTO `zz_sys_menu_perm_code` VALUES(1356948450691780768,1356948450691780774);
INSERT INTO `zz_sys_menu_perm_code` VALUES(1356948450691780769,1356948450691780775);
INSERT INTO `zz_sys_menu_perm_code` VALUES(1356948450691780770,1356948450691780776);
INSERT INTO `zz_sys_menu_perm_code` VALUES(1356948450691780780,1356948450691780609);
INSERT INTO `zz_sys_menu_perm_code` VALUES(1356948450691780781,1356948450691780610);
INSERT INTO `zz_sys_menu_perm_code` VALUES(1356948450691780781,1356948450691780613);
INSERT INTO `zz_sys_menu_perm_code` VALUES(1356948450691780781,1356948450691780614);
INSERT INTO `zz_sys_menu_perm_code` VALUES(1356948450691780781,1356948450691780615);
INSERT INTO `zz_sys_menu_perm_code` VALUES(1356948450691780781,1356948450691780616);
INSERT INTO `zz_sys_menu_perm_code` VALUES(1356948450691780782,1356948450691780611);
INSERT INTO `zz_sys_menu_perm_code` VALUES(1356948450691780782,1356948450691780617);
INSERT INTO `zz_sys_menu_perm_code` VALUES(1356948450691780782,1356948450691780618);
INSERT INTO `zz_sys_menu_perm_code` VALUES(1356948450691780782,1356948450691780619);
INSERT INTO `zz_sys_menu_perm_code` VALUES(1356948450691780782,1356948450691780620);
INSERT INTO `zz_sys_menu_perm_code` VALUES(1356948450691780783,1356948450691780612);
INSERT INTO `zz_sys_menu_perm_code` VALUES(1356948450691780785,1356948450691780622);
INSERT INTO `zz_sys_menu_perm_code` VALUES(1356948450691780786,1356948450691780623);
INSERT INTO `zz_sys_menu_perm_code` VALUES(1356948450691780786,1356948450691780626);
INSERT INTO `zz_sys_menu_perm_code` VALUES(1356948450691780786,1356948450691780627);
INSERT INTO `zz_sys_menu_perm_code` VALUES(1356948450691780786,1356948450691780628);
INSERT INTO `zz_sys_menu_perm_code` VALUES(1356948450691780786,1356948450691780629);
INSERT INTO `zz_sys_menu_perm_code` VALUES(1356948450691780787,1356948450691780624);
INSERT INTO `zz_sys_menu_perm_code` VALUES(1356948450691780787,1356948450691780630);
INSERT INTO `zz_sys_menu_perm_code` VALUES(1356948450691780787,1356948450691780631);
INSERT INTO `zz_sys_menu_perm_code` VALUES(1356948450691780787,1356948450691780632);
INSERT INTO `zz_sys_menu_perm_code` VALUES(1356948450691780787,1356948450691780633);
INSERT INTO `zz_sys_menu_perm_code` VALUES(1356948450691780788,1356948450691780625);
INSERT INTO `zz_sys_menu_perm_code` VALUES(1356948450691780790,1356948450691780643);
INSERT INTO `zz_sys_menu_perm_code` VALUES(1356948450691780791,1356948450691780644);
INSERT INTO `zz_sys_menu_perm_code` VALUES(1356948450691780791,1356948450691780634);
INSERT INTO `zz_sys_menu_perm_code` VALUES(1356948450691780791,1356948450691780635);
INSERT INTO `zz_sys_menu_perm_code` VALUES(1356948450691780791,1356948450691780636);
INSERT INTO `zz_sys_menu_perm_code` VALUES(1356948450691780791,1356948450691780637);
INSERT INTO `zz_sys_menu_perm_code` VALUES(1356948450691780792,1356948450691780645);
INSERT INTO `zz_sys_menu_perm_code` VALUES(1356948450691780792,1356948450691780638);
INSERT INTO `zz_sys_menu_perm_code` VALUES(1356948450691780792,1356948450691780639);
INSERT INTO `zz_sys_menu_perm_code` VALUES(1356948450691780792,1356948450691780640);
INSERT INTO `zz_sys_menu_perm_code` VALUES(1356948450691780792,1356948450691780641);
INSERT INTO `zz_sys_menu_perm_code` VALUES(1356948450691780793,1356948450691780646);
INSERT INTO `zz_sys_menu_perm_code` VALUES(1356948450691780795,1356948450691780680);
INSERT INTO `zz_sys_menu_perm_code` VALUES(1356948450691780796,1356948450691780681);
INSERT INTO `zz_sys_menu_perm_code` VALUES(1356948450691780796,1356948450691780672);
INSERT INTO `zz_sys_menu_perm_code` VALUES(1356948450691780796,1356948450691780673);
INSERT INTO `zz_sys_menu_perm_code` VALUES(1356948450691780796,1356948450691780674);
INSERT INTO `zz_sys_menu_perm_code` VALUES(1356948450691780797,1356948450691780682);
INSERT INTO `zz_sys_menu_perm_code` VALUES(1356948450691780797,1356948450691780665);
INSERT INTO `zz_sys_menu_perm_code` VALUES(1356948450691780797,1356948450691780666);
INSERT INTO `zz_sys_menu_perm_code` VALUES(1356948450691780797,1356948450691780667);
INSERT INTO `zz_sys_menu_perm_code` VALUES(1356948450691780797,1356948450691780668);
INSERT INTO `zz_sys_menu_perm_code` VALUES(1356948450691780798,1356948450691780683);
INSERT INTO `zz_sys_menu_perm_code` VALUES(1356948450691780799,1356948450691780684);
INSERT INTO `zz_sys_menu_perm_code` VALUES(1356948450691780800,1356948450691780685);
INSERT INTO `zz_sys_menu_perm_code` VALUES(1356948450691780801,1356948450691780686);
INSERT INTO `zz_sys_menu_perm_code` VALUES(1356948450691780801,1356948450691780669);
INSERT INTO `zz_sys_menu_perm_code` VALUES(1356948450691780801,1356948450691780670);
INSERT INTO `zz_sys_menu_perm_code` VALUES(1356948450691780801,1356948450691780671);
INSERT INTO `zz_sys_menu_perm_code` VALUES(1356948450691780802,1356948450691780687);
INSERT INTO `zz_sys_menu_perm_code` VALUES(1356948450691780802,1356948450691780661);
INSERT INTO `zz_sys_menu_perm_code` VALUES(1356948450691780802,1356948450691780662);
INSERT INTO `zz_sys_menu_perm_code` VALUES(1356948450691780802,1356948450691780663);
INSERT INTO `zz_sys_menu_perm_code` VALUES(1356948450691780802,1356948450691780664);
INSERT INTO `zz_sys_menu_perm_code` VALUES(1356948450691780804,1356948450691780648);
INSERT INTO `zz_sys_menu_perm_code` VALUES(1356948450691780806,1356948450691780650);
INSERT INTO `zz_sys_menu_perm_code` VALUES(1356948450691780807,1356948450691780651);
INSERT INTO `zz_sys_menu_perm_code` VALUES(1356948450691780807,1356948450691780659);
INSERT INTO `zz_sys_menu_perm_code` VALUES(1356948450691780807,1356948450691780660);
INSERT INTO `zz_sys_menu_perm_code` VALUES(1356948450691780808,1356948450691780652);
INSERT INTO `zz_sys_menu_perm_code` VALUES(1356948450691780808,1356948450691780659);
INSERT INTO `zz_sys_menu_perm_code` VALUES(1356948450691780808,1356948450691780660);
INSERT INTO `zz_sys_menu_perm_code` VALUES(1356948450691780809,1356948450691780653);
INSERT INTO `zz_sys_menu_perm_code` VALUES(1356948450691780809,1356948450691780659);
INSERT INTO `zz_sys_menu_perm_code` VALUES(1356948450691780809,1356948450691780660);
INSERT INTO `zz_sys_menu_perm_code` VALUES(1356948450691780810,1356948450691780654);
INSERT INTO `zz_sys_menu_perm_code` VALUES(1356948450691780810,1356948450691780659);
INSERT INTO `zz_sys_menu_perm_code` VALUES(1356948450691780810,1356948450691780660);
INSERT INTO `zz_sys_menu_perm_code` VALUES(1356948450691780811,1356948450691780655);
INSERT INTO `zz_sys_menu_perm_code` VALUES(1356948450691780811,1356948450691780659);
INSERT INTO `zz_sys_menu_perm_code` VALUES(1356948450691780811,1356948450691780660);
INSERT INTO `zz_sys_menu_perm_code` VALUES(1356948450691780812,1356948450691780656);
INSERT INTO `zz_sys_menu_perm_code` VALUES(1356948450691780812,1356948450691780659);
INSERT INTO `zz_sys_menu_perm_code` VALUES(1356948450691780812,1356948450691780660);
INSERT INTO `zz_sys_menu_perm_code` VALUES(1356948450691780813,1356948450691780657);
INSERT INTO `zz_sys_menu_perm_code` VALUES(1356948450691780813,1356948450691780659);
INSERT INTO `zz_sys_menu_perm_code` VALUES(1356948450691780813,1356948450691780660);
INSERT INTO `zz_sys_menu_perm_code` VALUES(1356948450691780814,1356948450691780658);
INSERT INTO `zz_sys_menu_perm_code` VALUES(1356948450691780814,1356948450691780659);
INSERT INTO `zz_sys_menu_perm_code` VALUES(1356948450691780814,1356948450691780660);
COMMIT;

-- ----------------------------
-- 全部权限资源模块数据
-- ----------------------------
BEGIN;
INSERT INTO `zz_sys_perm_module` VALUES(1309065501191704577,NULL,'缺省分组',0,3,1356948450691780816,CURDATE(),1356948450691780816,CURDATE(),1);
INSERT INTO `zz_sys_perm_module` VALUES(1309065501191704576,NULL,'系统配置',0,2,1356948450691780816,CURDATE(),1356948450691780816,CURDATE(),1);
INSERT INTO `zz_sys_perm_module` VALUES(1309065501174927363,NULL,'用户权限',0,1,1356948450691780816,CURDATE(),1356948450691780816,CURDATE(),1);
INSERT INTO `zz_sys_perm_module` VALUES(1356948450683392000,1309065501191704577,'课程数据',1,0,1356948450691780816,CURDATE(),1356948450691780816,CURDATE(),1);
INSERT INTO `zz_sys_perm_module` VALUES(1356948450683392010,1309065501191704577,'校区数据',1,5,1356948450691780816,CURDATE(),1356948450691780816,CURDATE(),1);
INSERT INTO `zz_sys_perm_module` VALUES(1356948450683392018,1309065501191704577,'学生数据',1,10,1356948450691780816,CURDATE(),1356948450691780816,CURDATE(),1);
INSERT INTO `zz_sys_perm_module` VALUES(1356948450683392026,1309065501174927363,'用户管理',1,0,1356948450691780816,CURDATE(),1356948450691780816,CURDATE(),1);
INSERT INTO `zz_sys_perm_module` VALUES(1356948450683392038,1309065501191704577,'班级数据',1,15,1356948450691780816,CURDATE(),1356948450691780816,CURDATE(),1);
INSERT INTO `zz_sys_perm_module` VALUES(1356948450683392056,1309065501191704577,'课程统计',1,20,1356948450691780816,CURDATE(),1356948450691780816,CURDATE(),1);
INSERT INTO `zz_sys_perm_module` VALUES(1356948450683392062,1309065501191704577,'学生行为统计',1,25,1356948450691780816,CURDATE(),1356948450691780816,CURDATE(),1);
INSERT INTO `zz_sys_perm_module` VALUES(1356948450683392068,1309065501191704577,'学生行为流水',1,30,1356948450691780816,CURDATE(),1356948450691780816,CURDATE(),1);
INSERT INTO `zz_sys_perm_module` VALUES(1356948450683392076,1309065501174927363,'角色管理',1,10,1356948450691780816,CURDATE(),1356948450691780816,CURDATE(),1);
INSERT INTO `zz_sys_perm_module` VALUES(1356948450683392088,1309065501174927363,'菜单管理',1,15,1356948450691780816,CURDATE(),1356948450691780816,CURDATE(),1);
INSERT INTO `zz_sys_perm_module` VALUES(1356948450683392096,1309065501174927363,'权限字管理',1,20,1356948450691780816,CURDATE(),1356948450691780816,CURDATE(),1);
INSERT INTO `zz_sys_perm_module` VALUES(1356948450683392104,1309065501174927363,'权限模块管理',1,25,1356948450691780816,CURDATE(),1356948450691780816,CURDATE(),1);
INSERT INTO `zz_sys_perm_module` VALUES(1356948450683392110,1309065501174927363,'权限资源管理',1,30,1356948450691780816,CURDATE(),1356948450691780816,CURDATE(),1);
INSERT INTO `zz_sys_perm_module` VALUES(1356948450683392119,1309065501191704576,'字典管理',0,1,1356948450691780816,CURDATE(),1356948450691780816,CURDATE(),1);
INSERT INTO `zz_sys_perm_module` VALUES(1356948450683392120,1356948450683392119,'行政区划',1,1,1356948450691780816,CURDATE(),1356948450691780816,CURDATE(),1);
INSERT INTO `zz_sys_perm_module` VALUES(1356948450683392125,1356948450683392119,'年级',1,2,1356948450691780816,CURDATE(),1356948450691780816,CURDATE(),1);
COMMIT;

-- ----------------------------
-- 全部权限资源数据
-- ----------------------------
BEGIN;
INSERT INTO `zz_sys_perm` VALUES(1356948450683392001,1356948450683392000,'新增','/admin/app/course/add',1,1356948450691780816,CURDATE(),1356948450691780816,CURDATE(),1);
INSERT INTO `zz_sys_perm` VALUES(1356948450683392002,1356948450683392000,'编辑','/admin/app/course/update',2,1356948450691780816,CURDATE(),1356948450691780816,CURDATE(),1);
INSERT INTO `zz_sys_perm` VALUES(1356948450683392003,1356948450683392000,'删除','/admin/app/course/delete',3,1356948450691780816,CURDATE(),1356948450691780816,CURDATE(),1);
INSERT INTO `zz_sys_perm` VALUES(1356948450683392004,1356948450683392000,'显示列表','/admin/app/course/list',4,1356948450691780816,CURDATE(),1356948450691780816,CURDATE(),1);
INSERT INTO `zz_sys_perm` VALUES(1356948450683392005,1356948450683392000,'导出','/admin/app/course/export',5,1356948450691780816,CURDATE(),1356948450691780816,CURDATE(),1);
INSERT INTO `zz_sys_perm` VALUES(1356948450683392006,1356948450683392000,'详情','/admin/app/course/view',6,1356948450691780816,CURDATE(),1356948450691780816,CURDATE(),1);
INSERT INTO `zz_sys_perm` VALUES(1356948450683392007,1356948450683392000,'打印','/admin/app/course/print',7,1356948450691780816,CURDATE(),1356948450691780816,CURDATE(),1);
INSERT INTO `zz_sys_perm` VALUES(1356948450683392008,1356948450683392000,'课程数据文件上传','/admin/app/course/upload',8,1356948450691780816,CURDATE(),1356948450691780816,CURDATE(),1);
INSERT INTO `zz_sys_perm` VALUES(1356948450683392009,1356948450683392000,'课程数据文件下载','/admin/app/course/download',9,1356948450691780816,CURDATE(),1356948450691780816,CURDATE(),1);
INSERT INTO `zz_sys_perm` VALUES(1356948450683392011,1356948450683392010,'新增','/admin/app/schoolInfo/add',1,1356948450691780816,CURDATE(),1356948450691780816,CURDATE(),1);
INSERT INTO `zz_sys_perm` VALUES(1356948450683392012,1356948450683392010,'编辑','/admin/app/schoolInfo/update',2,1356948450691780816,CURDATE(),1356948450691780816,CURDATE(),1);
INSERT INTO `zz_sys_perm` VALUES(1356948450683392013,1356948450683392010,'删除','/admin/app/schoolInfo/delete',3,1356948450691780816,CURDATE(),1356948450691780816,CURDATE(),1);
INSERT INTO `zz_sys_perm` VALUES(1356948450683392014,1356948450683392010,'显示列表','/admin/app/schoolInfo/list',4,1356948450691780816,CURDATE(),1356948450691780816,CURDATE(),1);
INSERT INTO `zz_sys_perm` VALUES(1356948450683392015,1356948450683392010,'导出','/admin/app/schoolInfo/export',5,1356948450691780816,CURDATE(),1356948450691780816,CURDATE(),1);
INSERT INTO `zz_sys_perm` VALUES(1356948450683392016,1356948450683392010,'详情','/admin/app/schoolInfo/view',6,1356948450691780816,CURDATE(),1356948450691780816,CURDATE(),1);
INSERT INTO `zz_sys_perm` VALUES(1356948450683392017,1356948450683392010,'打印','/admin/app/schoolInfo/print',7,1356948450691780816,CURDATE(),1356948450691780816,CURDATE(),1);
INSERT INTO `zz_sys_perm` VALUES(1356948450683392019,1356948450683392018,'新增','/admin/app/student/add',1,1356948450691780816,CURDATE(),1356948450691780816,CURDATE(),1);
INSERT INTO `zz_sys_perm` VALUES(1356948450683392020,1356948450683392018,'编辑','/admin/app/student/update',2,1356948450691780816,CURDATE(),1356948450691780816,CURDATE(),1);
INSERT INTO `zz_sys_perm` VALUES(1356948450683392021,1356948450683392018,'删除','/admin/app/student/delete',3,1356948450691780816,CURDATE(),1356948450691780816,CURDATE(),1);
INSERT INTO `zz_sys_perm` VALUES(1356948450683392022,1356948450683392018,'显示列表','/admin/app/student/list',4,1356948450691780816,CURDATE(),1356948450691780816,CURDATE(),1);
INSERT INTO `zz_sys_perm` VALUES(1356948450683392023,1356948450683392018,'导出','/admin/app/student/export',5,1356948450691780816,CURDATE(),1356948450691780816,CURDATE(),1);
INSERT INTO `zz_sys_perm` VALUES(1356948450683392024,1356948450683392018,'详情','/admin/app/student/view',6,1356948450691780816,CURDATE(),1356948450691780816,CURDATE(),1);
INSERT INTO `zz_sys_perm` VALUES(1356948450683392025,1356948450683392018,'打印','/admin/app/student/print',7,1356948450691780816,CURDATE(),1356948450691780816,CURDATE(),1);
INSERT INTO `zz_sys_perm` VALUES(1356948450683392027,1356948450683392026,'新增','/admin/upms/sysUser/add',1,1356948450691780816,CURDATE(),1356948450691780816,CURDATE(),1);
INSERT INTO `zz_sys_perm` VALUES(1356948450683392028,1356948450683392026,'编辑','/admin/upms/sysUser/update',2,1356948450691780816,CURDATE(),1356948450691780816,CURDATE(),1);
INSERT INTO `zz_sys_perm` VALUES(1356948450683392029,1356948450683392026,'删除','/admin/upms/sysUser/delete',3,1356948450691780816,CURDATE(),1356948450691780816,CURDATE(),1);
INSERT INTO `zz_sys_perm` VALUES(1356948450683392030,1356948450683392026,'显示列表','/admin/upms/sysUser/list',4,1356948450691780816,CURDATE(),1356948450691780816,CURDATE(),1);
INSERT INTO `zz_sys_perm` VALUES(1356948450683392031,1356948450683392026,'导出','/admin/upms/sysUser/export',5,1356948450691780816,CURDATE(),1356948450691780816,CURDATE(),1);
INSERT INTO `zz_sys_perm` VALUES(1356948450683392032,1356948450683392026,'详情','/admin/upms/sysUser/view',6,1356948450691780816,CURDATE(),1356948450691780816,CURDATE(),1);
INSERT INTO `zz_sys_perm` VALUES(1356948450683392033,1356948450683392026,'打印','/admin/upms/sysUser/print',7,1356948450691780816,CURDATE(),1356948450691780816,CURDATE(),1);
INSERT INTO `zz_sys_perm` VALUES(1356948450683392034,1356948450683392026,'重置密码','/admin/upms/sysUser/resetPassword',8,1356948450691780816,CURDATE(),1356948450691780816,CURDATE(),1);
INSERT INTO `zz_sys_perm` VALUES(1356948450683392035,1356948450683392026,'用户权限资源分配详情','/admin/upms/sysUser/listSysPermWithDetail',9,1356948450691780816,CURDATE(),1356948450691780816,CURDATE(),1);
INSERT INTO `zz_sys_perm` VALUES(1356948450683392036,1356948450683392026,'用户权限字分配详情','/admin/upms/sysUser/listSysPermCodeWithDetail',10,1356948450691780816,CURDATE(),1356948450691780816,CURDATE(),1);
INSERT INTO `zz_sys_perm` VALUES(1356948450683392037,1356948450683392026,'用户菜单分配详情','/admin/upms/sysUser/listSysMenuWithDetail',11,1356948450691780816,CURDATE(),1356948450691780816,CURDATE(),1);
INSERT INTO `zz_sys_perm` VALUES(1356948450683392039,1356948450683392038,'新增','/admin/app/studentClass/add',1,1356948450691780816,CURDATE(),1356948450691780816,CURDATE(),1);
INSERT INTO `zz_sys_perm` VALUES(1356948450683392040,1356948450683392038,'编辑','/admin/app/studentClass/update',2,1356948450691780816,CURDATE(),1356948450691780816,CURDATE(),1);
INSERT INTO `zz_sys_perm` VALUES(1356948450683392041,1356948450683392038,'删除','/admin/app/studentClass/delete',3,1356948450691780816,CURDATE(),1356948450691780816,CURDATE(),1);
INSERT INTO `zz_sys_perm` VALUES(1356948450683392042,1356948450683392038,'显示列表','/admin/app/studentClass/list',4,1356948450691780816,CURDATE(),1356948450691780816,CURDATE(),1);
INSERT INTO `zz_sys_perm` VALUES(1356948450683392043,1356948450683392038,'导出','/admin/app/studentClass/export',5,1356948450691780816,CURDATE(),1356948450691780816,CURDATE(),1);
INSERT INTO `zz_sys_perm` VALUES(1356948450683392044,1356948450683392038,'详情','/admin/app/studentClass/view',6,1356948450691780816,CURDATE(),1356948450691780816,CURDATE(),1);
INSERT INTO `zz_sys_perm` VALUES(1356948450683392045,1356948450683392038,'打印','/admin/app/studentClass/print',7,1356948450691780816,CURDATE(),1356948450691780816,CURDATE(),1);
INSERT INTO `zz_sys_perm` VALUES(1356948450683392046,1356948450683392038,'新增班级课程','/admin/app/studentClass/addClassCourse',8,1356948450691780816,CURDATE(),1356948450691780816,CURDATE(),1);
INSERT INTO `zz_sys_perm` VALUES(1356948450683392047,1356948450683392038,'详情班级课程','/admin/app/studentClass/viewClassCourse',9,1356948450691780816,CURDATE(),1356948450691780816,CURDATE(),1);
INSERT INTO `zz_sys_perm` VALUES(1356948450683392048,1356948450683392038,'编辑班级课程','/admin/app/studentClass/updateClassCourse',10,1356948450691780816,CURDATE(),1356948450691780816,CURDATE(),1);
INSERT INTO `zz_sys_perm` VALUES(1356948450683392049,1356948450683392038,'移除班级课程','/admin/app/studentClass/deleteClassCourse',11,1356948450691780816,CURDATE(),1356948450691780816,CURDATE(),1);
INSERT INTO `zz_sys_perm` VALUES(1356948450683392050,1356948450683392038,'班级课程列表','/admin/app/studentClass/listClassCourse',12,1356948450691780816,CURDATE(),1356948450691780816,CURDATE(),1);
INSERT INTO `zz_sys_perm` VALUES(1356948450683392051,1356948450683392038,'班级课程未关联列表','/admin/app/studentClass/listNotInClassCourse',13,1356948450691780816,CURDATE(),1356948450691780816,CURDATE(),1);
INSERT INTO `zz_sys_perm` VALUES(1356948450683392052,1356948450683392038,'新增班级学生','/admin/app/studentClass/addClassStudent',14,1356948450691780816,CURDATE(),1356948450691780816,CURDATE(),1);
INSERT INTO `zz_sys_perm` VALUES(1356948450683392053,1356948450683392038,'移除班级学生','/admin/app/studentClass/deleteClassStudent',15,1356948450691780816,CURDATE(),1356948450691780816,CURDATE(),1);
INSERT INTO `zz_sys_perm` VALUES(1356948450683392054,1356948450683392038,'班级学生列表','/admin/app/studentClass/listClassStudent',16,1356948450691780816,CURDATE(),1356948450691780816,CURDATE(),1);
INSERT INTO `zz_sys_perm` VALUES(1356948450683392055,1356948450683392038,'班级学生未关联列表','/admin/app/studentClass/listNotInClassStudent',17,1356948450691780816,CURDATE(),1356948450691780816,CURDATE(),1);
INSERT INTO `zz_sys_perm` VALUES(1356948450683392057,1356948450683392056,'分组列表','/admin/app/courseTransStats/listWithGroup',1,1356948450691780816,CURDATE(),1356948450691780816,CURDATE(),1);
INSERT INTO `zz_sys_perm` VALUES(1356948450683392058,1356948450683392056,'显示列表','/admin/app/courseTransStats/list',2,1356948450691780816,CURDATE(),1356948450691780816,CURDATE(),1);
INSERT INTO `zz_sys_perm` VALUES(1356948450683392059,1356948450683392056,'导出','/admin/app/courseTransStats/export',3,1356948450691780816,CURDATE(),1356948450691780816,CURDATE(),1);
INSERT INTO `zz_sys_perm` VALUES(1356948450683392060,1356948450683392056,'详情','/admin/app/courseTransStats/view',4,1356948450691780816,CURDATE(),1356948450691780816,CURDATE(),1);
INSERT INTO `zz_sys_perm` VALUES(1356948450683392061,1356948450683392056,'打印','/admin/app/courseTransStats/print',5,1356948450691780816,CURDATE(),1356948450691780816,CURDATE(),1);
INSERT INTO `zz_sys_perm` VALUES(1356948450683392063,1356948450683392062,'分组列表','/admin/app/studentActionStats/listWithGroup',1,1356948450691780816,CURDATE(),1356948450691780816,CURDATE(),1);
INSERT INTO `zz_sys_perm` VALUES(1356948450683392064,1356948450683392062,'显示列表','/admin/app/studentActionStats/list',2,1356948450691780816,CURDATE(),1356948450691780816,CURDATE(),1);
INSERT INTO `zz_sys_perm` VALUES(1356948450683392065,1356948450683392062,'导出','/admin/app/studentActionStats/export',3,1356948450691780816,CURDATE(),1356948450691780816,CURDATE(),1);
INSERT INTO `zz_sys_perm` VALUES(1356948450683392066,1356948450683392062,'详情','/admin/app/studentActionStats/view',4,1356948450691780816,CURDATE(),1356948450691780816,CURDATE(),1);
INSERT INTO `zz_sys_perm` VALUES(1356948450683392067,1356948450683392062,'打印','/admin/app/studentActionStats/print',5,1356948450691780816,CURDATE(),1356948450691780816,CURDATE(),1);
INSERT INTO `zz_sys_perm` VALUES(1356948450683392069,1356948450683392068,'新增','/admin/app/studentActionTrans/add',1,1356948450691780816,CURDATE(),1356948450691780816,CURDATE(),1);
INSERT INTO `zz_sys_perm` VALUES(1356948450683392070,1356948450683392068,'编辑','/admin/app/studentActionTrans/update',2,1356948450691780816,CURDATE(),1356948450691780816,CURDATE(),1);
INSERT INTO `zz_sys_perm` VALUES(1356948450683392071,1356948450683392068,'删除','/admin/app/studentActionTrans/delete',3,1356948450691780816,CURDATE(),1356948450691780816,CURDATE(),1);
INSERT INTO `zz_sys_perm` VALUES(1356948450683392072,1356948450683392068,'显示列表','/admin/app/studentActionTrans/list',4,1356948450691780816,CURDATE(),1356948450691780816,CURDATE(),1);
INSERT INTO `zz_sys_perm` VALUES(1356948450683392073,1356948450683392068,'导出','/admin/app/studentActionTrans/export',5,1356948450691780816,CURDATE(),1356948450691780816,CURDATE(),1);
INSERT INTO `zz_sys_perm` VALUES(1356948450683392074,1356948450683392068,'详情','/admin/app/studentActionTrans/view',6,1356948450691780816,CURDATE(),1356948450691780816,CURDATE(),1);
INSERT INTO `zz_sys_perm` VALUES(1356948450683392075,1356948450683392068,'打印','/admin/app/studentActionTrans/print',7,1356948450691780816,CURDATE(),1356948450691780816,CURDATE(),1);
INSERT INTO `zz_sys_perm` VALUES(1356948450683392077,1356948450683392076,'新增','/admin/upms/sysRole/add',1,1356948450691780816,CURDATE(),1356948450691780816,CURDATE(),1);
INSERT INTO `zz_sys_perm` VALUES(1356948450683392078,1356948450683392076,'编辑','/admin/upms/sysRole/update',2,1356948450691780816,CURDATE(),1356948450691780816,CURDATE(),1);
INSERT INTO `zz_sys_perm` VALUES(1356948450683392079,1356948450683392076,'删除','/admin/upms/sysRole/delete',3,1356948450691780816,CURDATE(),1356948450691780816,CURDATE(),1);
INSERT INTO `zz_sys_perm` VALUES(1356948450683392080,1356948450683392076,'显示列表','/admin/upms/sysRole/list',4,1356948450691780816,CURDATE(),1356948450691780816,CURDATE(),1);
INSERT INTO `zz_sys_perm` VALUES(1356948450683392081,1356948450683392076,'详情','/admin/upms/sysRole/view',5,1356948450691780816,CURDATE(),1356948450691780816,CURDATE(),1);
INSERT INTO `zz_sys_perm` VALUES(1356948450683392082,1356948450683392076,'授权用户','/admin/upms/sysRole/addUserRole',6,1356948450691780816,CURDATE(),1356948450691780816,CURDATE(),1);
INSERT INTO `zz_sys_perm` VALUES(1356948450683392083,1356948450683392076,'移除用户','/admin/upms/sysRole/deleteUserRole',7,1356948450691780816,CURDATE(),1356948450691780816,CURDATE(),1);
INSERT INTO `zz_sys_perm` VALUES(1356948450683392084,1356948450683392076,'角色用户列表','/admin/upms/sysRole/listUserRole',8,1356948450691780816,CURDATE(),1356948450691780816,CURDATE(),1);
INSERT INTO `zz_sys_perm` VALUES(1356948450683392085,1356948450683392076,'角色未添加用户列表','/admin/upms/sysRole/listNotInUserRole',9,1356948450691780816,CURDATE(),1356948450691780816,CURDATE(),1);
INSERT INTO `zz_sys_perm` VALUES(1356948450683392086,1356948450683392076,'角色权限资源分配详情','/admin/upms/sysRole/listSysPermWithDetail',10,1356948450691780816,CURDATE(),1356948450691780816,CURDATE(),1);
INSERT INTO `zz_sys_perm` VALUES(1356948450683392087,1356948450683392076,'角色权限字分配详情','/admin/upms/sysRole/listSysPermCodeWithDetail',11,1356948450691780816,CURDATE(),1356948450691780816,CURDATE(),1);
INSERT INTO `zz_sys_perm` VALUES(1356948450683392089,1356948450683392088,'新增','/admin/upms/sysMenu/add',1,1356948450691780816,CURDATE(),1356948450691780816,CURDATE(),1);
INSERT INTO `zz_sys_perm` VALUES(1356948450683392090,1356948450683392088,'编辑','/admin/upms/sysMenu/update',2,1356948450691780816,CURDATE(),1356948450691780816,CURDATE(),1);
INSERT INTO `zz_sys_perm` VALUES(1356948450683392091,1356948450683392088,'删除','/admin/upms/sysMenu/delete',3,1356948450691780816,CURDATE(),1356948450691780816,CURDATE(),1);
INSERT INTO `zz_sys_perm` VALUES(1356948450683392092,1356948450683392088,'显示列表','/admin/upms/sysMenu/list',4,1356948450691780816,CURDATE(),1356948450691780816,CURDATE(),1);
INSERT INTO `zz_sys_perm` VALUES(1356948450683392093,1356948450683392088,'详情','/admin/upms/sysMenu/view',5,1356948450691780816,CURDATE(),1356948450691780816,CURDATE(),1);
INSERT INTO `zz_sys_perm` VALUES(1356948450683392094,1356948450683392088,'菜单权限资源分配详情','/admin/upms/sysMenu/listSysPermWithDetail',6,1356948450691780816,CURDATE(),1356948450691780816,CURDATE(),1);
INSERT INTO `zz_sys_perm` VALUES(1356948450683392095,1356948450683392088,'菜单用户分配详情','/admin/upms/sysMenu/listSysUserWithDetail',7,1356948450691780816,CURDATE(),1356948450691780816,CURDATE(),1);
INSERT INTO `zz_sys_perm` VALUES(1356948450683392097,1356948450683392096,'新增','/admin/upms/sysPermCode/add',1,1356948450691780816,CURDATE(),1356948450691780816,CURDATE(),1);
INSERT INTO `zz_sys_perm` VALUES(1356948450683392098,1356948450683392096,'编辑','/admin/upms/sysPermCode/update',2,1356948450691780816,CURDATE(),1356948450691780816,CURDATE(),1);
INSERT INTO `zz_sys_perm` VALUES(1356948450683392099,1356948450683392096,'删除','/admin/upms/sysPermCode/delete',3,1356948450691780816,CURDATE(),1356948450691780816,CURDATE(),1);
INSERT INTO `zz_sys_perm` VALUES(1356948450683392100,1356948450683392096,'显示列表','/admin/upms/sysPermCode/list',4,1356948450691780816,CURDATE(),1356948450691780816,CURDATE(),1);
INSERT INTO `zz_sys_perm` VALUES(1356948450683392101,1356948450683392096,'详情','/admin/upms/sysPermCode/view',5,1356948450691780816,CURDATE(),1356948450691780816,CURDATE(),1);
INSERT INTO `zz_sys_perm` VALUES(1356948450683392102,1356948450683392096,'权限字用户分配详情','/admin/upms/sysPermCode/listSysUserWithDetail',6,1356948450691780816,CURDATE(),1356948450691780816,CURDATE(),1);
INSERT INTO `zz_sys_perm` VALUES(1356948450683392103,1356948450683392096,'权限字角色分配详情','/admin/upms/sysPermCode/listSysRoleWithDetail',7,1356948450691780816,CURDATE(),1356948450691780816,CURDATE(),1);
INSERT INTO `zz_sys_perm` VALUES(1356948450683392105,1356948450683392104,'新增','/admin/upms/sysPermModule/add',1,1356948450691780816,CURDATE(),1356948450691780816,CURDATE(),1);
INSERT INTO `zz_sys_perm` VALUES(1356948450683392106,1356948450683392104,'编辑','/admin/upms/sysPermModule/update',2,1356948450691780816,CURDATE(),1356948450691780816,CURDATE(),1);
INSERT INTO `zz_sys_perm` VALUES(1356948450683392107,1356948450683392104,'删除','/admin/upms/sysPermModule/delete',3,1356948450691780816,CURDATE(),1356948450691780816,CURDATE(),1);
INSERT INTO `zz_sys_perm` VALUES(1356948450683392108,1356948450683392104,'显示列表','/admin/upms/sysPermModule/list',4,1356948450691780816,CURDATE(),1356948450691780816,CURDATE(),1);
INSERT INTO `zz_sys_perm` VALUES(1356948450683392109,1356948450683392104,'显示全部','/admin/upms/sysPermModule/listAll',5,1356948450691780816,CURDATE(),1356948450691780816,CURDATE(),1);
INSERT INTO `zz_sys_perm` VALUES(1356948450683392111,1356948450683392110,'新增','/admin/upms/sysPerm/add',1,1356948450691780816,CURDATE(),1356948450691780816,CURDATE(),1);
INSERT INTO `zz_sys_perm` VALUES(1356948450683392112,1356948450683392110,'编辑','/admin/upms/sysPerm/update',2,1356948450691780816,CURDATE(),1356948450691780816,CURDATE(),1);
INSERT INTO `zz_sys_perm` VALUES(1356948450683392113,1356948450683392110,'删除','/admin/upms/sysPerm/delete',3,1356948450691780816,CURDATE(),1356948450691780816,CURDATE(),1);
INSERT INTO `zz_sys_perm` VALUES(1356948450683392114,1356948450683392110,'显示列表','/admin/upms/sysPerm/list',4,1356948450691780816,CURDATE(),1356948450691780816,CURDATE(),1);
INSERT INTO `zz_sys_perm` VALUES(1356948450683392115,1356948450683392110,'详情','/admin/upms/sysPerm/view',5,1356948450691780816,CURDATE(),1356948450691780816,CURDATE(),1);
INSERT INTO `zz_sys_perm` VALUES(1356948450683392116,1356948450683392110,'权限资源用户分配详情','/admin/upms/sysPerm/listSysUserWithDetail',6,1356948450691780816,CURDATE(),1356948450691780816,CURDATE(),1);
INSERT INTO `zz_sys_perm` VALUES(1356948450683392117,1356948450683392110,'权限资源角色分配详情','/admin/upms/sysPerm/listSysRoleWithDetail',7,1356948450691780816,CURDATE(),1356948450691780816,CURDATE(),1);
INSERT INTO `zz_sys_perm` VALUES(1356948450683392118,1356948450683392110,'权限资源菜单分配详情','/admin/upms/sysPerm/listSysMenuWithDetail',8,1356948450691780816,CURDATE(),1356948450691780816,CURDATE(),1);
INSERT INTO `zz_sys_perm` VALUES(1356948450683392121,1356948450683392120,'新增','/admin/app/areaCode/add',1,1356948450691780816,CURDATE(),1356948450691780816,CURDATE(),1);
INSERT INTO `zz_sys_perm` VALUES(1356948450683392122,1356948450683392120,'编辑','/admin/app/areaCode/update',2,1356948450691780816,CURDATE(),1356948450691780816,CURDATE(),1);
INSERT INTO `zz_sys_perm` VALUES(1356948450683392123,1356948450683392120,'删除','/admin/app/areaCode/delete',3,1356948450691780816,CURDATE(),1356948450691780816,CURDATE(),1);
INSERT INTO `zz_sys_perm` VALUES(1356948450683392124,1356948450683392120,'同步缓存','/admin/app/areaCode/reloadCachedData',4,1356948450691780816,CURDATE(),1356948450691780816,CURDATE(),1);
INSERT INTO `zz_sys_perm` VALUES(1356948450683392126,1356948450683392125,'新增','/admin/app/grade/add',1,1356948450691780816,CURDATE(),1356948450691780816,CURDATE(),1);
INSERT INTO `zz_sys_perm` VALUES(1356948450683392127,1356948450683392125,'编辑','/admin/app/grade/update',2,1356948450691780816,CURDATE(),1356948450691780816,CURDATE(),1);
INSERT INTO `zz_sys_perm` VALUES(1356948450683392128,1356948450683392125,'删除','/admin/app/grade/delete',3,1356948450691780816,CURDATE(),1356948450691780816,CURDATE(),1);
INSERT INTO `zz_sys_perm` VALUES(1356948450683392129,1356948450683392125,'同步缓存','/admin/app/grade/reloadCachedData',4,1356948450691780816,CURDATE(),1356948450691780816,CURDATE(),1);
COMMIT;

-- ----------------------------
-- 全部权限字和权限资源关系数据
-- ----------------------------
BEGIN;
INSERT INTO `zz_sys_perm_code_perm` VALUES(1356948450691780609,1356948450683392014);
INSERT INTO `zz_sys_perm_code_perm` VALUES(1356948450691780612,1356948450683392013);
INSERT INTO `zz_sys_perm_code_perm` VALUES(1356948450691780616,1356948450683392011);
INSERT INTO `zz_sys_perm_code_perm` VALUES(1356948450691780618,1356948450683392016);
INSERT INTO `zz_sys_perm_code_perm` VALUES(1356948450691780620,1356948450683392012);
INSERT INTO `zz_sys_perm_code_perm` VALUES(1356948450691780622,1356948450683392022);
INSERT INTO `zz_sys_perm_code_perm` VALUES(1356948450691780625,1356948450683392021);
INSERT INTO `zz_sys_perm_code_perm` VALUES(1356948450691780629,1356948450683392019);
INSERT INTO `zz_sys_perm_code_perm` VALUES(1356948450691780631,1356948450683392024);
INSERT INTO `zz_sys_perm_code_perm` VALUES(1356948450691780633,1356948450683392020);
INSERT INTO `zz_sys_perm_code_perm` VALUES(1356948450691780637,1356948450683392008);
INSERT INTO `zz_sys_perm_code_perm` VALUES(1356948450691780637,1356948450683392001);
INSERT INTO `zz_sys_perm_code_perm` VALUES(1356948450691780639,1356948450683392009);
INSERT INTO `zz_sys_perm_code_perm` VALUES(1356948450691780639,1356948450683392006);
INSERT INTO `zz_sys_perm_code_perm` VALUES(1356948450691780641,1356948450683392008);
INSERT INTO `zz_sys_perm_code_perm` VALUES(1356948450691780641,1356948450683392002);
INSERT INTO `zz_sys_perm_code_perm` VALUES(1356948450691780643,1356948450683392009);
INSERT INTO `zz_sys_perm_code_perm` VALUES(1356948450691780643,1356948450683392004);
INSERT INTO `zz_sys_perm_code_perm` VALUES(1356948450691780646,1356948450683392003);
INSERT INTO `zz_sys_perm_code_perm` VALUES(1356948450691780648,1356948450683392057);
INSERT INTO `zz_sys_perm_code_perm` VALUES(1356948450691780648,1356948450683392058);
INSERT INTO `zz_sys_perm_code_perm` VALUES(1356948450691780650,1356948450683392063);
INSERT INTO `zz_sys_perm_code_perm` VALUES(1356948450691780650,1356948450683392064);
INSERT INTO `zz_sys_perm_code_perm` VALUES(1356948450691780660,1356948450683392072);
INSERT INTO `zz_sys_perm_code_perm` VALUES(1356948450691780664,1356948450683392039);
INSERT INTO `zz_sys_perm_code_perm` VALUES(1356948450691780666,1356948450683392044);
INSERT INTO `zz_sys_perm_code_perm` VALUES(1356948450691780668,1356948450683392040);
INSERT INTO `zz_sys_perm_code_perm` VALUES(1356948450691780670,1356948450683392055);
INSERT INTO `zz_sys_perm_code_perm` VALUES(1356948450691780671,1356948450683392052);
INSERT INTO `zz_sys_perm_code_perm` VALUES(1356948450691780673,1356948450683392051);
INSERT INTO `zz_sys_perm_code_perm` VALUES(1356948450691780674,1356948450683392046);
INSERT INTO `zz_sys_perm_code_perm` VALUES(1356948450691780676,1356948450683392047);
INSERT INTO `zz_sys_perm_code_perm` VALUES(1356948450691780678,1356948450683392048);
INSERT INTO `zz_sys_perm_code_perm` VALUES(1356948450691780680,1356948450683392042);
INSERT INTO `zz_sys_perm_code_perm` VALUES(1356948450691780680,1356948450683392050);
INSERT INTO `zz_sys_perm_code_perm` VALUES(1356948450691780680,1356948450683392054);
INSERT INTO `zz_sys_perm_code_perm` VALUES(1356948450691780683,1356948450683392041);
INSERT INTO `zz_sys_perm_code_perm` VALUES(1356948450691780684,1356948450683392049);
INSERT INTO `zz_sys_perm_code_perm` VALUES(1356948450691780685,1356948450683392053);
INSERT INTO `zz_sys_perm_code_perm` VALUES(1356948450691780697,1356948450683392030);
INSERT INTO `zz_sys_perm_code_perm` VALUES(1356948450691780697,1356948450683392031);
INSERT INTO `zz_sys_perm_code_perm` VALUES(1356948450691780698,1356948450683392027);
INSERT INTO `zz_sys_perm_code_perm` VALUES(1356948450691780698,1356948450683392080);
INSERT INTO `zz_sys_perm_code_perm` VALUES(1356948450691780699,1356948450683392032);
INSERT INTO `zz_sys_perm_code_perm` VALUES(1356948450691780699,1356948450683392028);
INSERT INTO `zz_sys_perm_code_perm` VALUES(1356948450691780699,1356948450683392033);
INSERT INTO `zz_sys_perm_code_perm` VALUES(1356948450691780699,1356948450683392080);
INSERT INTO `zz_sys_perm_code_perm` VALUES(1356948450691780700,1356948450683392029);
INSERT INTO `zz_sys_perm_code_perm` VALUES(1356948450691780701,1356948450683392034);
INSERT INTO `zz_sys_perm_code_perm` VALUES(1356948450691780702,1356948450683392037);
INSERT INTO `zz_sys_perm_code_perm` VALUES(1356948450691780702,1356948450683392036);
INSERT INTO `zz_sys_perm_code_perm` VALUES(1356948450691780702,1356948450683392035);
INSERT INTO `zz_sys_perm_code_perm` VALUES(1356948450691780715,1356948450683392080);
INSERT INTO `zz_sys_perm_code_perm` VALUES(1356948450691780717,1356948450683392077);
INSERT INTO `zz_sys_perm_code_perm` VALUES(1356948450691780717,1356948450683392092);
INSERT INTO `zz_sys_perm_code_perm` VALUES(1356948450691780718,1356948450683392081);
INSERT INTO `zz_sys_perm_code_perm` VALUES(1356948450691780718,1356948450683392078);
INSERT INTO `zz_sys_perm_code_perm` VALUES(1356948450691780718,1356948450683392092);
INSERT INTO `zz_sys_perm_code_perm` VALUES(1356948450691780720,1356948450683392087);
INSERT INTO `zz_sys_perm_code_perm` VALUES(1356948450691780720,1356948450683392086);
INSERT INTO `zz_sys_perm_code_perm` VALUES(1356948450691780719,1356948450683392079);
INSERT INTO `zz_sys_perm_code_perm` VALUES(1356948450691780716,1356948450683392084);
INSERT INTO `zz_sys_perm_code_perm` VALUES(1356948450691780721,1356948450683392082);
INSERT INTO `zz_sys_perm_code_perm` VALUES(1356948450691780721,1356948450683392085);
INSERT INTO `zz_sys_perm_code_perm` VALUES(1356948450691780722,1356948450683392083);
INSERT INTO `zz_sys_perm_code_perm` VALUES(1356948450691780730,1356948450683392092);
INSERT INTO `zz_sys_perm_code_perm` VALUES(1356948450691780731,1356948450683392089);
INSERT INTO `zz_sys_perm_code_perm` VALUES(1356948450691780731,1356948450683392100);
INSERT INTO `zz_sys_perm_code_perm` VALUES(1356948450691780732,1356948450683392093);
INSERT INTO `zz_sys_perm_code_perm` VALUES(1356948450691780732,1356948450683392090);
INSERT INTO `zz_sys_perm_code_perm` VALUES(1356948450691780732,1356948450683392100);
INSERT INTO `zz_sys_perm_code_perm` VALUES(1356948450691780733,1356948450683392091);
INSERT INTO `zz_sys_perm_code_perm` VALUES(1356948450691780734,1356948450683392094);
INSERT INTO `zz_sys_perm_code_perm` VALUES(1356948450691780734,1356948450683392095);
INSERT INTO `zz_sys_perm_code_perm` VALUES(1356948450691780742,1356948450683392100);
INSERT INTO `zz_sys_perm_code_perm` VALUES(1356948450691780743,1356948450683392097);
INSERT INTO `zz_sys_perm_code_perm` VALUES(1356948450691780743,1356948450683392109);
INSERT INTO `zz_sys_perm_code_perm` VALUES(1356948450691780744,1356948450683392101);
INSERT INTO `zz_sys_perm_code_perm` VALUES(1356948450691780744,1356948450683392098);
INSERT INTO `zz_sys_perm_code_perm` VALUES(1356948450691780744,1356948450683392109);
INSERT INTO `zz_sys_perm_code_perm` VALUES(1356948450691780745,1356948450683392099);
INSERT INTO `zz_sys_perm_code_perm` VALUES(1356948450691780746,1356948450683392102);
INSERT INTO `zz_sys_perm_code_perm` VALUES(1356948450691780746,1356948450683392103);
INSERT INTO `zz_sys_perm_code_perm` VALUES(1356948450691780757,1356948450683392108);
INSERT INTO `zz_sys_perm_code_perm` VALUES(1356948450691780757,1356948450683392109);
INSERT INTO `zz_sys_perm_code_perm` VALUES(1356948450691780757,1356948450683392114);
INSERT INTO `zz_sys_perm_code_perm` VALUES(1356948450691780758,1356948450683392105);
INSERT INTO `zz_sys_perm_code_perm` VALUES(1356948450691780759,1356948450683392106);
INSERT INTO `zz_sys_perm_code_perm` VALUES(1356948450691780760,1356948450683392107);
INSERT INTO `zz_sys_perm_code_perm` VALUES(1356948450691780761,1356948450683392111);
INSERT INTO `zz_sys_perm_code_perm` VALUES(1356948450691780762,1356948450683392115);
INSERT INTO `zz_sys_perm_code_perm` VALUES(1356948450691780762,1356948450683392112);
INSERT INTO `zz_sys_perm_code_perm` VALUES(1356948450691780763,1356948450683392113);
INSERT INTO `zz_sys_perm_code_perm` VALUES(1356948450691780764,1356948450683392116);
INSERT INTO `zz_sys_perm_code_perm` VALUES(1356948450691780764,1356948450683392117);
INSERT INTO `zz_sys_perm_code_perm` VALUES(1356948450691780764,1356948450683392118);
INSERT INTO `zz_sys_perm_code_perm` VALUES(1356948450691780772,1356948450683392121);
INSERT INTO `zz_sys_perm_code_perm` VALUES(1356948450691780772,1356948450683392122);
INSERT INTO `zz_sys_perm_code_perm` VALUES(1356948450691780772,1356948450683392123);
INSERT INTO `zz_sys_perm_code_perm` VALUES(1356948450691780772,1356948450683392124);
INSERT INTO `zz_sys_perm_code_perm` VALUES(1356948450691780772,1356948450683392126);
INSERT INTO `zz_sys_perm_code_perm` VALUES(1356948450691780772,1356948450683392127);
INSERT INTO `zz_sys_perm_code_perm` VALUES(1356948450691780772,1356948450683392128);
INSERT INTO `zz_sys_perm_code_perm` VALUES(1356948450691780772,1356948450683392129);
COMMIT;

-- ----------------------------
-- 全部白名单权限资源数据
-- ----------------------------
BEGIN;
INSERT INTO `zz_sys_perm_whitelist` VALUES ('/admin/upms/login/getLoginInfo', '登录模块', '获取登录信息');
INSERT INTO `zz_sys_perm_whitelist` VALUES ('/admin/app/areaCode/listDict','行政区划','行政区划列表');
INSERT INTO `zz_sys_perm_whitelist` VALUES ('/admin/app/areaCode/listAll','行政区划','字典全部列表');
INSERT INTO `zz_sys_perm_whitelist` VALUES ('/admin/app/areaCode/listDictByParentId','行政区划','行政区划过滤列表');
INSERT INTO `zz_sys_perm_whitelist` VALUES ('/admin/app/course/listDict','课程数据','课程字典列表');
INSERT INTO `zz_sys_perm_whitelist` VALUES ('/admin/app/grade/listDict','年级','字典列表');
INSERT INTO `zz_sys_perm_whitelist` VALUES ('/admin/app/grade/listAll','年级','字典全部列表');
INSERT INTO `zz_sys_perm_whitelist` VALUES ('/admin/app/schoolInfo/listDict','校区数据','校区字典列表');
INSERT INTO `zz_sys_perm_whitelist` VALUES ('/admin/app/student/listDict','学生数据','学生字典列表');
INSERT INTO `zz_sys_perm_whitelist` VALUES ('/admin/upms/login/doLogout','登录模块','退出登陆');
COMMIT;

SET FOREIGN_KEY_CHECKS = 1;