
-- ----------------------------
-- 请仅在下面的数据库链接中执行该脚本。
-- 主数据源 [localhost:3306/zzdemo-single]
-- ----------------------------

SET NAMES utf8mb4;
SET FOREIGN_KEY_CHECKS = 0;

-- ----------------------------
-- 系统用户表
-- ----------------------------
DROP TABLE IF EXISTS `zz_sys_user`;
CREATE TABLE `zz_sys_user` (
  `user_id` bigint(20) NOT NULL COMMENT '主键Id',
  `login_name` varchar(64) COLLATE utf8mb4_bin NOT NULL COMMENT '用户登录名称',
  `password` varchar(64) COLLATE utf8mb4_bin NOT NULL COMMENT '密码',
  `show_name` varchar(32) COLLATE utf8mb4_bin NOT NULL COMMENT '用户显示名称',
  `user_type` int(11) NOT NULL COMMENT '用户类型(0: 管理员 1: 系统管理用户 2: 系统业务用户)',
  `head_image_url` varchar(255) COLLATE utf8mb4_bin DEFAULT NULL COMMENT '用户头像的Url',
  `user_status` int(11) NOT NULL COMMENT '状态(0: 正常 1: 锁定)',
  `create_user_id` bigint(20) NOT NULL COMMENT '创建者Id',
  `create_time` datetime NOT NULL COMMENT '创建时间',
  `update_user_id` bigint(20) NOT NULL COMMENT '更新者Id',
  `update_time` datetime NOT NULL COMMENT '最后更新时间',
  `deleted_flag` int(11) NOT NULL COMMENT '删除标记(1: 正常 -1: 已删除)',
  PRIMARY KEY (`user_id`) USING BTREE,
  UNIQUE KEY `uk_login_name` (`login_name`) USING BTREE,
  KEY `idx_status` (`user_status`) USING BTREE
) ENGINE=InnoDB DEFAULT CHARSET=utf8mb4 COLLATE=utf8mb4_bin ROW_FORMAT=COMPACT COMMENT='系统用户表';

-- ----------------------------
-- 系统角色表
-- ----------------------------
DROP TABLE IF EXISTS `zz_sys_role`;
CREATE TABLE `zz_sys_role` (
  `role_id` bigint(20) NOT NULL COMMENT '主键Id',
  `role_name` varchar(64) COLLATE utf8mb4_bin NOT NULL COMMENT '角色名称',
  `create_user_id` bigint(20) NOT NULL COMMENT '创建者Id',
  `create_time` datetime NOT NULL COMMENT '创建时间',
  `update_user_id` bigint(20) NOT NULL COMMENT '更新者Id',
  `update_time` datetime NOT NULL COMMENT '最后更新时间',
  `deleted_flag` int(11) NOT NULL COMMENT '逻辑删除标记(1: 正常 -1: 已删除)',
  PRIMARY KEY (`role_id`) USING BTREE
) ENGINE=InnoDB DEFAULT CHARSET=utf8mb4 COLLATE=utf8mb4_bin ROW_FORMAT=COMPACT COMMENT='系统角色表';

-- ----------------------------
-- 用户与角色对应关系表
-- ----------------------------
DROP TABLE IF EXISTS `zz_sys_user_role`;
CREATE TABLE `zz_sys_user_role` (
  `user_id` bigint(20) NOT NULL COMMENT '用户Id',
  `role_id` bigint(20) NOT NULL COMMENT '角色Id',
  PRIMARY KEY (`user_id`,`role_id`) USING BTREE,
  KEY `idx_role_id` (`role_id`) USING BTREE
) ENGINE=InnoDB DEFAULT CHARSET=utf8mb4 COLLATE=utf8mb4_bin ROW_FORMAT=COMPACT COMMENT='用户与角色对应关系表';

-- ----------------------------
-- 菜单和操作权限管理表
-- ----------------------------
DROP TABLE IF EXISTS `zz_sys_menu`;
CREATE TABLE `zz_sys_menu` (
  `menu_id` bigint(20) NOT NULL COMMENT '主键Id',
  `parent_id` bigint(20) DEFAULT NULL COMMENT '父菜单Id，目录菜单的父菜单为null',
  `menu_name` varchar(50) COLLATE utf8mb4_bin NOT NULL COMMENT '菜单显示名称',
  `menu_type` int(11) NOT NULL COMMENT '(0: 目录 1: 菜单 2: 按钮 3: UI片段)',
  `form_router_name` varchar(64) COLLATE utf8mb4_bin DEFAULT NULL COMMENT '前端表单路由名称，仅用于menu_type为1的菜单类型',
  `online_form_id` bigint(20) DEFAULT NULL COMMENT '在线表单主键Id',
  `online_menu_perm_type` int(11) DEFAULT NULL COMMENT '在线表单菜单的权限控制类型',
  `show_order` int(11) NOT NULL COMMENT '菜单显示顺序 (值越小，排序越靠前)',
  `icon` varchar(50) COLLATE utf8mb4_bin DEFAULT NULL COMMENT '菜单图标',
  `create_user_id` bigint(20) NOT NULL COMMENT '创建者Id',
  `create_time` datetime NOT NULL COMMENT '创建时间',
  `update_user_id` bigint(20) NOT NULL COMMENT '更新者Id',
  `update_time` datetime NOT NULL COMMENT '最后更新时间',
  `deleted_flag` int(11) NOT NULL COMMENT '逻辑删除标记(1: 正常 -1: 已删除)',
  PRIMARY KEY (`menu_id`) USING BTREE,
  KEY `idx_show_order` (`show_order`) USING BTREE,
  KEY `idx_parent_id` (`parent_id`) USING BTREE
) ENGINE=InnoDB DEFAULT CHARSET=utf8mb4 COLLATE=utf8mb4_bin ROW_FORMAT=COMPACT COMMENT='菜单和操作权限管理表';

-- ----------------------------
-- 角色与菜单对应关系表
-- ----------------------------
DROP TABLE IF EXISTS `zz_sys_role_menu`;
CREATE TABLE `zz_sys_role_menu` (
  `role_id` bigint(20) NOT NULL COMMENT '角色Id',
  `menu_id` bigint(20) NOT NULL COMMENT '菜单Id',
  PRIMARY KEY (`role_id`,`menu_id`) USING BTREE,
  KEY `idx_menu_id` (`menu_id`) USING BTREE
) ENGINE=InnoDB DEFAULT CHARSET=utf8mb4 COLLATE=utf8mb4_bin ROW_FORMAT=COMPACT COMMENT='角色与菜单对应关系表';

-- ----------------------------
-- 系统权限资源表
-- ----------------------------
DROP TABLE IF EXISTS `zz_sys_perm_code`;
CREATE TABLE `zz_sys_perm_code` (
  `perm_code_id` bigint(20) NOT NULL COMMENT '主键Id',
  `parent_id` bigint(20) DEFAULT NULL COMMENT '上级权限字Id',
  `perm_code` varchar(128) COLLATE utf8_bin NOT NULL COMMENT '权限字标识(一般为有含义的英文字符串)',
  `perm_code_type` int(11) NOT NULL COMMENT '类型(0: 表单 1: UI片段 2: 操作)',
  `show_name` varchar(128) COLLATE utf8_bin NOT NULL COMMENT '显示名称',
  `show_order` int(11) NOT NULL COMMENT '显示顺序(数值越小，越靠前)',
  `create_user_id` bigint(20) NOT NULL COMMENT '创建者Id',
  `create_time` datetime NOT NULL COMMENT '创建时间',
  `update_user_id` bigint(20) NOT NULL COMMENT '更新者Id',
  `update_time` datetime NOT NULL COMMENT '最后更新时间',
  `deleted_flag` int(11) NOT NULL COMMENT '逻辑删除标记(1: 正常 -1: 已删除)',
  PRIMARY KEY (`perm_code_id`),
  UNIQUE KEY `idx_perm_code` (`perm_code`) USING BTREE,
  KEY `idx_parent_id` (`parent_id`) USING BTREE,
  KEY `idx_show_order` (`show_order`) USING BTREE
) ENGINE=InnoDB DEFAULT CHARSET=utf8mb4 COLLATE=utf8mb4_bin ROW_FORMAT=COMPACT COMMENT='系统权限资源表';

-- ----------------------------
-- 菜单和权限关系表
-- ----------------------------
DROP TABLE IF EXISTS `zz_sys_menu_perm_code`;
CREATE TABLE `zz_sys_menu_perm_code` (
  `menu_id` bigint(20) NOT NULL COMMENT '关联菜单Id',
  `perm_code_id` bigint(20) NOT NULL COMMENT '关联权限字Id',
  PRIMARY KEY (`menu_id`,`perm_code_id`) USING BTREE,
  KEY `idx_perm_code_id` (`perm_code_id`) USING BTREE
) ENGINE=InnoDB DEFAULT CHARSET=utf8mb4 COLLATE=utf8mb4_bin COMMENT='菜单和权限关系表';

-- ----------------------------
-- 系统权限模块表
-- ----------------------------
DROP TABLE IF EXISTS `zz_sys_perm_module`;
CREATE TABLE `zz_sys_perm_module` (
  `module_id` bigint(20) NOT NULL COMMENT '权限模块id',
  `parent_id` bigint(20) DEFAULT 0 COMMENT '上级权限模块id',
  `module_name` varchar(64) COLLATE utf8mb4_bin NOT NULL DEFAULT '' COMMENT '权限模块名称',
  `module_type` int(11) NOT NULL COMMENT '模块类型(0: 普通模块 1: Controller模块)',
  `show_order` int(11) NOT NULL DEFAULT '0' COMMENT '权限模块在当前层级下的顺序，由小到大',
  `create_user_id` bigint(20) NOT NULL COMMENT '创建者Id',
  `create_time` datetime NOT NULL COMMENT '创建时间',
  `update_user_id` bigint(20) NOT NULL COMMENT '更新者Id',
  `update_time` datetime NOT NULL COMMENT '最后更新时间',
  `deleted_flag` int(11) NOT NULL COMMENT '逻辑删除标记(1: 正常 -1: 已删除)',
  PRIMARY KEY (`module_id`) USING BTREE,
  KEY `idx_show_order` (`show_order`) USING BTREE,
  KEY `idx_parent_id` (`parent_id`) USING BTREE,
  KEY `idx_module_type` (`module_type`) USING BTREE
) ENGINE=InnoDB DEFAULT CHARSET=utf8mb4 COLLATE=utf8mb4_bin ROW_FORMAT=COMPACT COMMENT='系统权限模块表';

-- ----------------------------
-- 系统权限表
-- ----------------------------
DROP TABLE IF EXISTS `zz_sys_perm`;
CREATE TABLE `zz_sys_perm` (
  `perm_id` bigint(20) NOT NULL COMMENT '权限id',
  `module_id` bigint(20) NOT NULL DEFAULT 0 COMMENT '权限所在的权限模块id',
  `perm_name` varchar(64) COLLATE utf8mb4_bin NOT NULL DEFAULT '' COMMENT '权限名称',
  `url` varchar(128) COLLATE utf8mb4_bin NOT NULL DEFAULT '' COMMENT '关联的url',
  `show_order` int(11) NOT NULL DEFAULT '0' COMMENT '权限在当前模块下的顺序，由小到大',
  `create_user_id` bigint(20) NOT NULL COMMENT '创建者Id',
  `create_time` datetime NOT NULL COMMENT '创建时间',
  `update_user_id` bigint(20) NOT NULL COMMENT '更新者Id',
  `update_time` datetime NOT NULL COMMENT '最后更新时间',
  `deleted_flag` int(11) NOT NULL COMMENT '逻辑删除标记(1: 正常 -1: 已删除)',
  PRIMARY KEY (`perm_id`) USING BTREE,
  KEY `idx_show_order` (`show_order`) USING BTREE,
  KEY `idx_module_id` (`module_id`) USING BTREE
) ENGINE=InnoDB DEFAULT CHARSET=utf8mb4 COLLATE=utf8mb4_bin ROW_FORMAT=COMPACT COMMENT='系统权限表';

-- ----------------------------
-- 系统权限字和权限资源关联表
-- ----------------------------
DROP TABLE IF EXISTS `zz_sys_perm_code_perm`;
CREATE TABLE `zz_sys_perm_code_perm` (
  `perm_code_id` bigint(20) NOT NULL COMMENT '权限字Id',
  `perm_id` bigint(20) NOT NULL COMMENT '权限id',
  PRIMARY KEY (`perm_code_id`,`perm_id`),
  KEY `idx_perm_id` (`perm_id`) USING BTREE
) ENGINE=InnoDB DEFAULT CHARSET=utf8mb4 COLLATE=utf8mb4_bin ROW_FORMAT=COMPACT COMMENT='系统权限字和权限资源关联表';

-- ----------------------------
-- 权限资源白名单表
-- ----------------------------
DROP TABLE IF EXISTS `zz_sys_perm_whitelist`;
CREATE TABLE `zz_sys_perm_whitelist` (
  `perm_url` varchar(512) CHARACTER SET utf8 COLLATE utf8_bin NOT NULL COMMENT '权限资源的url',
  `module_name` varchar(64) CHARACTER SET utf8 COLLATE utf8_bin DEFAULT NULL COMMENT '权限资源所属模块名字(通常是Controller的名字)',
  `perm_name` varchar(64) CHARACTER SET utf8 COLLATE utf8_bin DEFAULT NULL COMMENT '权限的名称',
  PRIMARY KEY (`perm_url`)
) ENGINE=InnoDB DEFAULT CHARSET=utf8mb4 COLLATE=utf8mb4_bin COMMENT='权限资源白名单表(认证用户均可访问的url资源)';

-- ----------------------------
-- 管理员账号数据
-- ----------------------------
BEGIN;
INSERT INTO `zz_sys_user` VALUES(1401541697321570305,'admin','$2a$10$m6n/ZGA9yOLJegQK1erXee4oy0UCm.aIa/LIljjy1iXH1z/22ugmi','管理员',0,'CHANGE TO YOUR HEAD IMAGE URL!!!',0,1401541697321570305,CURDATE(),1401541697321570305,CURDATE(),1);
COMMIT;

-- ----------------------------
-- 全部菜单数据
-- ----------------------------
BEGIN;
INSERT INTO `zz_sys_menu` VALUES(1309065501179121664,NULL,'系统管理',0,NULL,NULL,NULL,1,NULL,1401541697321570305,CURDATE(),1401541697321570305,CURDATE(),1);
INSERT INTO `zz_sys_menu` VALUES(1309065501183315968,1309065501179121664,'用户管理',1,'formSysUser',NULL,NULL,100,NULL,1401541697321570305,CURDATE(),1401541697321570305,CURDATE(),1);
INSERT INTO `zz_sys_menu` VALUES(1401541697313181746,1309065501183315968,'显示',3,NULL,NULL,NULL,1,NULL,1401541697321570305,CURDATE(),1401541697321570305,CURDATE(),1);
INSERT INTO `zz_sys_menu` VALUES(1401541697313181747,1309065501183315968,'新增',3,NULL,NULL,NULL,2,NULL,1401541697321570305,CURDATE(),1401541697321570305,CURDATE(),1);
INSERT INTO `zz_sys_menu` VALUES(1401541697313181748,1309065501183315968,'编辑',3,NULL,NULL,NULL,3,NULL,1401541697321570305,CURDATE(),1401541697321570305,CURDATE(),1);
INSERT INTO `zz_sys_menu` VALUES(1401541697313181749,1309065501183315968,'删除',3,NULL,NULL,NULL,4,NULL,1401541697321570305,CURDATE(),1401541697321570305,CURDATE(),1);
INSERT INTO `zz_sys_menu` VALUES(1401541697313181750,1309065501183315968,'重置密码',3,NULL,NULL,NULL,5,NULL,1401541697321570305,CURDATE(),1401541697321570305,CURDATE(),1);
INSERT INTO `zz_sys_menu` VALUES(1401541697313181751,1309065501183315968,'权限详情',3,NULL,NULL,NULL,6,NULL,1401541697321570305,CURDATE(),1401541697321570305,CURDATE(),1);
INSERT INTO `zz_sys_menu` VALUES(1309065501183315969,1309065501179121664,'角色管理',1,'formSysRole',NULL,NULL,110,NULL,1401541697321570305,CURDATE(),1401541697321570305,CURDATE(),1);
INSERT INTO `zz_sys_menu` VALUES(1401541697313181760,1309065501183315969,'角色管理',2,NULL,NULL,NULL,1,NULL,1401541697321570305,CURDATE(),1401541697321570305,CURDATE(),1);
INSERT INTO `zz_sys_menu` VALUES(1401541697313181761,1309065501183315969,'用户授权',2,NULL,NULL,NULL,2,NULL,1401541697321570305,CURDATE(),1401541697321570305,CURDATE(),1);
INSERT INTO `zz_sys_menu` VALUES(1401541697313181762,1401541697313181760,'显示',3,NULL,NULL,NULL,1,NULL,1401541697321570305,CURDATE(),1401541697321570305,CURDATE(),1);
INSERT INTO `zz_sys_menu` VALUES(1401541697313181763,1401541697313181760,'新增',3,NULL,NULL,NULL,2,NULL,1401541697321570305,CURDATE(),1401541697321570305,CURDATE(),1);
INSERT INTO `zz_sys_menu` VALUES(1401541697313181764,1401541697313181760,'编辑',3,NULL,NULL,NULL,3,NULL,1401541697321570305,CURDATE(),1401541697321570305,CURDATE(),1);
INSERT INTO `zz_sys_menu` VALUES(1401541697313181765,1401541697313181760,'删除',3,NULL,NULL,NULL,4,NULL,1401541697321570305,CURDATE(),1401541697321570305,CURDATE(),1);
INSERT INTO `zz_sys_menu` VALUES(1401541697313181766,1401541697313181760,'权限详情',3,NULL,NULL,NULL,5,NULL,1401541697321570305,CURDATE(),1401541697321570305,CURDATE(),1);
INSERT INTO `zz_sys_menu` VALUES(1401541697313181767,1401541697313181761,'显示',3,NULL,NULL,NULL,1,NULL,1401541697321570305,CURDATE(),1401541697321570305,CURDATE(),1);
INSERT INTO `zz_sys_menu` VALUES(1401541697313181768,1401541697313181761,'授权用户',3,NULL,NULL,NULL,2,NULL,1401541697321570305,CURDATE(),1401541697321570305,CURDATE(),1);
INSERT INTO `zz_sys_menu` VALUES(1401541697313181769,1401541697313181761,'移除用户',3,NULL,NULL,NULL,3,NULL,1401541697321570305,CURDATE(),1401541697321570305,CURDATE(),1);
INSERT INTO `zz_sys_menu` VALUES(1309065501183315970,1309065501179121664,'菜单管理',1,'formSysMenu',NULL,NULL,120,NULL,1401541697321570305,CURDATE(),1401541697321570305,CURDATE(),1);
INSERT INTO `zz_sys_menu` VALUES(1401541697313181780,1309065501183315970,'显示',3,NULL,NULL,NULL,1,NULL,1401541697321570305,CURDATE(),1401541697321570305,CURDATE(),1);
INSERT INTO `zz_sys_menu` VALUES(1401541697313181781,1309065501183315970,'新增',3,NULL,NULL,NULL,2,NULL,1401541697321570305,CURDATE(),1401541697321570305,CURDATE(),1);
INSERT INTO `zz_sys_menu` VALUES(1401541697313181782,1309065501183315970,'编辑',3,NULL,NULL,NULL,3,NULL,1401541697321570305,CURDATE(),1401541697321570305,CURDATE(),1);
INSERT INTO `zz_sys_menu` VALUES(1401541697313181783,1309065501183315970,'删除',3,NULL,NULL,NULL,4,NULL,1401541697321570305,CURDATE(),1401541697321570305,CURDATE(),1);
INSERT INTO `zz_sys_menu` VALUES(1401541697313181784,1309065501183315970,'权限详情',3,NULL,NULL,NULL,5,NULL,1401541697321570305,CURDATE(),1401541697321570305,CURDATE(),1);
INSERT INTO `zz_sys_menu` VALUES(1309065501183315971,1309065501179121664,'权限字管理',1,'formSysPermCode',NULL,NULL,125,NULL,1401541697321570305,CURDATE(),1401541697321570305,CURDATE(),1);
INSERT INTO `zz_sys_menu` VALUES(1401541697313181792,1309065501183315971,'显示',3,NULL,NULL,NULL,1,NULL,1401541697321570305,CURDATE(),1401541697321570305,CURDATE(),1);
INSERT INTO `zz_sys_menu` VALUES(1401541697313181793,1309065501183315971,'新增',3,NULL,NULL,NULL,2,NULL,1401541697321570305,CURDATE(),1401541697321570305,CURDATE(),1);
INSERT INTO `zz_sys_menu` VALUES(1401541697313181794,1309065501183315971,'编辑',3,NULL,NULL,NULL,3,NULL,1401541697321570305,CURDATE(),1401541697321570305,CURDATE(),1);
INSERT INTO `zz_sys_menu` VALUES(1401541697313181795,1309065501183315971,'删除',3,NULL,NULL,NULL,4,NULL,1401541697321570305,CURDATE(),1401541697321570305,CURDATE(),1);
INSERT INTO `zz_sys_menu` VALUES(1401541697313181796,1309065501183315971,'权限详情',3,NULL,NULL,NULL,5,NULL,1401541697321570305,CURDATE(),1401541697321570305,CURDATE(),1);
INSERT INTO `zz_sys_menu` VALUES(1309065501183315972,1309065501179121664,'权限管理',1,'formSysPerm',NULL,NULL,130,NULL,1401541697321570305,CURDATE(),1401541697321570305,CURDATE(),1);
INSERT INTO `zz_sys_menu` VALUES(1401541697313181804,1309065501183315972,'显示',3,NULL,NULL,NULL,1,NULL,1401541697321570305,CURDATE(),1401541697321570305,CURDATE(),1);
INSERT INTO `zz_sys_menu` VALUES(1401541697313181805,1309065501183315972,'新增模块',3,NULL,NULL,NULL,2,NULL,1401541697321570305,CURDATE(),1401541697321570305,CURDATE(),1);
INSERT INTO `zz_sys_menu` VALUES(1401541697313181806,1309065501183315972,'编辑模块',3,NULL,NULL,NULL,3,NULL,1401541697321570305,CURDATE(),1401541697321570305,CURDATE(),1);
INSERT INTO `zz_sys_menu` VALUES(1401541697313181807,1309065501183315972,'删除模块',3,NULL,NULL,NULL,4,NULL,1401541697321570305,CURDATE(),1401541697321570305,CURDATE(),1);
INSERT INTO `zz_sys_menu` VALUES(1401541697313181808,1309065501183315972,'新增权限',3,NULL,NULL,NULL,5,NULL,1401541697321570305,CURDATE(),1401541697321570305,CURDATE(),1);
INSERT INTO `zz_sys_menu` VALUES(1401541697313181809,1309065501183315972,'编辑权限',3,NULL,NULL,NULL,6,NULL,1401541697321570305,CURDATE(),1401541697321570305,CURDATE(),1);
INSERT INTO `zz_sys_menu` VALUES(1401541697313181810,1309065501183315972,'删除权限',3,NULL,NULL,NULL,7,NULL,1401541697321570305,CURDATE(),1401541697321570305,CURDATE(),1);
INSERT INTO `zz_sys_menu` VALUES(1401541697313181811,1309065501183315972,'权限详情',3,NULL,NULL,NULL,8,NULL,1401541697321570305,CURDATE(),1401541697321570305,CURDATE(),1);
INSERT INTO `zz_sys_menu` VALUES(1309065501183315973,1309065501179121664,'字典管理',1,'formSysDict',NULL,NULL,135,NULL,1401541697321570305,CURDATE(),1401541697321570305,CURDATE(),1);
INSERT INTO `zz_sys_menu` VALUES(1401541697313181822,1309065501183315973,'显示',3,NULL,NULL,NULL,1,NULL,1401541697321570305,CURDATE(),1401541697321570305,CURDATE(),1);
INSERT INTO `zz_sys_menu` VALUES(1401541697313181823,1309065501183315973,'新增',3,NULL,NULL,NULL,2,NULL,1401541697321570305,CURDATE(),1401541697321570305,CURDATE(),1);
INSERT INTO `zz_sys_menu` VALUES(1401541697313181824,1309065501183315973,'编辑',3,NULL,NULL,NULL,3,NULL,1401541697321570305,CURDATE(),1401541697321570305,CURDATE(),1);
INSERT INTO `zz_sys_menu` VALUES(1401541697313181825,1309065501183315973,'删除',3,NULL,NULL,NULL,4,NULL,1401541697321570305,CURDATE(),1401541697321570305,CURDATE(),1);
INSERT INTO `zz_sys_menu` VALUES(1401541697313181826,1309065501183315973,'同步缓存',3,NULL,NULL,NULL,5,NULL,1401541697321570305,CURDATE(),1401541697321570305,CURDATE(),1);
INSERT INTO `zz_sys_menu` VALUES(1309149272268083200,NULL,'业务管理',0,NULL,NULL,NULL,10,NULL,1401541697321570305,CURDATE(),1401541697321570305,CURDATE(),1);
INSERT INTO `zz_sys_menu` VALUES(1309149323312762880,NULL,'统计管理',0,NULL,NULL,NULL,20,NULL,1401541697321570305,CURDATE(),1401541697321570305,CURDATE(),1);
INSERT INTO `zz_sys_menu` VALUES(1309149401033216000,1309149272268083200,'校区管理',1,'formSchool',NULL,NULL,1,NULL,1401541697321570305,CURDATE(),1401541697321570305,CURDATE(),1);
INSERT INTO `zz_sys_menu` VALUES(1401541697313181836,1309149401033216000,'显示',3,NULL,NULL,NULL,1,NULL,1401541697321570305,CURDATE(),1401541697321570305,CURDATE(),1);
INSERT INTO `zz_sys_menu` VALUES(1401541697313181837,1309149401033216000,'新建',3,NULL,NULL,NULL,2,NULL,1401541697321570305,CURDATE(),1401541697321570305,CURDATE(),1);
INSERT INTO `zz_sys_menu` VALUES(1401541697313181838,1309149401033216000,'编辑',3,NULL,NULL,NULL,3,NULL,1401541697321570305,CURDATE(),1401541697321570305,CURDATE(),1);
INSERT INTO `zz_sys_menu` VALUES(1401541697313181839,1309149401033216000,'删除',3,NULL,NULL,NULL,4,NULL,1401541697321570305,CURDATE(),1401541697321570305,CURDATE(),1);
INSERT INTO `zz_sys_menu` VALUES(1309149467043172352,1309149272268083200,'学生管理',1,'formStudent',NULL,NULL,5,NULL,1401541697321570305,CURDATE(),1401541697321570305,CURDATE(),1);
INSERT INTO `zz_sys_menu` VALUES(1401541697313181841,1309149467043172352,'显示',3,NULL,NULL,NULL,1,NULL,1401541697321570305,CURDATE(),1401541697321570305,CURDATE(),1);
INSERT INTO `zz_sys_menu` VALUES(1401541697313181842,1309149467043172352,'新建',3,NULL,NULL,NULL,2,NULL,1401541697321570305,CURDATE(),1401541697321570305,CURDATE(),1);
INSERT INTO `zz_sys_menu` VALUES(1401541697313181843,1309149467043172352,'编辑',3,NULL,NULL,NULL,3,NULL,1401541697321570305,CURDATE(),1401541697321570305,CURDATE(),1);
INSERT INTO `zz_sys_menu` VALUES(1401541697313181844,1309149467043172352,'删除',3,NULL,NULL,NULL,4,NULL,1401541697321570305,CURDATE(),1401541697321570305,CURDATE(),1);
INSERT INTO `zz_sys_menu` VALUES(1309149536341463040,1309149272268083200,'课程管理',1,'formCourse',NULL,NULL,10,NULL,1401541697321570305,CURDATE(),1401541697321570305,CURDATE(),1);
INSERT INTO `zz_sys_menu` VALUES(1401541697313181846,1309149536341463040,'显示',3,NULL,NULL,NULL,1,NULL,1401541697321570305,CURDATE(),1401541697321570305,CURDATE(),1);
INSERT INTO `zz_sys_menu` VALUES(1401541697313181847,1309149536341463040,'新建',3,NULL,NULL,NULL,2,NULL,1401541697321570305,CURDATE(),1401541697321570305,CURDATE(),1);
INSERT INTO `zz_sys_menu` VALUES(1401541697313181848,1309149536341463040,'编辑',3,NULL,NULL,NULL,3,NULL,1401541697321570305,CURDATE(),1401541697321570305,CURDATE(),1);
INSERT INTO `zz_sys_menu` VALUES(1401541697313181849,1309149536341463040,'删除',3,NULL,NULL,NULL,4,NULL,1401541697321570305,CURDATE(),1401541697321570305,CURDATE(),1);
INSERT INTO `zz_sys_menu` VALUES(1309149599981637632,1309149272268083200,'班级管理',1,'formClass',NULL,NULL,15,NULL,1401541697321570305,CURDATE(),1401541697321570305,CURDATE(),1);
INSERT INTO `zz_sys_menu` VALUES(1401541697313181851,1309149599981637632,'显示',3,NULL,NULL,NULL,1,NULL,1401541697321570305,CURDATE(),1401541697321570305,CURDATE(),1);
INSERT INTO `zz_sys_menu` VALUES(1401541697313181852,1309149599981637632,'设置班级课程',3,NULL,NULL,NULL,2,NULL,1401541697321570305,CURDATE(),1401541697321570305,CURDATE(),1);
INSERT INTO `zz_sys_menu` VALUES(1401541697313181853,1309149599981637632,'编辑',3,NULL,NULL,NULL,3,NULL,1401541697321570305,CURDATE(),1401541697321570305,CURDATE(),1);
INSERT INTO `zz_sys_menu` VALUES(1401541697313181854,1309149599981637632,'删除',3,NULL,NULL,NULL,4,NULL,1401541697321570305,CURDATE(),1401541697321570305,CURDATE(),1);
INSERT INTO `zz_sys_menu` VALUES(1401541697313181855,1309149599981637632,'移除',3,NULL,NULL,NULL,5,NULL,1401541697321570305,CURDATE(),1401541697321570305,CURDATE(),1);
INSERT INTO `zz_sys_menu` VALUES(1401541697313181856,1309149599981637632,'移除',3,NULL,NULL,NULL,6,NULL,1401541697321570305,CURDATE(),1401541697321570305,CURDATE(),1);
INSERT INTO `zz_sys_menu` VALUES(1401541697313181857,1309149599981637632,'设置班级学生',3,NULL,NULL,NULL,7,NULL,1401541697321570305,CURDATE(),1401541697321570305,CURDATE(),1);
INSERT INTO `zz_sys_menu` VALUES(1401541697313181858,1309149599981637632,'新建',3,NULL,NULL,NULL,8,NULL,1401541697321570305,CURDATE(),1401541697321570305,CURDATE(),1);
INSERT INTO `zz_sys_menu` VALUES(1309149688699555840,1309149323312762880,'课程统计',1,'formCourseStats',NULL,NULL,1,NULL,1401541697321570305,CURDATE(),1401541697321570305,CURDATE(),1);
INSERT INTO `zz_sys_menu` VALUES(1401541697313181860,1309149688699555840,'显示',3,NULL,NULL,NULL,1,NULL,1401541697321570305,CURDATE(),1401541697321570305,CURDATE(),1);
INSERT INTO `zz_sys_menu` VALUES(1309149754092949504,1309149323312762880,'学生行为统计',1,'formStudentActionStats',NULL,NULL,5,NULL,1401541697321570305,CURDATE(),1401541697321570305,CURDATE(),1);
INSERT INTO `zz_sys_menu` VALUES(1401541697313181862,1309149754092949504,'显示',3,NULL,NULL,NULL,1,NULL,1401541697321570305,CURDATE(),1401541697321570305,CURDATE(),1);
INSERT INTO `zz_sys_menu` VALUES(1401541697313181863,1309149754092949504,'学生行为详情',3,NULL,NULL,NULL,2,NULL,1401541697321570305,CURDATE(),1401541697321570305,CURDATE(),1);
INSERT INTO `zz_sys_menu` VALUES(1401541697313181864,1309149754092949504,'学生行为详情',3,NULL,NULL,NULL,3,NULL,1401541697321570305,CURDATE(),1401541697321570305,CURDATE(),1);
INSERT INTO `zz_sys_menu` VALUES(1401541697313181865,1309149754092949504,'学生行为详情',3,NULL,NULL,NULL,4,NULL,1401541697321570305,CURDATE(),1401541697321570305,CURDATE(),1);
INSERT INTO `zz_sys_menu` VALUES(1401541697313181866,1309149754092949504,'学生行为详情',3,NULL,NULL,NULL,5,NULL,1401541697321570305,CURDATE(),1401541697321570305,CURDATE(),1);
INSERT INTO `zz_sys_menu` VALUES(1401541697313181867,1309149754092949504,'学生行为详情',3,NULL,NULL,NULL,6,NULL,1401541697321570305,CURDATE(),1401541697321570305,CURDATE(),1);
INSERT INTO `zz_sys_menu` VALUES(1401541697313181868,1309149754092949504,'学生行为详情',3,NULL,NULL,NULL,7,NULL,1401541697321570305,CURDATE(),1401541697321570305,CURDATE(),1);
INSERT INTO `zz_sys_menu` VALUES(1401541697317376000,1309149754092949504,'学生行为详情',3,NULL,NULL,NULL,8,NULL,1401541697321570305,CURDATE(),1401541697321570305,CURDATE(),1);
INSERT INTO `zz_sys_menu` VALUES(1401541697317376001,1309149754092949504,'学生行为详情',3,NULL,NULL,NULL,9,NULL,1401541697321570305,CURDATE(),1401541697321570305,CURDATE(),1);
INSERT INTO `zz_sys_menu` VALUES(1381236994243301376,1309065501179121664,'在线用户',1,'formSysLoginUser',NULL,NULL,145,NULL,1401541697321570305,CURDATE(),1401541697321570305,CURDATE(),1);
INSERT INTO `zz_sys_menu` VALUES(1401541697317376003,1381236994243301376,'显示',3,NULL,NULL,NULL,1,NULL,1401541697321570305,CURDATE(),1401541697321570305,CURDATE(),1);
INSERT INTO `zz_sys_menu` VALUES(1401541697317376004,1381236994243301376,'强制下线',3,NULL,NULL,NULL,2,NULL,1401541697321570305,CURDATE(),1401541697321570305,CURDATE(),1);
COMMIT;

-- ----------------------------
-- 全部权限字数据
-- ----------------------------
BEGIN;
INSERT INTO `zz_sys_perm_code` VALUES(1401541697308987421,1401541697308987419,'formCreateCourse:formCreateCourse:add',2,'保存',10,1401541697321570305,CURDATE(),1401541697321570305,CURDATE(),1);
INSERT INTO `zz_sys_perm_code` VALUES(1401541697308987415,1401541697308987414,'formEditStudent:formEditStudent',1,'编辑学生',0,1401541697321570305,CURDATE(),1401541697321570305,CURDATE(),1);
INSERT INTO `zz_sys_perm_code` VALUES(1401541697308987406,1401541697308987405,'formStudent:formStudent',1,'学生管理',0,1401541697321570305,CURDATE(),1401541697321570305,CURDATE(),1);
INSERT INTO `zz_sys_perm_code` VALUES(1401541697313181758,1401541697313181753,'formSysUser:fragmentSysUser:listSysUserPermDetail',2,'权限详情',5,1401541697321570305,CURDATE(),1401541697321570305,CURDATE(),1);
INSERT INTO `zz_sys_perm_code` VALUES(1401541697308987394,1401541697308987393,'formSchool:formSchool:formCreateSchool',2,'新建',0,1401541697321570305,CURDATE(),1401541697321570305,CURDATE(),1);
INSERT INTO `zz_sys_perm_code` VALUES(1401541697313181725,NULL,'formSetClassStudent',0,'设置班级学生',140,1401541697321570305,CURDATE(),1401541697321570305,CURDATE(),1);
INSERT INTO `zz_sys_perm_code` VALUES(1401541697313181812,NULL,'formSysPerm',0,'权限管理',10800,1401541697321570305,CURDATE(),1401541697321570305,CURDATE(),1);
INSERT INTO `zz_sys_perm_code` VALUES(1401541697313181798,1401541697313181797,'formSysPermCode:fragmentSysPermCode',1,'权限字管理',1,1401541697321570305,CURDATE(),1401541697321570305,CURDATE(),1);
INSERT INTO `zz_sys_perm_code` VALUES(1401541697308987396,1401541697308987393,'formSchool:formSchool:delete',2,'删除',20,1401541697321570305,CURDATE(),1401541697321570305,CURDATE(),1);
INSERT INTO `zz_sys_perm_code` VALUES(1401541697308987412,1401541697308987411,'formCreateStudent:formCreateStudent:cancel',2,'取消',0,1401541697321570305,CURDATE(),1401541697321570305,CURDATE(),1);
INSERT INTO `zz_sys_perm_code` VALUES(1401541697313181698,NULL,'formCourse',0,'课程管理',80,1401541697321570305,CURDATE(),1401541697321570305,CURDATE(),1);
INSERT INTO `zz_sys_perm_code` VALUES(1401541697317376005,NULL,'formSysLoginUser',0,'在线用户',11200,1401541697321570305,CURDATE(),1401541697321570305,CURDATE(),1);
INSERT INTO `zz_sys_perm_code` VALUES(1401541697313181829,1401541697313181828,'formSysDict:fragmentSysDict:add',2,'新增',1,1401541697321570305,CURDATE(),1401541697321570305,CURDATE(),1);
INSERT INTO `zz_sys_perm_code` VALUES(1401541697313181743,1401541697313181736,'formClass:formClass:formCreateClass',2,'新建',60,1401541697321570305,CURDATE(),1401541697321570305,CURDATE(),1);
INSERT INTO `zz_sys_perm_code` VALUES(1401541697308987402,1401541697308987401,'formEditSchool:formEditSchool',1,'编辑校区',0,1401541697321570305,CURDATE(),1401541697321570305,CURDATE(),1);
INSERT INTO `zz_sys_perm_code` VALUES(1401541697308987401,NULL,'formEditSchool',0,'编辑校区',20,1401541697321570305,CURDATE(),1401541697321570305,CURDATE(),1);
INSERT INTO `zz_sys_perm_code` VALUES(1401541697313181721,NULL,'formEditClass',0,'编辑班级',130,1401541697321570305,CURDATE(),1401541697321570305,CURDATE(),1);
INSERT INTO `zz_sys_perm_code` VALUES(1401541697308987420,1401541697308987419,'formCreateCourse:formCreateCourse:cancel',2,'取消',0,1401541697321570305,CURDATE(),1401541697321570305,CURDATE(),1);
INSERT INTO `zz_sys_perm_code` VALUES(1401541697313181736,1401541697313181735,'formClass:formClass',1,'班级管理',0,1401541697321570305,CURDATE(),1401541697321570305,CURDATE(),1);
INSERT INTO `zz_sys_perm_code` VALUES(1401541697313181754,1401541697313181753,'formSysUser:fragmentSysUser:add',2,'新增',1,1401541697321570305,CURDATE(),1401541697321570305,CURDATE(),1);
INSERT INTO `zz_sys_perm_code` VALUES(1401541697313181723,1401541697313181722,'formEditClass:formEditClass:cancel',2,'取消',0,1401541697321570305,CURDATE(),1401541697321570305,CURDATE(),1);
INSERT INTO `zz_sys_perm_code` VALUES(1401541697308987422,NULL,'formEditCourse',0,'编辑课程',70,1401541697321570305,CURDATE(),1401541697321570305,CURDATE(),1);
INSERT INTO `zz_sys_perm_code` VALUES(1401541697313181726,1401541697313181725,'formSetClassStudent:formSetClassStudent',1,'设置班级学生',0,1401541697321570305,CURDATE(),1401541697321570305,CURDATE(),1);
INSERT INTO `zz_sys_perm_code` VALUES(1401541697313181712,1401541697313181706,'formStudentActionStats:formStudentActionStats:formDoCourseDetail',2,'学生行为详情',50,1401541697321570305,CURDATE(),1401541697321570305,CURDATE(),1);
INSERT INTO `zz_sys_perm_code` VALUES(1401541697313181732,1401541697313181731,'formEditClassCourseOrder:formEditClassCourseOrder',1,'编辑课程顺序',0,1401541697321570305,CURDATE(),1401541697321570305,CURDATE(),1);
INSERT INTO `zz_sys_perm_code` VALUES(1401541697313181714,1401541697313181706,'formStudentActionStats:formStudentActionStats:formRfreshDetail',2,'学生行为详情',70,1401541697321570305,CURDATE(),1401541697321570305,CURDATE(),1);
INSERT INTO `zz_sys_perm_code` VALUES(1401541697313181752,NULL,'formSysUser',0,'用户管理',10000,1401541697321570305,CURDATE(),1401541697321570305,CURDATE(),1);
INSERT INTO `zz_sys_perm_code` VALUES(1401541697308987400,1401541697308987398,'formCreateSchool:formCreateSchool:add',2,'保存',10,1401541697321570305,CURDATE(),1401541697321570305,CURDATE(),1);
INSERT INTO `zz_sys_perm_code` VALUES(1401541697313181800,1401541697313181798,'formSysPermCode:fragmentSysPermCode:update',2,'编辑',2,1401541697321570305,CURDATE(),1401541697321570305,CURDATE(),1);
INSERT INTO `zz_sys_perm_code` VALUES(1401541697313181741,1401541697313181736,'formClass:formClass:deleteClassStudent',2,'移除',40,1401541697321570305,CURDATE(),1401541697321570305,CURDATE(),1);
INSERT INTO `zz_sys_perm_code` VALUES(1401541697308987393,1401541697308987392,'formSchool:formSchool',1,'校区管理',0,1401541697321570305,CURDATE(),1401541697321570305,CURDATE(),1);
INSERT INTO `zz_sys_perm_code` VALUES(1401541697308987397,NULL,'formCreateSchool',0,'新建校区',10,1401541697321570305,CURDATE(),1401541697321570305,CURDATE(),1);
INSERT INTO `zz_sys_perm_code` VALUES(1401541697313181735,NULL,'formClass',0,'班级管理',170,1401541697321570305,CURDATE(),1401541697321570305,CURDATE(),1);
INSERT INTO `zz_sys_perm_code` VALUES(1401541697313181814,1401541697313181813,'formSysPerm:fragmentSysPerm:addPermModule',2,'新增模块',1,1401541697321570305,CURDATE(),1401541697321570305,CURDATE(),1);
INSERT INTO `zz_sys_perm_code` VALUES(1401541697308987404,1401541697308987402,'formEditSchool:formEditSchool:update',2,'保存',10,1401541697321570305,CURDATE(),1401541697321570305,CURDATE(),1);
INSERT INTO `zz_sys_perm_code` VALUES(1401541697313181740,1401541697313181736,'formClass:formClass:deleteClassCourse',2,'移除',30,1401541697321570305,CURDATE(),1401541697321570305,CURDATE(),1);
INSERT INTO `zz_sys_perm_code` VALUES(1401541697313181720,1401541697313181718,'formCreateClass:formCreateClass:add',2,'保存',10,1401541697321570305,CURDATE(),1401541697321570305,CURDATE(),1);
INSERT INTO `zz_sys_perm_code` VALUES(1401541697313181708,1401541697313181706,'formStudentActionStats:formStudentActionStats:formBuyVideoDetail',2,'学生行为详情',10,1401541697321570305,CURDATE(),1401541697321570305,CURDATE(),1);
INSERT INTO `zz_sys_perm_code` VALUES(1401541697308987405,NULL,'formStudent',0,'学生管理',30,1401541697321570305,CURDATE(),1401541697321570305,CURDATE(),1);
INSERT INTO `zz_sys_perm_code` VALUES(1401541697308987423,1401541697308987422,'formEditCourse:formEditCourse',1,'编辑课程',0,1401541697321570305,CURDATE(),1401541697321570305,CURDATE(),1);
INSERT INTO `zz_sys_perm_code` VALUES(1401541697313181802,1401541697313181798,'formSysPermCode:fragmentSysPermCode:listSysPermCodePermDetail',2,'权限详情',4,1401541697321570305,CURDATE(),1401541697321570305,CURDATE(),1);
INSERT INTO `zz_sys_perm_code` VALUES(1401541697308987414,NULL,'formEditStudent',0,'编辑学生',50,1401541697321570305,CURDATE(),1401541697321570305,CURDATE(),1);
INSERT INTO `zz_sys_perm_code` VALUES(1401541697313181828,1401541697313181827,'formSysDict:fragmentSysDict',1,'字典管理',1,1401541697321570305,CURDATE(),1401541697321570305,CURDATE(),1);
INSERT INTO `zz_sys_perm_code` VALUES(1401541697313181719,1401541697313181718,'formCreateClass:formCreateClass:cancel',2,'取消',0,1401541697321570305,CURDATE(),1401541697321570305,CURDATE(),1);
INSERT INTO `zz_sys_perm_code` VALUES(1401541697313181755,1401541697313181753,'formSysUser:fragmentSysUser:update',2,'编辑',2,1401541697321570305,CURDATE(),1401541697321570305,CURDATE(),1);
INSERT INTO `zz_sys_perm_code` VALUES(1401541697313181757,1401541697313181753,'formSysUser:fragmentSysUser:resetPassword',2,'重置密码',4,1401541697321570305,CURDATE(),1401541697321570305,CURDATE(),1);
INSERT INTO `zz_sys_perm_code` VALUES(1401541697313181827,NULL,'formSysDict',0,'字典管理',10900,1401541697321570305,CURDATE(),1401541697321570305,CURDATE(),1);
INSERT INTO `zz_sys_perm_code` VALUES(1401541697313181788,1401541697313181786,'formSysMenu:fragmentSysMenu:update',2,'编辑',2,1401541697321570305,CURDATE(),1401541697321570305,CURDATE(),1);
INSERT INTO `zz_sys_perm_code` VALUES(1401541697308987419,1401541697308987418,'formCreateCourse:formCreateCourse',1,'新建课程',0,1401541697321570305,CURDATE(),1401541697321570305,CURDATE(),1);
INSERT INTO `zz_sys_perm_code` VALUES(1401541697313181817,1401541697313181813,'formSysPerm:fragmentSysPerm:addPerm',2,'新增权限',4,1401541697321570305,CURDATE(),1401541697321570305,CURDATE(),1);
INSERT INTO `zz_sys_perm_code` VALUES(1401541697308987399,1401541697308987398,'formCreateSchool:formCreateSchool:cancel',2,'取消',0,1401541697321570305,CURDATE(),1401541697321570305,CURDATE(),1);
INSERT INTO `zz_sys_perm_code` VALUES(1401541697313181816,1401541697313181813,'formSysPerm:fragmentSysPerm:deletePermModule',2,'删除模块',3,1401541697321570305,CURDATE(),1401541697321570305,CURDATE(),1);
INSERT INTO `zz_sys_perm_code` VALUES(1401541697313181820,1401541697313181813,'formSysPerm:fragmentSysPerm:listSysPermPermDetail',2,'权限详情',7,1401541697321570305,CURDATE(),1401541697321570305,CURDATE(),1);
INSERT INTO `zz_sys_perm_code` VALUES(1401541697313181733,1401541697313181732,'formEditClassCourseOrder:formEditClassCourseOrder:cancel',2,'取消',0,1401541697321570305,CURDATE(),1401541697321570305,CURDATE(),1);
INSERT INTO `zz_sys_perm_code` VALUES(1401541697313181702,1401541697313181699,'formCourse:formCourse:delete',2,'删除',20,1401541697321570305,CURDATE(),1401541697321570305,CURDATE(),1);
INSERT INTO `zz_sys_perm_code` VALUES(1401541697313181707,1401541697313181706,'formStudentActionStats:formStudentActionStats:formBuyCourseDetail',2,'学生行为详情',0,1401541697321570305,CURDATE(),1401541697321570305,CURDATE(),1);
INSERT INTO `zz_sys_perm_code` VALUES(1401541697313181734,1401541697313181732,'formEditClassCourseOrder:formEditClassCourseOrder:updateClassCourse',2,'保存',10,1401541697321570305,CURDATE(),1401541697321570305,CURDATE(),1);
INSERT INTO `zz_sys_perm_code` VALUES(1401541697313181776,1401541697313181771,'formSysRole:fragmentSysRole:listSysRolePermDetail',2,'权限详情',4,1401541697321570305,CURDATE(),1401541697321570305,CURDATE(),1);
INSERT INTO `zz_sys_perm_code` VALUES(1401541697313181787,1401541697313181786,'formSysMenu:fragmentSysMenu:add',2,'新增',1,1401541697321570305,CURDATE(),1401541697321570305,CURDATE(),1);
INSERT INTO `zz_sys_perm_code` VALUES(1401541697313181801,1401541697313181798,'formSysPermCode:fragmentSysPermCode:delete',2,'删除',3,1401541697321570305,CURDATE(),1401541697321570305,CURDATE(),1);
INSERT INTO `zz_sys_perm_code` VALUES(1401541697313181730,1401541697313181729,'formSetClassCourse:formSetClassCourse:addClassCourse',2,'添加',0,1401541697321570305,CURDATE(),1401541697321570305,CURDATE(),1);
INSERT INTO `zz_sys_perm_code` VALUES(1401541697313181729,1401541697313181728,'formSetClassCourse:formSetClassCourse',1,'设置班级课程',0,1401541697321570305,CURDATE(),1401541697321570305,CURDATE(),1);
INSERT INTO `zz_sys_perm_code` VALUES(1401541697313181717,NULL,'formCreateClass',0,'新建班级',120,1401541697321570305,CURDATE(),1401541697321570305,CURDATE(),1);
INSERT INTO `zz_sys_perm_code` VALUES(1401541697313181727,1401541697313181726,'formSetClassStudent:formSetClassStudent:addClassStudent',2,'添加',0,1401541697321570305,CURDATE(),1401541697321570305,CURDATE(),1);
INSERT INTO `zz_sys_perm_code` VALUES(1401541697308987411,1401541697308987410,'formCreateStudent:formCreateStudent',1,'新建学生',0,1401541697321570305,CURDATE(),1401541697321570305,CURDATE(),1);
INSERT INTO `zz_sys_perm_code` VALUES(1401541697317376006,1401541697317376005,'formSysLoginUser:fragmentLoginUser',1,'在线用户',1,1401541697321570305,CURDATE(),1401541697321570305,CURDATE(),1);
INSERT INTO `zz_sys_perm_code` VALUES(1401541697308987403,1401541697308987402,'formEditSchool:formEditSchool:cancel',2,'取消',0,1401541697321570305,CURDATE(),1401541697321570305,CURDATE(),1);
INSERT INTO `zz_sys_perm_code` VALUES(1401541697313181703,NULL,'formCourseStats',0,'课程统计',90,1401541697321570305,CURDATE(),1401541697321570305,CURDATE(),1);
INSERT INTO `zz_sys_perm_code` VALUES(1401541697313181716,1401541697313181715,'formStudentActionDetail:formStudentActionDetail',1,'学生行为详情',0,1401541697321570305,CURDATE(),1401541697321570305,CURDATE(),1);
INSERT INTO `zz_sys_perm_code` VALUES(1401541697313181785,NULL,'formSysMenu',0,'菜单管理',10600,1401541697321570305,CURDATE(),1401541697321570305,CURDATE(),1);
INSERT INTO `zz_sys_perm_code` VALUES(1401541697313181704,1401541697313181703,'formCourseStats:formCourseStats',1,'课程统计',0,1401541697321570305,CURDATE(),1401541697321570305,CURDATE(),1);
INSERT INTO `zz_sys_perm_code` VALUES(1401541697313181790,1401541697313181786,'formSysMenu:fragmentSysMenu:listSysMenuPermDetail',2,'权限详情',4,1401541697321570305,CURDATE(),1401541697321570305,CURDATE(),1);
INSERT INTO `zz_sys_perm_code` VALUES(1401541697308987418,NULL,'formCreateCourse',0,'新建课程',60,1401541697321570305,CURDATE(),1401541697321570305,CURDATE(),1);
INSERT INTO `zz_sys_perm_code` VALUES(1401541697313181709,1401541697313181706,'formStudentActionStats:formStudentActionStats:formBuyFlowerDetail',2,'学生行为详情',20,1401541697321570305,CURDATE(),1401541697321570305,CURDATE(),1);
INSERT INTO `zz_sys_perm_code` VALUES(1401541697313181775,1401541697313181771,'formSysRole:fragmentSysRole:delete',2,'删除',3,1401541697321570305,CURDATE(),1401541697321570305,CURDATE(),1);
INSERT INTO `zz_sys_perm_code` VALUES(1401541697308987407,1401541697308987406,'formStudent:formStudent:formCreateStudent',2,'新建',0,1401541697321570305,CURDATE(),1401541697321570305,CURDATE(),1);
INSERT INTO `zz_sys_perm_code` VALUES(1401541697313181797,NULL,'formSysPermCode',0,'权限字管理',10700,1401541697321570305,CURDATE(),1401541697321570305,CURDATE(),1);
INSERT INTO `zz_sys_perm_code` VALUES(1401541697308987408,1401541697308987406,'formStudent:formStudent:formEditStudent',2,'编辑',10,1401541697321570305,CURDATE(),1401541697321570305,CURDATE(),1);
INSERT INTO `zz_sys_perm_code` VALUES(1401541697313181777,1401541697313181772,'formSysRole:fragmentSysRoleUser:addUserRole',2,'授权用户',1,1401541697321570305,CURDATE(),1401541697321570305,CURDATE(),1);
INSERT INTO `zz_sys_perm_code` VALUES(1401541697313181815,1401541697313181813,'formSysPerm:fragmentSysPerm:updatePermModule',2,'编辑模块',2,1401541697321570305,CURDATE(),1401541697321570305,CURDATE(),1);
INSERT INTO `zz_sys_perm_code` VALUES(1401541697308987395,1401541697308987393,'formSchool:formSchool:formEditSchool',2,'编辑',10,1401541697321570305,CURDATE(),1401541697321570305,CURDATE(),1);
INSERT INTO `zz_sys_perm_code` VALUES(1401541697313181728,NULL,'formSetClassCourse',0,'设置班级课程',150,1401541697321570305,CURDATE(),1401541697321570305,CURDATE(),1);
INSERT INTO `zz_sys_perm_code` VALUES(1401541697313181770,NULL,'formSysRole',0,'角色管理',10200,1401541697321570305,CURDATE(),1401541697321570305,CURDATE(),1);
INSERT INTO `zz_sys_perm_code` VALUES(1401541697313181718,1401541697313181717,'formCreateClass:formCreateClass',1,'新建班级',0,1401541697321570305,CURDATE(),1401541697321570305,CURDATE(),1);
INSERT INTO `zz_sys_perm_code` VALUES(1401541697313181697,1401541697308987423,'formEditCourse:formEditCourse:update',2,'保存',10,1401541697321570305,CURDATE(),1401541697321570305,CURDATE(),1);
INSERT INTO `zz_sys_perm_code` VALUES(1401541697313181831,1401541697313181828,'formSysDict:fragmentSysDict:delete',2,'删除',3,1401541697321570305,CURDATE(),1401541697321570305,CURDATE(),1);
INSERT INTO `zz_sys_perm_code` VALUES(1401541697313181715,NULL,'formStudentActionDetail',0,'学生行为详情',110,1401541697321570305,CURDATE(),1401541697321570305,CURDATE(),1);
INSERT INTO `zz_sys_perm_code` VALUES(1401541697313181737,1401541697313181736,'formClass:formClass:formSetClassCourse',2,'设置班级课程',0,1401541697321570305,CURDATE(),1401541697321570305,CURDATE(),1);
INSERT INTO `zz_sys_perm_code` VALUES(1401541697313181701,1401541697313181699,'formCourse:formCourse:formEditCourse',2,'编辑',10,1401541697321570305,CURDATE(),1401541697321570305,CURDATE(),1);
INSERT INTO `zz_sys_perm_code` VALUES(1401541697313181739,1401541697313181736,'formClass:formClass:delete',2,'删除',20,1401541697321570305,CURDATE(),1401541697321570305,CURDATE(),1);
INSERT INTO `zz_sys_perm_code` VALUES(1401541697313181731,NULL,'formEditClassCourseOrder',0,'编辑课程顺序',160,1401541697321570305,CURDATE(),1401541697321570305,CURDATE(),1);
INSERT INTO `zz_sys_perm_code` VALUES(1401541697308987410,NULL,'formCreateStudent',0,'新建学生',40,1401541697321570305,CURDATE(),1401541697321570305,CURDATE(),1);
INSERT INTO `zz_sys_perm_code` VALUES(1401541697308987398,1401541697308987397,'formCreateSchool:formCreateSchool',1,'新建校区',0,1401541697321570305,CURDATE(),1401541697321570305,CURDATE(),1);
INSERT INTO `zz_sys_perm_code` VALUES(1401541697308987417,1401541697308987415,'formEditStudent:formEditStudent:update',2,'保存',10,1401541697321570305,CURDATE(),1401541697321570305,CURDATE(),1);
INSERT INTO `zz_sys_perm_code` VALUES(1401541697313181832,1401541697313181828,'formSysDict:fragmentSysDict:reloadCache',2,'同步缓存',4,1401541697321570305,CURDATE(),1401541697321570305,CURDATE(),1);
INSERT INTO `zz_sys_perm_code` VALUES(1401541697313181799,1401541697313181798,'formSysPermCode:fragmentSysPermCode:add',2,'新增',1,1401541697321570305,CURDATE(),1401541697321570305,CURDATE(),1);
INSERT INTO `zz_sys_perm_code` VALUES(1401541697313181819,1401541697313181813,'formSysPerm:fragmentSysPerm:deletePerm',2,'删除权限',6,1401541697321570305,CURDATE(),1401541697321570305,CURDATE(),1);
INSERT INTO `zz_sys_perm_code` VALUES(1401541697313181713,1401541697313181706,'formStudentActionStats:formStudentActionStats:formWatchVideoDetail',2,'学生行为详情',60,1401541697321570305,CURDATE(),1401541697321570305,CURDATE(),1);
INSERT INTO `zz_sys_perm_code` VALUES(1401541697313181771,1401541697313181770,'formSysRole:fragmentSysRole',1,'角色管理',1,1401541697321570305,CURDATE(),1401541697321570305,CURDATE(),1);
INSERT INTO `zz_sys_perm_code` VALUES(1401541697313181818,1401541697313181813,'formSysPerm:fragmentSysPerm:updatePerm',2,'编辑权限',5,1401541697321570305,CURDATE(),1401541697321570305,CURDATE(),1);
INSERT INTO `zz_sys_perm_code` VALUES(1401541697317376007,1401541697317376006,'formSysLoginUser:fragmentLoginUser:delete',2,'强制下线',1,1401541697321570305,CURDATE(),1401541697321570305,CURDATE(),1);
INSERT INTO `zz_sys_perm_code` VALUES(1401541697313181753,1401541697313181752,'formSysUser:fragmentSysUser',1,'用户管理',1,1401541697321570305,CURDATE(),1401541697321570305,CURDATE(),1);
INSERT INTO `zz_sys_perm_code` VALUES(1401541697313181724,1401541697313181722,'formEditClass:formEditClass:update',2,'保存',10,1401541697321570305,CURDATE(),1401541697321570305,CURDATE(),1);
INSERT INTO `zz_sys_perm_code` VALUES(1401541697313181700,1401541697313181699,'formCourse:formCourse:formCreateCourse',2,'新建',0,1401541697321570305,CURDATE(),1401541697321570305,CURDATE(),1);
INSERT INTO `zz_sys_perm_code` VALUES(1401541697313181789,1401541697313181786,'formSysMenu:fragmentSysMenu:delete',2,'删除',3,1401541697321570305,CURDATE(),1401541697321570305,CURDATE(),1);
INSERT INTO `zz_sys_perm_code` VALUES(1401541697313181778,1401541697313181772,'formSysRole:fragmentSysRoleUser:deleteUserRole',2,'移除用户',2,1401541697321570305,CURDATE(),1401541697321570305,CURDATE(),1);
INSERT INTO `zz_sys_perm_code` VALUES(1401541697308987416,1401541697308987415,'formEditStudent:formEditStudent:cancel',2,'取消',0,1401541697321570305,CURDATE(),1401541697321570305,CURDATE(),1);
INSERT INTO `zz_sys_perm_code` VALUES(1401541697313181696,1401541697308987423,'formEditCourse:formEditCourse:cancel',2,'取消',0,1401541697321570305,CURDATE(),1401541697321570305,CURDATE(),1);
INSERT INTO `zz_sys_perm_code` VALUES(1401541697308987392,NULL,'formSchool',0,'校区管理',0,1401541697321570305,CURDATE(),1401541697321570305,CURDATE(),1);
INSERT INTO `zz_sys_perm_code` VALUES(1401541697313181699,1401541697313181698,'formCourse:formCourse',1,'课程管理',0,1401541697321570305,CURDATE(),1401541697321570305,CURDATE(),1);
INSERT INTO `zz_sys_perm_code` VALUES(1401541697313181710,1401541697313181706,'formStudentActionStats:formStudentActionStats:formBuyPaperDetail',2,'学生行为详情',30,1401541697321570305,CURDATE(),1401541697321570305,CURDATE(),1);
INSERT INTO `zz_sys_perm_code` VALUES(1401541697313181706,1401541697313181705,'formStudentActionStats:formStudentActionStats',1,'学生行为统计',0,1401541697321570305,CURDATE(),1401541697321570305,CURDATE(),1);
INSERT INTO `zz_sys_perm_code` VALUES(1401541697313181722,1401541697313181721,'formEditClass:formEditClass',1,'编辑班级',0,1401541697321570305,CURDATE(),1401541697321570305,CURDATE(),1);
INSERT INTO `zz_sys_perm_code` VALUES(1401541697313181711,1401541697313181706,'formStudentActionStats:formStudentActionStats:formBuyCoinDetail',2,'学生行为详情',40,1401541697321570305,CURDATE(),1401541697321570305,CURDATE(),1);
INSERT INTO `zz_sys_perm_code` VALUES(1401541697313181756,1401541697313181753,'formSysUser:fragmentSysUser:delete',2,'删除',3,1401541697321570305,CURDATE(),1401541697321570305,CURDATE(),1);
INSERT INTO `zz_sys_perm_code` VALUES(1401541697313181786,1401541697313181785,'formSysMenu:fragmentSysMenu',1,'菜单管理',1,1401541697321570305,CURDATE(),1401541697321570305,CURDATE(),1);
INSERT INTO `zz_sys_perm_code` VALUES(1401541697313181830,1401541697313181828,'formSysDict:fragmentSysDict:update',2,'编辑',2,1401541697321570305,CURDATE(),1401541697321570305,CURDATE(),1);
INSERT INTO `zz_sys_perm_code` VALUES(1401541697308987409,1401541697308987406,'formStudent:formStudent:delete',2,'删除',20,1401541697321570305,CURDATE(),1401541697321570305,CURDATE(),1);
INSERT INTO `zz_sys_perm_code` VALUES(1401541697313181813,1401541697313181812,'formSysPerm:fragmentSysPerm',1,'权限管理',1,1401541697321570305,CURDATE(),1401541697321570305,CURDATE(),1);
INSERT INTO `zz_sys_perm_code` VALUES(1401541697313181772,1401541697313181770,'formSysRole:fragmentSysRoleUser',1,'用户授权',2,1401541697321570305,CURDATE(),1401541697321570305,CURDATE(),1);
INSERT INTO `zz_sys_perm_code` VALUES(1401541697313181773,1401541697313181771,'formSysRole:fragmentSysRole:add',2,'新增',1,1401541697321570305,CURDATE(),1401541697321570305,CURDATE(),1);
INSERT INTO `zz_sys_perm_code` VALUES(1401541697313181774,1401541697313181771,'formSysRole:fragmentSysRole:update',2,'编辑',2,1401541697321570305,CURDATE(),1401541697321570305,CURDATE(),1);
INSERT INTO `zz_sys_perm_code` VALUES(1401541697308987413,1401541697308987411,'formCreateStudent:formCreateStudent:add',2,'保存',10,1401541697321570305,CURDATE(),1401541697321570305,CURDATE(),1);
INSERT INTO `zz_sys_perm_code` VALUES(1401541697313181738,1401541697313181736,'formClass:formClass:formEditClass',2,'编辑',10,1401541697321570305,CURDATE(),1401541697321570305,CURDATE(),1);
INSERT INTO `zz_sys_perm_code` VALUES(1401541697313181742,1401541697313181736,'formClass:formClass:formSetClassStudent',2,'设置班级学生',50,1401541697321570305,CURDATE(),1401541697321570305,CURDATE(),1);
INSERT INTO `zz_sys_perm_code` VALUES(1401541697313181705,NULL,'formStudentActionStats',0,'学生行为统计',100,1401541697321570305,CURDATE(),1401541697321570305,CURDATE(),1);
COMMIT;

-- ----------------------------
-- 全部菜单和权限字关系数据
-- ----------------------------
BEGIN;
INSERT INTO `zz_sys_menu_perm_code` VALUES(1401541697313181746,1401541697313181753);
INSERT INTO `zz_sys_menu_perm_code` VALUES(1401541697313181747,1401541697313181754);
INSERT INTO `zz_sys_menu_perm_code` VALUES(1401541697313181748,1401541697313181755);
INSERT INTO `zz_sys_menu_perm_code` VALUES(1401541697313181749,1401541697313181756);
INSERT INTO `zz_sys_menu_perm_code` VALUES(1401541697313181750,1401541697313181757);
INSERT INTO `zz_sys_menu_perm_code` VALUES(1401541697313181751,1401541697313181758);
INSERT INTO `zz_sys_menu_perm_code` VALUES(1401541697313181762,1401541697313181771);
INSERT INTO `zz_sys_menu_perm_code` VALUES(1401541697313181767,1401541697313181772);
INSERT INTO `zz_sys_menu_perm_code` VALUES(1401541697313181763,1401541697313181773);
INSERT INTO `zz_sys_menu_perm_code` VALUES(1401541697313181764,1401541697313181774);
INSERT INTO `zz_sys_menu_perm_code` VALUES(1401541697313181765,1401541697313181775);
INSERT INTO `zz_sys_menu_perm_code` VALUES(1401541697313181768,1401541697313181777);
INSERT INTO `zz_sys_menu_perm_code` VALUES(1401541697313181769,1401541697313181778);
INSERT INTO `zz_sys_menu_perm_code` VALUES(1401541697313181766,1401541697313181776);
INSERT INTO `zz_sys_menu_perm_code` VALUES(1401541697313181780,1401541697313181786);
INSERT INTO `zz_sys_menu_perm_code` VALUES(1401541697313181782,1401541697313181788);
INSERT INTO `zz_sys_menu_perm_code` VALUES(1401541697313181781,1401541697313181787);
INSERT INTO `zz_sys_menu_perm_code` VALUES(1401541697313181783,1401541697313181789);
INSERT INTO `zz_sys_menu_perm_code` VALUES(1401541697313181784,1401541697313181790);
INSERT INTO `zz_sys_menu_perm_code` VALUES(1401541697313181792,1401541697313181798);
INSERT INTO `zz_sys_menu_perm_code` VALUES(1401541697313181793,1401541697313181799);
INSERT INTO `zz_sys_menu_perm_code` VALUES(1401541697313181794,1401541697313181800);
INSERT INTO `zz_sys_menu_perm_code` VALUES(1401541697313181795,1401541697313181801);
INSERT INTO `zz_sys_menu_perm_code` VALUES(1401541697313181796,1401541697313181802);
INSERT INTO `zz_sys_menu_perm_code` VALUES(1401541697313181804,1401541697313181813);
INSERT INTO `zz_sys_menu_perm_code` VALUES(1401541697313181805,1401541697313181814);
INSERT INTO `zz_sys_menu_perm_code` VALUES(1401541697313181806,1401541697313181815);
INSERT INTO `zz_sys_menu_perm_code` VALUES(1401541697313181807,1401541697313181816);
INSERT INTO `zz_sys_menu_perm_code` VALUES(1401541697313181808,1401541697313181817);
INSERT INTO `zz_sys_menu_perm_code` VALUES(1401541697313181809,1401541697313181818);
INSERT INTO `zz_sys_menu_perm_code` VALUES(1401541697313181810,1401541697313181819);
INSERT INTO `zz_sys_menu_perm_code` VALUES(1401541697313181811,1401541697313181820);
INSERT INTO `zz_sys_menu_perm_code` VALUES(1309065501183315973,1401541697313181828);
INSERT INTO `zz_sys_menu_perm_code` VALUES(1309065501183315973,1401541697313181829);
INSERT INTO `zz_sys_menu_perm_code` VALUES(1309065501183315973,1401541697313181830);
INSERT INTO `zz_sys_menu_perm_code` VALUES(1309065501183315973,1401541697313181831);
INSERT INTO `zz_sys_menu_perm_code` VALUES(1309065501183315973,1401541697313181832);
INSERT INTO `zz_sys_menu_perm_code` VALUES(1401541697313181822,1401541697313181828);
INSERT INTO `zz_sys_menu_perm_code` VALUES(1401541697313181823,1401541697313181829);
INSERT INTO `zz_sys_menu_perm_code` VALUES(1401541697313181824,1401541697313181830);
INSERT INTO `zz_sys_menu_perm_code` VALUES(1401541697313181825,1401541697313181831);
INSERT INTO `zz_sys_menu_perm_code` VALUES(1401541697313181826,1401541697313181832);
INSERT INTO `zz_sys_menu_perm_code` VALUES(1401541697313181836,1401541697308987393);
INSERT INTO `zz_sys_menu_perm_code` VALUES(1401541697313181837,1401541697308987394);
INSERT INTO `zz_sys_menu_perm_code` VALUES(1401541697313181837,1401541697308987397);
INSERT INTO `zz_sys_menu_perm_code` VALUES(1401541697313181837,1401541697308987398);
INSERT INTO `zz_sys_menu_perm_code` VALUES(1401541697313181837,1401541697308987399);
INSERT INTO `zz_sys_menu_perm_code` VALUES(1401541697313181837,1401541697308987400);
INSERT INTO `zz_sys_menu_perm_code` VALUES(1401541697313181838,1401541697308987395);
INSERT INTO `zz_sys_menu_perm_code` VALUES(1401541697313181838,1401541697308987401);
INSERT INTO `zz_sys_menu_perm_code` VALUES(1401541697313181838,1401541697308987402);
INSERT INTO `zz_sys_menu_perm_code` VALUES(1401541697313181838,1401541697308987403);
INSERT INTO `zz_sys_menu_perm_code` VALUES(1401541697313181838,1401541697308987404);
INSERT INTO `zz_sys_menu_perm_code` VALUES(1401541697313181839,1401541697308987396);
INSERT INTO `zz_sys_menu_perm_code` VALUES(1401541697313181841,1401541697308987406);
INSERT INTO `zz_sys_menu_perm_code` VALUES(1401541697313181842,1401541697308987407);
INSERT INTO `zz_sys_menu_perm_code` VALUES(1401541697313181842,1401541697308987410);
INSERT INTO `zz_sys_menu_perm_code` VALUES(1401541697313181842,1401541697308987411);
INSERT INTO `zz_sys_menu_perm_code` VALUES(1401541697313181842,1401541697308987412);
INSERT INTO `zz_sys_menu_perm_code` VALUES(1401541697313181842,1401541697308987413);
INSERT INTO `zz_sys_menu_perm_code` VALUES(1401541697313181843,1401541697308987408);
INSERT INTO `zz_sys_menu_perm_code` VALUES(1401541697313181843,1401541697308987414);
INSERT INTO `zz_sys_menu_perm_code` VALUES(1401541697313181843,1401541697308987415);
INSERT INTO `zz_sys_menu_perm_code` VALUES(1401541697313181843,1401541697308987416);
INSERT INTO `zz_sys_menu_perm_code` VALUES(1401541697313181843,1401541697308987417);
INSERT INTO `zz_sys_menu_perm_code` VALUES(1401541697313181844,1401541697308987409);
INSERT INTO `zz_sys_menu_perm_code` VALUES(1401541697313181846,1401541697313181699);
INSERT INTO `zz_sys_menu_perm_code` VALUES(1401541697313181847,1401541697313181700);
INSERT INTO `zz_sys_menu_perm_code` VALUES(1401541697313181847,1401541697308987418);
INSERT INTO `zz_sys_menu_perm_code` VALUES(1401541697313181847,1401541697308987419);
INSERT INTO `zz_sys_menu_perm_code` VALUES(1401541697313181847,1401541697308987420);
INSERT INTO `zz_sys_menu_perm_code` VALUES(1401541697313181847,1401541697308987421);
INSERT INTO `zz_sys_menu_perm_code` VALUES(1401541697313181848,1401541697313181701);
INSERT INTO `zz_sys_menu_perm_code` VALUES(1401541697313181848,1401541697308987422);
INSERT INTO `zz_sys_menu_perm_code` VALUES(1401541697313181848,1401541697308987423);
INSERT INTO `zz_sys_menu_perm_code` VALUES(1401541697313181848,1401541697313181696);
INSERT INTO `zz_sys_menu_perm_code` VALUES(1401541697313181848,1401541697313181697);
INSERT INTO `zz_sys_menu_perm_code` VALUES(1401541697313181849,1401541697313181702);
INSERT INTO `zz_sys_menu_perm_code` VALUES(1401541697313181851,1401541697313181736);
INSERT INTO `zz_sys_menu_perm_code` VALUES(1401541697313181852,1401541697313181737);
INSERT INTO `zz_sys_menu_perm_code` VALUES(1401541697313181852,1401541697313181728);
INSERT INTO `zz_sys_menu_perm_code` VALUES(1401541697313181852,1401541697313181729);
INSERT INTO `zz_sys_menu_perm_code` VALUES(1401541697313181852,1401541697313181730);
INSERT INTO `zz_sys_menu_perm_code` VALUES(1401541697313181853,1401541697313181738);
INSERT INTO `zz_sys_menu_perm_code` VALUES(1401541697313181853,1401541697313181721);
INSERT INTO `zz_sys_menu_perm_code` VALUES(1401541697313181853,1401541697313181722);
INSERT INTO `zz_sys_menu_perm_code` VALUES(1401541697313181853,1401541697313181723);
INSERT INTO `zz_sys_menu_perm_code` VALUES(1401541697313181853,1401541697313181724);
INSERT INTO `zz_sys_menu_perm_code` VALUES(1401541697313181854,1401541697313181739);
INSERT INTO `zz_sys_menu_perm_code` VALUES(1401541697313181855,1401541697313181740);
INSERT INTO `zz_sys_menu_perm_code` VALUES(1401541697313181856,1401541697313181741);
INSERT INTO `zz_sys_menu_perm_code` VALUES(1401541697313181857,1401541697313181742);
INSERT INTO `zz_sys_menu_perm_code` VALUES(1401541697313181857,1401541697313181725);
INSERT INTO `zz_sys_menu_perm_code` VALUES(1401541697313181857,1401541697313181726);
INSERT INTO `zz_sys_menu_perm_code` VALUES(1401541697313181857,1401541697313181727);
INSERT INTO `zz_sys_menu_perm_code` VALUES(1401541697313181858,1401541697313181743);
INSERT INTO `zz_sys_menu_perm_code` VALUES(1401541697313181858,1401541697313181717);
INSERT INTO `zz_sys_menu_perm_code` VALUES(1401541697313181858,1401541697313181718);
INSERT INTO `zz_sys_menu_perm_code` VALUES(1401541697313181858,1401541697313181719);
INSERT INTO `zz_sys_menu_perm_code` VALUES(1401541697313181858,1401541697313181720);
INSERT INTO `zz_sys_menu_perm_code` VALUES(1401541697313181860,1401541697313181704);
INSERT INTO `zz_sys_menu_perm_code` VALUES(1401541697313181862,1401541697313181706);
INSERT INTO `zz_sys_menu_perm_code` VALUES(1401541697313181863,1401541697313181707);
INSERT INTO `zz_sys_menu_perm_code` VALUES(1401541697313181863,1401541697313181715);
INSERT INTO `zz_sys_menu_perm_code` VALUES(1401541697313181863,1401541697313181716);
INSERT INTO `zz_sys_menu_perm_code` VALUES(1401541697313181864,1401541697313181708);
INSERT INTO `zz_sys_menu_perm_code` VALUES(1401541697313181864,1401541697313181715);
INSERT INTO `zz_sys_menu_perm_code` VALUES(1401541697313181864,1401541697313181716);
INSERT INTO `zz_sys_menu_perm_code` VALUES(1401541697313181865,1401541697313181709);
INSERT INTO `zz_sys_menu_perm_code` VALUES(1401541697313181865,1401541697313181715);
INSERT INTO `zz_sys_menu_perm_code` VALUES(1401541697313181865,1401541697313181716);
INSERT INTO `zz_sys_menu_perm_code` VALUES(1401541697313181866,1401541697313181710);
INSERT INTO `zz_sys_menu_perm_code` VALUES(1401541697313181866,1401541697313181715);
INSERT INTO `zz_sys_menu_perm_code` VALUES(1401541697313181866,1401541697313181716);
INSERT INTO `zz_sys_menu_perm_code` VALUES(1401541697313181867,1401541697313181711);
INSERT INTO `zz_sys_menu_perm_code` VALUES(1401541697313181867,1401541697313181715);
INSERT INTO `zz_sys_menu_perm_code` VALUES(1401541697313181867,1401541697313181716);
INSERT INTO `zz_sys_menu_perm_code` VALUES(1401541697313181868,1401541697313181712);
INSERT INTO `zz_sys_menu_perm_code` VALUES(1401541697313181868,1401541697313181715);
INSERT INTO `zz_sys_menu_perm_code` VALUES(1401541697313181868,1401541697313181716);
INSERT INTO `zz_sys_menu_perm_code` VALUES(1401541697317376000,1401541697313181713);
INSERT INTO `zz_sys_menu_perm_code` VALUES(1401541697317376000,1401541697313181715);
INSERT INTO `zz_sys_menu_perm_code` VALUES(1401541697317376000,1401541697313181716);
INSERT INTO `zz_sys_menu_perm_code` VALUES(1401541697317376001,1401541697313181714);
INSERT INTO `zz_sys_menu_perm_code` VALUES(1401541697317376001,1401541697313181715);
INSERT INTO `zz_sys_menu_perm_code` VALUES(1401541697317376001,1401541697313181716);
INSERT INTO `zz_sys_menu_perm_code` VALUES(1401541697317376003,1401541697317376006);
INSERT INTO `zz_sys_menu_perm_code` VALUES(1401541697317376004,1401541697317376007);
COMMIT;

-- ----------------------------
-- 全部权限资源模块数据
-- ----------------------------
BEGIN;
INSERT INTO `zz_sys_perm_module` VALUES(1309065501191704577,NULL,'缺省分组',0,3,1401541697321570305,CURDATE(),1401541697321570305,CURDATE(),1);
INSERT INTO `zz_sys_perm_module` VALUES(1309065501191704576,NULL,'系统配置',0,2,1401541697321570305,CURDATE(),1401541697321570305,CURDATE(),1);
INSERT INTO `zz_sys_perm_module` VALUES(1309065501174927363,NULL,'用户权限',0,1,1401541697321570305,CURDATE(),1401541697321570305,CURDATE(),1);
INSERT INTO `zz_sys_perm_module` VALUES(1401541697288015991,1309065501191704576,'字典管理',0,0,1401541697321570305,CURDATE(),1401541697321570305,CURDATE(),1);
INSERT INTO `zz_sys_perm_module` VALUES(1401541697288015872,1309065501191704577,'课程数据',1,0,1401541697321570305,CURDATE(),1401541697321570305,CURDATE(),1);
INSERT INTO `zz_sys_perm_module` VALUES(1401541697288015882,1309065501191704577,'校区数据',1,5,1401541697321570305,CURDATE(),1401541697321570305,CURDATE(),1);
INSERT INTO `zz_sys_perm_module` VALUES(1401541697288015890,1309065501191704577,'学生数据',1,10,1401541697321570305,CURDATE(),1401541697321570305,CURDATE(),1);
INSERT INTO `zz_sys_perm_module` VALUES(1401541697288015898,1309065501174927363,'用户管理',1,0,1401541697321570305,CURDATE(),1401541697321570305,CURDATE(),1);
INSERT INTO `zz_sys_perm_module` VALUES(1401541697288015910,1309065501191704577,'班级数据',1,15,1401541697321570305,CURDATE(),1401541697321570305,CURDATE(),1);
INSERT INTO `zz_sys_perm_module` VALUES(1401541697288015928,1309065501191704577,'课程统计',1,20,1401541697321570305,CURDATE(),1401541697321570305,CURDATE(),1);
INSERT INTO `zz_sys_perm_module` VALUES(1401541697288015934,1309065501191704577,'学生行为统计',1,25,1401541697321570305,CURDATE(),1401541697321570305,CURDATE(),1);
INSERT INTO `zz_sys_perm_module` VALUES(1401541697288015940,1309065501191704577,'学生行为流水',1,30,1401541697321570305,CURDATE(),1401541697321570305,CURDATE(),1);
INSERT INTO `zz_sys_perm_module` VALUES(1401541697288015948,1309065501174927363,'角色管理',1,10,1401541697321570305,CURDATE(),1401541697321570305,CURDATE(),1);
INSERT INTO `zz_sys_perm_module` VALUES(1401541697288015960,1309065501174927363,'菜单管理',1,15,1401541697321570305,CURDATE(),1401541697321570305,CURDATE(),1);
INSERT INTO `zz_sys_perm_module` VALUES(1401541697288015968,1309065501174927363,'权限字管理',1,20,1401541697321570305,CURDATE(),1401541697321570305,CURDATE(),1);
INSERT INTO `zz_sys_perm_module` VALUES(1401541697288015976,1309065501174927363,'权限模块管理',1,25,1401541697321570305,CURDATE(),1401541697321570305,CURDATE(),1);
INSERT INTO `zz_sys_perm_module` VALUES(1401541697288015982,1309065501174927363,'权限资源管理',1,30,1401541697321570305,CURDATE(),1401541697321570305,CURDATE(),1);
INSERT INTO `zz_sys_perm_module` VALUES(1401541697288015992,1401541697288015991,'行政区划',1,1,1401541697321570305,CURDATE(),1401541697321570305,CURDATE(),1);
INSERT INTO `zz_sys_perm_module` VALUES(1401541697288015997,1401541697288015991,'年级',1,2,1401541697321570305,CURDATE(),1401541697321570305,CURDATE(),1);
INSERT INTO `zz_sys_perm_module` VALUES(1401541697288016002,1309065501191704576,'在线用户',1,5,1401541697321570305,CURDATE(),1401541697321570305,CURDATE(),1);
COMMIT;

-- ----------------------------
-- 全部权限资源数据
-- ----------------------------
BEGIN;
INSERT INTO `zz_sys_perm` VALUES(1401541697288015873,1401541697288015872,'新增','/admin/app/course/add',1,1401541697321570305,CURDATE(),1401541697321570305,CURDATE(),1);
INSERT INTO `zz_sys_perm` VALUES(1401541697288015874,1401541697288015872,'编辑','/admin/app/course/update',2,1401541697321570305,CURDATE(),1401541697321570305,CURDATE(),1);
INSERT INTO `zz_sys_perm` VALUES(1401541697288015875,1401541697288015872,'删除','/admin/app/course/delete',3,1401541697321570305,CURDATE(),1401541697321570305,CURDATE(),1);
INSERT INTO `zz_sys_perm` VALUES(1401541697288015876,1401541697288015872,'显示列表','/admin/app/course/list',4,1401541697321570305,CURDATE(),1401541697321570305,CURDATE(),1);
INSERT INTO `zz_sys_perm` VALUES(1401541697288015877,1401541697288015872,'导出','/admin/app/course/export',5,1401541697321570305,CURDATE(),1401541697321570305,CURDATE(),1);
INSERT INTO `zz_sys_perm` VALUES(1401541697288015878,1401541697288015872,'详情','/admin/app/course/view',6,1401541697321570305,CURDATE(),1401541697321570305,CURDATE(),1);
INSERT INTO `zz_sys_perm` VALUES(1401541697288015879,1401541697288015872,'打印','/admin/app/course/print',7,1401541697321570305,CURDATE(),1401541697321570305,CURDATE(),1);
INSERT INTO `zz_sys_perm` VALUES(1401541697288015880,1401541697288015872,'课程数据文件上传','/admin/app/course/upload',8,1401541697321570305,CURDATE(),1401541697321570305,CURDATE(),1);
INSERT INTO `zz_sys_perm` VALUES(1401541697288015881,1401541697288015872,'课程数据文件下载','/admin/app/course/download',9,1401541697321570305,CURDATE(),1401541697321570305,CURDATE(),1);
INSERT INTO `zz_sys_perm` VALUES(1401541697288015883,1401541697288015882,'新增','/admin/app/schoolInfo/add',1,1401541697321570305,CURDATE(),1401541697321570305,CURDATE(),1);
INSERT INTO `zz_sys_perm` VALUES(1401541697288015884,1401541697288015882,'编辑','/admin/app/schoolInfo/update',2,1401541697321570305,CURDATE(),1401541697321570305,CURDATE(),1);
INSERT INTO `zz_sys_perm` VALUES(1401541697288015885,1401541697288015882,'删除','/admin/app/schoolInfo/delete',3,1401541697321570305,CURDATE(),1401541697321570305,CURDATE(),1);
INSERT INTO `zz_sys_perm` VALUES(1401541697288015886,1401541697288015882,'显示列表','/admin/app/schoolInfo/list',4,1401541697321570305,CURDATE(),1401541697321570305,CURDATE(),1);
INSERT INTO `zz_sys_perm` VALUES(1401541697288015887,1401541697288015882,'导出','/admin/app/schoolInfo/export',5,1401541697321570305,CURDATE(),1401541697321570305,CURDATE(),1);
INSERT INTO `zz_sys_perm` VALUES(1401541697288015888,1401541697288015882,'详情','/admin/app/schoolInfo/view',6,1401541697321570305,CURDATE(),1401541697321570305,CURDATE(),1);
INSERT INTO `zz_sys_perm` VALUES(1401541697288015889,1401541697288015882,'打印','/admin/app/schoolInfo/print',7,1401541697321570305,CURDATE(),1401541697321570305,CURDATE(),1);
INSERT INTO `zz_sys_perm` VALUES(1401541697288015891,1401541697288015890,'新增','/admin/app/student/add',1,1401541697321570305,CURDATE(),1401541697321570305,CURDATE(),1);
INSERT INTO `zz_sys_perm` VALUES(1401541697288015892,1401541697288015890,'编辑','/admin/app/student/update',2,1401541697321570305,CURDATE(),1401541697321570305,CURDATE(),1);
INSERT INTO `zz_sys_perm` VALUES(1401541697288015893,1401541697288015890,'删除','/admin/app/student/delete',3,1401541697321570305,CURDATE(),1401541697321570305,CURDATE(),1);
INSERT INTO `zz_sys_perm` VALUES(1401541697288015894,1401541697288015890,'显示列表','/admin/app/student/list',4,1401541697321570305,CURDATE(),1401541697321570305,CURDATE(),1);
INSERT INTO `zz_sys_perm` VALUES(1401541697288015895,1401541697288015890,'导出','/admin/app/student/export',5,1401541697321570305,CURDATE(),1401541697321570305,CURDATE(),1);
INSERT INTO `zz_sys_perm` VALUES(1401541697288015896,1401541697288015890,'详情','/admin/app/student/view',6,1401541697321570305,CURDATE(),1401541697321570305,CURDATE(),1);
INSERT INTO `zz_sys_perm` VALUES(1401541697288015897,1401541697288015890,'打印','/admin/app/student/print',7,1401541697321570305,CURDATE(),1401541697321570305,CURDATE(),1);
INSERT INTO `zz_sys_perm` VALUES(1401541697288015899,1401541697288015898,'新增','/admin/upms/sysUser/add',1,1401541697321570305,CURDATE(),1401541697321570305,CURDATE(),1);
INSERT INTO `zz_sys_perm` VALUES(1401541697288015900,1401541697288015898,'编辑','/admin/upms/sysUser/update',2,1401541697321570305,CURDATE(),1401541697321570305,CURDATE(),1);
INSERT INTO `zz_sys_perm` VALUES(1401541697288015901,1401541697288015898,'删除','/admin/upms/sysUser/delete',3,1401541697321570305,CURDATE(),1401541697321570305,CURDATE(),1);
INSERT INTO `zz_sys_perm` VALUES(1401541697288015902,1401541697288015898,'显示列表','/admin/upms/sysUser/list',4,1401541697321570305,CURDATE(),1401541697321570305,CURDATE(),1);
INSERT INTO `zz_sys_perm` VALUES(1401541697288015903,1401541697288015898,'导出','/admin/upms/sysUser/export',5,1401541697321570305,CURDATE(),1401541697321570305,CURDATE(),1);
INSERT INTO `zz_sys_perm` VALUES(1401541697288015904,1401541697288015898,'详情','/admin/upms/sysUser/view',6,1401541697321570305,CURDATE(),1401541697321570305,CURDATE(),1);
INSERT INTO `zz_sys_perm` VALUES(1401541697288015905,1401541697288015898,'打印','/admin/upms/sysUser/print',7,1401541697321570305,CURDATE(),1401541697321570305,CURDATE(),1);
INSERT INTO `zz_sys_perm` VALUES(1401541697288015906,1401541697288015898,'重置密码','/admin/upms/sysUser/resetPassword',8,1401541697321570305,CURDATE(),1401541697321570305,CURDATE(),1);
INSERT INTO `zz_sys_perm` VALUES(1401541697288015907,1401541697288015898,'用户权限资源分配详情','/admin/upms/sysUser/listSysPermWithDetail',9,1401541697321570305,CURDATE(),1401541697321570305,CURDATE(),1);
INSERT INTO `zz_sys_perm` VALUES(1401541697288015908,1401541697288015898,'用户权限字分配详情','/admin/upms/sysUser/listSysPermCodeWithDetail',10,1401541697321570305,CURDATE(),1401541697321570305,CURDATE(),1);
INSERT INTO `zz_sys_perm` VALUES(1401541697288015909,1401541697288015898,'用户菜单分配详情','/admin/upms/sysUser/listSysMenuWithDetail',11,1401541697321570305,CURDATE(),1401541697321570305,CURDATE(),1);
INSERT INTO `zz_sys_perm` VALUES(1401541697288015911,1401541697288015910,'新增','/admin/app/studentClass/add',1,1401541697321570305,CURDATE(),1401541697321570305,CURDATE(),1);
INSERT INTO `zz_sys_perm` VALUES(1401541697288015912,1401541697288015910,'编辑','/admin/app/studentClass/update',2,1401541697321570305,CURDATE(),1401541697321570305,CURDATE(),1);
INSERT INTO `zz_sys_perm` VALUES(1401541697288015913,1401541697288015910,'删除','/admin/app/studentClass/delete',3,1401541697321570305,CURDATE(),1401541697321570305,CURDATE(),1);
INSERT INTO `zz_sys_perm` VALUES(1401541697288015914,1401541697288015910,'显示列表','/admin/app/studentClass/list',4,1401541697321570305,CURDATE(),1401541697321570305,CURDATE(),1);
INSERT INTO `zz_sys_perm` VALUES(1401541697288015915,1401541697288015910,'导出','/admin/app/studentClass/export',5,1401541697321570305,CURDATE(),1401541697321570305,CURDATE(),1);
INSERT INTO `zz_sys_perm` VALUES(1401541697288015916,1401541697288015910,'详情','/admin/app/studentClass/view',6,1401541697321570305,CURDATE(),1401541697321570305,CURDATE(),1);
INSERT INTO `zz_sys_perm` VALUES(1401541697288015917,1401541697288015910,'打印','/admin/app/studentClass/print',7,1401541697321570305,CURDATE(),1401541697321570305,CURDATE(),1);
INSERT INTO `zz_sys_perm` VALUES(1401541697288015918,1401541697288015910,'新增班级课程','/admin/app/studentClass/addClassCourse',8,1401541697321570305,CURDATE(),1401541697321570305,CURDATE(),1);
INSERT INTO `zz_sys_perm` VALUES(1401541697288015919,1401541697288015910,'详情班级课程','/admin/app/studentClass/viewClassCourse',9,1401541697321570305,CURDATE(),1401541697321570305,CURDATE(),1);
INSERT INTO `zz_sys_perm` VALUES(1401541697288015920,1401541697288015910,'编辑班级课程','/admin/app/studentClass/updateClassCourse',10,1401541697321570305,CURDATE(),1401541697321570305,CURDATE(),1);
INSERT INTO `zz_sys_perm` VALUES(1401541697288015921,1401541697288015910,'移除班级课程','/admin/app/studentClass/deleteClassCourse',11,1401541697321570305,CURDATE(),1401541697321570305,CURDATE(),1);
INSERT INTO `zz_sys_perm` VALUES(1401541697288015922,1401541697288015910,'班级课程列表','/admin/app/studentClass/listClassCourse',12,1401541697321570305,CURDATE(),1401541697321570305,CURDATE(),1);
INSERT INTO `zz_sys_perm` VALUES(1401541697288015923,1401541697288015910,'班级课程未关联列表','/admin/app/studentClass/listNotInClassCourse',13,1401541697321570305,CURDATE(),1401541697321570305,CURDATE(),1);
INSERT INTO `zz_sys_perm` VALUES(1401541697288015924,1401541697288015910,'新增班级学生','/admin/app/studentClass/addClassStudent',14,1401541697321570305,CURDATE(),1401541697321570305,CURDATE(),1);
INSERT INTO `zz_sys_perm` VALUES(1401541697288015925,1401541697288015910,'移除班级学生','/admin/app/studentClass/deleteClassStudent',15,1401541697321570305,CURDATE(),1401541697321570305,CURDATE(),1);
INSERT INTO `zz_sys_perm` VALUES(1401541697288015926,1401541697288015910,'班级学生列表','/admin/app/studentClass/listClassStudent',16,1401541697321570305,CURDATE(),1401541697321570305,CURDATE(),1);
INSERT INTO `zz_sys_perm` VALUES(1401541697288015927,1401541697288015910,'班级学生未关联列表','/admin/app/studentClass/listNotInClassStudent',17,1401541697321570305,CURDATE(),1401541697321570305,CURDATE(),1);
INSERT INTO `zz_sys_perm` VALUES(1401541697288015929,1401541697288015928,'分组列表','/admin/app/courseTransStats/listWithGroup',1,1401541697321570305,CURDATE(),1401541697321570305,CURDATE(),1);
INSERT INTO `zz_sys_perm` VALUES(1401541697288015930,1401541697288015928,'显示列表','/admin/app/courseTransStats/list',2,1401541697321570305,CURDATE(),1401541697321570305,CURDATE(),1);
INSERT INTO `zz_sys_perm` VALUES(1401541697288015931,1401541697288015928,'导出','/admin/app/courseTransStats/export',3,1401541697321570305,CURDATE(),1401541697321570305,CURDATE(),1);
INSERT INTO `zz_sys_perm` VALUES(1401541697288015932,1401541697288015928,'详情','/admin/app/courseTransStats/view',4,1401541697321570305,CURDATE(),1401541697321570305,CURDATE(),1);
INSERT INTO `zz_sys_perm` VALUES(1401541697288015933,1401541697288015928,'打印','/admin/app/courseTransStats/print',5,1401541697321570305,CURDATE(),1401541697321570305,CURDATE(),1);
INSERT INTO `zz_sys_perm` VALUES(1401541697288015935,1401541697288015934,'分组列表','/admin/app/studentActionStats/listWithGroup',1,1401541697321570305,CURDATE(),1401541697321570305,CURDATE(),1);
INSERT INTO `zz_sys_perm` VALUES(1401541697288015936,1401541697288015934,'显示列表','/admin/app/studentActionStats/list',2,1401541697321570305,CURDATE(),1401541697321570305,CURDATE(),1);
INSERT INTO `zz_sys_perm` VALUES(1401541697288015937,1401541697288015934,'导出','/admin/app/studentActionStats/export',3,1401541697321570305,CURDATE(),1401541697321570305,CURDATE(),1);
INSERT INTO `zz_sys_perm` VALUES(1401541697288015938,1401541697288015934,'详情','/admin/app/studentActionStats/view',4,1401541697321570305,CURDATE(),1401541697321570305,CURDATE(),1);
INSERT INTO `zz_sys_perm` VALUES(1401541697288015939,1401541697288015934,'打印','/admin/app/studentActionStats/print',5,1401541697321570305,CURDATE(),1401541697321570305,CURDATE(),1);
INSERT INTO `zz_sys_perm` VALUES(1401541697288015941,1401541697288015940,'新增','/admin/app/studentActionTrans/add',1,1401541697321570305,CURDATE(),1401541697321570305,CURDATE(),1);
INSERT INTO `zz_sys_perm` VALUES(1401541697288015942,1401541697288015940,'编辑','/admin/app/studentActionTrans/update',2,1401541697321570305,CURDATE(),1401541697321570305,CURDATE(),1);
INSERT INTO `zz_sys_perm` VALUES(1401541697288015943,1401541697288015940,'删除','/admin/app/studentActionTrans/delete',3,1401541697321570305,CURDATE(),1401541697321570305,CURDATE(),1);
INSERT INTO `zz_sys_perm` VALUES(1401541697288015944,1401541697288015940,'显示列表','/admin/app/studentActionTrans/list',4,1401541697321570305,CURDATE(),1401541697321570305,CURDATE(),1);
INSERT INTO `zz_sys_perm` VALUES(1401541697288015945,1401541697288015940,'导出','/admin/app/studentActionTrans/export',5,1401541697321570305,CURDATE(),1401541697321570305,CURDATE(),1);
INSERT INTO `zz_sys_perm` VALUES(1401541697288015946,1401541697288015940,'详情','/admin/app/studentActionTrans/view',6,1401541697321570305,CURDATE(),1401541697321570305,CURDATE(),1);
INSERT INTO `zz_sys_perm` VALUES(1401541697288015947,1401541697288015940,'打印','/admin/app/studentActionTrans/print',7,1401541697321570305,CURDATE(),1401541697321570305,CURDATE(),1);
INSERT INTO `zz_sys_perm` VALUES(1401541697288015949,1401541697288015948,'新增','/admin/upms/sysRole/add',1,1401541697321570305,CURDATE(),1401541697321570305,CURDATE(),1);
INSERT INTO `zz_sys_perm` VALUES(1401541697288015950,1401541697288015948,'编辑','/admin/upms/sysRole/update',2,1401541697321570305,CURDATE(),1401541697321570305,CURDATE(),1);
INSERT INTO `zz_sys_perm` VALUES(1401541697288015951,1401541697288015948,'删除','/admin/upms/sysRole/delete',3,1401541697321570305,CURDATE(),1401541697321570305,CURDATE(),1);
INSERT INTO `zz_sys_perm` VALUES(1401541697288015952,1401541697288015948,'显示列表','/admin/upms/sysRole/list',4,1401541697321570305,CURDATE(),1401541697321570305,CURDATE(),1);
INSERT INTO `zz_sys_perm` VALUES(1401541697288015953,1401541697288015948,'详情','/admin/upms/sysRole/view',5,1401541697321570305,CURDATE(),1401541697321570305,CURDATE(),1);
INSERT INTO `zz_sys_perm` VALUES(1401541697288015954,1401541697288015948,'授权用户','/admin/upms/sysRole/addUserRole',6,1401541697321570305,CURDATE(),1401541697321570305,CURDATE(),1);
INSERT INTO `zz_sys_perm` VALUES(1401541697288015955,1401541697288015948,'移除用户','/admin/upms/sysRole/deleteUserRole',7,1401541697321570305,CURDATE(),1401541697321570305,CURDATE(),1);
INSERT INTO `zz_sys_perm` VALUES(1401541697288015956,1401541697288015948,'角色用户列表','/admin/upms/sysRole/listUserRole',8,1401541697321570305,CURDATE(),1401541697321570305,CURDATE(),1);
INSERT INTO `zz_sys_perm` VALUES(1401541697288015957,1401541697288015948,'角色未添加用户列表','/admin/upms/sysRole/listNotInUserRole',9,1401541697321570305,CURDATE(),1401541697321570305,CURDATE(),1);
INSERT INTO `zz_sys_perm` VALUES(1401541697288015958,1401541697288015948,'角色权限资源分配详情','/admin/upms/sysRole/listSysPermWithDetail',10,1401541697321570305,CURDATE(),1401541697321570305,CURDATE(),1);
INSERT INTO `zz_sys_perm` VALUES(1401541697288015959,1401541697288015948,'角色权限字分配详情','/admin/upms/sysRole/listSysPermCodeWithDetail',11,1401541697321570305,CURDATE(),1401541697321570305,CURDATE(),1);
INSERT INTO `zz_sys_perm` VALUES(1401541697288015961,1401541697288015960,'新增','/admin/upms/sysMenu/add',1,1401541697321570305,CURDATE(),1401541697321570305,CURDATE(),1);
INSERT INTO `zz_sys_perm` VALUES(1401541697288015962,1401541697288015960,'删除','/admin/upms/sysMenu/delete',2,1401541697321570305,CURDATE(),1401541697321570305,CURDATE(),1);
INSERT INTO `zz_sys_perm` VALUES(1401541697288015963,1401541697288015960,'编辑','/admin/upms/sysMenu/update',3,1401541697321570305,CURDATE(),1401541697321570305,CURDATE(),1);
INSERT INTO `zz_sys_perm` VALUES(1401541697288015964,1401541697288015960,'显示列表','/admin/upms/sysMenu/list',4,1401541697321570305,CURDATE(),1401541697321570305,CURDATE(),1);
INSERT INTO `zz_sys_perm` VALUES(1401541697288015965,1401541697288015960,'详情','/admin/upms/sysMenu/view',5,1401541697321570305,CURDATE(),1401541697321570305,CURDATE(),1);
INSERT INTO `zz_sys_perm` VALUES(1401541697288015966,1401541697288015960,'菜单权限资源分配详情','/admin/upms/sysMenu/listSysPermWithDetail',6,1401541697321570305,CURDATE(),1401541697321570305,CURDATE(),1);
INSERT INTO `zz_sys_perm` VALUES(1401541697288015967,1401541697288015960,'菜单用户分配详情','/admin/upms/sysMenu/listSysUserWithDetail',7,1401541697321570305,CURDATE(),1401541697321570305,CURDATE(),1);
INSERT INTO `zz_sys_perm` VALUES(1401541697288015969,1401541697288015968,'新增','/admin/upms/sysPermCode/add',1,1401541697321570305,CURDATE(),1401541697321570305,CURDATE(),1);
INSERT INTO `zz_sys_perm` VALUES(1401541697288015970,1401541697288015968,'编辑','/admin/upms/sysPermCode/update',2,1401541697321570305,CURDATE(),1401541697321570305,CURDATE(),1);
INSERT INTO `zz_sys_perm` VALUES(1401541697288015971,1401541697288015968,'删除','/admin/upms/sysPermCode/delete',3,1401541697321570305,CURDATE(),1401541697321570305,CURDATE(),1);
INSERT INTO `zz_sys_perm` VALUES(1401541697288015972,1401541697288015968,'显示列表','/admin/upms/sysPermCode/list',4,1401541697321570305,CURDATE(),1401541697321570305,CURDATE(),1);
INSERT INTO `zz_sys_perm` VALUES(1401541697288015973,1401541697288015968,'详情','/admin/upms/sysPermCode/view',5,1401541697321570305,CURDATE(),1401541697321570305,CURDATE(),1);
INSERT INTO `zz_sys_perm` VALUES(1401541697288015974,1401541697288015968,'权限字用户分配详情','/admin/upms/sysPermCode/listSysUserWithDetail',6,1401541697321570305,CURDATE(),1401541697321570305,CURDATE(),1);
INSERT INTO `zz_sys_perm` VALUES(1401541697288015975,1401541697288015968,'权限字角色分配详情','/admin/upms/sysPermCode/listSysRoleWithDetail',7,1401541697321570305,CURDATE(),1401541697321570305,CURDATE(),1);
INSERT INTO `zz_sys_perm` VALUES(1401541697288015977,1401541697288015976,'新增','/admin/upms/sysPermModule/add',1,1401541697321570305,CURDATE(),1401541697321570305,CURDATE(),1);
INSERT INTO `zz_sys_perm` VALUES(1401541697288015978,1401541697288015976,'编辑','/admin/upms/sysPermModule/update',2,1401541697321570305,CURDATE(),1401541697321570305,CURDATE(),1);
INSERT INTO `zz_sys_perm` VALUES(1401541697288015979,1401541697288015976,'删除','/admin/upms/sysPermModule/delete',3,1401541697321570305,CURDATE(),1401541697321570305,CURDATE(),1);
INSERT INTO `zz_sys_perm` VALUES(1401541697288015980,1401541697288015976,'显示列表','/admin/upms/sysPermModule/list',4,1401541697321570305,CURDATE(),1401541697321570305,CURDATE(),1);
INSERT INTO `zz_sys_perm` VALUES(1401541697288015981,1401541697288015976,'显示全部','/admin/upms/sysPermModule/listAll',5,1401541697321570305,CURDATE(),1401541697321570305,CURDATE(),1);
INSERT INTO `zz_sys_perm` VALUES(1401541697288015983,1401541697288015982,'新增','/admin/upms/sysPerm/add',1,1401541697321570305,CURDATE(),1401541697321570305,CURDATE(),1);
INSERT INTO `zz_sys_perm` VALUES(1401541697288015984,1401541697288015982,'编辑','/admin/upms/sysPerm/update',2,1401541697321570305,CURDATE(),1401541697321570305,CURDATE(),1);
INSERT INTO `zz_sys_perm` VALUES(1401541697288015985,1401541697288015982,'删除','/admin/upms/sysPerm/delete',3,1401541697321570305,CURDATE(),1401541697321570305,CURDATE(),1);
INSERT INTO `zz_sys_perm` VALUES(1401541697288015986,1401541697288015982,'显示列表','/admin/upms/sysPerm/list',4,1401541697321570305,CURDATE(),1401541697321570305,CURDATE(),1);
INSERT INTO `zz_sys_perm` VALUES(1401541697288015987,1401541697288015982,'详情','/admin/upms/sysPerm/view',5,1401541697321570305,CURDATE(),1401541697321570305,CURDATE(),1);
INSERT INTO `zz_sys_perm` VALUES(1401541697288015988,1401541697288015982,'权限资源用户分配详情','/admin/upms/sysPerm/listSysUserWithDetail',6,1401541697321570305,CURDATE(),1401541697321570305,CURDATE(),1);
INSERT INTO `zz_sys_perm` VALUES(1401541697288015989,1401541697288015982,'权限资源角色分配详情','/admin/upms/sysPerm/listSysRoleWithDetail',7,1401541697321570305,CURDATE(),1401541697321570305,CURDATE(),1);
INSERT INTO `zz_sys_perm` VALUES(1401541697288015990,1401541697288015982,'权限资源菜单分配详情','/admin/upms/sysPerm/listSysMenuWithDetail',8,1401541697321570305,CURDATE(),1401541697321570305,CURDATE(),1);
INSERT INTO `zz_sys_perm` VALUES(1401541697288015993,1401541697288015992,'新增','/admin/app/areaCode/add',1,1401541697321570305,CURDATE(),1401541697321570305,CURDATE(),1);
INSERT INTO `zz_sys_perm` VALUES(1401541697288015994,1401541697288015992,'编辑','/admin/app/areaCode/update',2,1401541697321570305,CURDATE(),1401541697321570305,CURDATE(),1);
INSERT INTO `zz_sys_perm` VALUES(1401541697288015995,1401541697288015992,'删除','/admin/app/areaCode/delete',3,1401541697321570305,CURDATE(),1401541697321570305,CURDATE(),1);
INSERT INTO `zz_sys_perm` VALUES(1401541697288015996,1401541697288015992,'同步缓存','/admin/app/areaCode/reloadCachedData',4,1401541697321570305,CURDATE(),1401541697321570305,CURDATE(),1);
INSERT INTO `zz_sys_perm` VALUES(1401541697288015998,1401541697288015997,'新增','/admin/app/grade/add',1,1401541697321570305,CURDATE(),1401541697321570305,CURDATE(),1);
INSERT INTO `zz_sys_perm` VALUES(1401541697288015999,1401541697288015997,'编辑','/admin/app/grade/update',2,1401541697321570305,CURDATE(),1401541697321570305,CURDATE(),1);
INSERT INTO `zz_sys_perm` VALUES(1401541697288016000,1401541697288015997,'删除','/admin/app/grade/delete',3,1401541697321570305,CURDATE(),1401541697321570305,CURDATE(),1);
INSERT INTO `zz_sys_perm` VALUES(1401541697288016001,1401541697288015997,'同步缓存','/admin/app/grade/reloadCachedData',4,1401541697321570305,CURDATE(),1401541697321570305,CURDATE(),1);
INSERT INTO `zz_sys_perm` VALUES(1401541697288016003,1401541697288016002,'显示列表','/admin/upms/loginUser/list',1,1401541697321570305,CURDATE(),1401541697321570305,CURDATE(),1);
INSERT INTO `zz_sys_perm` VALUES(1401541697288016004,1401541697288016002,'删除','/admin/upms/loginUser/delete',1,1401541697321570305,CURDATE(),1401541697321570305,CURDATE(),1);
COMMIT;

-- ----------------------------
-- 全部权限字和权限资源关系数据
-- ----------------------------
BEGIN;
INSERT INTO `zz_sys_perm_code_perm` VALUES(1401541697308987393,1401541697288015886);
INSERT INTO `zz_sys_perm_code_perm` VALUES(1401541697308987396,1401541697288015885);
INSERT INTO `zz_sys_perm_code_perm` VALUES(1401541697308987400,1401541697288015883);
INSERT INTO `zz_sys_perm_code_perm` VALUES(1401541697308987402,1401541697288015888);
INSERT INTO `zz_sys_perm_code_perm` VALUES(1401541697308987404,1401541697288015884);
INSERT INTO `zz_sys_perm_code_perm` VALUES(1401541697308987406,1401541697288015894);
INSERT INTO `zz_sys_perm_code_perm` VALUES(1401541697308987409,1401541697288015893);
INSERT INTO `zz_sys_perm_code_perm` VALUES(1401541697308987413,1401541697288015891);
INSERT INTO `zz_sys_perm_code_perm` VALUES(1401541697308987415,1401541697288015896);
INSERT INTO `zz_sys_perm_code_perm` VALUES(1401541697308987417,1401541697288015892);
INSERT INTO `zz_sys_perm_code_perm` VALUES(1401541697308987421,1401541697288015880);
INSERT INTO `zz_sys_perm_code_perm` VALUES(1401541697308987421,1401541697288015873);
INSERT INTO `zz_sys_perm_code_perm` VALUES(1401541697308987423,1401541697288015881);
INSERT INTO `zz_sys_perm_code_perm` VALUES(1401541697308987423,1401541697288015878);
INSERT INTO `zz_sys_perm_code_perm` VALUES(1401541697313181697,1401541697288015880);
INSERT INTO `zz_sys_perm_code_perm` VALUES(1401541697313181697,1401541697288015874);
INSERT INTO `zz_sys_perm_code_perm` VALUES(1401541697313181699,1401541697288015881);
INSERT INTO `zz_sys_perm_code_perm` VALUES(1401541697313181699,1401541697288015876);
INSERT INTO `zz_sys_perm_code_perm` VALUES(1401541697313181702,1401541697288015875);
INSERT INTO `zz_sys_perm_code_perm` VALUES(1401541697313181704,1401541697288015929);
INSERT INTO `zz_sys_perm_code_perm` VALUES(1401541697313181704,1401541697288015930);
INSERT INTO `zz_sys_perm_code_perm` VALUES(1401541697313181706,1401541697288015935);
INSERT INTO `zz_sys_perm_code_perm` VALUES(1401541697313181706,1401541697288015936);
INSERT INTO `zz_sys_perm_code_perm` VALUES(1401541697313181716,1401541697288015944);
INSERT INTO `zz_sys_perm_code_perm` VALUES(1401541697313181720,1401541697288015911);
INSERT INTO `zz_sys_perm_code_perm` VALUES(1401541697313181722,1401541697288015916);
INSERT INTO `zz_sys_perm_code_perm` VALUES(1401541697313181724,1401541697288015912);
INSERT INTO `zz_sys_perm_code_perm` VALUES(1401541697313181726,1401541697288015927);
INSERT INTO `zz_sys_perm_code_perm` VALUES(1401541697313181727,1401541697288015924);
INSERT INTO `zz_sys_perm_code_perm` VALUES(1401541697313181729,1401541697288015923);
INSERT INTO `zz_sys_perm_code_perm` VALUES(1401541697313181730,1401541697288015918);
INSERT INTO `zz_sys_perm_code_perm` VALUES(1401541697313181732,1401541697288015919);
INSERT INTO `zz_sys_perm_code_perm` VALUES(1401541697313181734,1401541697288015920);
INSERT INTO `zz_sys_perm_code_perm` VALUES(1401541697313181736,1401541697288015914);
INSERT INTO `zz_sys_perm_code_perm` VALUES(1401541697313181736,1401541697288015922);
INSERT INTO `zz_sys_perm_code_perm` VALUES(1401541697313181736,1401541697288015926);
INSERT INTO `zz_sys_perm_code_perm` VALUES(1401541697313181739,1401541697288015913);
INSERT INTO `zz_sys_perm_code_perm` VALUES(1401541697313181740,1401541697288015921);
INSERT INTO `zz_sys_perm_code_perm` VALUES(1401541697313181741,1401541697288015925);
INSERT INTO `zz_sys_perm_code_perm` VALUES(1401541697313181753,1401541697288015902);
INSERT INTO `zz_sys_perm_code_perm` VALUES(1401541697313181753,1401541697288015903);
INSERT INTO `zz_sys_perm_code_perm` VALUES(1401541697313181754,1401541697288015899);
INSERT INTO `zz_sys_perm_code_perm` VALUES(1401541697313181754,1401541697288015952);
INSERT INTO `zz_sys_perm_code_perm` VALUES(1401541697313181755,1401541697288015904);
INSERT INTO `zz_sys_perm_code_perm` VALUES(1401541697313181755,1401541697288015900);
INSERT INTO `zz_sys_perm_code_perm` VALUES(1401541697313181755,1401541697288015905);
INSERT INTO `zz_sys_perm_code_perm` VALUES(1401541697313181755,1401541697288015952);
INSERT INTO `zz_sys_perm_code_perm` VALUES(1401541697313181756,1401541697288015901);
INSERT INTO `zz_sys_perm_code_perm` VALUES(1401541697313181757,1401541697288015906);
INSERT INTO `zz_sys_perm_code_perm` VALUES(1401541697313181758,1401541697288015909);
INSERT INTO `zz_sys_perm_code_perm` VALUES(1401541697313181758,1401541697288015908);
INSERT INTO `zz_sys_perm_code_perm` VALUES(1401541697313181758,1401541697288015907);
INSERT INTO `zz_sys_perm_code_perm` VALUES(1401541697313181771,1401541697288015952);
INSERT INTO `zz_sys_perm_code_perm` VALUES(1401541697313181773,1401541697288015949);
INSERT INTO `zz_sys_perm_code_perm` VALUES(1401541697313181773,1401541697288015964);
INSERT INTO `zz_sys_perm_code_perm` VALUES(1401541697313181774,1401541697288015953);
INSERT INTO `zz_sys_perm_code_perm` VALUES(1401541697313181774,1401541697288015950);
INSERT INTO `zz_sys_perm_code_perm` VALUES(1401541697313181774,1401541697288015964);
INSERT INTO `zz_sys_perm_code_perm` VALUES(1401541697313181776,1401541697288015959);
INSERT INTO `zz_sys_perm_code_perm` VALUES(1401541697313181776,1401541697288015958);
INSERT INTO `zz_sys_perm_code_perm` VALUES(1401541697313181775,1401541697288015951);
INSERT INTO `zz_sys_perm_code_perm` VALUES(1401541697313181772,1401541697288015956);
INSERT INTO `zz_sys_perm_code_perm` VALUES(1401541697313181777,1401541697288015954);
INSERT INTO `zz_sys_perm_code_perm` VALUES(1401541697313181777,1401541697288015957);
INSERT INTO `zz_sys_perm_code_perm` VALUES(1401541697313181778,1401541697288015955);
INSERT INTO `zz_sys_perm_code_perm` VALUES(1401541697313181786,1401541697288015964);
INSERT INTO `zz_sys_perm_code_perm` VALUES(1401541697313181787,1401541697288015961);
INSERT INTO `zz_sys_perm_code_perm` VALUES(1401541697313181787,1401541697288015972);
INSERT INTO `zz_sys_perm_code_perm` VALUES(1401541697313181788,1401541697288015965);
INSERT INTO `zz_sys_perm_code_perm` VALUES(1401541697313181788,1401541697288015963);
INSERT INTO `zz_sys_perm_code_perm` VALUES(1401541697313181788,1401541697288015972);
INSERT INTO `zz_sys_perm_code_perm` VALUES(1401541697313181789,1401541697288015962);
INSERT INTO `zz_sys_perm_code_perm` VALUES(1401541697313181790,1401541697288015966);
INSERT INTO `zz_sys_perm_code_perm` VALUES(1401541697313181790,1401541697288015967);
INSERT INTO `zz_sys_perm_code_perm` VALUES(1401541697313181798,1401541697288015972);
INSERT INTO `zz_sys_perm_code_perm` VALUES(1401541697313181799,1401541697288015969);
INSERT INTO `zz_sys_perm_code_perm` VALUES(1401541697313181799,1401541697288015981);
INSERT INTO `zz_sys_perm_code_perm` VALUES(1401541697313181800,1401541697288015973);
INSERT INTO `zz_sys_perm_code_perm` VALUES(1401541697313181800,1401541697288015970);
INSERT INTO `zz_sys_perm_code_perm` VALUES(1401541697313181800,1401541697288015981);
INSERT INTO `zz_sys_perm_code_perm` VALUES(1401541697313181801,1401541697288015971);
INSERT INTO `zz_sys_perm_code_perm` VALUES(1401541697313181802,1401541697288015974);
INSERT INTO `zz_sys_perm_code_perm` VALUES(1401541697313181802,1401541697288015975);
INSERT INTO `zz_sys_perm_code_perm` VALUES(1401541697313181813,1401541697288015980);
INSERT INTO `zz_sys_perm_code_perm` VALUES(1401541697313181813,1401541697288015981);
INSERT INTO `zz_sys_perm_code_perm` VALUES(1401541697313181813,1401541697288015986);
INSERT INTO `zz_sys_perm_code_perm` VALUES(1401541697313181814,1401541697288015977);
INSERT INTO `zz_sys_perm_code_perm` VALUES(1401541697313181815,1401541697288015978);
INSERT INTO `zz_sys_perm_code_perm` VALUES(1401541697313181816,1401541697288015979);
INSERT INTO `zz_sys_perm_code_perm` VALUES(1401541697313181817,1401541697288015983);
INSERT INTO `zz_sys_perm_code_perm` VALUES(1401541697313181818,1401541697288015987);
INSERT INTO `zz_sys_perm_code_perm` VALUES(1401541697313181818,1401541697288015984);
INSERT INTO `zz_sys_perm_code_perm` VALUES(1401541697313181819,1401541697288015985);
INSERT INTO `zz_sys_perm_code_perm` VALUES(1401541697313181820,1401541697288015988);
INSERT INTO `zz_sys_perm_code_perm` VALUES(1401541697313181820,1401541697288015989);
INSERT INTO `zz_sys_perm_code_perm` VALUES(1401541697313181820,1401541697288015990);
INSERT INTO `zz_sys_perm_code_perm` VALUES(1401541697313181828,1401541697288015993);
INSERT INTO `zz_sys_perm_code_perm` VALUES(1401541697313181828,1401541697288015994);
INSERT INTO `zz_sys_perm_code_perm` VALUES(1401541697313181828,1401541697288015995);
INSERT INTO `zz_sys_perm_code_perm` VALUES(1401541697313181828,1401541697288015996);
INSERT INTO `zz_sys_perm_code_perm` VALUES(1401541697313181828,1401541697288015998);
INSERT INTO `zz_sys_perm_code_perm` VALUES(1401541697313181828,1401541697288015999);
INSERT INTO `zz_sys_perm_code_perm` VALUES(1401541697313181828,1401541697288016000);
INSERT INTO `zz_sys_perm_code_perm` VALUES(1401541697313181828,1401541697288016001);
INSERT INTO `zz_sys_perm_code_perm` VALUES(1401541697317376006,1401541697288016003);
INSERT INTO `zz_sys_perm_code_perm` VALUES(1401541697317376007,1401541697288016004);
COMMIT;

-- ----------------------------
-- 全部白名单权限资源数据
-- ----------------------------
BEGIN;
INSERT INTO `zz_sys_perm_whitelist` VALUES ('/admin/upms/login/getLoginInfo','登录模块','获取登录信息');
INSERT INTO `zz_sys_perm_whitelist` VALUES ('/admin/app/areaCode/listDict','行政区划','行政区划列表');
INSERT INTO `zz_sys_perm_whitelist` VALUES ('/admin/app/areaCode/listAll','行政区划','字典全部列表');
INSERT INTO `zz_sys_perm_whitelist` VALUES ('/admin/app/areaCode/listDictByIds','行政区划','行政区划批量Id列表');
INSERT INTO `zz_sys_perm_whitelist` VALUES ('/admin/app/areaCode/listDictByParentId','行政区划','行政区划过滤列表');
INSERT INTO `zz_sys_perm_whitelist` VALUES ('/admin/app/course/listDict','课程数据','课程字典列表');
INSERT INTO `zz_sys_perm_whitelist` VALUES ('/admin/app/course/listDictByIds','课程数据','课程字典批量Id列表');
INSERT INTO `zz_sys_perm_whitelist` VALUES ('/admin/app/grade/listDict','年级','字典列表');
INSERT INTO `zz_sys_perm_whitelist` VALUES ('/admin/app/grade/listAll','年级','字典全部列表');
INSERT INTO `zz_sys_perm_whitelist` VALUES ('/admin/app/grade/listDictByIds','年级','字典批量Id列表');
INSERT INTO `zz_sys_perm_whitelist` VALUES ('/admin/app/schoolInfo/listDict','校区数据','校区字典列表');
INSERT INTO `zz_sys_perm_whitelist` VALUES ('/admin/app/schoolInfo/listDictByIds','校区数据','校区字典批量Id列表');
INSERT INTO `zz_sys_perm_whitelist` VALUES ('/admin/app/student/listDict','学生数据','学生字典列表');
INSERT INTO `zz_sys_perm_whitelist` VALUES ('/admin/app/student/listDictByIds','学生数据','学生字典批量Id列表');
INSERT INTO `zz_sys_perm_whitelist` VALUES ('/admin/upms/login/doLogout','登录模块','退出登陆');
COMMIT;

SET FOREIGN_KEY_CHECKS = 1;