-- ----------------------------
-- 用户权限管理数据执行脚本。
-- 数据库链接在橙单生成器中配置信息：
-- 应用名称：橙单微服务开源版 / OrangeMultiDemo
-- 链接名称：主数据源 / MAIN
-- 主机信息：localhost:3306
-- 数据库名：zzdemo-multi
-- 用户信息：root / 123456
-- ----------------------------

SET NAMES utf8mb4;
SET FOREIGN_KEY_CHECKS = 0;

-- ----------------------------
-- 部门管理表
-- ----------------------------
DROP TABLE IF EXISTS `zz_sys_dept`;
CREATE TABLE `zz_sys_dept` (
  `dept_id` bigint(20) NOT NULL COMMENT '部门Id',
  `parent_id` bigint(20) DEFAULT NULL COMMENT '父部门Id',
  `dept_name` varchar(50) COLLATE utf8mb4_bin NOT NULL COMMENT '部门名称',
  `show_order` int(11) NOT NULL COMMENT '兄弟部分之间的显示顺序，数字越小越靠前',
  `create_user_id` bigint(20) NOT NULL COMMENT '创建者Id',
  `create_time` datetime NOT NULL COMMENT '创建时间',
  `update_user_id` bigint(20) NOT NULL COMMENT '更新者Id',
  `update_time` datetime NOT NULL COMMENT '最后更新时间',
  `deleted_flag` int(1) NOT NULL COMMENT '删除标记(1: 正常 -1: 已删除)',
  PRIMARY KEY (`dept_id`) USING BTREE,
  KEY `idx_parent_id` (`parent_id`) USING BTREE,
  KEY `idx_show_order` (`show_order`) USING BTREE
) ENGINE=InnoDB DEFAULT CHARSET=utf8mb4 COLLATE=utf8mb4_bin ROW_FORMAT=COMPACT COMMENT='部门管理表';

-- ----------------------------
-- 部门关联关系表
-- ----------------------------
DROP TABLE IF EXISTS `zz_sys_dept_relation`;
CREATE TABLE `zz_sys_dept_relation` (
  `parent_dept_id` bigint(20) NOT NULL COMMENT '父部门Id',
  `dept_id` bigint(20) NOT NULL COMMENT '部门Id',
  PRIMARY KEY (`parent_dept_id`,`dept_id`),
  KEY `idx_dept_id` (`dept_id`) USING BTREE
) ENGINE=InnoDB DEFAULT CHARSET=utf8mb4 COLLATE=utf8mb4_bin ROW_FORMAT=COMPACT COMMENT='部门关联关系表';

-- ----------------------------
-- 系统用户表
-- ----------------------------
DROP TABLE IF EXISTS `zz_sys_user`;
CREATE TABLE `zz_sys_user` (
  `user_id` bigint(20) NOT NULL COMMENT '主键Id',
  `login_name` varchar(64) COLLATE utf8mb4_bin NOT NULL COMMENT '用户登录名称',
  `show_name` varchar(32) COLLATE utf8mb4_bin NOT NULL COMMENT '用户显示名称',
  `dept_id` bigint(20) NOT NULL COMMENT '用户所在部门Id',
  `head_image_url` varchar(255) COLLATE utf8mb4_bin DEFAULT NULL COMMENT '用户头像的Url',
  `user_type` int(11) NOT NULL COMMENT '用户类型(0: 管理员 1: 系统管理用户 2: 系统业务用户)',
  `user_status` int(11) NOT NULL COMMENT '状态(0: 正常 1: 锁定)',
  `create_user_id` bigint(20) NOT NULL COMMENT '创建者Id',
  `create_time` datetime NOT NULL COMMENT '创建时间',
  `update_user_id` bigint(20) NOT NULL COMMENT '更新者Id',
  `update_time` datetime NOT NULL COMMENT '最后更新时间',
  `deleted_flag` int(11) NOT NULL COMMENT '删除标记(1: 正常 -1: 已删除)',
  PRIMARY KEY (`user_id`) USING BTREE,
  KEY `idx_dept_id` (`dept_id`) USING BTREE,
  UNIQUE KEY `uk_login_name` (`login_name`) USING BTREE,
  KEY `idx_status` (`user_status`) USING BTREE
) ENGINE=InnoDB DEFAULT CHARSET=utf8mb4 COLLATE=utf8mb4_bin ROW_FORMAT=COMPACT COMMENT='系统用户表';

-- ----------------------------
-- 系统角色表
-- ----------------------------
DROP TABLE IF EXISTS `zz_sys_role`;
CREATE TABLE `zz_sys_role` (
  `role_id` bigint(20) NOT NULL COMMENT '主键Id',
  `role_name` varchar(64) COLLATE utf8mb4_bin NOT NULL COMMENT '角色名称',
  `create_user_id` bigint(20) NOT NULL COMMENT '创建者Id',
  `create_time` datetime NOT NULL COMMENT '创建时间',
  `update_user_id` bigint(20) NOT NULL COMMENT '更新者Id',
  `update_time` datetime NOT NULL COMMENT '最后更新时间',
  `deleted_flag` int(11) NOT NULL COMMENT '逻辑删除标记(1: 正常 -1: 已删除)',
  PRIMARY KEY (`role_id`) USING BTREE
) ENGINE=InnoDB DEFAULT CHARSET=utf8mb4 COLLATE=utf8mb4_bin ROW_FORMAT=COMPACT COMMENT='系统角色表';

-- ----------------------------
-- 用户与角色对应关系表
-- ----------------------------
DROP TABLE IF EXISTS `zz_sys_user_role`;
CREATE TABLE `zz_sys_user_role` (
  `user_id` bigint(20) NOT NULL COMMENT '用户Id',
  `role_id` bigint(20) NOT NULL COMMENT '角色Id',
  PRIMARY KEY (`user_id`,`role_id`) USING BTREE,
  KEY `idx_role_id` (`role_id`) USING BTREE
) ENGINE=InnoDB DEFAULT CHARSET=utf8mb4 COLLATE=utf8mb4_bin ROW_FORMAT=COMPACT COMMENT='用户与角色对应关系表';

-- ----------------------------
-- 菜单和操作权限管理表
-- ----------------------------
DROP TABLE IF EXISTS `zz_sys_menu`;
CREATE TABLE `zz_sys_menu` (
  `menu_id` bigint(20) NOT NULL COMMENT '主键Id',
  `parent_id` bigint(20) DEFAULT NULL COMMENT '父菜单Id，目录菜单的父菜单为null',
  `menu_name` varchar(50) COLLATE utf8mb4_bin NOT NULL COMMENT '菜单显示名称',
  `menu_type` int(11) NOT NULL COMMENT '(0: 目录 1: 菜单 2: 按钮 3: UI片段)',
  `form_router_name` varchar(64) COLLATE utf8mb4_bin DEFAULT NULL COMMENT '前端表单路由名称，仅用于menu_type为1的菜单类型',
  `online_form_id` bigint(20) DEFAULT NULL COMMENT '在线表单主键Id',
  `online_menu_perm_type` int(11) DEFAULT NULL COMMENT '在线表单菜单的权限控制类型',
  `show_order` int(11) NOT NULL COMMENT '菜单显示顺序 (值越小，排序越靠前)',
  `icon` varchar(50) COLLATE utf8mb4_bin DEFAULT NULL COMMENT '菜单图标',
  `create_user_id` bigint(20) NOT NULL COMMENT '创建者Id',
  `create_time` datetime NOT NULL COMMENT '创建时间',
  `update_user_id` bigint(20) NOT NULL COMMENT '更新者Id',
  `update_time` datetime NOT NULL COMMENT '最后更新时间',
  `deleted_flag` int(11) NOT NULL COMMENT '逻辑删除标记(1: 正常 -1: 已删除)',
  PRIMARY KEY (`menu_id`) USING BTREE,
  KEY `idx_show_order` (`show_order`) USING BTREE,
  KEY `idx_parent_id` (`parent_id`) USING BTREE
) ENGINE=InnoDB DEFAULT CHARSET=utf8mb4 COLLATE=utf8mb4_bin ROW_FORMAT=COMPACT COMMENT='菜单和操作权限管理表';

-- ----------------------------
-- 角色与菜单对应关系表
-- ----------------------------
DROP TABLE IF EXISTS `zz_sys_role_menu`;
CREATE TABLE `zz_sys_role_menu` (
  `role_id` bigint(20) NOT NULL COMMENT '角色Id',
  `menu_id` bigint(20) NOT NULL COMMENT '菜单Id',
  PRIMARY KEY (`role_id`,`menu_id`) USING BTREE,
  KEY `idx_menu_id` (`menu_id`) USING BTREE
) ENGINE=InnoDB DEFAULT CHARSET=utf8mb4 COLLATE=utf8mb4_bin ROW_FORMAT=COMPACT COMMENT='角色与菜单对应关系表';

-- ----------------------------
-- 系统权限资源表
-- ----------------------------
DROP TABLE IF EXISTS `zz_sys_perm_code`;
CREATE TABLE `zz_sys_perm_code` (
  `perm_code_id` bigint(20) NOT NULL COMMENT '主键Id',
  `parent_id` bigint(20) DEFAULT NULL COMMENT '上级权限字Id',
  `perm_code` varchar(128) COLLATE utf8_bin NOT NULL COMMENT '权限字标识(一般为有含义的英文字符串)',
  `perm_code_type` int(11) NOT NULL COMMENT '类型(0: 表单 1: UI片段 2: 操作)',
  `show_name` varchar(128) COLLATE utf8_bin NOT NULL COMMENT '显示名称',
  `show_order` int(11) NOT NULL COMMENT '显示顺序(数值越小，越靠前)',
  `create_user_id` bigint(20) NOT NULL COMMENT '创建者Id',
  `create_time` datetime NOT NULL COMMENT '创建时间',
  `update_user_id` bigint(20) NOT NULL COMMENT '更新者Id',
  `update_time` datetime NOT NULL COMMENT '最后更新时间',
  `deleted_flag` int(11) NOT NULL COMMENT '逻辑删除标记(1: 正常 -1: 已删除)',
  PRIMARY KEY (`perm_code_id`),
  UNIQUE KEY `uk_perm_code` (`perm_code`) USING BTREE,
  KEY `idx_parent_id` (`parent_id`) USING BTREE,
  KEY `idx_show_order` (`show_order`) USING BTREE
) ENGINE=InnoDB DEFAULT CHARSET=utf8mb4 COLLATE=utf8mb4_bin ROW_FORMAT=COMPACT COMMENT='系统权限资源表';

-- ----------------------------
-- 菜单和权限关系表
-- ----------------------------
DROP TABLE IF EXISTS `zz_sys_menu_perm_code`;
CREATE TABLE `zz_sys_menu_perm_code` (
  `menu_id` bigint(20) NOT NULL COMMENT '关联菜单Id',
  `perm_code_id` bigint(20) NOT NULL COMMENT '关联权限字Id',
  PRIMARY KEY (`menu_id`,`perm_code_id`) USING BTREE,
  KEY `idx_perm_code_id` (`perm_code_id`) USING BTREE
) ENGINE=InnoDB DEFAULT CHARSET=utf8mb4 COLLATE=utf8mb4_bin COMMENT='菜单和权限关系表';

-- ----------------------------
-- 系统权限模块表
-- ----------------------------
DROP TABLE IF EXISTS `zz_sys_perm_module`;
CREATE TABLE `zz_sys_perm_module` (
  `module_id` bigint(20) NOT NULL COMMENT '权限模块id',
  `parent_id` bigint(20) DEFAULT 0 COMMENT '上级权限模块id',
  `module_name` varchar(64) COLLATE utf8mb4_bin NOT NULL DEFAULT '' COMMENT '权限模块名称',
  `module_type` int(11) NOT NULL COMMENT '模块类型(0: 普通模块 1: Controller模块)',
  `show_order` int(11) NOT NULL DEFAULT 0 COMMENT '权限模块在当前层级下的顺序，由小到大',
  `create_user_id` bigint(20) NOT NULL COMMENT '创建者Id',
  `create_time` datetime NOT NULL COMMENT '创建时间',
  `update_user_id` bigint(20) NOT NULL COMMENT '更新者Id',
  `update_time` datetime NOT NULL COMMENT '最后更新时间',
  `deleted_flag` int(11) NOT NULL COMMENT '逻辑删除标记(1: 正常 -1: 已删除)',
  PRIMARY KEY (`module_id`) USING BTREE,
  KEY `idx_show_order` (`show_order`) USING BTREE,
  KEY `idx_parent_id` (`parent_id`) USING BTREE,
  KEY `idx_module_type` (`module_type`) USING BTREE
) ENGINE=InnoDB DEFAULT CHARSET=utf8mb4 COLLATE=utf8mb4_bin ROW_FORMAT=COMPACT COMMENT='系统权限模块表';

-- ----------------------------
-- 系统权限表
-- ----------------------------
DROP TABLE IF EXISTS `zz_sys_perm`;
CREATE TABLE `zz_sys_perm` (
  `perm_id` bigint(20) NOT NULL COMMENT '权限id',
  `module_id` bigint(20) NOT NULL DEFAULT 0 COMMENT '权限所在的权限模块id',
  `perm_name` varchar(64) COLLATE utf8mb4_bin NOT NULL DEFAULT '' COMMENT '权限名称',
  `url` varchar(128) COLLATE utf8mb4_bin NOT NULL DEFAULT '' COMMENT '关联的url',
  `show_order` int(11) NOT NULL DEFAULT 0 COMMENT '权限在当前模块下的顺序，由小到大',
  `create_user_id` bigint(20) NOT NULL COMMENT '创建者Id',
  `create_time` datetime NOT NULL COMMENT '创建时间',
  `update_user_id` bigint(20) NOT NULL COMMENT '更新者Id',
  `update_time` datetime NOT NULL COMMENT '最后更新时间',
  `deleted_flag` int(11) NOT NULL COMMENT '逻辑删除标记(1: 正常 -1: 已删除)',
  PRIMARY KEY (`perm_id`) USING BTREE,
  KEY `idx_show_order` (`show_order`) USING BTREE,
  KEY `idx_module_id` (`module_id`) USING BTREE
) ENGINE=InnoDB DEFAULT CHARSET=utf8mb4 COLLATE=utf8mb4_bin ROW_FORMAT=COMPACT COMMENT='系统权限表';

-- ----------------------------
-- 系统权限字和权限资源关联表
-- ----------------------------
DROP TABLE IF EXISTS `zz_sys_perm_code_perm`;
CREATE TABLE `zz_sys_perm_code_perm` (
  `perm_code_id` bigint(20) NOT NULL COMMENT '权限字Id',
  `perm_id` bigint(20) NOT NULL COMMENT '权限id',
  PRIMARY KEY (`perm_code_id`,`perm_id`),
  KEY `idx_perm_id` (`perm_id`) USING BTREE
) ENGINE=InnoDB DEFAULT CHARSET=utf8mb4 COLLATE=utf8mb4_bin ROW_FORMAT=COMPACT COMMENT='系统权限字和权限资源关联表';

-- ----------------------------
-- 权限资源白名单表
-- ----------------------------
DROP TABLE IF EXISTS `zz_sys_perm_whitelist`;
CREATE TABLE `zz_sys_perm_whitelist` (
  `perm_url` varchar(512) CHARACTER SET utf8 COLLATE utf8_bin NOT NULL COMMENT '权限资源的url',
  `module_name` varchar(64) CHARACTER SET utf8 COLLATE utf8_bin DEFAULT NULL COMMENT '权限资源所属模块名字(通常是Controller的名字)',
  `perm_name` varchar(64) CHARACTER SET utf8 COLLATE utf8_bin DEFAULT NULL COMMENT '权限的名称',
  PRIMARY KEY (`perm_url`)
) ENGINE=InnoDB DEFAULT CHARSET=utf8mb4 COLLATE=utf8mb4_bin COMMENT='权限资源白名单表(认证用户均可访问的url资源)';

-- ----------------------------
-- 数据权限表
-- ----------------------------
DROP TABLE IF EXISTS `zz_sys_data_perm`;
CREATE TABLE `zz_sys_data_perm` (
  `data_perm_id` bigint(20) NOT NULL COMMENT '主键',
  `data_perm_name` varchar(64) COLLATE utf8mb4_bin NOT NULL COMMENT '显示名称',
  `rule_type` tinyint(2) NOT NULL COMMENT '数据权限规则类型(0: 全部可见 1: 只看自己 2: 只看本部门 3: 本部门及子部门 4: 多部门及子部门 5: 自定义部门列表)。',
  `create_user_id` bigint(20) NOT NULL COMMENT '创建者Id',
  `create_time` datetime NOT NULL COMMENT '创建时间',
  `update_user_id` bigint(20) NOT NULL COMMENT '更新者Id',
  `update_time` datetime NOT NULL COMMENT '最后更新时间',
  `deleted_flag` int(11) NOT NULL COMMENT '逻辑删除标记(1: 正常 -1: 已删除)',
  PRIMARY KEY (`data_perm_id`) USING BTREE
) ENGINE=InnoDB DEFAULT CHARSET=utf8mb4 COLLATE=utf8mb4_bin COMMENT='数据权限表';

-- ----------------------------
-- 数据权限和用户关联表
-- ----------------------------
DROP TABLE IF EXISTS `zz_sys_data_perm_user`;
CREATE TABLE `zz_sys_data_perm_user` (
  `data_perm_id` bigint(20) NOT NULL COMMENT '数据权限Id',
  `user_id` bigint(20) NOT NULL COMMENT '用户Id',
  PRIMARY KEY (`data_perm_id`,`user_id`),
  KEY `idx_user_id` (`user_id`) USING BTREE
) ENGINE=InnoDB DEFAULT CHARSET=utf8mb4 COLLATE=utf8mb4_bin COMMENT='数据权限和用户关联表';

-- ----------------------------
-- 数据权限和部门关联表
-- ----------------------------
DROP TABLE IF EXISTS `zz_sys_data_perm_dept`;
CREATE TABLE `zz_sys_data_perm_dept` (
  `data_perm_id` bigint(20) NOT NULL COMMENT '数据权限Id',
  `dept_id` bigint(20) NOT NULL COMMENT '部门Id',
  PRIMARY KEY (`data_perm_id`,`dept_id`),
  KEY `idx_dept_id` (`dept_id`) USING BTREE
) ENGINE=InnoDB DEFAULT CHARSET=utf8mb4 COLLATE=utf8mb4_bin COMMENT='数据权限和部门关联表';

-- ----------------------------
-- 事务型消息的生产者发送数据流水表
-- ----------------------------
DROP TABLE IF EXISTS `zz_transaction_message_producer_trans`;
CREATE TABLE `zz_transaction_message_producer_trans` (
  `trans_id` varchar(128) COLLATE utf8mb4_bin NOT NULL COMMENT '消息事务Id',
  `message_type` varchar(64) COLLATE utf8mb4_bin NOT NULL COMMENT '消息类型',
  `command_type` varchar(64) COLLATE utf8mb4_bin COMMENT '命令类型',
  `message_topic` varchar(64) COLLATE utf8mb4_bin NOT NULL COMMENT '消息主题',
  `producer_trace_id` varchar(64) COLLATE utf8mb4_bin NOT NULL COMMENT '生产者traceId',
  `create_time` datetime NOT NULL COMMENT '创建时间',
  PRIMARY KEY (`trans_id`) USING BTREE
) ENGINE=InnoDB AUTO_INCREMENT=1 DEFAULT CHARSET=utf8mb4 COLLATE=utf8mb4_bin COMMENT='用于事务型消息的生产者发送数据流水表';

-- ----------------------------
-- 数据同步消费者消息流水表
-- ----------------------------
DROP TABLE IF EXISTS `zz_data_sync_consumer_trans`;
CREATE TABLE `zz_data_sync_consumer_trans` (
  `trans_id` char(80) COLLATE utf8mb4_bin NOT NULL COMMENT '同步事务Id',
  `create_time` datetime NOT NULL COMMENT '创建时间',
  PRIMARY KEY (`trans_id`)
) ENGINE=InnoDB DEFAULT CHARSET=utf8mb4 COLLATE=utf8mb4_bin COMMENT='数据同步消费者消息流水表';

-- ----------------------------
-- 数据同步生产者消息流水表
-- ----------------------------
DROP TABLE IF EXISTS `zz_data_sync_producer_trans`;
CREATE TABLE `zz_data_sync_producer_trans` (
  `id` bigint(20) NOT NULL AUTO_INCREMENT COMMENT '主键',
  `trans_id` char(80) COLLATE utf8mb4_bin NOT NULL COMMENT '同步事务Id',
  `message_type` varchar(64) COLLATE utf8mb4_bin NOT NULL COMMENT '消息类型',
  `message_command` varchar(255) COLLATE utf8mb4_bin NOT NULL COMMENT '消息的命令类型',
  `message_data` mediumtext COLLATE utf8mb4_bin NOT NULL COMMENT '消息数据',
  `message_topic` varchar(64) COLLATE utf8mb4_bin NOT NULL COMMENT '消息主题',
  `message_queue_selector_key` varchar(64) COLLATE utf8mb4_bin NOT NULL COMMENT '计算消息队列选择器的Key值',
  `producer_trace_id` varchar(64) COLLATE utf8mb4_bin NOT NULL COMMENT '生产者traceId',
  `create_time` datetime NOT NULL COMMENT '创建时间',
  `update_time` datetime DEFAULT NULL COMMENT '更新时间',
  `sent_status` bit(1) NOT NULL DEFAULT b'0' COMMENT '发送状态',
  PRIMARY KEY (`id`) USING BTREE,
  KEY `idx_trans_id` (`trans_id`) USING BTREE
) ENGINE=InnoDB DEFAULT CHARSET=utf8mb4 COLLATE=utf8mb4_bin COMMENT='数据同步生产者消息流水表';

-- ----------------------------
-- 数据同步生产者消息流水表的高水标记表
-- ----------------------------
DROP TABLE IF EXISTS `zz_data_sync_producer_update_mark`;
CREATE TABLE `zz_data_sync_producer_update_mark` (
  `id` int(11) NOT NULL COMMENT '主键Id',
  `max_update_id` bigint(20) NOT NULL COMMENT '生产者读取的最大更新同步事务Id',
  `update_time` datetime NOT NULL COMMENT '更新时间',
  PRIMARY KEY (`id`)
) ENGINE=InnoDB DEFAULT CHARSET=utf8mb4 COLLATE=utf8mb4_bin COMMENT='数据同步生产者消息流水表的高水标记表';

BEGIN;
INSERT INTO `zz_data_sync_producer_update_mark` VALUES (1,0,CURDATE());
COMMIT;

-- ----------------------------
-- 管理员账号数据
-- ----------------------------
BEGIN;
INSERT INTO `zz_sys_dept` VALUES(1293376634891538435,NULL,'公司总部',1,1293376634887344128,CURDATE(),1293376634887344128,CURDATE(),1);
INSERT INTO `zz_sys_user` VALUES(1293376634887344128,'admin','管理员',1293376634891538435,'CHANGE TO YOUR HEAD IMAGE URL!!!',0,0,1293376634887344128,CURDATE(),1293376634887344128,CURDATE(),1);
INSERT INTO `zz_sys_dept_relation` VALUES(1293376634891538435,1293376634891538435);
COMMIT;

-- ----------------------------
-- 全部菜单数据
-- ----------------------------
BEGIN;
INSERT INTO `zz_sys_menu` VALUES(1293376634899927040,NULL,'系统管理',0,NULL,NULL,NULL,1,NULL,1293376634887344128,CURDATE(),1293376634887344128,CURDATE(),1);
INSERT INTO `zz_sys_menu` VALUES(1293376634916704256,1293376634899927040,'用户管理',1,'formSysUser',NULL,NULL,100,NULL,1293376634887344128,CURDATE(),1293376634887344128,CURDATE(),1);
INSERT INTO `zz_sys_menu` VALUES(1471382975990992966,1293376634916704256,'显示',3,NULL,NULL,NULL,1,NULL,1293376634887344128,CURDATE(),1293376634887344128,CURDATE(),1);
INSERT INTO `zz_sys_menu` VALUES(1471382975990992967,1293376634916704256,'新增',3,NULL,NULL,NULL,2,NULL,1293376634887344128,CURDATE(),1293376634887344128,CURDATE(),1);
INSERT INTO `zz_sys_menu` VALUES(1471382975990992968,1293376634916704256,'编辑',3,NULL,NULL,NULL,3,NULL,1293376634887344128,CURDATE(),1293376634887344128,CURDATE(),1);
INSERT INTO `zz_sys_menu` VALUES(1471382975990992969,1293376634916704256,'删除',3,NULL,NULL,NULL,4,NULL,1293376634887344128,CURDATE(),1293376634887344128,CURDATE(),1);
INSERT INTO `zz_sys_menu` VALUES(1471382975990992970,1293376634916704256,'重置密码',3,NULL,NULL,NULL,5,NULL,1293376634887344128,CURDATE(),1293376634887344128,CURDATE(),1);
INSERT INTO `zz_sys_menu` VALUES(1471382975990992971,1293376634916704256,'权限详情',3,NULL,NULL,NULL,6,NULL,1293376634887344128,CURDATE(),1293376634887344128,CURDATE(),1);
INSERT INTO `zz_sys_menu` VALUES(1293376634916704258,1293376634899927040,'角色管理',1,'formSysRole',NULL,NULL,110,NULL,1293376634887344128,CURDATE(),1293376634887344128,CURDATE(),1);
INSERT INTO `zz_sys_menu` VALUES(1471382975990992980,1293376634916704258,'角色管理',2,NULL,NULL,NULL,1,NULL,1293376634887344128,CURDATE(),1293376634887344128,CURDATE(),1);
INSERT INTO `zz_sys_menu` VALUES(1471382975990992981,1293376634916704258,'用户授权',2,NULL,NULL,NULL,2,NULL,1293376634887344128,CURDATE(),1293376634887344128,CURDATE(),1);
INSERT INTO `zz_sys_menu` VALUES(1471382975990992982,1471382975990992980,'显示',3,NULL,NULL,NULL,1,NULL,1293376634887344128,CURDATE(),1293376634887344128,CURDATE(),1);
INSERT INTO `zz_sys_menu` VALUES(1471382975990992983,1471382975990992980,'新增',3,NULL,NULL,NULL,2,NULL,1293376634887344128,CURDATE(),1293376634887344128,CURDATE(),1);
INSERT INTO `zz_sys_menu` VALUES(1471382975990992984,1471382975990992980,'编辑',3,NULL,NULL,NULL,3,NULL,1293376634887344128,CURDATE(),1293376634887344128,CURDATE(),1);
INSERT INTO `zz_sys_menu` VALUES(1471382975990992985,1471382975990992980,'删除',3,NULL,NULL,NULL,4,NULL,1293376634887344128,CURDATE(),1293376634887344128,CURDATE(),1);
INSERT INTO `zz_sys_menu` VALUES(1471382975990992986,1471382975990992980,'权限详情',3,NULL,NULL,NULL,5,NULL,1293376634887344128,CURDATE(),1293376634887344128,CURDATE(),1);
INSERT INTO `zz_sys_menu` VALUES(1471382975990992987,1471382975990992981,'显示',3,NULL,NULL,NULL,1,NULL,1293376634887344128,CURDATE(),1293376634887344128,CURDATE(),1);
INSERT INTO `zz_sys_menu` VALUES(1471382975990992988,1471382975990992981,'授权用户',3,NULL,NULL,NULL,2,NULL,1293376634887344128,CURDATE(),1293376634887344128,CURDATE(),1);
INSERT INTO `zz_sys_menu` VALUES(1471382975990992989,1471382975990992981,'移除用户',3,NULL,NULL,NULL,3,NULL,1293376634887344128,CURDATE(),1293376634887344128,CURDATE(),1);
INSERT INTO `zz_sys_menu` VALUES(1293376634916704259,1293376634899927040,'菜单管理',1,'formSysMenu',NULL,NULL,120,NULL,1293376634887344128,CURDATE(),1293376634887344128,CURDATE(),1);
INSERT INTO `zz_sys_menu` VALUES(1471382975990993000,1293376634916704259,'显示',3,NULL,NULL,NULL,1,NULL,1293376634887344128,CURDATE(),1293376634887344128,CURDATE(),1);
INSERT INTO `zz_sys_menu` VALUES(1471382975990993001,1293376634916704259,'新增',3,NULL,NULL,NULL,2,NULL,1293376634887344128,CURDATE(),1293376634887344128,CURDATE(),1);
INSERT INTO `zz_sys_menu` VALUES(1471382975990993002,1293376634916704259,'编辑',3,NULL,NULL,NULL,3,NULL,1293376634887344128,CURDATE(),1293376634887344128,CURDATE(),1);
INSERT INTO `zz_sys_menu` VALUES(1471382975990993003,1293376634916704259,'删除',3,NULL,NULL,NULL,4,NULL,1293376634887344128,CURDATE(),1293376634887344128,CURDATE(),1);
INSERT INTO `zz_sys_menu` VALUES(1471382975990993004,1293376634916704259,'权限详情',3,NULL,NULL,NULL,5,NULL,1293376634887344128,CURDATE(),1293376634887344128,CURDATE(),1);
INSERT INTO `zz_sys_menu` VALUES(1293376634916704260,1293376634899927040,'权限字管理',1,'formSysPermCode',NULL,NULL,125,NULL,1293376634887344128,CURDATE(),1293376634887344128,CURDATE(),1);
INSERT INTO `zz_sys_menu` VALUES(1471382975990993012,1293376634916704260,'显示',3,NULL,NULL,NULL,1,NULL,1293376634887344128,CURDATE(),1293376634887344128,CURDATE(),1);
INSERT INTO `zz_sys_menu` VALUES(1471382975990993013,1293376634916704260,'新增',3,NULL,NULL,NULL,2,NULL,1293376634887344128,CURDATE(),1293376634887344128,CURDATE(),1);
INSERT INTO `zz_sys_menu` VALUES(1471382975990993014,1293376634916704260,'编辑',3,NULL,NULL,NULL,3,NULL,1293376634887344128,CURDATE(),1293376634887344128,CURDATE(),1);
INSERT INTO `zz_sys_menu` VALUES(1471382975990993015,1293376634916704260,'删除',3,NULL,NULL,NULL,4,NULL,1293376634887344128,CURDATE(),1293376634887344128,CURDATE(),1);
INSERT INTO `zz_sys_menu` VALUES(1471382975990993016,1293376634916704260,'权限详情',3,NULL,NULL,NULL,5,NULL,1293376634887344128,CURDATE(),1293376634887344128,CURDATE(),1);
INSERT INTO `zz_sys_menu` VALUES(1293376634916704261,1293376634899927040,'权限管理',1,'formSysPerm',NULL,NULL,130,NULL,1293376634887344128,CURDATE(),1293376634887344128,CURDATE(),1);
INSERT INTO `zz_sys_menu` VALUES(1471382975990993024,1293376634916704261,'显示',3,NULL,NULL,NULL,1,NULL,1293376634887344128,CURDATE(),1293376634887344128,CURDATE(),1);
INSERT INTO `zz_sys_menu` VALUES(1471382975990993025,1293376634916704261,'新增模块',3,NULL,NULL,NULL,2,NULL,1293376634887344128,CURDATE(),1293376634887344128,CURDATE(),1);
INSERT INTO `zz_sys_menu` VALUES(1471382975990993026,1293376634916704261,'编辑模块',3,NULL,NULL,NULL,3,NULL,1293376634887344128,CURDATE(),1293376634887344128,CURDATE(),1);
INSERT INTO `zz_sys_menu` VALUES(1471382975990993027,1293376634916704261,'删除模块',3,NULL,NULL,NULL,4,NULL,1293376634887344128,CURDATE(),1293376634887344128,CURDATE(),1);
INSERT INTO `zz_sys_menu` VALUES(1471382975990993028,1293376634916704261,'新增权限',3,NULL,NULL,NULL,5,NULL,1293376634887344128,CURDATE(),1293376634887344128,CURDATE(),1);
INSERT INTO `zz_sys_menu` VALUES(1471382975990993029,1293376634916704261,'编辑权限',3,NULL,NULL,NULL,6,NULL,1293376634887344128,CURDATE(),1293376634887344128,CURDATE(),1);
INSERT INTO `zz_sys_menu` VALUES(1471382975990993030,1293376634916704261,'删除权限',3,NULL,NULL,NULL,7,NULL,1293376634887344128,CURDATE(),1293376634887344128,CURDATE(),1);
INSERT INTO `zz_sys_menu` VALUES(1471382975990993031,1293376634916704261,'权限详情',3,NULL,NULL,NULL,8,NULL,1293376634887344128,CURDATE(),1293376634887344128,CURDATE(),1);
INSERT INTO `zz_sys_menu` VALUES(1293376634916704262,1293376634899927040,'字典管理',1,'formSysDict',NULL,NULL,135,NULL,1293376634887344128,CURDATE(),1293376634887344128,CURDATE(),1);
INSERT INTO `zz_sys_menu` VALUES(1471382975990993042,1293376634916704262,'显示',3,NULL,NULL,NULL,1,NULL,1293376634887344128,CURDATE(),1293376634887344128,CURDATE(),1);
INSERT INTO `zz_sys_menu` VALUES(1471382975990993043,1293376634916704262,'新增',3,NULL,NULL,NULL,2,NULL,1293376634887344128,CURDATE(),1293376634887344128,CURDATE(),1);
INSERT INTO `zz_sys_menu` VALUES(1471382975990993044,1293376634916704262,'编辑',3,NULL,NULL,NULL,3,NULL,1293376634887344128,CURDATE(),1293376634887344128,CURDATE(),1);
INSERT INTO `zz_sys_menu` VALUES(1471382975990993045,1293376634916704262,'删除',3,NULL,NULL,NULL,4,NULL,1293376634887344128,CURDATE(),1293376634887344128,CURDATE(),1);
INSERT INTO `zz_sys_menu` VALUES(1471382975990993046,1293376634916704262,'同步缓存',3,NULL,NULL,NULL,5,NULL,1293376634887344128,CURDATE(),1293376634887344128,CURDATE(),1);
INSERT INTO `zz_sys_menu` VALUES(1293478813098840064,NULL,'业务管理',0,NULL,NULL,NULL,10,NULL,1293376634887344128,CURDATE(),1293376634887344128,CURDATE(),1);
INSERT INTO `zz_sys_menu` VALUES(1293478847987060736,NULL,'统计管理',0,NULL,NULL,NULL,20,NULL,1293376634887344128,CURDATE(),1293376634887344128,CURDATE(),1);
INSERT INTO `zz_sys_menu` VALUES(1293479020943380480,1293478813098840064,'学生管理',1,'formStudent',NULL,NULL,5,NULL,1293376634887344128,CURDATE(),1293376634887344128,CURDATE(),1);
INSERT INTO `zz_sys_menu` VALUES(1471382975990993056,1293479020943380480,'显示',3,NULL,NULL,NULL,1,NULL,1293376634887344128,CURDATE(),1293376634887344128,CURDATE(),1);
INSERT INTO `zz_sys_menu` VALUES(1471382975990993057,1293479020943380480,'新建',3,NULL,NULL,NULL,2,NULL,1293376634887344128,CURDATE(),1293376634887344128,CURDATE(),1);
INSERT INTO `zz_sys_menu` VALUES(1471382975990993058,1293479020943380480,'编辑',3,NULL,NULL,NULL,3,NULL,1293376634887344128,CURDATE(),1293376634887344128,CURDATE(),1);
INSERT INTO `zz_sys_menu` VALUES(1471382975990993059,1293479020943380480,'删除',3,NULL,NULL,NULL,4,NULL,1293376634887344128,CURDATE(),1293376634887344128,CURDATE(),1);
INSERT INTO `zz_sys_menu` VALUES(1293479114610577408,1293478813098840064,'课程管理',1,'formCourse',NULL,NULL,10,NULL,1293376634887344128,CURDATE(),1293376634887344128,CURDATE(),1);
INSERT INTO `zz_sys_menu` VALUES(1471382975990993061,1293479114610577408,'显示',3,NULL,NULL,NULL,1,NULL,1293376634887344128,CURDATE(),1293376634887344128,CURDATE(),1);
INSERT INTO `zz_sys_menu` VALUES(1471382975990993062,1293479114610577408,'新建',3,NULL,NULL,NULL,2,NULL,1293376634887344128,CURDATE(),1293376634887344128,CURDATE(),1);
INSERT INTO `zz_sys_menu` VALUES(1471382975990993063,1293479114610577408,'编辑',3,NULL,NULL,NULL,3,NULL,1293376634887344128,CURDATE(),1293376634887344128,CURDATE(),1);
INSERT INTO `zz_sys_menu` VALUES(1471382975990993064,1293479114610577408,'删除',3,NULL,NULL,NULL,4,NULL,1293376634887344128,CURDATE(),1293376634887344128,CURDATE(),1);
INSERT INTO `zz_sys_menu` VALUES(1293479177793572864,1293478813098840064,'班级管理',1,'formClass',NULL,NULL,15,NULL,1293376634887344128,CURDATE(),1293376634887344128,CURDATE(),1);
INSERT INTO `zz_sys_menu` VALUES(1471382975990993066,1293479177793572864,'显示',3,NULL,NULL,NULL,1,NULL,1293376634887344128,CURDATE(),1293376634887344128,CURDATE(),1);
INSERT INTO `zz_sys_menu` VALUES(1471382975990993067,1293479177793572864,'设置班级课程',3,NULL,NULL,NULL,2,NULL,1293376634887344128,CURDATE(),1293376634887344128,CURDATE(),1);
INSERT INTO `zz_sys_menu` VALUES(1471382975990993068,1293479177793572864,'编辑',3,NULL,NULL,NULL,3,NULL,1293376634887344128,CURDATE(),1293376634887344128,CURDATE(),1);
INSERT INTO `zz_sys_menu` VALUES(1471382975990993069,1293479177793572864,'删除',3,NULL,NULL,NULL,4,NULL,1293376634887344128,CURDATE(),1293376634887344128,CURDATE(),1);
INSERT INTO `zz_sys_menu` VALUES(1471382975990993070,1293479177793572864,'移除',3,NULL,NULL,NULL,5,NULL,1293376634887344128,CURDATE(),1293376634887344128,CURDATE(),1);
INSERT INTO `zz_sys_menu` VALUES(1471382975990993071,1293479177793572864,'课程顺序',3,NULL,NULL,NULL,6,NULL,1293376634887344128,CURDATE(),1293376634887344128,CURDATE(),1);
INSERT INTO `zz_sys_menu` VALUES(1471382975990993072,1293479177793572864,'移除',3,NULL,NULL,NULL,7,NULL,1293376634887344128,CURDATE(),1293376634887344128,CURDATE(),1);
INSERT INTO `zz_sys_menu` VALUES(1471382975990993073,1293479177793572864,'设置班级学生',3,NULL,NULL,NULL,8,NULL,1293376634887344128,CURDATE(),1293376634887344128,CURDATE(),1);
INSERT INTO `zz_sys_menu` VALUES(1471382975990993074,1293479177793572864,'新建',3,NULL,NULL,NULL,9,NULL,1293376634887344128,CURDATE(),1293376634887344128,CURDATE(),1);
INSERT INTO `zz_sys_menu` VALUES(1293479249499394048,1293478847987060736,'课程统计',1,'formCourseStats',NULL,NULL,1,NULL,1293376634887344128,CURDATE(),1293376634887344128,CURDATE(),1);
INSERT INTO `zz_sys_menu` VALUES(1471382975990993076,1293479249499394048,'显示',3,NULL,NULL,NULL,1,NULL,1293376634887344128,CURDATE(),1293376634887344128,CURDATE(),1);
INSERT INTO `zz_sys_menu` VALUES(1293479313416392704,1293478847987060736,'学生行为统计',1,'formStudentActionStats',NULL,NULL,5,NULL,1293376634887344128,CURDATE(),1293376634887344128,CURDATE(),1);
INSERT INTO `zz_sys_menu` VALUES(1471382975990993078,1293479313416392704,'显示',3,NULL,NULL,NULL,1,NULL,1293376634887344128,CURDATE(),1293376634887344128,CURDATE(),1);
INSERT INTO `zz_sys_menu` VALUES(1471382975995187200,1293479313416392704,'学生行为详情',3,NULL,NULL,NULL,2,NULL,1293376634887344128,CURDATE(),1293376634887344128,CURDATE(),1);
INSERT INTO `zz_sys_menu` VALUES(1471382975995187201,1293479313416392704,'学生行为详情',3,NULL,NULL,NULL,3,NULL,1293376634887344128,CURDATE(),1293376634887344128,CURDATE(),1);
INSERT INTO `zz_sys_menu` VALUES(1471382975995187202,1293479313416392704,'学生行为详情',3,NULL,NULL,NULL,4,NULL,1293376634887344128,CURDATE(),1293376634887344128,CURDATE(),1);
INSERT INTO `zz_sys_menu` VALUES(1471382975995187203,1293479313416392704,'学生行为详情',3,NULL,NULL,NULL,5,NULL,1293376634887344128,CURDATE(),1293376634887344128,CURDATE(),1);
INSERT INTO `zz_sys_menu` VALUES(1471382975995187204,1293479313416392704,'学生行为详情',3,NULL,NULL,NULL,6,NULL,1293376634887344128,CURDATE(),1293376634887344128,CURDATE(),1);
INSERT INTO `zz_sys_menu` VALUES(1471382975995187205,1293479313416392704,'学生行为详情',3,NULL,NULL,NULL,7,NULL,1293376634887344128,CURDATE(),1293376634887344128,CURDATE(),1);
INSERT INTO `zz_sys_menu` VALUES(1471382975995187206,1293479313416392704,'学生行为详情',3,NULL,NULL,NULL,8,NULL,1293376634887344128,CURDATE(),1293376634887344128,CURDATE(),1);
INSERT INTO `zz_sys_menu` VALUES(1471382975995187207,1293479313416392704,'学生行为详情',3,NULL,NULL,NULL,9,NULL,1293376634887344128,CURDATE(),1293376634887344128,CURDATE(),1);
INSERT INTO `zz_sys_menu` VALUES(1381236988534853632,1293376634899927040,'在线用户',1,'formSysLoginUser',NULL,NULL,145,NULL,1293376634887344128,CURDATE(),1293376634887344128,CURDATE(),1);
INSERT INTO `zz_sys_menu` VALUES(1471382975995187209,1381236988534853632,'显示',3,NULL,NULL,NULL,1,NULL,1293376634887344128,CURDATE(),1293376634887344128,CURDATE(),1);
INSERT INTO `zz_sys_menu` VALUES(1471382975995187210,1381236988534853632,'强制下线',3,NULL,NULL,NULL,2,NULL,1293376634887344128,CURDATE(),1293376634887344128,CURDATE(),1);
INSERT INTO `zz_sys_menu` VALUES(1450436351471128576,1293376634899927040,'操作日志',1,'formSysOperationLog',NULL,NULL,140,NULL,1293376634887344128,CURDATE(),1293376634887344128,CURDATE(),1);
INSERT INTO `zz_sys_menu` VALUES(1471382975995187215,1450436351471128576,'显示',3,NULL,NULL,NULL,1,NULL,1293376634887344128,CURDATE(),1293376634887344128,CURDATE(),1);
INSERT INTO `zz_sys_menu` VALUES(1450780378271846400,1293376634899927040,'数据权限管理',1,'formSysDataPerm',NULL,NULL,115,NULL,1293376634887344128,CURDATE(),1293376634887344128,CURDATE(),1);
INSERT INTO `zz_sys_menu` VALUES(1471382975995187219,1450780378271846400,'数据权限管理',2,NULL,NULL,NULL,1,NULL,1293376634887344128,CURDATE(),1293376634887344128,CURDATE(),1);
INSERT INTO `zz_sys_menu` VALUES(1471382975995187220,1450780378271846400,'用户授权',2,NULL,NULL,NULL,2,NULL,1293376634887344128,CURDATE(),1293376634887344128,CURDATE(),1);
INSERT INTO `zz_sys_menu` VALUES(1471382975995187221,1471382975995187219,'显示',3,NULL,NULL,NULL,1,NULL,1293376634887344128,CURDATE(),1293376634887344128,CURDATE(),1);
INSERT INTO `zz_sys_menu` VALUES(1471382975995187222,1471382975995187219,'新增',3,NULL,NULL,NULL,2,NULL,1293376634887344128,CURDATE(),1293376634887344128,CURDATE(),1);
INSERT INTO `zz_sys_menu` VALUES(1471382975995187223,1471382975995187219,'编辑',3,NULL,NULL,NULL,3,NULL,1293376634887344128,CURDATE(),1293376634887344128,CURDATE(),1);
INSERT INTO `zz_sys_menu` VALUES(1471382975995187224,1471382975995187219,'删除',3,NULL,NULL,NULL,4,NULL,1293376634887344128,CURDATE(),1293376634887344128,CURDATE(),1);
INSERT INTO `zz_sys_menu` VALUES(1471382975995187225,1471382975995187220,'显示',3,NULL,NULL,NULL,1,NULL,1293376634887344128,CURDATE(),1293376634887344128,CURDATE(),1);
INSERT INTO `zz_sys_menu` VALUES(1471382975995187226,1471382975995187220,'授权用户',3,NULL,NULL,NULL,2,NULL,1293376634887344128,CURDATE(),1293376634887344128,CURDATE(),1);
INSERT INTO `zz_sys_menu` VALUES(1471382975995187227,1471382975995187220,'移除用户',3,NULL,NULL,NULL,3,NULL,1293376634887344128,CURDATE(),1293376634887344128,CURDATE(),1);
INSERT INTO `zz_sys_menu` VALUES(1450780378414452736,1293376634899927040,'部门管理',1,'formSysDept',NULL,NULL,105,NULL,1293376634887344128,CURDATE(),1293376634887344128,CURDATE(),1);
INSERT INTO `zz_sys_menu` VALUES(1471382975995187237,1450780378414452736,'显示',3,NULL,NULL,NULL,1,NULL,1293376634887344128,CURDATE(),1293376634887344128,CURDATE(),1);
INSERT INTO `zz_sys_menu` VALUES(1471382975995187238,1450780378414452736,'新增',3,NULL,NULL,NULL,2,NULL,1293376634887344128,CURDATE(),1293376634887344128,CURDATE(),1);
INSERT INTO `zz_sys_menu` VALUES(1471382975995187239,1450780378414452736,'编辑',3,NULL,NULL,NULL,3,NULL,1293376634887344128,CURDATE(),1293376634887344128,CURDATE(),1);
INSERT INTO `zz_sys_menu` VALUES(1471382975995187240,1450780378414452736,'删除',3,NULL,NULL,NULL,4,NULL,1293376634887344128,CURDATE(),1293376634887344128,CURDATE(),1);
COMMIT;

-- ----------------------------
-- 全部菜单和权限字关系数据
-- ----------------------------
BEGIN;
INSERT INTO `zz_sys_menu_perm_code` VALUES(1471382975990992966,1471382975990992973);
INSERT INTO `zz_sys_menu_perm_code` VALUES(1471382975990992967,1471382975990992974);
INSERT INTO `zz_sys_menu_perm_code` VALUES(1471382975990992968,1471382975990992975);
INSERT INTO `zz_sys_menu_perm_code` VALUES(1471382975990992969,1471382975990992976);
INSERT INTO `zz_sys_menu_perm_code` VALUES(1471382975990992970,1471382975990992977);
INSERT INTO `zz_sys_menu_perm_code` VALUES(1471382975990992971,1471382975990992978);
INSERT INTO `zz_sys_menu_perm_code` VALUES(1471382975990992982,1471382975990992991);
INSERT INTO `zz_sys_menu_perm_code` VALUES(1471382975990992987,1471382975990992992);
INSERT INTO `zz_sys_menu_perm_code` VALUES(1471382975990992983,1471382975990992993);
INSERT INTO `zz_sys_menu_perm_code` VALUES(1471382975990992984,1471382975990992994);
INSERT INTO `zz_sys_menu_perm_code` VALUES(1471382975990992985,1471382975990992995);
INSERT INTO `zz_sys_menu_perm_code` VALUES(1471382975990992988,1471382975990992997);
INSERT INTO `zz_sys_menu_perm_code` VALUES(1471382975990992989,1471382975990992998);
INSERT INTO `zz_sys_menu_perm_code` VALUES(1471382975990992986,1471382975990992996);
INSERT INTO `zz_sys_menu_perm_code` VALUES(1471382975990993000,1471382975990993006);
INSERT INTO `zz_sys_menu_perm_code` VALUES(1471382975990993002,1471382975990993008);
INSERT INTO `zz_sys_menu_perm_code` VALUES(1471382975990993001,1471382975990993007);
INSERT INTO `zz_sys_menu_perm_code` VALUES(1471382975990993003,1471382975990993009);
INSERT INTO `zz_sys_menu_perm_code` VALUES(1471382975990993004,1471382975990993010);
INSERT INTO `zz_sys_menu_perm_code` VALUES(1471382975990993012,1471382975990993018);
INSERT INTO `zz_sys_menu_perm_code` VALUES(1471382975990993013,1471382975990993019);
INSERT INTO `zz_sys_menu_perm_code` VALUES(1471382975990993014,1471382975990993020);
INSERT INTO `zz_sys_menu_perm_code` VALUES(1471382975990993015,1471382975990993021);
INSERT INTO `zz_sys_menu_perm_code` VALUES(1471382975990993016,1471382975990993022);
INSERT INTO `zz_sys_menu_perm_code` VALUES(1471382975990993024,1471382975990993033);
INSERT INTO `zz_sys_menu_perm_code` VALUES(1471382975990993025,1471382975990993034);
INSERT INTO `zz_sys_menu_perm_code` VALUES(1471382975990993026,1471382975990993035);
INSERT INTO `zz_sys_menu_perm_code` VALUES(1471382975990993027,1471382975990993036);
INSERT INTO `zz_sys_menu_perm_code` VALUES(1471382975990993028,1471382975990993037);
INSERT INTO `zz_sys_menu_perm_code` VALUES(1471382975990993029,1471382975990993038);
INSERT INTO `zz_sys_menu_perm_code` VALUES(1471382975990993030,1471382975990993039);
INSERT INTO `zz_sys_menu_perm_code` VALUES(1471382975990993031,1471382975990993040);
INSERT INTO `zz_sys_menu_perm_code` VALUES(1293376634916704262,1471382975990993048);
INSERT INTO `zz_sys_menu_perm_code` VALUES(1293376634916704262,1471382975990993049);
INSERT INTO `zz_sys_menu_perm_code` VALUES(1293376634916704262,1471382975990993050);
INSERT INTO `zz_sys_menu_perm_code` VALUES(1293376634916704262,1471382975990993051);
INSERT INTO `zz_sys_menu_perm_code` VALUES(1293376634916704262,1471382975990993052);
INSERT INTO `zz_sys_menu_perm_code` VALUES(1471382975990993042,1471382975990993048);
INSERT INTO `zz_sys_menu_perm_code` VALUES(1471382975990993043,1471382975990993049);
INSERT INTO `zz_sys_menu_perm_code` VALUES(1471382975990993044,1471382975990993050);
INSERT INTO `zz_sys_menu_perm_code` VALUES(1471382975990993045,1471382975990993051);
INSERT INTO `zz_sys_menu_perm_code` VALUES(1471382975990993046,1471382975990993052);
INSERT INTO `zz_sys_menu_perm_code` VALUES(1471382975990993056,1293429171069915136);
INSERT INTO `zz_sys_menu_perm_code` VALUES(1471382975990993057,1293440313007804416);
INSERT INTO `zz_sys_menu_perm_code` VALUES(1471382975990993057,1293429267132059648);
INSERT INTO `zz_sys_menu_perm_code` VALUES(1471382975990993057,1293429267153031168);
INSERT INTO `zz_sys_menu_perm_code` VALUES(1471382975990993057,1293436368944369664);
INSERT INTO `zz_sys_menu_perm_code` VALUES(1471382975990993057,1293436524536270848);
INSERT INTO `zz_sys_menu_perm_code` VALUES(1471382975990993058,1293440371212161024);
INSERT INTO `zz_sys_menu_perm_code` VALUES(1471382975990993058,1293429656866787328);
INSERT INTO `zz_sys_menu_perm_code` VALUES(1471382975990993058,1293429656879370240);
INSERT INTO `zz_sys_menu_perm_code` VALUES(1471382975990993058,1293434467691532288);
INSERT INTO `zz_sys_menu_perm_code` VALUES(1471382975990993058,1293434543608434688);
INSERT INTO `zz_sys_menu_perm_code` VALUES(1471382975990993059,1293440523041771520);
INSERT INTO `zz_sys_menu_perm_code` VALUES(1471382975990993061,1293440813111447552);
INSERT INTO `zz_sys_menu_perm_code` VALUES(1471382975990993062,1293444386415185920);
INSERT INTO `zz_sys_menu_perm_code` VALUES(1471382975990993062,1293441007530020864);
INSERT INTO `zz_sys_menu_perm_code` VALUES(1471382975990993062,1293441007542603776);
INSERT INTO `zz_sys_menu_perm_code` VALUES(1471382975990993062,1293441795115454464);
INSERT INTO `zz_sys_menu_perm_code` VALUES(1471382975990993062,1293441892486221824);
INSERT INTO `zz_sys_menu_perm_code` VALUES(1471382975990993063,1293444441515757568);
INSERT INTO `zz_sys_menu_perm_code` VALUES(1471382975990993063,1293441136060272640);
INSERT INTO `zz_sys_menu_perm_code` VALUES(1471382975990993063,1293441136077049856);
INSERT INTO `zz_sys_menu_perm_code` VALUES(1471382975990993063,1293442667975282688);
INSERT INTO `zz_sys_menu_perm_code` VALUES(1471382975990993063,1293442766797279232);
INSERT INTO `zz_sys_menu_perm_code` VALUES(1471382975990993064,1293444524432953344);
INSERT INTO `zz_sys_menu_perm_code` VALUES(1471382975990993066,1317447995897155584);
INSERT INTO `zz_sys_menu_perm_code` VALUES(1471382975990993067,1317449931765583872);
INSERT INTO `zz_sys_menu_perm_code` VALUES(1471382975990993067,1310161474563346432);
INSERT INTO `zz_sys_menu_perm_code` VALUES(1471382975990993067,1310161474580123648);
INSERT INTO `zz_sys_menu_perm_code` VALUES(1471382975990993067,1310162766899712000);
INSERT INTO `zz_sys_menu_perm_code` VALUES(1471382975990993068,1317450488903372800);
INSERT INTO `zz_sys_menu_perm_code` VALUES(1471382975990993068,1310160774819221504);
INSERT INTO `zz_sys_menu_perm_code` VALUES(1471382975990993068,1310160774848581632);
INSERT INTO `zz_sys_menu_perm_code` VALUES(1471382975990993068,1310167306982133760);
INSERT INTO `zz_sys_menu_perm_code` VALUES(1471382975990993068,1310167373478629376);
INSERT INTO `zz_sys_menu_perm_code` VALUES(1471382975990993069,1317450579131240448);
INSERT INTO `zz_sys_menu_perm_code` VALUES(1471382975990993070,1317450181515415552);
INSERT INTO `zz_sys_menu_perm_code` VALUES(1471382975990993071,1317450267221823488);
INSERT INTO `zz_sys_menu_perm_code` VALUES(1471382975990993071,1310161223228067840);
INSERT INTO `zz_sys_menu_perm_code` VALUES(1471382975990993071,1310161223257427968);
INSERT INTO `zz_sys_menu_perm_code` VALUES(1471382975990993071,1310164330313945088);
INSERT INTO `zz_sys_menu_perm_code` VALUES(1471382975990993071,1310164964761145344);
INSERT INTO `zz_sys_menu_perm_code` VALUES(1471382975990993072,1317450395492028416);
INSERT INTO `zz_sys_menu_perm_code` VALUES(1471382975990993073,1317449997456773120);
INSERT INTO `zz_sys_menu_perm_code` VALUES(1471382975990993073,1310161356145561600);
INSERT INTO `zz_sys_menu_perm_code` VALUES(1471382975990993073,1310161356158144512);
INSERT INTO `zz_sys_menu_perm_code` VALUES(1471382975990993073,1310163498042396672);
INSERT INTO `zz_sys_menu_perm_code` VALUES(1471382975990993074,1317449849376870400);
INSERT INTO `zz_sys_menu_perm_code` VALUES(1471382975990993074,1310160670251028480);
INSERT INTO `zz_sys_menu_perm_code` VALUES(1471382975990993074,1310160670297165824);
INSERT INTO `zz_sys_menu_perm_code` VALUES(1471382975990993074,1310167756917706752);
INSERT INTO `zz_sys_menu_perm_code` VALUES(1471382975990993074,1310167812844556288);
INSERT INTO `zz_sys_menu_perm_code` VALUES(1471382975990993076,1293463749092446208);
INSERT INTO `zz_sys_menu_perm_code` VALUES(1471382975990993078,1293473829204529152);
INSERT INTO `zz_sys_menu_perm_code` VALUES(1471382975995187200,1293476824138911744);
INSERT INTO `zz_sys_menu_perm_code` VALUES(1471382975995187200,1293475157104398336);
INSERT INTO `zz_sys_menu_perm_code` VALUES(1471382975995187200,1293475157112786944);
INSERT INTO `zz_sys_menu_perm_code` VALUES(1471382975995187201,1293477488848015360);
INSERT INTO `zz_sys_menu_perm_code` VALUES(1471382975995187201,1293475157104398336);
INSERT INTO `zz_sys_menu_perm_code` VALUES(1471382975995187201,1293475157112786944);
INSERT INTO `zz_sys_menu_perm_code` VALUES(1471382975995187202,1293477691462258688);
INSERT INTO `zz_sys_menu_perm_code` VALUES(1471382975995187202,1293475157104398336);
INSERT INTO `zz_sys_menu_perm_code` VALUES(1471382975995187202,1293475157112786944);
INSERT INTO `zz_sys_menu_perm_code` VALUES(1471382975995187203,1293477898908340224);
INSERT INTO `zz_sys_menu_perm_code` VALUES(1471382975995187203,1293475157104398336);
INSERT INTO `zz_sys_menu_perm_code` VALUES(1471382975995187203,1293475157112786944);
INSERT INTO `zz_sys_menu_perm_code` VALUES(1471382975995187204,1293478093347885056);
INSERT INTO `zz_sys_menu_perm_code` VALUES(1471382975995187204,1293475157104398336);
INSERT INTO `zz_sys_menu_perm_code` VALUES(1471382975995187204,1293475157112786944);
INSERT INTO `zz_sys_menu_perm_code` VALUES(1471382975995187205,1293478281131069440);
INSERT INTO `zz_sys_menu_perm_code` VALUES(1471382975995187205,1293475157104398336);
INSERT INTO `zz_sys_menu_perm_code` VALUES(1471382975995187205,1293475157112786944);
INSERT INTO `zz_sys_menu_perm_code` VALUES(1471382975995187206,1293478468947808256);
INSERT INTO `zz_sys_menu_perm_code` VALUES(1471382975995187206,1293475157104398336);
INSERT INTO `zz_sys_menu_perm_code` VALUES(1471382975995187206,1293475157112786944);
INSERT INTO `zz_sys_menu_perm_code` VALUES(1471382975995187207,1293478698393014272);
INSERT INTO `zz_sys_menu_perm_code` VALUES(1471382975995187207,1293475157104398336);
INSERT INTO `zz_sys_menu_perm_code` VALUES(1471382975995187207,1293475157112786944);
INSERT INTO `zz_sys_menu_perm_code` VALUES(1471382975995187209,1471382975995187212);
INSERT INTO `zz_sys_menu_perm_code` VALUES(1471382975995187210,1471382975995187213);
INSERT INTO `zz_sys_menu_perm_code` VALUES(1471382975995187215,1471382975995187217);
INSERT INTO `zz_sys_menu_perm_code` VALUES(1471382975995187221,1471382975995187229);
INSERT INTO `zz_sys_menu_perm_code` VALUES(1471382975995187225,1471382975995187230);
INSERT INTO `zz_sys_menu_perm_code` VALUES(1471382975995187222,1471382975995187231);
INSERT INTO `zz_sys_menu_perm_code` VALUES(1471382975995187223,1471382975995187232);
INSERT INTO `zz_sys_menu_perm_code` VALUES(1471382975995187224,1471382975995187233);
INSERT INTO `zz_sys_menu_perm_code` VALUES(1471382975995187226,1471382975995187234);
INSERT INTO `zz_sys_menu_perm_code` VALUES(1471382975995187227,1471382975995187235);
INSERT INTO `zz_sys_menu_perm_code` VALUES(1471382975995187237,1471382975995187242);
INSERT INTO `zz_sys_menu_perm_code` VALUES(1471382975995187238,1471382975995187243);
INSERT INTO `zz_sys_menu_perm_code` VALUES(1471382975995187239,1471382975995187244);
INSERT INTO `zz_sys_menu_perm_code` VALUES(1471382975995187240,1471382975995187245);
COMMIT;

-- ----------------------------
-- 全部权限字数据
-- ----------------------------
BEGIN;
INSERT INTO `zz_sys_perm_code` VALUES(1293441892486221824,1293441007542603776,'formCreateCourse:formCreateCourse:add',2,'保存',10,1293376634887344128,CURDATE(),1293376634887344128,CURDATE(),1);
INSERT INTO `zz_sys_perm_code` VALUES(1293429656879370240,1293429656866787328,'formEditStudent:formEditStudent',1,'编辑学生',0,1293376634887344128,CURDATE(),1293376634887344128,CURDATE(),1);
INSERT INTO `zz_sys_perm_code` VALUES(1293429171069915136,1293429171057332224,'formStudent:formStudent',1,'学生管理',0,1293376634887344128,CURDATE(),1293376634887344128,CURDATE(),1);
INSERT INTO `zz_sys_perm_code` VALUES(1471382975990992978,1471382975990992973,'formSysUser:fragmentSysUser:listSysUserPermDetail',2,'权限详情',5,1293376634887344128,CURDATE(),1293376634887344128,CURDATE(),1);
INSERT INTO `zz_sys_perm_code` VALUES(1310161356145561600,NULL,'formSetClassStudent',0,'设置班级学生',120,1293376634887344128,CURDATE(),1293376634887344128,CURDATE(),1);
INSERT INTO `zz_sys_perm_code` VALUES(1471382975990993032,NULL,'formSysPerm',0,'权限管理',10800,1293376634887344128,CURDATE(),1293376634887344128,CURDATE(),1);
INSERT INTO `zz_sys_perm_code` VALUES(1471382975995187235,1471382975995187230,'formSysDataPerm:fragmentSysDataPermUser:deleteDataPermUser',2,'移除用户',2,1293376634887344128,CURDATE(),1293376634887344128,CURDATE(),1);
INSERT INTO `zz_sys_perm_code` VALUES(1471382975990993018,1471382975990993017,'formSysPermCode:fragmentSysPermCode',1,'权限字管理',1,1293376634887344128,CURDATE(),1293376634887344128,CURDATE(),1);
INSERT INTO `zz_sys_perm_code` VALUES(1293436368944369664,1293429267153031168,'formCreateStudent:formCreateStudent:cancel',2,'取消',0,1293376634887344128,CURDATE(),1293376634887344128,CURDATE(),1);
INSERT INTO `zz_sys_perm_code` VALUES(1293440813098864640,NULL,'formCourse',0,'课程管理',30,1293376634887344128,CURDATE(),1293376634887344128,CURDATE(),1);
INSERT INTO `zz_sys_perm_code` VALUES(1471382975995187211,NULL,'formSysLoginUser',0,'在线用户',11200,1293376634887344128,CURDATE(),1293376634887344128,CURDATE(),1);
INSERT INTO `zz_sys_perm_code` VALUES(1471382975990993049,1471382975990993048,'formSysDict:fragmentSysDict:add',2,'新增',1,1293376634887344128,CURDATE(),1293376634887344128,CURDATE(),1);
INSERT INTO `zz_sys_perm_code` VALUES(1317449849376870400,1317447995897155584,'formClass:formClass:formCreateClass',2,'新建',70,1293376634887344128,CURDATE(),1293376634887344128,CURDATE(),1);
INSERT INTO `zz_sys_perm_code` VALUES(1310160774819221504,NULL,'formEditClass',0,'编辑班级',100,1293376634887344128,CURDATE(),1293376634887344128,CURDATE(),1);
INSERT INTO `zz_sys_perm_code` VALUES(1293441795115454464,1293441007542603776,'formCreateCourse:formCreateCourse:cancel',2,'取消',0,1293376634887344128,CURDATE(),1293376634887344128,CURDATE(),1);
INSERT INTO `zz_sys_perm_code` VALUES(1317447995897155584,1317447995888766976,'formClass:formClass',1,'班级管理',0,1293376634887344128,CURDATE(),1293376634887344128,CURDATE(),1);
INSERT INTO `zz_sys_perm_code` VALUES(1471382975990992974,1471382975990992973,'formSysUser:fragmentSysUser:add',2,'新增',1,1293376634887344128,CURDATE(),1293376634887344128,CURDATE(),1);
INSERT INTO `zz_sys_perm_code` VALUES(1310167306982133760,1310160774848581632,'formEditClass:formEditClass:cancel',2,'取消',0,1293376634887344128,CURDATE(),1293376634887344128,CURDATE(),1);
INSERT INTO `zz_sys_perm_code` VALUES(1293441136060272640,NULL,'formEditCourse',0,'编辑课程',50,1293376634887344128,CURDATE(),1293376634887344128,CURDATE(),1);
INSERT INTO `zz_sys_perm_code` VALUES(1310161356158144512,1310161356145561600,'formSetClassStudent:formSetClassStudent',1,'设置班级学生',0,1293376634887344128,CURDATE(),1293376634887344128,CURDATE(),1);
INSERT INTO `zz_sys_perm_code` VALUES(1293478281131069440,1293473829204529152,'formStudentActionStats:formStudentActionStats:formDoCourseDetail',2,'学生行为详情',50,1293376634887344128,CURDATE(),1293376634887344128,CURDATE(),1);
INSERT INTO `zz_sys_perm_code` VALUES(1310161223257427968,1310161223228067840,'formEditClassCourseOrder:formEditClassCourseOrder',1,'编辑课程顺序',0,1293376634887344128,CURDATE(),1293376634887344128,CURDATE(),1);
INSERT INTO `zz_sys_perm_code` VALUES(1293478698393014272,1293473829204529152,'formStudentActionStats:formStudentActionStats:formRfreshDetail',2,'学生行为详情',70,1293376634887344128,CURDATE(),1293376634887344128,CURDATE(),1);
INSERT INTO `zz_sys_perm_code` VALUES(1471382975990992972,NULL,'formSysUser',0,'用户管理',10000,1293376634887344128,CURDATE(),1293376634887344128,CURDATE(),1);
INSERT INTO `zz_sys_perm_code` VALUES(1471382975995187232,1471382975995187229,'formSysDataPerm:fragmentSysDataPerm:update',2,'编辑',2,1293376634887344128,CURDATE(),1293376634887344128,CURDATE(),1);
INSERT INTO `zz_sys_perm_code` VALUES(1471382975990993020,1471382975990993018,'formSysPermCode:fragmentSysPermCode:update',2,'编辑',2,1293376634887344128,CURDATE(),1293376634887344128,CURDATE(),1);
INSERT INTO `zz_sys_perm_code` VALUES(1317450395492028416,1317447995897155584,'formClass:formClass:deleteClassStudent',2,'移除',50,1293376634887344128,CURDATE(),1293376634887344128,CURDATE(),1);
INSERT INTO `zz_sys_perm_code` VALUES(1317447995888766976,NULL,'formClass',0,'班级管理',140,1293376634887344128,CURDATE(),1293376634887344128,CURDATE(),1);
INSERT INTO `zz_sys_perm_code` VALUES(1471382975995187233,1471382975995187229,'formSysDataPerm:fragmentSysDataPerm:delete',2,'删除',3,1293376634887344128,CURDATE(),1293376634887344128,CURDATE(),1);
INSERT INTO `zz_sys_perm_code` VALUES(1471382975990993034,1471382975990993033,'formSysPerm:fragmentSysPerm:addPermModule',2,'新增模块',1,1293376634887344128,CURDATE(),1293376634887344128,CURDATE(),1);
INSERT INTO `zz_sys_perm_code` VALUES(1471382975995187231,1471382975995187229,'formSysDataPerm:fragmentSysDataPerm:add',2,'新增',1,1293376634887344128,CURDATE(),1293376634887344128,CURDATE(),1);
INSERT INTO `zz_sys_perm_code` VALUES(1471382975995187216,NULL,'formSysOperationLog',0,'操作日志',11100,1293376634887344128,CURDATE(),1293376634887344128,CURDATE(),1);
INSERT INTO `zz_sys_perm_code` VALUES(1317450181515415552,1317447995897155584,'formClass:formClass:deleteClassCourse',2,'移除',30,1293376634887344128,CURDATE(),1293376634887344128,CURDATE(),1);
INSERT INTO `zz_sys_perm_code` VALUES(1310167812844556288,1310160670297165824,'formCreateClass:formCreateClass:add',2,'保存',10,1293376634887344128,CURDATE(),1293376634887344128,CURDATE(),1);
INSERT INTO `zz_sys_perm_code` VALUES(1293477488848015360,1293473829204529152,'formStudentActionStats:formStudentActionStats:formBuyVideoDetail',2,'学生行为详情',10,1293376634887344128,CURDATE(),1293376634887344128,CURDATE(),1);
INSERT INTO `zz_sys_perm_code` VALUES(1293429171057332224,NULL,'formStudent',0,'学生管理',0,1293376634887344128,CURDATE(),1293376634887344128,CURDATE(),1);
INSERT INTO `zz_sys_perm_code` VALUES(1293441136077049856,1293441136060272640,'formEditCourse:formEditCourse',1,'编辑课程',0,1293376634887344128,CURDATE(),1293376634887344128,CURDATE(),1);
INSERT INTO `zz_sys_perm_code` VALUES(1471382975990993022,1471382975990993018,'formSysPermCode:fragmentSysPermCode:listSysPermCodePermDetail',2,'权限详情',4,1293376634887344128,CURDATE(),1293376634887344128,CURDATE(),1);
INSERT INTO `zz_sys_perm_code` VALUES(1293429656866787328,NULL,'formEditStudent',0,'编辑学生',20,1293376634887344128,CURDATE(),1293376634887344128,CURDATE(),1);
INSERT INTO `zz_sys_perm_code` VALUES(1471382975990993048,1471382975990993047,'formSysDict:fragmentSysDict',1,'字典管理',1,1293376634887344128,CURDATE(),1293376634887344128,CURDATE(),1);
INSERT INTO `zz_sys_perm_code` VALUES(1310167756917706752,1310160670297165824,'formCreateClass:formCreateClass:cancel',2,'取消',0,1293376634887344128,CURDATE(),1293376634887344128,CURDATE(),1);
INSERT INTO `zz_sys_perm_code` VALUES(1471382975990992975,1471382975990992973,'formSysUser:fragmentSysUser:update',2,'编辑',2,1293376634887344128,CURDATE(),1293376634887344128,CURDATE(),1);
INSERT INTO `zz_sys_perm_code` VALUES(1471382975995187229,1471382975995187228,'formSysDataPerm:fragmentSysDataPerm',1,'数据权限管理',1,1293376634887344128,CURDATE(),1293376634887344128,CURDATE(),1);
INSERT INTO `zz_sys_perm_code` VALUES(1471382975990992977,1471382975990992973,'formSysUser:fragmentSysUser:resetPassword',2,'重置密码',4,1293376634887344128,CURDATE(),1293376634887344128,CURDATE(),1);
INSERT INTO `zz_sys_perm_code` VALUES(1471382975990993047,NULL,'formSysDict',0,'字典管理',10900,1293376634887344128,CURDATE(),1293376634887344128,CURDATE(),1);
INSERT INTO `zz_sys_perm_code` VALUES(1471382975990993008,1471382975990993006,'formSysMenu:fragmentSysMenu:update',2,'编辑',2,1293376634887344128,CURDATE(),1293376634887344128,CURDATE(),1);
INSERT INTO `zz_sys_perm_code` VALUES(1293441007542603776,1293441007530020864,'formCreateCourse:formCreateCourse',1,'新建课程',0,1293376634887344128,CURDATE(),1293376634887344128,CURDATE(),1);
INSERT INTO `zz_sys_perm_code` VALUES(1471382975990993037,1471382975990993033,'formSysPerm:fragmentSysPerm:addPerm',2,'新增权限',4,1293376634887344128,CURDATE(),1293376634887344128,CURDATE(),1);
INSERT INTO `zz_sys_perm_code` VALUES(1471382975995187244,1471382975995187242,'formSysDept:fragmentSysDept:update',2,'编辑',2,1293376634887344128,CURDATE(),1293376634887344128,CURDATE(),1);
INSERT INTO `zz_sys_perm_code` VALUES(1471382975990993036,1471382975990993033,'formSysPerm:fragmentSysPerm:deletePermModule',2,'删除模块',3,1293376634887344128,CURDATE(),1293376634887344128,CURDATE(),1);
INSERT INTO `zz_sys_perm_code` VALUES(1471382975990993040,1471382975990993033,'formSysPerm:fragmentSysPerm:listSysPermPermDetail',2,'权限详情',7,1293376634887344128,CURDATE(),1293376634887344128,CURDATE(),1);
INSERT INTO `zz_sys_perm_code` VALUES(1310164330313945088,1310161223257427968,'formEditClassCourseOrder:formEditClassCourseOrder:cancel',2,'取消',0,1293376634887344128,CURDATE(),1293376634887344128,CURDATE(),1);
INSERT INTO `zz_sys_perm_code` VALUES(1293444524432953344,1293440813111447552,'formCourse:formCourse:delete',2,'删除',20,1293376634887344128,CURDATE(),1293376634887344128,CURDATE(),1);
INSERT INTO `zz_sys_perm_code` VALUES(1293476824138911744,1293473829204529152,'formStudentActionStats:formStudentActionStats:formBuyCourseDetail',2,'学生行为详情',0,1293376634887344128,CURDATE(),1293376634887344128,CURDATE(),1);
INSERT INTO `zz_sys_perm_code` VALUES(1310164964761145344,1310161223257427968,'formEditClassCourseOrder:formEditClassCourseOrder:updateClassCourse',2,'保存',10,1293376634887344128,CURDATE(),1293376634887344128,CURDATE(),1);
INSERT INTO `zz_sys_perm_code` VALUES(1471382975995187234,1471382975995187230,'formSysDataPerm:fragmentSysDataPermUser:addDataPermUser',2,'授权用户',1,1293376634887344128,CURDATE(),1293376634887344128,CURDATE(),1);
INSERT INTO `zz_sys_perm_code` VALUES(1471382975990992996,1471382975990992991,'formSysRole:fragmentSysRole:listSysRolePermDetail',2,'权限详情',4,1293376634887344128,CURDATE(),1293376634887344128,CURDATE(),1);
INSERT INTO `zz_sys_perm_code` VALUES(1471382975990993007,1471382975990993006,'formSysMenu:fragmentSysMenu:add',2,'新增',1,1293376634887344128,CURDATE(),1293376634887344128,CURDATE(),1);
INSERT INTO `zz_sys_perm_code` VALUES(1471382975990993021,1471382975990993018,'formSysPermCode:fragmentSysPermCode:delete',2,'删除',3,1293376634887344128,CURDATE(),1293376634887344128,CURDATE(),1);
INSERT INTO `zz_sys_perm_code` VALUES(1310162766899712000,1310161474580123648,'formSetClassCourse:formSetClassCourse:addClassCourse',2,'添加',0,1293376634887344128,CURDATE(),1293376634887344128,CURDATE(),1);
INSERT INTO `zz_sys_perm_code` VALUES(1310161474580123648,1310161474563346432,'formSetClassCourse:formSetClassCourse',1,'设置班级课程',0,1293376634887344128,CURDATE(),1293376634887344128,CURDATE(),1);
INSERT INTO `zz_sys_perm_code` VALUES(1471382975995187242,1471382975995187241,'formSysDept:fragmentSysDept',1,'部门管理',1,1293376634887344128,CURDATE(),1293376634887344128,CURDATE(),1);
INSERT INTO `zz_sys_perm_code` VALUES(1310160670251028480,NULL,'formCreateClass',0,'新建班级',90,1293376634887344128,CURDATE(),1293376634887344128,CURDATE(),1);
INSERT INTO `zz_sys_perm_code` VALUES(1310163498042396672,1310161356158144512,'formSetClassStudent:formSetClassStudent:addClassStudent',2,'添加',0,1293376634887344128,CURDATE(),1293376634887344128,CURDATE(),1);
INSERT INTO `zz_sys_perm_code` VALUES(1293429267153031168,1293429267132059648,'formCreateStudent:formCreateStudent',1,'新建学生',0,1293376634887344128,CURDATE(),1293376634887344128,CURDATE(),1);
INSERT INTO `zz_sys_perm_code` VALUES(1471382975995187212,1471382975995187211,'formSysLoginUser:fragmentLoginUser',1,'在线用户',1,1293376634887344128,CURDATE(),1293376634887344128,CURDATE(),1);
INSERT INTO `zz_sys_perm_code` VALUES(1293463749084057600,NULL,'formCourseStats',0,'课程统计',60,1293376634887344128,CURDATE(),1293376634887344128,CURDATE(),1);
INSERT INTO `zz_sys_perm_code` VALUES(1293475157112786944,1293475157104398336,'formStudentActionDetail:formStudentActionDetail',1,'学生行为详情',0,1293376634887344128,CURDATE(),1293376634887344128,CURDATE(),1);
INSERT INTO `zz_sys_perm_code` VALUES(1471382975990993005,NULL,'formSysMenu',0,'菜单管理',10600,1293376634887344128,CURDATE(),1293376634887344128,CURDATE(),1);
INSERT INTO `zz_sys_perm_code` VALUES(1293463749092446208,1293463749084057600,'formCourseStats:formCourseStats',1,'课程统计',0,1293376634887344128,CURDATE(),1293376634887344128,CURDATE(),1);
INSERT INTO `zz_sys_perm_code` VALUES(1471382975990993010,1471382975990993006,'formSysMenu:fragmentSysMenu:listSysMenuPermDetail',2,'权限详情',4,1293376634887344128,CURDATE(),1293376634887344128,CURDATE(),1);
INSERT INTO `zz_sys_perm_code` VALUES(1471382975995187230,1471382975995187228,'formSysDataPerm:fragmentSysDataPermUser',1,'用户授权',2,1293376634887344128,CURDATE(),1293376634887344128,CURDATE(),1);
INSERT INTO `zz_sys_perm_code` VALUES(1293441007530020864,NULL,'formCreateCourse',0,'新建课程',40,1293376634887344128,CURDATE(),1293376634887344128,CURDATE(),1);
INSERT INTO `zz_sys_perm_code` VALUES(1293477691462258688,1293473829204529152,'formStudentActionStats:formStudentActionStats:formBuyFlowerDetail',2,'学生行为详情',20,1293376634887344128,CURDATE(),1293376634887344128,CURDATE(),1);
INSERT INTO `zz_sys_perm_code` VALUES(1471382975990992995,1471382975990992991,'formSysRole:fragmentSysRole:delete',2,'删除',3,1293376634887344128,CURDATE(),1293376634887344128,CURDATE(),1);
INSERT INTO `zz_sys_perm_code` VALUES(1293440313007804416,1293429171069915136,'formStudent:formStudent:formCreateStudent',2,'新建',0,1293376634887344128,CURDATE(),1293376634887344128,CURDATE(),1);
INSERT INTO `zz_sys_perm_code` VALUES(1471382975990993017,NULL,'formSysPermCode',0,'权限字管理',10700,1293376634887344128,CURDATE(),1293376634887344128,CURDATE(),1);
INSERT INTO `zz_sys_perm_code` VALUES(1293440371212161024,1293429171069915136,'formStudent:formStudent:formEditStudent',2,'编辑',10,1293376634887344128,CURDATE(),1293376634887344128,CURDATE(),1);
INSERT INTO `zz_sys_perm_code` VALUES(1471382975990992997,1471382975990992992,'formSysRole:fragmentSysRoleUser:addUserRole',2,'授权用户',1,1293376634887344128,CURDATE(),1293376634887344128,CURDATE(),1);
INSERT INTO `zz_sys_perm_code` VALUES(1471382975990993035,1471382975990993033,'formSysPerm:fragmentSysPerm:updatePermModule',2,'编辑模块',2,1293376634887344128,CURDATE(),1293376634887344128,CURDATE(),1);
INSERT INTO `zz_sys_perm_code` VALUES(1310161474563346432,NULL,'formSetClassCourse',0,'设置班级课程',130,1293376634887344128,CURDATE(),1293376634887344128,CURDATE(),1);
INSERT INTO `zz_sys_perm_code` VALUES(1471382975990992990,NULL,'formSysRole',0,'角色管理',10200,1293376634887344128,CURDATE(),1293376634887344128,CURDATE(),1);
INSERT INTO `zz_sys_perm_code` VALUES(1310160670297165824,1310160670251028480,'formCreateClass:formCreateClass',1,'新建班级',0,1293376634887344128,CURDATE(),1293376634887344128,CURDATE(),1);
INSERT INTO `zz_sys_perm_code` VALUES(1293442766797279232,1293441136077049856,'formEditCourse:formEditCourse:update',2,'保存',10,1293376634887344128,CURDATE(),1293376634887344128,CURDATE(),1);
INSERT INTO `zz_sys_perm_code` VALUES(1471382975990993051,1471382975990993048,'formSysDict:fragmentSysDict:delete',2,'删除',3,1293376634887344128,CURDATE(),1293376634887344128,CURDATE(),1);
INSERT INTO `zz_sys_perm_code` VALUES(1293475157104398336,NULL,'formStudentActionDetail',0,'学生行为详情',80,1293376634887344128,CURDATE(),1293376634887344128,CURDATE(),1);
INSERT INTO `zz_sys_perm_code` VALUES(1317449931765583872,1317447995897155584,'formClass:formClass:formSetClassCourse',2,'设置班级课程',0,1293376634887344128,CURDATE(),1293376634887344128,CURDATE(),1);
INSERT INTO `zz_sys_perm_code` VALUES(1293444441515757568,1293440813111447552,'formCourse:formCourse:formEditCourse',2,'编辑',10,1293376634887344128,CURDATE(),1293376634887344128,CURDATE(),1);
INSERT INTO `zz_sys_perm_code` VALUES(1317450579131240448,1317447995897155584,'formClass:formClass:delete',2,'删除',20,1293376634887344128,CURDATE(),1293376634887344128,CURDATE(),1);
INSERT INTO `zz_sys_perm_code` VALUES(1310161223228067840,NULL,'formEditClassCourseOrder',0,'编辑课程顺序',110,1293376634887344128,CURDATE(),1293376634887344128,CURDATE(),1);
INSERT INTO `zz_sys_perm_code` VALUES(1471382975995187241,NULL,'formSysDept',0,'部门管理',10100,1293376634887344128,CURDATE(),1293376634887344128,CURDATE(),1);
INSERT INTO `zz_sys_perm_code` VALUES(1293429267132059648,NULL,'formCreateStudent',0,'新建学生',10,1293376634887344128,CURDATE(),1293376634887344128,CURDATE(),1);
INSERT INTO `zz_sys_perm_code` VALUES(1293434543608434688,1293429656879370240,'formEditStudent:formEditStudent:update',2,'保存',10,1293376634887344128,CURDATE(),1293376634887344128,CURDATE(),1);
INSERT INTO `zz_sys_perm_code` VALUES(1471382975990993052,1471382975990993048,'formSysDict:fragmentSysDict:reloadCache',2,'同步缓存',4,1293376634887344128,CURDATE(),1293376634887344128,CURDATE(),1);
INSERT INTO `zz_sys_perm_code` VALUES(1471382975990993019,1471382975990993018,'formSysPermCode:fragmentSysPermCode:add',2,'新增',1,1293376634887344128,CURDATE(),1293376634887344128,CURDATE(),1);
INSERT INTO `zz_sys_perm_code` VALUES(1471382975990993039,1471382975990993033,'formSysPerm:fragmentSysPerm:deletePerm',2,'删除权限',6,1293376634887344128,CURDATE(),1293376634887344128,CURDATE(),1);
INSERT INTO `zz_sys_perm_code` VALUES(1471382975995187245,1471382975995187242,'formSysDept:fragmentSysDept:delete',2,'删除',3,1293376634887344128,CURDATE(),1293376634887344128,CURDATE(),1);
INSERT INTO `zz_sys_perm_code` VALUES(1293478468947808256,1293473829204529152,'formStudentActionStats:formStudentActionStats:formWatchVideoDetail',2,'学生行为详情',60,1293376634887344128,CURDATE(),1293376634887344128,CURDATE(),1);
INSERT INTO `zz_sys_perm_code` VALUES(1317450267221823488,1317447995897155584,'formClass:formClass:formEditClassCourseOrder',2,'课程顺序',40,1293376634887344128,CURDATE(),1293376634887344128,CURDATE(),1);
INSERT INTO `zz_sys_perm_code` VALUES(1471382975990992991,1471382975990992990,'formSysRole:fragmentSysRole',1,'角色管理',1,1293376634887344128,CURDATE(),1293376634887344128,CURDATE(),1);
INSERT INTO `zz_sys_perm_code` VALUES(1471382975990993038,1471382975990993033,'formSysPerm:fragmentSysPerm:updatePerm',2,'编辑权限',5,1293376634887344128,CURDATE(),1293376634887344128,CURDATE(),1);
INSERT INTO `zz_sys_perm_code` VALUES(1471382975995187213,1471382975995187212,'formSysLoginUser:fragmentLoginUser:delete',2,'强制下线',1,1293376634887344128,CURDATE(),1293376634887344128,CURDATE(),1);
INSERT INTO `zz_sys_perm_code` VALUES(1471382975990992973,1471382975990992972,'formSysUser:fragmentSysUser',1,'用户管理',1,1293376634887344128,CURDATE(),1293376634887344128,CURDATE(),1);
INSERT INTO `zz_sys_perm_code` VALUES(1310167373478629376,1310160774848581632,'formEditClass:formEditClass:update',2,'保存',10,1293376634887344128,CURDATE(),1293376634887344128,CURDATE(),1);
INSERT INTO `zz_sys_perm_code` VALUES(1293444386415185920,1293440813111447552,'formCourse:formCourse:formCreateCourse',2,'新建',0,1293376634887344128,CURDATE(),1293376634887344128,CURDATE(),1);
INSERT INTO `zz_sys_perm_code` VALUES(1471382975990993009,1471382975990993006,'formSysMenu:fragmentSysMenu:delete',2,'删除',3,1293376634887344128,CURDATE(),1293376634887344128,CURDATE(),1);
INSERT INTO `zz_sys_perm_code` VALUES(1471382975990992998,1471382975990992992,'formSysRole:fragmentSysRoleUser:deleteUserRole',2,'移除用户',2,1293376634887344128,CURDATE(),1293376634887344128,CURDATE(),1);
INSERT INTO `zz_sys_perm_code` VALUES(1293434467691532288,1293429656879370240,'formEditStudent:formEditStudent:cancel',2,'取消',0,1293376634887344128,CURDATE(),1293376634887344128,CURDATE(),1);
INSERT INTO `zz_sys_perm_code` VALUES(1293442667975282688,1293441136077049856,'formEditCourse:formEditCourse:cancel',2,'取消',0,1293376634887344128,CURDATE(),1293376634887344128,CURDATE(),1);
INSERT INTO `zz_sys_perm_code` VALUES(1293440813111447552,1293440813098864640,'formCourse:formCourse',1,'课程管理',0,1293376634887344128,CURDATE(),1293376634887344128,CURDATE(),1);
INSERT INTO `zz_sys_perm_code` VALUES(1293477898908340224,1293473829204529152,'formStudentActionStats:formStudentActionStats:formBuyPaperDetail',2,'学生行为详情',30,1293376634887344128,CURDATE(),1293376634887344128,CURDATE(),1);
INSERT INTO `zz_sys_perm_code` VALUES(1293473829204529152,1293473829191946240,'formStudentActionStats:formStudentActionStats',1,'学生行为统计',0,1293376634887344128,CURDATE(),1293376634887344128,CURDATE(),1);
INSERT INTO `zz_sys_perm_code` VALUES(1310160774848581632,1310160774819221504,'formEditClass:formEditClass',1,'编辑班级',0,1293376634887344128,CURDATE(),1293376634887344128,CURDATE(),1);
INSERT INTO `zz_sys_perm_code` VALUES(1293478093347885056,1293473829204529152,'formStudentActionStats:formStudentActionStats:formBuyCoinDetail',2,'学生行为详情',40,1293376634887344128,CURDATE(),1293376634887344128,CURDATE(),1);
INSERT INTO `zz_sys_perm_code` VALUES(1471382975990992976,1471382975990992973,'formSysUser:fragmentSysUser:delete',2,'删除',3,1293376634887344128,CURDATE(),1293376634887344128,CURDATE(),1);
INSERT INTO `zz_sys_perm_code` VALUES(1471382975990993006,1471382975990993005,'formSysMenu:fragmentSysMenu',1,'菜单管理',1,1293376634887344128,CURDATE(),1293376634887344128,CURDATE(),1);
INSERT INTO `zz_sys_perm_code` VALUES(1471382975990993050,1471382975990993048,'formSysDict:fragmentSysDict:update',2,'编辑',2,1293376634887344128,CURDATE(),1293376634887344128,CURDATE(),1);
INSERT INTO `zz_sys_perm_code` VALUES(1293440523041771520,1293429171069915136,'formStudent:formStudent:delete',2,'删除',20,1293376634887344128,CURDATE(),1293376634887344128,CURDATE(),1);
INSERT INTO `zz_sys_perm_code` VALUES(1471382975990993033,1471382975990993032,'formSysPerm:fragmentSysPerm',1,'权限管理',1,1293376634887344128,CURDATE(),1293376634887344128,CURDATE(),1);
INSERT INTO `zz_sys_perm_code` VALUES(1471382975995187243,1471382975995187242,'formSysDept:fragmentSysDept:add',2,'新增',1,1293376634887344128,CURDATE(),1293376634887344128,CURDATE(),1);
INSERT INTO `zz_sys_perm_code` VALUES(1471382975990992992,1471382975990992990,'formSysRole:fragmentSysRoleUser',1,'用户授权',2,1293376634887344128,CURDATE(),1293376634887344128,CURDATE(),1);
INSERT INTO `zz_sys_perm_code` VALUES(1471382975990992993,1471382975990992991,'formSysRole:fragmentSysRole:add',2,'新增',1,1293376634887344128,CURDATE(),1293376634887344128,CURDATE(),1);
INSERT INTO `zz_sys_perm_code` VALUES(1471382975995187228,NULL,'formSysDataPerm',0,'数据权限管理',10400,1293376634887344128,CURDATE(),1293376634887344128,CURDATE(),1);
INSERT INTO `zz_sys_perm_code` VALUES(1471382975990992994,1471382975990992991,'formSysRole:fragmentSysRole:update',2,'编辑',2,1293376634887344128,CURDATE(),1293376634887344128,CURDATE(),1);
INSERT INTO `zz_sys_perm_code` VALUES(1293436524536270848,1293429267153031168,'formCreateStudent:formCreateStudent:add',2,'新增',10,1293376634887344128,CURDATE(),1293376634887344128,CURDATE(),1);
INSERT INTO `zz_sys_perm_code` VALUES(1317450488903372800,1317447995897155584,'formClass:formClass:formEditClass',2,'编辑',10,1293376634887344128,CURDATE(),1293376634887344128,CURDATE(),1);
INSERT INTO `zz_sys_perm_code` VALUES(1471382975995187217,1471382975995187216,'formSysOperationLog:fragmentSysOperationLog',1,'操作日志',1,1293376634887344128,CURDATE(),1293376634887344128,CURDATE(),1);
INSERT INTO `zz_sys_perm_code` VALUES(1317449997456773120,1317447995897155584,'formClass:formClass:formSetClassStudent',2,'设置班级学生',60,1293376634887344128,CURDATE(),1293376634887344128,CURDATE(),1);
INSERT INTO `zz_sys_perm_code` VALUES(1293473829191946240,NULL,'formStudentActionStats',0,'学生行为统计',70,1293376634887344128,CURDATE(),1293376634887344128,CURDATE(),1);
COMMIT;

-- ----------------------------
-- 全部权限资源模块数据
-- ----------------------------
BEGIN;
INSERT INTO `zz_sys_perm_module` VALUES(1293376634933481473,NULL,'缺省分组',0,3,1293376634887344128,CURDATE(),1293376634887344128,CURDATE(),1);
INSERT INTO `zz_sys_perm_module` VALUES(1293376634933481472,NULL,'系统配置',0,2,1293376634887344128,CURDATE(),1293376634887344128,CURDATE(),1);
INSERT INTO `zz_sys_perm_module` VALUES(1293376634891538435,NULL,'用户权限',0,1,1293376634887344128,CURDATE(),1293376634887344128,CURDATE(),1);
INSERT INTO `zz_sys_perm_module` VALUES(1293397261417451520,1293376634933481473,'课程数据',1,0,1293376634887344128,CURDATE(),1293376634887344128,CURDATE(),1);
INSERT INTO `zz_sys_perm_module` VALUES(1293396976871673856,1293376634933481473,'学生数据',1,5,1293376634887344128,CURDATE(),1293376634887344128,CURDATE(),1);
INSERT INTO `zz_sys_perm_module` VALUES(1450780378422841344,1293376634891538435,'部门管理',1,0,1293376634887344128,CURDATE(),1293376634887344128,CURDATE(),1);
INSERT INTO `zz_sys_perm_module` VALUES(1293376635289997312,1293376634891538435,'用户管理',1,5,1293376634887344128,CURDATE(),1293376634887344128,CURDATE(),1);
INSERT INTO `zz_sys_perm_module` VALUES(1293397319412092928,1293376634933481473,'班级数据',1,10,1293376634887344128,CURDATE(),1293376634887344128,CURDATE(),1);
INSERT INTO `zz_sys_perm_module` VALUES(1293423774284124160,1293376634933481473,'课程统计',1,15,1293376634887344128,CURDATE(),1293376634887344128,CURDATE(),1);
INSERT INTO `zz_sys_perm_module` VALUES(1293423954643390464,1293376634933481473,'学生行为统计',1,20,1293376634887344128,CURDATE(),1293376634887344128,CURDATE(),1);
INSERT INTO `zz_sys_perm_module` VALUES(1293424012109549568,1293376634933481473,'学生行为流水',1,25,1293376634887344128,CURDATE(),1293376634887344128,CURDATE(),1);
INSERT INTO `zz_sys_perm_module` VALUES(1471382975978410060,1293376634891538435,'角色管理',1,10,1293376634887344128,CURDATE(),1293376634887344128,CURDATE(),1);
INSERT INTO `zz_sys_perm_module` VALUES(1471382975978410072,1293376634891538435,'数据权限管理',1,15,1293376634887344128,CURDATE(),1293376634887344128,CURDATE(),1);
INSERT INTO `zz_sys_perm_module` VALUES(1471382975978410082,1293376634891538435,'菜单管理',1,20,1293376634887344128,CURDATE(),1293376634887344128,CURDATE(),1);
INSERT INTO `zz_sys_perm_module` VALUES(1471382975978410090,1293376634891538435,'权限字管理',1,25,1293376634887344128,CURDATE(),1293376634887344128,CURDATE(),1);
INSERT INTO `zz_sys_perm_module` VALUES(1471382975978410098,1293376634891538435,'权限模块管理',1,30,1293376634887344128,CURDATE(),1293376634887344128,CURDATE(),1);
INSERT INTO `zz_sys_perm_module` VALUES(1471382975978410104,1293376634891538435,'权限资源管理',1,35,1293376634887344128,CURDATE(),1293376634887344128,CURDATE(),1);
INSERT INTO `zz_sys_perm_module` VALUES(1471382975978410113,1293376634933481472,'字典管理',0,0,1293376634887344128,CURDATE(),1293376634887344128,CURDATE(),1);
INSERT INTO `zz_sys_perm_module` VALUES(1293378124750262272,1471382975978410113,'行政区划',1,1,1293376634887344128,CURDATE(),1293376634887344128,CURDATE(),1);
INSERT INTO `zz_sys_perm_module` VALUES(1293378929620422656,1471382975978410113,'年级',1,2,1293376634887344128,CURDATE(),1293376634887344128,CURDATE(),1);
INSERT INTO `zz_sys_perm_module` VALUES(1471382975978410124,1293376634933481472,'操作日志',1,5,1293376634887344128,CURDATE(),1293376634887344128,CURDATE(),1);
INSERT INTO `zz_sys_perm_module` VALUES(1471382975978410126,1293376634933481472,'在线用户',1,10,1293376634887344128,CURDATE(),1293376634887344128,CURDATE(),1);
COMMIT;

-- ----------------------------
-- 全部权限资源数据
-- ----------------------------
BEGIN;
INSERT INTO `zz_sys_perm` VALUES(1293397261434228736,1293397261417451520,'新增','/admin/CourseClass/course/add',1,1293376634887344128,CURDATE(),1293376634887344128,CURDATE(),1);
INSERT INTO `zz_sys_perm` VALUES(1293397261434228748,1293397261417451520,'编辑','/admin/CourseClass/course/update',2,1293376634887344128,CURDATE(),1293376634887344128,CURDATE(),1);
INSERT INTO `zz_sys_perm` VALUES(1293397261434228761,1293397261417451520,'删除','/admin/CourseClass/course/delete',3,1293376634887344128,CURDATE(),1293376634887344128,CURDATE(),1);
INSERT INTO `zz_sys_perm` VALUES(1293397261451005952,1293397261417451520,'显示列表','/admin/CourseClass/course/list',4,1293376634887344128,CURDATE(),1293376634887344128,CURDATE(),1);
INSERT INTO `zz_sys_perm` VALUES(1293397261451005960,1293397261417451520,'导出','/admin/CourseClass/course/export',5,1293376634887344128,CURDATE(),1293376634887344128,CURDATE(),1);
INSERT INTO `zz_sys_perm` VALUES(1293397261451005968,1293397261417451520,'详情','/admin/CourseClass/course/view',6,1293376634887344128,CURDATE(),1293376634887344128,CURDATE(),1);
INSERT INTO `zz_sys_perm` VALUES(1293397261451005970,1293397261417451520,'打印','/admin/CourseClass/course/print',7,1293376634887344128,CURDATE(),1293376634887344128,CURDATE(),1);
INSERT INTO `zz_sys_perm` VALUES(1293378861102272520,1293397261417451520,'课程数据文件上传','/admin/CourseClass/course/upload',8,1293376634887344128,CURDATE(),1293376634887344128,CURDATE(),1);
INSERT INTO `zz_sys_perm` VALUES(1293376760750018568,1293397261417451520,'课程数据文件下载','/admin/CourseClass/course/download',9,1293376634887344128,CURDATE(),1293376634887344128,CURDATE(),1);
INSERT INTO `zz_sys_perm` VALUES(1293396976896839680,1293396976871673856,'新增','/admin/CourseClass/student/add',1,1293376634887344128,CURDATE(),1293376634887344128,CURDATE(),1);
INSERT INTO `zz_sys_perm` VALUES(1293396976896839695,1293396976871673856,'编辑','/admin/CourseClass/student/update',2,1293376634887344128,CURDATE(),1293376634887344128,CURDATE(),1);
INSERT INTO `zz_sys_perm` VALUES(1293396976896839711,1293396976871673856,'删除','/admin/CourseClass/student/delete',3,1293376634887344128,CURDATE(),1293376634887344128,CURDATE(),1);
INSERT INTO `zz_sys_perm` VALUES(1293396976913616896,1293396976871673856,'显示列表','/admin/CourseClass/student/list',4,1293376634887344128,CURDATE(),1293376634887344128,CURDATE(),1);
INSERT INTO `zz_sys_perm` VALUES(1293396976913616905,1293396976871673856,'导出','/admin/CourseClass/student/export',5,1293376634887344128,CURDATE(),1293376634887344128,CURDATE(),1);
INSERT INTO `zz_sys_perm` VALUES(1293396976913616914,1293396976871673856,'详情','/admin/CourseClass/student/view',6,1293376634887344128,CURDATE(),1293376634887344128,CURDATE(),1);
INSERT INTO `zz_sys_perm` VALUES(1293396976913616916,1293396976871673856,'打印','/admin/CourseClass/student/print',7,1293376634887344128,CURDATE(),1293376634887344128,CURDATE(),1);
INSERT INTO `zz_sys_perm` VALUES(1450780378443812864,1450780378422841344,'新增','/admin/upms/sysDept/add',1,1293376634887344128,CURDATE(),1293376634887344128,CURDATE(),1);
INSERT INTO `zz_sys_perm` VALUES(1450780378443812873,1450780378422841344,'编辑','/admin/upms/sysDept/update',2,1293376634887344128,CURDATE(),1293376634887344128,CURDATE(),1);
INSERT INTO `zz_sys_perm` VALUES(1450780378443812883,1450780378422841344,'删除','/admin/upms/sysDept/delete',3,1293376634887344128,CURDATE(),1293376634887344128,CURDATE(),1);
INSERT INTO `zz_sys_perm` VALUES(1450780378510921728,1450780378422841344,'显示列表','/admin/upms/sysDept/list',4,1293376634887344128,CURDATE(),1293376634887344128,CURDATE(),1);
INSERT INTO `zz_sys_perm` VALUES(1450780378510921731,1450780378422841344,'导出','/admin/upms/sysDept/export',5,1293376634887344128,CURDATE(),1293376634887344128,CURDATE(),1);
INSERT INTO `zz_sys_perm` VALUES(1450780378510921734,1450780378422841344,'详情','/admin/upms/sysDept/view',6,1293376634887344128,CURDATE(),1293376634887344128,CURDATE(),1);
INSERT INTO `zz_sys_perm` VALUES(1450780378510921736,1450780378422841344,'打印','/admin/upms/sysDept/print',7,1293376634887344128,CURDATE(),1293376634887344128,CURDATE(),1);
INSERT INTO `zz_sys_perm` VALUES(1293376635331940352,1293376635289997312,'新增','/admin/upms/sysUser/add',1,1293376634887344128,CURDATE(),1293376634887344128,CURDATE(),1);
INSERT INTO `zz_sys_perm` VALUES(1293376635331940365,1293376635289997312,'编辑','/admin/upms/sysUser/update',2,1293376634887344128,CURDATE(),1293376634887344128,CURDATE(),1);
INSERT INTO `zz_sys_perm` VALUES(1293376635331940379,1293376635289997312,'删除','/admin/upms/sysUser/delete',3,1293376634887344128,CURDATE(),1293376634887344128,CURDATE(),1);
INSERT INTO `zz_sys_perm` VALUES(1293376635357106176,1293376635289997312,'显示列表','/admin/upms/sysUser/list',4,1293376634887344128,CURDATE(),1293376634887344128,CURDATE(),1);
INSERT INTO `zz_sys_perm` VALUES(1293376635357106182,1293376635289997312,'导出','/admin/upms/sysUser/export',5,1293376634887344128,CURDATE(),1293376634887344128,CURDATE(),1);
INSERT INTO `zz_sys_perm` VALUES(1293376635357106188,1293376635289997312,'详情','/admin/upms/sysUser/view',6,1293376634887344128,CURDATE(),1293376634887344128,CURDATE(),1);
INSERT INTO `zz_sys_perm` VALUES(1293376635357106190,1293376635289997312,'打印','/admin/upms/sysUser/print',7,1293376634887344128,CURDATE(),1293376634887344128,CURDATE(),1);
INSERT INTO `zz_sys_perm` VALUES(1293376635373883392,1293376635289997312,'重置密码','/admin/upms/sysUser/resetPassword',8,1293376634887344128,CURDATE(),1293376634887344128,CURDATE(),1);
INSERT INTO `zz_sys_perm` VALUES(1471382975978410019,1293376635289997312,'用户权限资源分配详情','/admin/upms/sysUser/listSysPermWithDetail',9,1293376634887344128,CURDATE(),1293376634887344128,CURDATE(),1);
INSERT INTO `zz_sys_perm` VALUES(1471382975978410020,1293376635289997312,'用户权限字分配详情','/admin/upms/sysUser/listSysPermCodeWithDetail',10,1293376634887344128,CURDATE(),1293376634887344128,CURDATE(),1);
INSERT INTO `zz_sys_perm` VALUES(1471382975978410021,1293376635289997312,'用户菜单分配详情','/admin/upms/sysUser/listSysMenuWithDetail',11,1293376634887344128,CURDATE(),1293376634887344128,CURDATE(),1);
INSERT INTO `zz_sys_perm` VALUES(1293397319433064448,1293397319412092928,'新增','/admin/CourseClass/studentClass/add',1,1293376634887344128,CURDATE(),1293376634887344128,CURDATE(),1);
INSERT INTO `zz_sys_perm` VALUES(1293397319433064457,1293397319412092928,'编辑','/admin/CourseClass/studentClass/update',2,1293376634887344128,CURDATE(),1293376634887344128,CURDATE(),1);
INSERT INTO `zz_sys_perm` VALUES(1293397319433064467,1293397319412092928,'删除','/admin/CourseClass/studentClass/delete',3,1293376634887344128,CURDATE(),1293376634887344128,CURDATE(),1);
INSERT INTO `zz_sys_perm` VALUES(1293397319449841664,1293397319412092928,'显示列表','/admin/CourseClass/studentClass/list',4,1293376634887344128,CURDATE(),1293376634887344128,CURDATE(),1);
INSERT INTO `zz_sys_perm` VALUES(1293397319449841668,1293397319412092928,'导出','/admin/CourseClass/studentClass/export',5,1293376634887344128,CURDATE(),1293376634887344128,CURDATE(),1);
INSERT INTO `zz_sys_perm` VALUES(1293397319449841672,1293397319412092928,'详情','/admin/CourseClass/studentClass/view',6,1293376634887344128,CURDATE(),1293376634887344128,CURDATE(),1);
INSERT INTO `zz_sys_perm` VALUES(1293397319449841674,1293397319412092928,'打印','/admin/CourseClass/studentClass/print',7,1293376634887344128,CURDATE(),1293376634887344128,CURDATE(),1);
INSERT INTO `zz_sys_perm` VALUES(1310160460917510144,1293397319412092928,'新增班级课程','/admin/CourseClass/studentClass/addClassCourse',8,1293376634887344128,CURDATE(),1293376634887344128,CURDATE(),1);
INSERT INTO `zz_sys_perm` VALUES(1310160460917510147,1293397319412092928,'详情班级课程','/admin/CourseClass/studentClass/viewClassCourse',9,1293376634887344128,CURDATE(),1293376634887344128,CURDATE(),1);
INSERT INTO `zz_sys_perm` VALUES(1310160460917510150,1293397319412092928,'编辑班级课程','/admin/CourseClass/studentClass/updateClassCourse',10,1293376634887344128,CURDATE(),1293376634887344128,CURDATE(),1);
INSERT INTO `zz_sys_perm` VALUES(1310160460917510154,1293397319412092928,'移除班级课程','/admin/CourseClass/studentClass/deleteClassCourse',11,1293376634887344128,CURDATE(),1293376634887344128,CURDATE(),1);
INSERT INTO `zz_sys_perm` VALUES(1310160460917510157,1293397319412092928,'班级课程列表','/admin/CourseClass/studentClass/listClassCourse',12,1293376634887344128,CURDATE(),1293376634887344128,CURDATE(),1);
INSERT INTO `zz_sys_perm` VALUES(1310160460917510166,1293397319412092928,'班级课程未关联列表','/admin/CourseClass/studentClass/listNotInClassCourse',13,1293376634887344128,CURDATE(),1293376634887344128,CURDATE(),1);
INSERT INTO `zz_sys_perm` VALUES(1310160477766029312,1293397319412092928,'新增班级学生','/admin/CourseClass/studentClass/addClassStudent',14,1293376634887344128,CURDATE(),1293376634887344128,CURDATE(),1);
INSERT INTO `zz_sys_perm` VALUES(1310160477766029321,1293397319412092928,'移除班级学生','/admin/CourseClass/studentClass/deleteClassStudent',15,1293376634887344128,CURDATE(),1293376634887344128,CURDATE(),1);
INSERT INTO `zz_sys_perm` VALUES(1310160477766029324,1293397319412092928,'班级学生列表','/admin/CourseClass/studentClass/listClassStudent',16,1293376634887344128,CURDATE(),1293376634887344128,CURDATE(),1);
INSERT INTO `zz_sys_perm` VALUES(1310160477766029335,1293397319412092928,'班级学生未关联列表','/admin/CourseClass/studentClass/listNotInClassStudent',17,1293376634887344128,CURDATE(),1293376634887344128,CURDATE(),1);
INSERT INTO `zz_sys_perm` VALUES(1293423774305095680,1293423774284124160,'分组列表','/admin/stats/courseTransStats/listWithGroup',1,1293376634887344128,CURDATE(),1293376634887344128,CURDATE(),1);
INSERT INTO `zz_sys_perm` VALUES(1293423774330261504,1293423774284124160,'显示列表','/admin/stats/courseTransStats/list',2,1293376634887344128,CURDATE(),1293376634887344128,CURDATE(),1);
INSERT INTO `zz_sys_perm` VALUES(1293423774330261508,1293423774284124160,'导出','/admin/stats/courseTransStats/export',3,1293376634887344128,CURDATE(),1293376634887344128,CURDATE(),1);
INSERT INTO `zz_sys_perm` VALUES(1293423774330261512,1293423774284124160,'详情','/admin/stats/courseTransStats/view',4,1293376634887344128,CURDATE(),1293376634887344128,CURDATE(),1);
INSERT INTO `zz_sys_perm` VALUES(1293423774330261514,1293423774284124160,'打印','/admin/stats/courseTransStats/print',5,1293376634887344128,CURDATE(),1293376634887344128,CURDATE(),1);
INSERT INTO `zz_sys_perm` VALUES(1293423954664361984,1293423954643390464,'分组列表','/admin/stats/studentActionStats/listWithGroup',1,1293376634887344128,CURDATE(),1293376634887344128,CURDATE(),1);
INSERT INTO `zz_sys_perm` VALUES(1293423954676944896,1293423954643390464,'显示列表','/admin/stats/studentActionStats/list',2,1293376634887344128,CURDATE(),1293376634887344128,CURDATE(),1);
INSERT INTO `zz_sys_perm` VALUES(1293423954676944901,1293423954643390464,'导出','/admin/stats/studentActionStats/export',3,1293376634887344128,CURDATE(),1293376634887344128,CURDATE(),1);
INSERT INTO `zz_sys_perm` VALUES(1293423954676944906,1293423954643390464,'详情','/admin/stats/studentActionStats/view',4,1293376634887344128,CURDATE(),1293376634887344128,CURDATE(),1);
INSERT INTO `zz_sys_perm` VALUES(1293423954676944908,1293423954643390464,'打印','/admin/stats/studentActionStats/print',5,1293376634887344128,CURDATE(),1293376634887344128,CURDATE(),1);
INSERT INTO `zz_sys_perm` VALUES(1293424012126326784,1293424012109549568,'新增','/admin/stats/studentActionTrans/add',1,1293376634887344128,CURDATE(),1293376634887344128,CURDATE(),1);
INSERT INTO `zz_sys_perm` VALUES(1293424012126326799,1293424012109549568,'编辑','/admin/stats/studentActionTrans/update',2,1293376634887344128,CURDATE(),1293376634887344128,CURDATE(),1);
INSERT INTO `zz_sys_perm` VALUES(1293424012126326815,1293424012109549568,'删除','/admin/stats/studentActionTrans/delete',3,1293376634887344128,CURDATE(),1293376634887344128,CURDATE(),1);
INSERT INTO `zz_sys_perm` VALUES(1293424012151492608,1293424012109549568,'显示列表','/admin/stats/studentActionTrans/list',4,1293376634887344128,CURDATE(),1293376634887344128,CURDATE(),1);
INSERT INTO `zz_sys_perm` VALUES(1293424012151492614,1293424012109549568,'导出','/admin/stats/studentActionTrans/export',5,1293376634887344128,CURDATE(),1293376634887344128,CURDATE(),1);
INSERT INTO `zz_sys_perm` VALUES(1293424012151492620,1293424012109549568,'详情','/admin/stats/studentActionTrans/view',6,1293376634887344128,CURDATE(),1293376634887344128,CURDATE(),1);
INSERT INTO `zz_sys_perm` VALUES(1293424012151492622,1293424012109549568,'打印','/admin/stats/studentActionTrans/print',7,1293376634887344128,CURDATE(),1293376634887344128,CURDATE(),1);
INSERT INTO `zz_sys_perm` VALUES(1471382975978410061,1471382975978410060,'新增','/admin/upms/sysRole/add',1,1293376634887344128,CURDATE(),1293376634887344128,CURDATE(),1);
INSERT INTO `zz_sys_perm` VALUES(1471382975978410062,1471382975978410060,'编辑','/admin/upms/sysRole/update',2,1293376634887344128,CURDATE(),1293376634887344128,CURDATE(),1);
INSERT INTO `zz_sys_perm` VALUES(1471382975978410063,1471382975978410060,'删除','/admin/upms/sysRole/delete',3,1293376634887344128,CURDATE(),1293376634887344128,CURDATE(),1);
INSERT INTO `zz_sys_perm` VALUES(1471382975978410064,1471382975978410060,'显示列表','/admin/upms/sysRole/list',4,1293376634887344128,CURDATE(),1293376634887344128,CURDATE(),1);
INSERT INTO `zz_sys_perm` VALUES(1471382975978410065,1471382975978410060,'详情','/admin/upms/sysRole/view',5,1293376634887344128,CURDATE(),1293376634887344128,CURDATE(),1);
INSERT INTO `zz_sys_perm` VALUES(1471382975978410066,1471382975978410060,'授权用户','/admin/upms/sysRole/addUserRole',6,1293376634887344128,CURDATE(),1293376634887344128,CURDATE(),1);
INSERT INTO `zz_sys_perm` VALUES(1471382975978410067,1471382975978410060,'移除用户','/admin/upms/sysRole/deleteUserRole',7,1293376634887344128,CURDATE(),1293376634887344128,CURDATE(),1);
INSERT INTO `zz_sys_perm` VALUES(1471382975978410068,1471382975978410060,'角色用户列表','/admin/upms/sysRole/listUserRole',8,1293376634887344128,CURDATE(),1293376634887344128,CURDATE(),1);
INSERT INTO `zz_sys_perm` VALUES(1471382975978410069,1471382975978410060,'角色未添加用户列表','/admin/upms/sysRole/listNotInUserRole',9,1293376634887344128,CURDATE(),1293376634887344128,CURDATE(),1);
INSERT INTO `zz_sys_perm` VALUES(1471382975978410070,1471382975978410060,'角色权限资源分配详情','/admin/upms/sysRole/listSysPermWithDetail',10,1293376634887344128,CURDATE(),1293376634887344128,CURDATE(),1);
INSERT INTO `zz_sys_perm` VALUES(1471382975978410071,1471382975978410060,'角色权限字分配详情','/admin/upms/sysRole/listSysPermCodeWithDetail',11,1293376634887344128,CURDATE(),1293376634887344128,CURDATE(),1);
INSERT INTO `zz_sys_perm` VALUES(1471382975978410073,1471382975978410072,'新增','/admin/upms/sysDataPerm/add',1,1293376634887344128,CURDATE(),1293376634887344128,CURDATE(),1);
INSERT INTO `zz_sys_perm` VALUES(1471382975978410074,1471382975978410072,'编辑','/admin/upms/sysDataPerm/update',2,1293376634887344128,CURDATE(),1293376634887344128,CURDATE(),1);
INSERT INTO `zz_sys_perm` VALUES(1471382975978410075,1471382975978410072,'删除','/admin/upms/sysDataPerm/delete',3,1293376634887344128,CURDATE(),1293376634887344128,CURDATE(),1);
INSERT INTO `zz_sys_perm` VALUES(1471382975978410076,1471382975978410072,'显示列表','/admin/upms/sysDataPerm/list',4,1293376634887344128,CURDATE(),1293376634887344128,CURDATE(),1);
INSERT INTO `zz_sys_perm` VALUES(1471382975978410077,1471382975978410072,'详情','/admin/upms/sysDataPerm/view',5,1293376634887344128,CURDATE(),1293376634887344128,CURDATE(),1);
INSERT INTO `zz_sys_perm` VALUES(1471382975978410078,1471382975978410072,'授权用户','/admin/upms/sysDataPerm/addDataPermUser',5,1293376634887344128,CURDATE(),1293376634887344128,CURDATE(),1);
INSERT INTO `zz_sys_perm` VALUES(1471382975978410079,1471382975978410072,'移除用户','/admin/upms/sysDataPerm/deleteDataPermUser',6,1293376634887344128,CURDATE(),1293376634887344128,CURDATE(),1);
INSERT INTO `zz_sys_perm` VALUES(1471382975978410080,1471382975978410072,'数据权限用户列表','/admin/upms/sysDataPerm/listDataPermUser',7,1293376634887344128,CURDATE(),1293376634887344128,CURDATE(),1);
INSERT INTO `zz_sys_perm` VALUES(1471382975978410081,1471382975978410072,'数据权限未添加用户列表','/admin/upms/sysDataPerm/listNotInDataPermUser',8,1293376634887344128,CURDATE(),1293376634887344128,CURDATE(),1);
INSERT INTO `zz_sys_perm` VALUES(1471382975978410083,1471382975978410082,'新增','/admin/upms/sysMenu/add',1,1293376634887344128,CURDATE(),1293376634887344128,CURDATE(),1);
INSERT INTO `zz_sys_perm` VALUES(1471382975978410084,1471382975978410082,'删除','/admin/upms/sysMenu/delete',2,1293376634887344128,CURDATE(),1293376634887344128,CURDATE(),1);
INSERT INTO `zz_sys_perm` VALUES(1471382975978410085,1471382975978410082,'编辑','/admin/upms/sysMenu/update',3,1293376634887344128,CURDATE(),1293376634887344128,CURDATE(),1);
INSERT INTO `zz_sys_perm` VALUES(1471382975978410086,1471382975978410082,'显示列表','/admin/upms/sysMenu/list',4,1293376634887344128,CURDATE(),1293376634887344128,CURDATE(),1);
INSERT INTO `zz_sys_perm` VALUES(1471382975978410087,1471382975978410082,'详情','/admin/upms/sysMenu/view',5,1293376634887344128,CURDATE(),1293376634887344128,CURDATE(),1);
INSERT INTO `zz_sys_perm` VALUES(1471382975978410088,1471382975978410082,'菜单权限资源分配详情','/admin/upms/sysMenu/listSysPermWithDetail',6,1293376634887344128,CURDATE(),1293376634887344128,CURDATE(),1);
INSERT INTO `zz_sys_perm` VALUES(1471382975978410089,1471382975978410082,'菜单用户分配详情','/admin/upms/sysMenu/listSysUserWithDetail',7,1293376634887344128,CURDATE(),1293376634887344128,CURDATE(),1);
INSERT INTO `zz_sys_perm` VALUES(1471382975978410091,1471382975978410090,'新增','/admin/upms/sysPermCode/add',1,1293376634887344128,CURDATE(),1293376634887344128,CURDATE(),1);
INSERT INTO `zz_sys_perm` VALUES(1471382975978410092,1471382975978410090,'编辑','/admin/upms/sysPermCode/update',2,1293376634887344128,CURDATE(),1293376634887344128,CURDATE(),1);
INSERT INTO `zz_sys_perm` VALUES(1471382975978410093,1471382975978410090,'删除','/admin/upms/sysPermCode/delete',3,1293376634887344128,CURDATE(),1293376634887344128,CURDATE(),1);
INSERT INTO `zz_sys_perm` VALUES(1471382975978410094,1471382975978410090,'显示列表','/admin/upms/sysPermCode/list',4,1293376634887344128,CURDATE(),1293376634887344128,CURDATE(),1);
INSERT INTO `zz_sys_perm` VALUES(1471382975978410095,1471382975978410090,'详情','/admin/upms/sysPermCode/view',5,1293376634887344128,CURDATE(),1293376634887344128,CURDATE(),1);
INSERT INTO `zz_sys_perm` VALUES(1471382975978410096,1471382975978410090,'权限字用户分配详情','/admin/upms/sysPermCode/listSysUserWithDetail',6,1293376634887344128,CURDATE(),1293376634887344128,CURDATE(),1);
INSERT INTO `zz_sys_perm` VALUES(1471382975978410097,1471382975978410090,'权限字角色分配详情','/admin/upms/sysPermCode/listSysRoleWithDetail',7,1293376634887344128,CURDATE(),1293376634887344128,CURDATE(),1);
INSERT INTO `zz_sys_perm` VALUES(1471382975978410099,1471382975978410098,'新增','/admin/upms/sysPermModule/add',1,1293376634887344128,CURDATE(),1293376634887344128,CURDATE(),1);
INSERT INTO `zz_sys_perm` VALUES(1471382975978410100,1471382975978410098,'编辑','/admin/upms/sysPermModule/update',2,1293376634887344128,CURDATE(),1293376634887344128,CURDATE(),1);
INSERT INTO `zz_sys_perm` VALUES(1471382975978410101,1471382975978410098,'删除','/admin/upms/sysPermModule/delete',3,1293376634887344128,CURDATE(),1293376634887344128,CURDATE(),1);
INSERT INTO `zz_sys_perm` VALUES(1471382975978410102,1471382975978410098,'显示列表','/admin/upms/sysPermModule/list',4,1293376634887344128,CURDATE(),1293376634887344128,CURDATE(),1);
INSERT INTO `zz_sys_perm` VALUES(1471382975978410103,1471382975978410098,'显示全部','/admin/upms/sysPermModule/listAll',5,1293376634887344128,CURDATE(),1293376634887344128,CURDATE(),1);
INSERT INTO `zz_sys_perm` VALUES(1471382975978410105,1471382975978410104,'新增','/admin/upms/sysPerm/add',1,1293376634887344128,CURDATE(),1293376634887344128,CURDATE(),1);
INSERT INTO `zz_sys_perm` VALUES(1471382975978410106,1471382975978410104,'编辑','/admin/upms/sysPerm/update',2,1293376634887344128,CURDATE(),1293376634887344128,CURDATE(),1);
INSERT INTO `zz_sys_perm` VALUES(1471382975978410107,1471382975978410104,'删除','/admin/upms/sysPerm/delete',3,1293376634887344128,CURDATE(),1293376634887344128,CURDATE(),1);
INSERT INTO `zz_sys_perm` VALUES(1471382975978410108,1471382975978410104,'显示列表','/admin/upms/sysPerm/list',4,1293376634887344128,CURDATE(),1293376634887344128,CURDATE(),1);
INSERT INTO `zz_sys_perm` VALUES(1471382975978410109,1471382975978410104,'详情','/admin/upms/sysPerm/view',5,1293376634887344128,CURDATE(),1293376634887344128,CURDATE(),1);
INSERT INTO `zz_sys_perm` VALUES(1471382975978410110,1471382975978410104,'权限资源用户分配详情','/admin/upms/sysPerm/listSysUserWithDetail',6,1293376634887344128,CURDATE(),1293376634887344128,CURDATE(),1);
INSERT INTO `zz_sys_perm` VALUES(1471382975978410111,1471382975978410104,'权限资源角色分配详情','/admin/upms/sysPerm/listSysRoleWithDetail',7,1293376634887344128,CURDATE(),1293376634887344128,CURDATE(),1);
INSERT INTO `zz_sys_perm` VALUES(1471382975978410112,1471382975978410104,'权限资源菜单分配详情','/admin/upms/sysPerm/listSysMenuWithDetail',8,1293376634887344128,CURDATE(),1293376634887344128,CURDATE(),1);
INSERT INTO `zz_sys_perm` VALUES(1471382975978410115,1293378124750262272,'新增','/admin/CourseClass/areaCode/add',1,1293376634887344128,CURDATE(),1293376634887344128,CURDATE(),1);
INSERT INTO `zz_sys_perm` VALUES(1471382975978410116,1293378124750262272,'编辑','/admin/CourseClass/areaCode/update',2,1293376634887344128,CURDATE(),1293376634887344128,CURDATE(),1);
INSERT INTO `zz_sys_perm` VALUES(1471382975978410117,1293378124750262272,'删除','/admin/CourseClass/areaCode/delete',3,1293376634887344128,CURDATE(),1293376634887344128,CURDATE(),1);
INSERT INTO `zz_sys_perm` VALUES(1471382975978410118,1293378124750262272,'同步缓存','/admin/CourseClass/areaCode/reloadCachedData',4,1293376634887344128,CURDATE(),1293376634887344128,CURDATE(),1);
INSERT INTO `zz_sys_perm` VALUES(1471382975978410120,1293378929620422656,'新增','/admin/CourseClass/grade/add',1,1293376634887344128,CURDATE(),1293376634887344128,CURDATE(),1);
INSERT INTO `zz_sys_perm` VALUES(1471382975978410121,1293378929620422656,'编辑','/admin/CourseClass/grade/update',2,1293376634887344128,CURDATE(),1293376634887344128,CURDATE(),1);
INSERT INTO `zz_sys_perm` VALUES(1471382975978410122,1293378929620422656,'删除','/admin/CourseClass/grade/delete',3,1293376634887344128,CURDATE(),1293376634887344128,CURDATE(),1);
INSERT INTO `zz_sys_perm` VALUES(1471382975978410123,1293378929620422656,'同步缓存','/admin/CourseClass/grade/reloadCachedData',4,1293376634887344128,CURDATE(),1293376634887344128,CURDATE(),1);
INSERT INTO `zz_sys_perm` VALUES(1471382975978410125,1471382975978410124,'显示列表','/admin/upms/sysOperationLog/list',1,1293376634887344128,CURDATE(),1293376634887344128,CURDATE(),1);
INSERT INTO `zz_sys_perm` VALUES(1471382975978410127,1471382975978410126,'显示列表','/admin/upms/loginUser/list',1,1293376634887344128,CURDATE(),1293376634887344128,CURDATE(),1);
INSERT INTO `zz_sys_perm` VALUES(1471382975978410128,1471382975978410126,'删除','/admin/upms/loginUser/delete',1,1293376634887344128,CURDATE(),1293376634887344128,CURDATE(),1);
COMMIT;

-- ----------------------------
-- 全部权限字和权限资源关系数据
-- ----------------------------
BEGIN;
INSERT INTO `zz_sys_perm_code_perm` VALUES(1293429171069915136,1293396976913616896);
INSERT INTO `zz_sys_perm_code_perm` VALUES(1293440523041771520,1293396976896839711);
INSERT INTO `zz_sys_perm_code_perm` VALUES(1293436524536270848,1293396976896839680);
INSERT INTO `zz_sys_perm_code_perm` VALUES(1293429656879370240,1293396976913616914);
INSERT INTO `zz_sys_perm_code_perm` VALUES(1293434543608434688,1293396976896839695);
INSERT INTO `zz_sys_perm_code_perm` VALUES(1293440813111447552,1293376760750018568);
INSERT INTO `zz_sys_perm_code_perm` VALUES(1293440813111447552,1293397261451005952);
INSERT INTO `zz_sys_perm_code_perm` VALUES(1293444524432953344,1293397261434228761);
INSERT INTO `zz_sys_perm_code_perm` VALUES(1293441892486221824,1293378861102272520);
INSERT INTO `zz_sys_perm_code_perm` VALUES(1293441892486221824,1293397261434228736);
INSERT INTO `zz_sys_perm_code_perm` VALUES(1293441136077049856,1293376760750018568);
INSERT INTO `zz_sys_perm_code_perm` VALUES(1293441136077049856,1293397261451005968);
INSERT INTO `zz_sys_perm_code_perm` VALUES(1293442766797279232,1293378861102272520);
INSERT INTO `zz_sys_perm_code_perm` VALUES(1293442766797279232,1293397261434228748);
INSERT INTO `zz_sys_perm_code_perm` VALUES(1293463749092446208,1293423774305095680);
INSERT INTO `zz_sys_perm_code_perm` VALUES(1293463749092446208,1293423774330261504);
INSERT INTO `zz_sys_perm_code_perm` VALUES(1293473829204529152,1293423954664361984);
INSERT INTO `zz_sys_perm_code_perm` VALUES(1293473829204529152,1293423954676944896);
INSERT INTO `zz_sys_perm_code_perm` VALUES(1293475157112786944,1293424012151492608);
INSERT INTO `zz_sys_perm_code_perm` VALUES(1310167812844556288,1293397319433064448);
INSERT INTO `zz_sys_perm_code_perm` VALUES(1310160774848581632,1293397319449841672);
INSERT INTO `zz_sys_perm_code_perm` VALUES(1310167373478629376,1293397319433064457);
INSERT INTO `zz_sys_perm_code_perm` VALUES(1310161223257427968,1310160460917510147);
INSERT INTO `zz_sys_perm_code_perm` VALUES(1310164964761145344,1310160460917510150);
INSERT INTO `zz_sys_perm_code_perm` VALUES(1310161356158144512,1310160477766029335);
INSERT INTO `zz_sys_perm_code_perm` VALUES(1310163498042396672,1310160477766029312);
INSERT INTO `zz_sys_perm_code_perm` VALUES(1310161474580123648,1310160460917510166);
INSERT INTO `zz_sys_perm_code_perm` VALUES(1310162766899712000,1310160460917510144);
INSERT INTO `zz_sys_perm_code_perm` VALUES(1317447995897155584,1293397319449841664);
INSERT INTO `zz_sys_perm_code_perm` VALUES(1317447995897155584,1310160460917510157);
INSERT INTO `zz_sys_perm_code_perm` VALUES(1317447995897155584,1310160477766029324);
INSERT INTO `zz_sys_perm_code_perm` VALUES(1317450579131240448,1293397319433064467);
INSERT INTO `zz_sys_perm_code_perm` VALUES(1317450181515415552,1310160460917510154);
INSERT INTO `zz_sys_perm_code_perm` VALUES(1317450395492028416,1310160477766029321);
INSERT INTO `zz_sys_perm_code_perm` VALUES(1471382975990992973,1293376635357106176);
INSERT INTO `zz_sys_perm_code_perm` VALUES(1471382975990992973,1293376635357106182);
INSERT INTO `zz_sys_perm_code_perm` VALUES(1471382975990992974,1293376635331940352);
INSERT INTO `zz_sys_perm_code_perm` VALUES(1471382975990992974,1450780378510921728);
INSERT INTO `zz_sys_perm_code_perm` VALUES(1471382975990992974,1471382975978410076);
INSERT INTO `zz_sys_perm_code_perm` VALUES(1471382975990992974,1471382975978410064);
INSERT INTO `zz_sys_perm_code_perm` VALUES(1471382975990992975,1293376635357106188);
INSERT INTO `zz_sys_perm_code_perm` VALUES(1471382975990992975,1293376635331940365);
INSERT INTO `zz_sys_perm_code_perm` VALUES(1471382975990992975,1293376635357106190);
INSERT INTO `zz_sys_perm_code_perm` VALUES(1471382975990992975,1450780378510921728);
INSERT INTO `zz_sys_perm_code_perm` VALUES(1471382975990992975,1471382975978410076);
INSERT INTO `zz_sys_perm_code_perm` VALUES(1471382975990992975,1471382975978410064);
INSERT INTO `zz_sys_perm_code_perm` VALUES(1471382975990992976,1293376635331940379);
INSERT INTO `zz_sys_perm_code_perm` VALUES(1471382975990992977,1293376635373883392);
INSERT INTO `zz_sys_perm_code_perm` VALUES(1471382975990992978,1471382975978410021);
INSERT INTO `zz_sys_perm_code_perm` VALUES(1471382975990992978,1471382975978410020);
INSERT INTO `zz_sys_perm_code_perm` VALUES(1471382975990992978,1471382975978410019);
INSERT INTO `zz_sys_perm_code_perm` VALUES(1471382975990992991,1471382975978410064);
INSERT INTO `zz_sys_perm_code_perm` VALUES(1471382975990992993,1471382975978410061);
INSERT INTO `zz_sys_perm_code_perm` VALUES(1471382975990992993,1471382975978410086);
INSERT INTO `zz_sys_perm_code_perm` VALUES(1471382975990992994,1471382975978410065);
INSERT INTO `zz_sys_perm_code_perm` VALUES(1471382975990992994,1471382975978410062);
INSERT INTO `zz_sys_perm_code_perm` VALUES(1471382975990992994,1471382975978410086);
INSERT INTO `zz_sys_perm_code_perm` VALUES(1471382975990992996,1471382975978410071);
INSERT INTO `zz_sys_perm_code_perm` VALUES(1471382975990992996,1471382975978410070);
INSERT INTO `zz_sys_perm_code_perm` VALUES(1471382975990992995,1471382975978410063);
INSERT INTO `zz_sys_perm_code_perm` VALUES(1471382975990992992,1471382975978410068);
INSERT INTO `zz_sys_perm_code_perm` VALUES(1471382975990992997,1471382975978410066);
INSERT INTO `zz_sys_perm_code_perm` VALUES(1471382975990992997,1471382975978410069);
INSERT INTO `zz_sys_perm_code_perm` VALUES(1471382975990992998,1471382975978410067);
INSERT INTO `zz_sys_perm_code_perm` VALUES(1471382975990993006,1471382975978410086);
INSERT INTO `zz_sys_perm_code_perm` VALUES(1471382975990993007,1471382975978410083);
INSERT INTO `zz_sys_perm_code_perm` VALUES(1471382975990993007,1471382975978410094);
INSERT INTO `zz_sys_perm_code_perm` VALUES(1471382975990993008,1471382975978410087);
INSERT INTO `zz_sys_perm_code_perm` VALUES(1471382975990993008,1471382975978410085);
INSERT INTO `zz_sys_perm_code_perm` VALUES(1471382975990993008,1471382975978410094);
INSERT INTO `zz_sys_perm_code_perm` VALUES(1471382975990993009,1471382975978410084);
INSERT INTO `zz_sys_perm_code_perm` VALUES(1471382975990993010,1471382975978410088);
INSERT INTO `zz_sys_perm_code_perm` VALUES(1471382975990993010,1471382975978410089);
INSERT INTO `zz_sys_perm_code_perm` VALUES(1471382975990993018,1471382975978410094);
INSERT INTO `zz_sys_perm_code_perm` VALUES(1471382975990993019,1471382975978410091);
INSERT INTO `zz_sys_perm_code_perm` VALUES(1471382975990993019,1471382975978410103);
INSERT INTO `zz_sys_perm_code_perm` VALUES(1471382975990993020,1471382975978410095);
INSERT INTO `zz_sys_perm_code_perm` VALUES(1471382975990993020,1471382975978410092);
INSERT INTO `zz_sys_perm_code_perm` VALUES(1471382975990993020,1471382975978410103);
INSERT INTO `zz_sys_perm_code_perm` VALUES(1471382975990993021,1471382975978410093);
INSERT INTO `zz_sys_perm_code_perm` VALUES(1471382975990993022,1471382975978410096);
INSERT INTO `zz_sys_perm_code_perm` VALUES(1471382975990993022,1471382975978410097);
INSERT INTO `zz_sys_perm_code_perm` VALUES(1471382975990993033,1471382975978410102);
INSERT INTO `zz_sys_perm_code_perm` VALUES(1471382975990993033,1471382975978410103);
INSERT INTO `zz_sys_perm_code_perm` VALUES(1471382975990993033,1471382975978410108);
INSERT INTO `zz_sys_perm_code_perm` VALUES(1471382975990993034,1471382975978410099);
INSERT INTO `zz_sys_perm_code_perm` VALUES(1471382975990993035,1471382975978410100);
INSERT INTO `zz_sys_perm_code_perm` VALUES(1471382975990993036,1471382975978410101);
INSERT INTO `zz_sys_perm_code_perm` VALUES(1471382975990993037,1471382975978410105);
INSERT INTO `zz_sys_perm_code_perm` VALUES(1471382975990993038,1471382975978410109);
INSERT INTO `zz_sys_perm_code_perm` VALUES(1471382975990993038,1471382975978410106);
INSERT INTO `zz_sys_perm_code_perm` VALUES(1471382975990993039,1471382975978410107);
INSERT INTO `zz_sys_perm_code_perm` VALUES(1471382975990993040,1471382975978410110);
INSERT INTO `zz_sys_perm_code_perm` VALUES(1471382975990993040,1471382975978410111);
INSERT INTO `zz_sys_perm_code_perm` VALUES(1471382975990993040,1471382975978410112);
INSERT INTO `zz_sys_perm_code_perm` VALUES(1471382975990993048,1471382975978410115);
INSERT INTO `zz_sys_perm_code_perm` VALUES(1471382975990993048,1471382975978410116);
INSERT INTO `zz_sys_perm_code_perm` VALUES(1471382975990993048,1471382975978410117);
INSERT INTO `zz_sys_perm_code_perm` VALUES(1471382975990993048,1471382975978410118);
INSERT INTO `zz_sys_perm_code_perm` VALUES(1471382975990993048,1471382975978410120);
INSERT INTO `zz_sys_perm_code_perm` VALUES(1471382975990993048,1471382975978410121);
INSERT INTO `zz_sys_perm_code_perm` VALUES(1471382975990993048,1471382975978410122);
INSERT INTO `zz_sys_perm_code_perm` VALUES(1471382975990993048,1471382975978410123);
INSERT INTO `zz_sys_perm_code_perm` VALUES(1471382975995187212,1471382975978410127);
INSERT INTO `zz_sys_perm_code_perm` VALUES(1471382975995187213,1471382975978410128);
INSERT INTO `zz_sys_perm_code_perm` VALUES(1471382975995187217,1471382975978410125);
INSERT INTO `zz_sys_perm_code_perm` VALUES(1471382975995187229,1471382975978410076);
INSERT INTO `zz_sys_perm_code_perm` VALUES(1471382975995187231,1471382975978410073);
INSERT INTO `zz_sys_perm_code_perm` VALUES(1471382975995187232,1471382975978410077);
INSERT INTO `zz_sys_perm_code_perm` VALUES(1471382975995187232,1471382975978410074);
INSERT INTO `zz_sys_perm_code_perm` VALUES(1471382975995187233,1471382975978410075);
INSERT INTO `zz_sys_perm_code_perm` VALUES(1471382975995187230,1471382975978410080);
INSERT INTO `zz_sys_perm_code_perm` VALUES(1471382975995187234,1471382975978410078);
INSERT INTO `zz_sys_perm_code_perm` VALUES(1471382975995187234,1471382975978410081);
INSERT INTO `zz_sys_perm_code_perm` VALUES(1471382975995187235,1471382975978410079);
INSERT INTO `zz_sys_perm_code_perm` VALUES(1471382975995187242,1450780378510921728);
INSERT INTO `zz_sys_perm_code_perm` VALUES(1471382975995187242,1450780378510921731);
INSERT INTO `zz_sys_perm_code_perm` VALUES(1471382975995187243,1450780378443812864);
INSERT INTO `zz_sys_perm_code_perm` VALUES(1471382975995187244,1450780378510921734);
INSERT INTO `zz_sys_perm_code_perm` VALUES(1471382975995187244,1450780378443812873);
INSERT INTO `zz_sys_perm_code_perm` VALUES(1471382975995187244,1450780378510921736);
INSERT INTO `zz_sys_perm_code_perm` VALUES(1471382975995187245,1450780378443812883);
COMMIT;

-- ----------------------------
-- 全部白名单权限资源数据
-- ----------------------------
BEGIN;
INSERT INTO `zz_sys_perm_whitelist` VALUES ('/admin/upms/login/getUaaLogoutUrl','登录模块','获取uaa登出url');
INSERT INTO `zz_sys_perm_whitelist` VALUES ('/admin/upms/login/getLoginInfo','登录模块','获取登录信息');
INSERT INTO `zz_sys_perm_whitelist` VALUES ('/admin/upms/sysRole/listDict','系统管理','角色字典接口');
INSERT INTO `zz_sys_perm_whitelist` VALUES ('/admin/upms/sysRole/listDictByIds','系统管理','角色字典接口');
INSERT INTO `zz_sys_perm_whitelist` VALUES ('/admin/CourseClass/areaCode/listDict','行政区划','行政区划列表');
INSERT INTO `zz_sys_perm_whitelist` VALUES ('/admin/CourseClass/areaCode/listAll','行政区划','字典全部列表');
INSERT INTO `zz_sys_perm_whitelist` VALUES ('/admin/CourseClass/areaCode/listDictByIds','行政区划','行政区划批量Id列表');
INSERT INTO `zz_sys_perm_whitelist` VALUES ('/admin/CourseClass/areaCode/listDictByParentId','行政区划','行政区划过滤列表');
INSERT INTO `zz_sys_perm_whitelist` VALUES ('/admin/CourseClass/course/listDict','课程数据','课程字典列表');
INSERT INTO `zz_sys_perm_whitelist` VALUES ('/admin/CourseClass/course/listDictByIds','课程数据','课程字典批量Id列表');
INSERT INTO `zz_sys_perm_whitelist` VALUES ('/admin/CourseClass/grade/listDict','年级','字典列表');
INSERT INTO `zz_sys_perm_whitelist` VALUES ('/admin/CourseClass/grade/listAll','年级','字典全部列表');
INSERT INTO `zz_sys_perm_whitelist` VALUES ('/admin/CourseClass/grade/listDictByIds','年级','字典批量Id列表');
INSERT INTO `zz_sys_perm_whitelist` VALUES ('/admin/CourseClass/student/listDict','学生数据','学生字典列表');
INSERT INTO `zz_sys_perm_whitelist` VALUES ('/admin/CourseClass/student/listDictByIds','学生数据','学生字典批量Id列表');
INSERT INTO `zz_sys_perm_whitelist` VALUES ('/admin/upms/sysDept/listDict','部门管理','部门字典字典列表');
INSERT INTO `zz_sys_perm_whitelist` VALUES ('/admin/upms/sysDept/listDictByIds','部门管理','部门字典字典批量Id列表');
INSERT INTO `zz_sys_perm_whitelist` VALUES ('/admin/upms/sysDept/listDictByParentId','部门管理','部门字典下一级字典列表');
INSERT INTO `zz_sys_perm_whitelist` VALUES ('/admin/upms/login/doLogout','登录模块','退出登陆');
INSERT INTO `zz_sys_perm_whitelist` VALUES ('/admin/upms/sysUser/changePassword','系统管理','修改密码');
COMMIT;

SET FOREIGN_KEY_CHECKS = 1;
